사고번호,사고일시,요일,시군구,사고내용,사망자수,중상자수,경상자수,부상신고자수,사고유형,법규위반,노면상태,기상상태,도로형태,가해운전자 차종,가해운전자 성별,가해운전자 연령,가해운전자 상해정도,피해운전자 차종,피해운전자 성별,피해운전자 연령,피해운전자 상해정도
2015010500100328,2015년 1월 5일 14시,월요일,대구광역시 달서구 성당동,중상사고,0,1,0,0,차대사람 - 기타,안전운전불이행,건조,맑음,교차로 - 교차로안,화물,남,69세,상해없음,보행자,여,74세,중상
2015010500100376,2015년 1월 5일 16시,월요일,대구광역시 수성구 파동,부상신고사고,0,0,0,1,차대사람 - 기타,안전운전불이행,건조,맑음,단일로 - 기타,승합,남,53세,상해없음,보행자,여,73세,부상신고
2015010500100377,2015년 1월 5일 16시,월요일,대구광역시 서구 내당동,경상사고,0,0,1,0,차대차 - 측면직각충돌,안전거리미확보,건조,맑음,단일로 - 기타,승합,남,57세,상해없음,승용,여,47세,경상
2015010500100403,2015년 1월 5일 17시,월요일,대구광역시 수성구 노변동,경상사고,0,0,1,0,차대사람 - 길가장자리구역통행중,안전운전불이행,건조,맑음,단일로 - 기타,승용,남,49세,상해없음,보행자,여,63세,경상
2015010500100451,2015년 1월 5일 18시,월요일,대구광역시 달성군 화원읍,사망사고,1,0,0,0,차대사람 - 횡단중,보행자보호의무위반,건조,맑음,교차로 - 교차로부근,건설기계,남,65세,상해없음,보행자,여,76세,사망
2015010500100452,2015년 1월 5일 18시,월요일,대구광역시 북구 노원동1가,경상사고,0,0,1,0,차대차 - 추돌 - 진행중,차로위반,건조,맑음,단일로 - 기타,승합,남,74세,상해없음,승용,남,59세,상해없음
2015010500100453,2015년 1월 5일 18시,월요일,대구광역시 북구 매천동,중상사고,0,1,0,0,차대차 - 기타,안전운전불이행,건조,맑음,단일로 - 횡단보도상,승용,남,58세,상해없음,자전거,남,16세,중상
2015010500100500,2015년 1월 5일 19시,월요일,대구광역시 동구 방촌동,중상사고,0,1,0,0,차대사람 - 기타,안전운전불이행,건조,맑음,단일로 - 기타,승용,남,54세,상해없음,보행자,남,64세,중상
2015010500100533,2015년 1월 5일 20시,월요일,대구광역시 달서구 월암동,경상사고,0,0,1,0,차대차 - 기타,안전거리미확보,건조,맑음,교차로 - 교차로부근,승용,남,45세,상해없음,이륜,남,31세,경상
2015010500100565,2015년 1월 5일 21시,월요일,대구광역시 남구 대명동,중상사고,0,1,0,0,차대사람 - 횡단중,안전운전불이행,습기,비,단일로 - 횡단보도상,승용,여,34세,상해없음,보행자,남,76세,중상
2015010500100566,2015년 1월 5일 21시,월요일,대구광역시 수성구 지산동,중상사고,0,1,0,0,차대사람 - 횡단중,안전운전불이행,건조,맑음,단일로 - 횡단보도상,승용,남,59세,상해없음,보행자,여,56세,중상
2015010500100567,2015년 1월 5일 21시,월요일,대구광역시 달서구 상인동,중상사고,0,1,0,0,차대사람 - 기타,안전운전불이행,습기,비,단일로 - 기타,승용,남,51세,상해없음,보행자,남,66세,중상
2015010500100568,2015년 1월 5일 21시,월요일,대구광역시 달성군 다사읍,경상사고,0,0,1,0,차대차 - 측면직각충돌,안전운전불이행,건조,맑음,교차로 - 교차로부근,승용,남,24세,상해없음,승용,남,39세,경상
2015010500100569,2015년 1월 5일 21시,월요일,대구광역시 중구 봉산동,경상사고,0,0,1,0,차대사람 - 기타,안전운전불이행,습기,비,단일로 - 기타,기타불명,기타불명,기타불명,기타불명,보행자,여,17세,경상
2015010500100601,2015년 1월 5일 22시,월요일,대구광역시 수성구 지산동,중상사고,0,1,1,0,차대차 - 추돌 - 진행중,신호위반,습기,비,단일로 - 기타,승용,남,67세,상해없음,승용,여,35세,경상
2015010500100602,2015년 1월 5일 22시,월요일,대구광역시 중구 동성로2가,중상사고,0,1,0,0,차대사람 - 보도통행중,안전운전불이행,습기,비,교차로 - 교차로안,승용,남,23세,상해없음,보행자,여,18세,중상
2015010500100603,2015년 1월 5일 22시,월요일,대구광역시 중구 동인동1가,경상사고,0,0,1,0,차대차 - 측면직각충돌,신호위반,습기,비,교차로 - 교차로안,승용,남,48세,상해없음,승용,남,55세,경상
2015010500100604,2015년 1월 5일 22시,월요일,대구광역시 달서구 감삼동,경상사고,0,0,1,0,차대차 - 측면직각충돌,안전거리미확보,건조,흐림,단일로 - 기타,승용,남,24세,상해없음,승용,남,48세,상해없음
2015010500100605,2015년 1월 5일 22시,월요일,대구광역시 북구 동천동,경상사고,0,0,1,0,차대사람 - 기타,신호위반,습기,비,기타 - 기타,승용,남,61세,상해없음,보행자,여,43세,경상
2015010500100641,2015년 1월 5일 23시,월요일,대구광역시 달서구 이곡동,경상사고,0,0,1,0,차대차 - 기타,신호위반,습기,비,교차로 - 교차로안,승용,남,48세,상해없음,이륜,남,17세,경상
2015010600100023,2015년 1월 6일 00시,화요일,대구광역시 달서구 송현동,경상사고,0,0,1,0,차대차 - 추돌 - 주정차중,안전운전불이행,습기,비,단일로 - 기타,승용,남,33세,상해없음,승용,여,41세,경상
2015010600100024,2015년 1월 6일 00시,화요일,대구광역시 달서구 송현동,경상사고,0,0,2,0,차대차 - 기타,안전운전불이행,습기,비,교차로 - 교차로안,승용,남,56세,상해없음,승용,남,45세,경상
2015010600100025,2015년 1월 6일 00시,화요일,대구광역시 달성군 화원읍,경상사고,0,0,1,0,차대사람 - 횡단중,신호위반,습기,비,교차로 - 교차로부근,화물,남,50세,상해없음,보행자,남,27세,경상
2015010600100026,2015년 1월 6일 00시,화요일,대구광역시 북구 산격동,중상사고,0,1,0,1,차대차 - 추돌 - 주정차중,안전운전불이행,습기,비,단일로 - 기타,승용,남,44세,부상신고,승용,남,59세,상해없음
2015010600100038,2015년 1월 6일 01시,화요일,대구광역시 북구 대현동,경상사고,0,0,3,0,차대차 - 기타,안전운전불이행,습기,비,단일로 - 기타,승용,남,26세,상해없음,승용,남,69세,경상
2015010600100054,2015년 1월 6일 02시,화요일,대구광역시 동구 봉무동,중상사고,0,1,0,0,차량단독 - 기타,안전운전불이행,습기,비,단일로 - 기타,화물,남,34세,중상,,,,
2015010600100065,2015년 1월 6일 03시,화요일,대구광역시 남구 봉덕동,경상사고,0,0,5,0,차대차 - 측면직각충돌,직진우회전진행방해,습기,비,교차로 - 교차로안,승용,남,29세,경상,승용,남,54세,경상
2015010600100076,2015년 1월 6일 04시,화요일,대구광역시 수성구 만촌동,중상사고,0,1,0,0,차대차 - 측면직각충돌,중앙선침범,습기,비,교차로 - 교차로안,승용,남,28세,상해없음,승용,남,29세,중상
2015010600100132,2015년 1월 6일 07시,화요일,대구광역시 수성구 두산동,경상사고,0,0,2,0,차대차 - 측면직각충돌,신호위반,건조,맑음,교차로 - 교차로안,승용,남,64세,상해없음,승용,여,40세,경상
2015010600100133,2015년 1월 6일 07시,화요일,대구광역시 북구 복현동,경상사고,0,0,1,0,차대사람 - 기타,안전운전불이행,건조,맑음,교차로 - 교차로부근,승용,남,56세,상해없음,보행자,남,17세,경상
2015010600100134,2015년 1월 6일 07시,화요일,대구광역시 달서구 용산동,경상사고,0,0,1,0,차대차 - 추돌 - 진행중,안전운전불이행,건조,맑음,단일로 - 기타,승용,남,31세,상해없음,승용,남,36세,경상
2015010600100170,2015년 1월 6일 08시,화요일,대구광역시 북구 칠성동1가,경상사고,0,0,1,0,차대차 - 측면직각충돌,안전운전불이행,습기,흐림,단일로 - 기타,승용,여,57세,상해없음,원동기,남,79세,경상
2015010600100171,2015년 1월 6일 08시,화요일,대구광역시 북구 태전동,경상사고,0,0,1,0,차대차 - 기타,안전운전불이행,건조,맑음,교차로 - 교차로안,승용,남,63세,상해없음,이륜,여,54세,경상
2015010600100220,2015년 1월 6일 10시,화요일,대구광역시 수성구 수성동2가,중상사고,0,1,0,0,차대사람 - 보도통행중,안전운전불이행,건조,맑음,단일로 - 기타,승용,남,64세,상해없음,보행자,여,68세,중상
2015010600100243,2015년 1월 6일 11시,화요일,대구광역시 달서구 송현동,경상사고,0,0,1,0,차대사람 - 기타,안전운전불이행,건조,맑음,단일로 - 기타,화물,남,46세,상해없음,보행자,여,72세,경상
2015010600100244,2015년 1월 6일 11시,화요일,대구광역시 중구 남산동,경상사고,0,0,1,0,차대차 - 측면직각충돌,안전운전불이행,건조,맑음,교차로 - 교차로부근,승용,여,52세,상해없음,자전거,남,71세,경상
2015010600100245,2015년 1월 6일 11시,화요일,대구광역시 북구 구암동,중상사고,0,1,0,0,차대차 - 기타,직진우회전진행방해,건조,맑음,교차로 - 교차로안,이륜,남,49세,상해없음,이륜,남,59세,중상
2015010600100294,2015년 1월 6일 13시,화요일,대구광역시 동구 효목동,경상사고,0,0,2,0,차대차 - 측면직각충돌,안전거리미확보,건조,맑음,교차로 - 교차로안,화물,남,50세,상해없음,승용,여,63세,경상
2015010600100295,2015년 1월 6일 13시,화요일,대구광역시 북구 노원동2가,부상신고사고,0,0,0,1,차대차 - 측면직각충돌,교차로운행방법위반,건조,맑음,교차로 - 교차로안,원동기,남,72세,부상신고,승용,남,69세,상해없음
2015010600100296,2015년 1월 6일 13시,화요일,대구광역시 달서구 감삼동,경상사고,0,0,3,0,차대차 - 기타,안전운전불이행,건조,맑음,교차로 - 교차로안,승용,남,43세,상해없음,승용,여,41세,경상
2015010600100327,2015년 1월 6일 14시,화요일,대구광역시 달서구 월성동,중상사고,0,1,0,0,차대차 - 기타,안전운전불이행,건조,맑음,단일로 - 기타,이륜,남,49세,중상,승용,여,43세,상해없음
2015010600100360,2015년 1월 6일 15시,화요일,대구광역시 서구 비산동,경상사고,0,0,1,0,차대차 - 측면직각충돌,직진우회전진행방해,건조,맑음,교차로 - 교차로안,승용,남,48세,상해없음,승용,남,50세,경상
2015010600100392,2015년 1월 6일 16시,화요일,대구광역시 북구 복현동,부상신고사고,0,0,0,1,차대차 - 측면직각충돌,직진우회전진행방해,건조,맑음,교차로 - 교차로안,원동기,남,34세,부상신고,승용,여,60세,상해없음
2015010600100393,2015년 1월 6일 16시,화요일,대구광역시 중구 공평동,경상사고,0,0,1,0,차대차 - 기타,안전운전불이행,건조,맑음,단일로 - 기타,승용,남,51세,상해없음,승용,여,74세,경상
2015010600100416,2015년 1월 6일 17시,화요일,대구광역시 수성구 범어동,중상사고,0,1,0,0,차대사람 - 횡단중,보행자보호의무위반,건조,맑음,교차로 - 교차로부근,승용,여,53세,상해없음,보행자,여,56세,중상
2015010600100417,2015년 1월 6일 17시,화요일,대구광역시 달서구 송현동,경상사고,0,0,1,0,차대차 - 측면직각충돌,교차로운행방법위반,건조,맑음,교차로 - 교차로안,승용,여,45세,상해없음,승용,남,58세,경상
2015010600100452,2015년 1월 6일 18시,화요일,대구광역시 수성구 지산동,경상사고,0,0,1,0,차량단독 - 기타,안전운전불이행,건조,맑음,교차로 - 교차로안,승합,남,48세,상해없음,,,,
2015010600100453,2015년 1월 6일 18시,화요일,대구광역시 북구 노원동3가,경상사고,0,0,3,0,차대차 - 측면직각충돌,교차로운행방법위반,건조,맑음,교차로 - 교차로안,승용,여,32세,상해없음,승용,남,26세,경상
2015010600100454,2015년 1월 6일 18시,화요일,대구광역시 중구 삼덕동2가,경상사고,0,0,1,0,차대사람 - 길가장자리구역통행중,안전운전불이행,건조,맑음,단일로 - 기타,승용,남,26세,상해없음,보행자,남,28세,경상
2015010600100477,2015년 1월 6일 19시,화요일,대구광역시 달서구 신당동,경상사고,0,0,1,0,차대사람 - 횡단중,안전운전불이행,건조,맑음,단일로 - 기타,승용,남,49세,상해없음,보행자,여,47세,경상
2015010600100496,2015년 1월 6일 20시,화요일,대구광역시 달서구 상인동,경상사고,0,0,1,0,차대차 - 측면직각충돌,직진우회전진행방해,건조,맑음,교차로 - 교차로부근,승용,남,51세,상해없음,이륜,남,51세,경상
2015010600100497,2015년 1월 6일 20시,화요일,대구광역시 달서구 본동,경상사고,0,0,1,0,차대차 - 기타,안전운전불이행,건조,맑음,교차로 - 교차로부근,승용,남,50세,상해없음,승합,여,59세,경상
2015010600100498,2015년 1월 6일 20시,화요일,대구광역시 북구 노원동3가,경상사고,0,0,2,0,차대차 - 측면직각충돌,안전운전불이행,건조,맑음,교차로 - 교차로안,승용,남,43세,상해없음,승용,남,52세,경상
2015010600100519,2015년 1월 6일 21시,화요일,대구광역시 수성구 범물동,경상사고,0,0,1,0,차대차 - 측면직각충돌,교차로운행방법위반,건조,맑음,교차로 - 교차로안,승용,남,76세,상해없음,승용,남,58세,경상
2015010600100520,2015년 1월 6일 21시,화요일,대구광역시 달성군 다사읍,경상사고,0,0,1,0,차대차 - 측면직각충돌,안전운전불이행,건조,맑음,교차로 - 교차로안,승용,여,23세,상해없음,이륜,남,17세,경상
2015010600100521,2015년 1월 6일 21시,화요일,대구광역시 달서구 파호동,경상사고,0,0,2,0,차대차 - 측면직각충돌,신호위반,건조,맑음,교차로 - 교차로안,화물,남,20세,상해없음,승용,남,37세,경상
2015010600100548,2015년 1월 6일 22시,화요일,대구광역시 서구 원대동1가,경상사고,0,0,1,0,차대차 - 기타,안전운전불이행,건조,맑음,교차로 - 교차로부근,승용,남,50세,상해없음,이륜,남,22세,경상
2015010600100549,2015년 1월 6일 22시,화요일,대구광역시 달서구 두류동,부상신고사고,0,0,0,1,차대사람 - 길가장자리구역통행중,안전운전불이행,건조,맑음,단일로 - 기타,승용,남,56세,상해없음,보행자,남,31세,부상신고
2015010600100562,2015년 1월 6일 23시,화요일,대구광역시 동구 숙천동,중상사고,0,1,0,0,차대차 - 추돌 - 주정차중,안전운전불이행,건조,맑음,단일로 - 기타,승용,남,26세,상해없음,승용,남,58세,중상
2015010700100024,2015년 1월 7일 01시,수요일,대구광역시 북구 노원동3가,경상사고,0,0,1,0,차대사람 - 기타,안전운전불이행,건조,맑음,기타 - 기타,승용,남,32세,상해없음,보행자,여,41세,경상
2015010700100077,2015년 1월 7일 06시,수요일,대구광역시 수성구 연호동,경상사고,0,0,2,0,차대차 - 측면직각충돌,신호위반,건조,맑음,교차로 - 교차로안,승용,남,33세,상해없음,승용,남,31세,경상
2015010700100078,2015년 1월 7일 06시,수요일,대구광역시 달성군 논공읍,사망사고,1,0,0,0,차대사람 - 횡단중,안전운전불이행,건조,맑음,단일로 - 기타,승용,남,62세,상해없음,보행자,여,74세,사망
2015010700100093,2015년 1월 7일 07시,수요일,대구광역시 달서구 월암동,경상사고,0,0,1,0,차대차 - 기타,교차로운행방법위반,건조,맑음,교차로 - 교차로안,승용,남,41세,상해없음,승용,남,43세,경상
2015010700100094,2015년 1월 7일 07시,수요일,대구광역시 달성군 다사읍,경상사고,0,0,1,0,차대차 - 측면직각충돌,안전거리미확보,건조,맑음,단일로 - 기타,승용,남,47세,상해없음,승용,여,51세,경상
2015010700100121,2015년 1월 7일 08시,수요일,대구광역시 남구 대명동,경상사고,0,0,1,0,차대차 - 기타,안전거리미확보,건조,맑음,교차로 - 교차로부근,승용,여,31세,상해없음,승합,남,39세,상해없음
2015010700100146,2015년 1월 7일 09시,수요일,대구광역시 수성구 만촌동,중상사고,0,2,0,0,차대차 - 추돌 - 진행중,안전거리미확보,건조,맑음,단일로 - 기타,승용,남,34세,상해없음,승용,여,29세,중상
2015010700100147,2015년 1월 7일 09시,수요일,대구광역시 수성구 두산동,경상사고,0,0,1,0,차대사람 - 횡단중,보행자보호의무위반,건조,맑음,단일로 - 기타,승용,여,69세,상해없음,보행자,여,64세,경상
2015010700100148,2015년 1월 7일 09시,수요일,대구광역시 수성구 범물동,경상사고,0,0,1,2,차대차 - 측면직각충돌,교차로운행방법위반,건조,맑음,교차로 - 교차로안,승용,여,49세,경상,승용,여,40세,부상신고
2015010700100149,2015년 1월 7일 09시,수요일,대구광역시 수성구 만촌동,경상사고,0,0,1,0,차대차 - 추돌 - 진행중,안전운전불이행,건조,맑음,단일로 - 기타,승용,남,52세,상해없음,자전거,여,46세,경상
2015010700100150,2015년 1월 7일 09시,수요일,대구광역시 달서구 감삼동,경상사고,0,0,1,0,차대차 - 기타,직진우회전진행방해,건조,맑음,교차로 - 교차로부근,기타불명,기타불명,기타불명,기타불명,이륜,남,23세,경상
2015010700100151,2015년 1월 7일 09시,수요일,대구광역시 북구 구암동,경상사고,0,0,1,0,차대차 - 추돌 - 진행중,안전운전불이행,건조,맑음,기타 - 기타,승합,남,65세,상해없음,자전거,여,54세,경상
2015010700100175,2015년 1월 7일 10시,수요일,대구광역시 동구 서호동,경상사고,0,0,2,0,차대차 - 측면직각충돌,직진우회전진행방해,건조,맑음,교차로 - 교차로안,승용,여,39세,경상,승용,남,51세,경상
2015010700100176,2015년 1월 7일 10시,수요일,대구광역시 북구 대현동,경상사고,0,0,1,0,차대사람 - 기타,안전운전불이행,건조,맑음,단일로 - 기타,승용,남,60세,상해없음,보행자,여,63세,경상
2015010700100177,2015년 1월 7일 10시,수요일,대구광역시 북구 칠성동2가,경상사고,0,0,2,0,차대사람 - 기타,안전운전불이행,건조,맑음,교차로 - 교차로부근,기타불명,기타불명,기타불명,기타불명,보행자,여,63세,경상
2015010700100200,2015년 1월 7일 11시,수요일,대구광역시 남구 대명동,경상사고,0,0,1,0,차대차 - 기타,교차로운행방법위반,건조,맑음,교차로 - 교차로안,이륜,남,18세,경상,승용,남,51세,상해없음
2015010700100201,2015년 1월 7일 11시,수요일,대구광역시 달서구 월성동,중상사고,0,1,0,0,차대사람 - 횡단중,보행자보호의무위반,건조,맑음,단일로 - 기타,승용,여,31세,상해없음,보행자,여,9세,중상
2015010700100202,2015년 1월 7일 11시,수요일,대구광역시 중구 봉산동,경상사고,0,0,4,0,차대차 - 추돌 - 진행중,안전운전불이행,건조,맑음,단일로 - 기타,승용,여,50세,상해없음,승용,남,34세,경상
2015010700100223,2015년 1월 7일 12시,수요일,대구광역시 북구 태전동,중상사고,0,1,0,0,차대차 - 측면직각충돌,안전운전불이행,건조,맑음,교차로 - 교차로부근,승용,남,37세,상해없음,자전거,남,74세,중상
2015010700100246,2015년 1월 7일 13시,수요일,대구광역시 북구 칠성동1가,부상신고사고,0,0,0,1,차대차 - 측면직각충돌,중앙선침범,건조,맑음,단일로 - 기타,원동기,기타불명,기타불명,기타불명,원동기,남,33세,부상신고
2015010700100247,2015년 1월 7일 13시,수요일,대구광역시 서구 이현동,경상사고,0,0,1,0,차대차 - 측면직각충돌,안전운전불이행,건조,맑음,단일로 - 횡단보도상,이륜,여,35세,경상,승용,남,39세,상해없음
2015010700100285,2015년 1월 7일 14시,수요일,대구광역시 남구 대명동,중상사고,0,1,0,0,차대차 - 기타,교차로운행방법위반,건조,맑음,교차로 - 교차로안,승용,남,25세,상해없음,자전거,남,64세,중상
2015010700100286,2015년 1월 7일 14시,수요일,대구광역시 수성구 지산동,중상사고,0,1,0,0,차대사람 - 횡단중,안전운전불이행,건조,맑음,교차로 - 교차로부근,승용,여,45세,상해없음,보행자,여,26세,중상
2015010700100310,2015년 1월 7일 15시,수요일,대구광역시 달서구 신당동,부상신고사고,0,0,0,1,차량단독 - 공작물충돌,안전운전불이행,건조,맑음,단일로 - 기타,승용,남,31세,부상신고,,,,
2015010700100311,2015년 1월 7일 15시,수요일,대구광역시 달서구 죽전동,경상사고,0,0,1,0,차대차 - 추돌 - 진행중,안전거리미확보,건조,맑음,단일로 - 기타,승용,남,66세,상해없음,승합,남,45세,경상
2015010700100312,2015년 1월 7일 15시,수요일,대구광역시 북구 노곡동,경상사고,0,0,1,0,차대차 - 추돌 - 진행중,안전운전불이행,건조,맑음,기타 - 기타,화물,남,50세,상해없음,승용,남,67세,경상
2015010700100342,2015년 1월 7일 16시,수요일,대구광역시 달서구 용산동,부상신고사고,0,0,0,1,차대사람 - 기타,안전운전불이행,건조,맑음,기타 - 기타,승용,여,40세,상해없음,보행자,남,5세,부상신고
2015010700100343,2015년 1월 7일 16시,수요일,대구광역시 북구 태전동,경상사고,0,0,1,0,차대사람 - 횡단중,안전운전불이행,건조,맑음,단일로 - 횡단보도부근,승용,남,60세,상해없음,보행자,여,15세,경상
2015010700100370,2015년 1월 7일 17시,수요일,대구광역시 달서구 대곡동,경상사고,0,0,1,0,차량단독 - 기타,기타,건조,맑음,교차로 - 교차로부근,승합,남,49세,상해없음,,,,
2015010700100371,2015년 1월 7일 17시,수요일,대구광역시 서구 이현동,중상사고,0,1,0,0,차대사람 - 차도통행중,안전운전불이행,건조,맑음,단일로 - 기타,승합,남,54세,상해없음,보행자,여,55세,중상
2015010700100413,2015년 1월 7일 18시,수요일,대구광역시 동구 지묘동,경상사고,0,0,3,0,차대차 - 추돌 - 진행중,안전운전불이행,건조,맑음,단일로 - 기타,승용,여,57세,상해없음,승용,여,34세,경상
2015010700100414,2015년 1월 7일 18시,수요일,대구광역시 동구 신천동,경상사고,0,0,2,0,차대차 - 기타,안전운전불이행,건조,맑음,단일로 - 기타,승용,남,52세,상해없음,승용,남,39세,경상
2015010700100415,2015년 1월 7일 18시,수요일,대구광역시 동구 각산동,중상사고,0,1,0,0,차대사람 - 기타,안전운전불이행,건조,맑음,교차로 - 교차로안,승용,남,50세,상해없음,보행자,여,53세,중상
2015010700100416,2015년 1월 7일 18시,수요일,대구광역시 서구 평리동,중상사고,0,1,0,0,차대사람 - 횡단중,보행자보호의무위반,건조,맑음,단일로 - 횡단보도상,승용,남,45세,상해없음,보행자,여,62세,중상
2015010700100471,2015년 1월 7일 20시,수요일,대구광역시 동구 신암동,경상사고,0,0,1,0,차대차 - 추돌 - 진행중,안전운전불이행,건조,맑음,교차로 - 교차로부근,승용,여,24세,상해없음,자전거,남,53세,경상
2015010700100472,2015년 1월 7일 20시,수요일,대구광역시 달서구 신당동,중상사고,0,1,0,0,차대차 - 측면직각충돌,안전운전불이행,건조,맑음,교차로 - 교차로부근,승용,남,58세,상해없음,이륜,남,47세,중상
2015010700100497,2015년 1월 7일 21시,수요일,대구광역시 달서구 신당동,중상사고,0,1,1,0,차대차 - 기타,중앙선침범,건조,맑음,교차로 - 교차로부근,이륜,여,55세,중상,승용,남,57세,경상
2015010700100548,2015년 1월 7일 23시,수요일,대구광역시 남구 대명동,경상사고,0,0,1,0,차대차 - 측면직각충돌,신호위반,건조,맑음,교차로 - 교차로안,승용,여,47세,상해없음,승용,남,46세,경상
2015010700100549,2015년 1월 7일 23시,수요일,대구광역시 달서구 월성동,경상사고,0,0,1,0,차대차 - 추돌 - 주정차중,안전운전불이행,건조,맑음,단일로 - 기타,특수,남,60세,상해없음,승용,남,52세,경상
2015010700100550,2015년 1월 7일 23시,수요일,대구광역시 북구 복현동,중상사고,0,1,1,0,차대차 - 기타,안전운전불이행,건조,맑음,교차로 - 교차로부근,승용,남,42세,상해없음,승용,남,59세,중상
2015010800100029,2015년 1월 8일 01시,목요일,대구광역시 수성구 만촌동,중상사고,0,1,0,0,차대사람 - 횡단중,안전운전불이행,건조,맑음,교차로 - 교차로부근,승용,남,44세,상해없음,보행자,여,70세,중상
2015010800100044,2015년 1월 8일 02시,목요일,대구광역시 서구 내당동,경상사고,0,0,1,0,차대차 - 기타,신호위반,건조,맑음,교차로 - 교차로안,승용,남,48세,상해없음,승용,남,30세,경상
2015010800100062,2015년 1월 8일 05시,목요일,대구광역시 북구 태전동,경상사고,0,0,1,0,차대차 - 측면직각충돌,신호위반,건조,맑음,교차로 - 교차로안,승용,남,51세,상해없음,승용,여,47세,경상
2015010800100079,2015년 1월 8일 06시,목요일,대구광역시 달서구 두류동,중상사고,0,1,0,0,차대사람 - 횡단중,안전운전불이행,건조,맑음,단일로 - 기타,이륜,남,67세,상해없음,보행자,남,52세,중상
2015010800100080,2015년 1월 8일 06시,목요일,대구광역시 달서구 장기동,중상사고,0,1,0,0,차대차 - 측면직각충돌,교차로운행방법위반,건조,맑음,교차로 - 교차로안,화물,남,49세,상해없음,이륜,남,56세,중상
2015010800100094,2015년 1월 8일 07시,목요일,대구광역시 북구 산격동,경상사고,0,0,1,0,차대차 - 추돌 - 진행중,차로위반,건조,맑음,단일로 - 기타,승용,남,42세,상해없음,승용,남,42세,상해없음
2015010800100123,2015년 1월 8일 08시,목요일,대구광역시 남구 이천동,중상사고,0,1,0,1,차대차 - 측면직각충돌,신호위반,건조,맑음,교차로 - 교차로안,승용,여,41세,상해없음,승용,남,66세,중상
2015010800100160,2015년 1월 8일 09시,목요일,대구광역시 수성구 범어동,경상사고,0,0,1,0,차대사람 - 횡단중,보행자보호의무위반,건조,맑음,단일로 - 횡단보도상,승용,남,47세,상해없음,보행자,남,55세,경상
2015010800100161,2015년 1월 8일 09시,목요일,대구광역시 달서구 송현동,경상사고,0,0,1,0,차대차 - 기타,안전운전불이행,건조,맑음,교차로 - 교차로부근,승용,여,39세,상해없음,승합,남,51세,경상
2015010800100162,2015년 1월 8일 09시,목요일,대구광역시 달서구 대곡동,경상사고,0,0,1,0,차대차 - 정면충돌,안전운전불이행,건조,맑음,단일로 - 기타,승용,여,43세,상해없음,자전거,남,14세,경상
2015010800100181,2015년 1월 8일 10시,목요일,대구광역시 달서구 송현동,경상사고,0,0,3,0,차대차 - 기타,교차로운행방법위반,건조,맑음,교차로 - 교차로안,승용,남,27세,경상,승용,남,57세,경상
2015010800100182,2015년 1월 8일 10시,목요일,대구광역시 달서구 이곡동,경상사고,0,0,1,0,차대차 - 측면직각충돌,중앙선침범,건조,맑음,교차로 - 교차로부근,화물,남,58세,상해없음,승용,남,36세,경상
2015010800100200,2015년 1월 8일 11시,목요일,대구광역시 북구 칠성동2가,경상사고,0,0,1,0,차대차 - 추돌 - 진행중,차로위반,건조,맑음,단일로 - 기타,화물,남,51세,상해없음,승용,남,35세,경상
2015010800100233,2015년 1월 8일 12시,목요일,대구광역시 동구 신천동,경상사고,0,0,1,0,차대차 - 측면직각충돌,안전운전불이행,건조,맑음,단일로 - 기타,이륜,남,68세,경상,승합,남,24세,상해없음
2015010800100234,2015년 1월 8일 12시,목요일,대구광역시 달서구 용산동,중상사고,0,2,0,0,차대차 - 기타,안전거리미확보,건조,맑음,단일로 - 기타,특수,남,49세,상해없음,승용,여,54세,중상
2015010800100268,2015년 1월 8일 13시,목요일,대구광역시 동구 신천동,경상사고,0,0,1,0,차대차 - 기타,안전운전불이행,건조,맑음,단일로 - 기타,승용,남,42세,상해없음,승용,여,57세,경상
2015010800100269,2015년 1월 8일 13시,목요일,대구광역시 서구 내당동,경상사고,0,0,1,0,차대차 - 기타,차로위반,건조,맑음,단일로 - 기타,화물,남,69세,상해없음,승용,남,39세,경상
2015010800100270,2015년 1월 8일 13시,목요일,대구광역시 달서구 죽전동,중상사고,0,1,0,0,차대차 - 측면직각충돌,안전거리미확보,건조,맑음,단일로 - 기타,이륜,남,36세,중상,승용,남,55세,상해없음
2015010800100290,2015년 1월 8일 14시,목요일,대구광역시 달성군 논공읍,경상사고,0,0,1,0,차대차 - 측면직각충돌,차로위반,건조,맑음,단일로 - 기타,승용,남,23세,상해없음,승합,남,60세,상해없음
2015010800100291,2015년 1월 8일 14시,목요일,대구광역시 달서구 감삼동,경상사고,0,0,2,1,차대차 - 기타,안전운전불이행,건조,맑음,단일로 - 기타,화물,남,70세,부상신고,승용,여,53세,경상
2015010800100292,2015년 1월 8일 14시,목요일,대구광역시 서구 비산동,중상사고,0,1,0,0,차대사람 - 기타,안전운전불이행,건조,맑음,단일로 - 기타,자전거,남,15세,상해없음,보행자,여,80세,중상
2015010800100356,2015년 1월 8일 17시,목요일,대구광역시 서구 비산동,경상사고,0,0,2,0,차대차 - 측면직각충돌,중앙선침범,건조,맑음,단일로 - 횡단보도부근,승용,여,43세,상해없음,승용,남,56세,경상
2015010800100357,2015년 1월 8일 17시,목요일,대구광역시 달서구 호산동,경상사고,0,0,1,1,차대차 - 측면직각충돌,교차로운행방법위반,건조,맑음,교차로 - 교차로안,화물,남,47세,부상신고,화물,남,44세,경상
2015010800100358,2015년 1월 8일 17시,목요일,대구광역시 달서구 두류동,경상사고,0,0,1,0,차대사람 - 길가장자리구역통행중,안전운전불이행,건조,맑음,단일로 - 기타,기타불명,기타불명,기타불명,기타불명,보행자,여,14세,경상