사고번호,사고일시,요일,시군구,사고내용,사망자수,중상자수,경상자수,부상신고자수,사고유형,법규위반,노면상태,기상상태,도로형태,가해운전자 차종,가해운전자 성별,가해운전자 연령,가해운전자 상해정도,피해운전자 차종,피해운전자 성별,피해운전자 연령,피해운전자 상해정도
2015010800100406,2015년 1월 8일 18시,목요일,대구광역시 동구 신암동,중상사고,0,1,0,0,차대사람 - 보도통행중,보행자보호의무위반,건조,맑음,단일로 - 기타,승용,남,57세,상해없음,보행자,여,76세,중상
2015010800100438,2015년 1월 8일 19시,목요일,대구광역시 남구 대명동,중상사고,0,1,1,0,차대사람 - 횡단중,안전운전불이행,건조,맑음,단일로 - 횡단보도상,이륜,남,24세,경상,보행자,여,63세,중상
2015010800100463,2015년 1월 8일 20시,목요일,대구광역시 수성구 중동,부상신고사고,0,0,0,1,차대차 - 측면직각충돌,안전운전불이행,건조,맑음,단일로 - 교량,이륜,남,50세,상해없음,자전거,남,13세,부상신고
2015010800100464,2015년 1월 8일 20시,목요일,대구광역시 달서구 이곡동,경상사고,0,0,1,0,차대사람 - 기타,안전운전불이행,건조,맑음,단일로 - 횡단보도부근,기타불명,남,46세,기타불명,보행자,남,23세,경상
2015010800100490,2015년 1월 8일 21시,목요일,대구광역시 수성구 범어동,중상사고,0,1,0,0,차대차 - 측면직각충돌,안전운전불이행,건조,맑음,단일로 - 기타,승용,여,58세,상해없음,승용,여,66세,중상
2015010800100510,2015년 1월 8일 22시,목요일,대구광역시 남구 대명동,경상사고,0,0,1,0,차대차 - 기타,신호위반,건조,맑음,단일로 - 기타,승용,남,58세,상해없음,이륜,남,25세,경상
2015010800100511,2015년 1월 8일 22시,목요일,대구광역시 동구 신기동,경상사고,0,0,2,0,차대차 - 측면직각충돌,안전운전불이행,건조,맑음,교차로 - 교차로부근,화물,남,55세,상해없음,승합,남,47세,상해없음
2015010800100512,2015년 1월 8일 22시,목요일,대구광역시 서구 내당동,경상사고,0,0,1,0,차대차 - 기타,안전거리미확보,건조,맑음,단일로 - 기타,승용,남,33세,상해없음,승용,남,54세,경상
2015010800100513,2015년 1월 8일 22시,목요일,대구광역시 북구 구암동,부상신고사고,0,0,0,1,차대차 - 추돌 - 진행중,안전운전불이행,건조,맑음,교차로 - 교차로부근,승합,남,44세,상해없음,화물,남,46세,부상신고
2015010800100533,2015년 1월 8일 23시,목요일,대구광역시 동구 봉무동,중상사고,0,1,1,0,차대차 - 추돌 - 주정차중,안전운전불이행,건조,맑음,교차로 - 교차로부근,승용,남,24세,상해없음,승용,남,40세,상해없음
2015010800100534,2015년 1월 8일 23시,목요일,대구광역시 수성구 범어동,경상사고,0,0,1,0,차대사람 - 횡단중,안전운전불이행,건조,맑음,단일로 - 기타,이륜,남,17세,상해없음,보행자,남,66세,경상
2015010900100024,2015년 1월 9일 01시,금요일,대구광역시 동구 신암동,부상신고사고,0,0,0,1,차대사람 - 길가장자리구역통행중,안전운전불이행,건조,맑음,단일로 - 기타,승용,남,37세,상해없음,보행자,남,51세,부상신고
2015010900100036,2015년 1월 9일 02시,금요일,대구광역시 중구 삼덕동1가,경상사고,0,0,1,0,차대사람 - 기타,안전운전불이행,건조,맑음,단일로 - 기타,승용,남,21세,상해없음,보행자,남,21세,경상
2015010900100045,2015년 1월 9일 03시,금요일,대구광역시 북구 칠성동2가,중상사고,0,1,0,1,차대차 - 기타,신호위반,건조,맑음,교차로 - 교차로안,승용,여,48세,부상신고,화물,남,62세,중상
2015010900100055,2015년 1월 9일 04시,금요일,대구광역시 남구 봉덕동,중상사고,0,1,1,0,차대차 - 기타,신호위반,건조,맑음,단일로 - 기타,승용,남,28세,상해없음,승용,남,21세,중상
2015010900100088,2015년 1월 9일 06시,금요일,대구광역시 중구 동인동1가,중상사고,0,1,0,0,차대사람 - 보도통행중,안전운전불이행,건조,맑음,단일로 - 횡단보도상,승용,남,56세,상해없음,보행자,여,63세,중상
2015010900100138,2015년 1월 9일 08시,금요일,대구광역시 북구 침산동,경상사고,0,0,1,0,차대차 - 측면직각충돌,신호위반,건조,맑음,교차로 - 교차로안,승용,남,25세,상해없음,이륜,남,69세,경상
2015010900100166,2015년 1월 9일 09시,금요일,대구광역시 서구 중리동,중상사고,0,1,0,0,차대차 - 기타,교차로운행방법위반,건조,맑음,교차로 - 교차로안,화물,남,56세,상해없음,원동기,남,48세,중상
2015010900100188,2015년 1월 9일 10시,금요일,대구광역시 수성구 범어동,중상사고,0,1,0,0,차대차 - 기타,기타,건조,맑음,단일로 - 기타,승용,남,59세,상해없음,자전거,여,27세,중상
2015010900100189,2015년 1월 9일 10시,금요일,대구광역시 북구 침산동,경상사고,0,0,1,0,차대차 - 측면직각충돌,안전운전불이행,건조,맑음,교차로 - 교차로안,화물,남,53세,상해없음,이륜,남,26세,경상
2015010900100211,2015년 1월 9일 11시,금요일,대구광역시 동구 신암동,경상사고,0,0,1,0,차대사람 - 기타,안전운전불이행,건조,맑음,단일로 - 기타,승용,여,40세,상해없음,보행자,여,77세,경상
2015010900100234,2015년 1월 9일 12시,금요일,대구광역시 수성구 지산동,부상신고사고,0,0,0,1,차대차 - 측면직각충돌,안전거리미확보,건조,맑음,단일로 - 기타,이륜,남,63세,부상신고,승용,남,57세,상해없음
2015010900100258,2015년 1월 9일 13시,금요일,대구광역시 남구 봉덕동,경상사고,0,0,2,0,차대차 - 측면직각충돌,안전거리미확보,건조,맑음,단일로 - 교량,화물,남,54세,상해없음,승용,여,40세,경상
2015010900100259,2015년 1월 9일 13시,금요일,대구광역시 수성구 두산동,경상사고,0,0,1,0,차대사람 - 횡단중,보행자보호의무위반,건조,맑음,단일로 - 횡단보도상,승용,여,47세,상해없음,보행자,남,65세,경상
2015010900100260,2015년 1월 9일 13시,금요일,대구광역시 북구 읍내동,경상사고,0,0,3,0,차대차 - 추돌 - 진행중,안전운전불이행,건조,맑음,단일로 - 기타,승용,남,59세,상해없음,승용,여,41세,경상
2015010900100293,2015년 1월 9일 14시,금요일,대구광역시 달서구 용산동,부상신고사고,0,0,0,1,차대차 - 측면직각충돌,중앙선침범,건조,맑음,단일로 - 기타,승용,남,40세,상해없음,자전거,남,12세,부상신고
2015010900100294,2015년 1월 9일 14시,금요일,대구광역시 달서구 용산동,경상사고,0,0,2,0,차대차 - 기타,교차로운행방법위반,건조,맑음,교차로 - 교차로부근,승용,남,50세,상해없음,승용,남,31세,경상
2015010900100340,2015년 1월 9일 16시,금요일,대구광역시 달서구 본리동,경상사고,0,0,2,0,차대사람 - 기타,안전운전불이행,건조,맑음,단일로 - 기타,승용,남,63세,상해없음,보행자,남,45세,경상
2015010900100371,2015년 1월 9일 17시,금요일,대구광역시 남구 봉덕동,경상사고,0,0,2,0,차대차 - 추돌 - 주정차중,안전운전불이행,건조,맑음,단일로 - 기타,승용,여,57세,상해없음,승용,남,39세,경상
2015010900100372,2015년 1월 9일 17시,금요일,대구광역시 동구 불로동,경상사고,0,0,1,0,차대차 - 추돌 - 진행중,안전운전불이행,건조,맑음,교차로 - 교차로부근,승용,여,29세,상해없음,승용,남,63세,경상
2015010900100373,2015년 1월 9일 17시,금요일,대구광역시 달서구 유천동,부상신고사고,0,0,0,1,차대차 - 측면직각충돌,안전거리미확보,건조,맑음,단일로 - 기타,원동기,남,37세,부상신고,승합,여,55세,상해없음
2015010900100374,2015년 1월 9일 17시,금요일,대구광역시 북구 태전동,경상사고,0,0,1,0,차대차 - 추돌 - 진행중,안전거리미확보,건조,맑음,기타 - 기타,승용,남,53세,상해없음,화물,남,27세,경상
2015010900100428,2015년 1월 9일 18시,금요일,대구광역시 동구 효목동,경상사고,0,0,2,0,차대차 - 정면충돌,안전운전불이행,건조,맑음,교차로 - 교차로부근,승용,남,65세,기타불명,승용,여,48세,경상
2015010900100429,2015년 1월 9일 18시,금요일,대구광역시 동구 효목동,경상사고,0,0,1,0,차대사람 - 횡단중,안전운전불이행,건조,맑음,단일로 - 기타,승용,남,65세,상해없음,보행자,남,48세,경상
2015010900100465,2015년 1월 9일 19시,금요일,대구광역시 북구 태전동,경상사고,0,0,3,0,차대차 - 기타,안전거리미확보,건조,맑음,단일로 - 기타,승용,남,72세,상해없음,승용,남,36세,경상
2015010900100504,2015년 1월 9일 20시,금요일,대구광역시 동구 신암동,중상사고,0,1,0,0,차대사람 - 보도통행중,안전운전불이행,건조,맑음,단일로 - 기타,승용,여,57세,상해없음,보행자,남,57세,중상
2015010900100505,2015년 1월 9일 20시,금요일,대구광역시 달서구 도원동,경상사고,0,0,1,0,차대사람 - 길가장자리구역통행중,안전운전불이행,건조,맑음,단일로 - 기타,기타불명,기타불명,기타불명,기타불명,보행자,남,51세,경상
2015010900100506,2015년 1월 9일 20시,금요일,대구광역시 달성군 논공읍,경상사고,0,0,1,0,차대차 - 측면직각충돌,안전운전불이행,건조,맑음,단일로 - 기타,승용,여,29세,상해없음,이륜,남,36세,경상
2015010900100535,2015년 1월 9일 21시,금요일,대구광역시 수성구 수성동4가,경상사고,0,0,1,0,차대차 - 측면직각충돌,안전운전불이행,건조,맑음,단일로 - 기타,승용,남,50세,상해없음,승용,남,55세,경상
2015010900100536,2015년 1월 9일 21시,금요일,대구광역시 달서구 대천동,경상사고,0,0,4,0,차대차 - 측면직각충돌,직진우회전진행방해,건조,맑음,교차로 - 교차로안,승용,남,42세,경상,승용,남,58세,경상
2015010900100537,2015년 1월 9일 21시,금요일,대구광역시 달서구 용산동,경상사고,0,0,2,0,차대차 - 측면직각충돌,교차로운행방법위반,건조,맑음,교차로 - 교차로안,승용,여,47세,상해없음,이륜,남,16세,경상
2015010900100567,2015년 1월 9일 22시,금요일,대구광역시 서구 상리동,경상사고,0,0,4,0,차대차 - 측면직각충돌,차로위반,건조,맑음,단일로 - 기타,승용,남,39세,상해없음,승용,여,44세,경상
2015010900100570,2015년 1월 9일 22시,금요일,대구광역시 남구 봉덕동,경상사고,0,0,1,0,차대사람 - 기타,안전운전불이행,건조,맑음,교차로 - 교차로부근,승용,남,57세,상해없음,보행자,남,44세,경상
2015010900100571,2015년 1월 9일 22시,금요일,대구광역시 달서구 송현동,중상사고,0,1,1,0,차대차 - 기타,차로위반,건조,맑음,단일로 - 기타,승용,남,25세,상해없음,이륜,남,23세,경상
2015010900100572,2015년 1월 9일 22시,금요일,대구광역시 달서구 진천동,중상사고,0,1,0,0,차대사람 - 기타,안전운전불이행,건조,맑음,단일로 - 기타,승용,남,55세,상해없음,보행자,남,43세,중상
2015010900100573,2015년 1월 9일 22시,금요일,대구광역시 달성군 다사읍,경상사고,0,0,2,0,차대차 - 추돌 - 진행중,안전운전불이행,건조,맑음,단일로 - 기타,승용,남,44세,상해없음,화물,남,42세,경상
2015010900100574,2015년 1월 9일 22시,금요일,대구광역시 달서구 호산동,경상사고,0,0,1,0,차대사람 - 기타,안전운전불이행,건조,맑음,기타 - 기타,승용,남,26세,상해없음,보행자,남,38세,경상
2015010900100575,2015년 1월 9일 22시,금요일,대구광역시 북구 동천동,경상사고,0,0,4,0,차대차 - 추돌 - 진행중,안전운전불이행,건조,맑음,기타 - 기타,승용,여,27세,상해없음,승용,남,35세,경상
2015010900100603,2015년 1월 9일 23시,금요일,대구광역시 중구 동인동3가,경상사고,0,0,1,0,차대차 - 추돌 - 주정차중,안전운전불이행,건조,맑음,교차로 - 교차로부근,승용,남,41세,상해없음,승용,여,41세,경상
2015011000100023,2015년 1월 10일 00시,토요일,대구광역시 동구 신기동,경상사고,0,0,2,0,차대차 - 추돌 - 진행중,안전거리미확보,건조,맑음,단일로 - 기타,화물,남,42세,상해없음,승용,남,24세,상해없음
2015011000100053,2015년 1월 10일 01시,토요일,대구광역시 남구 봉덕동,경상사고,0,0,1,0,차대차 - 기타,안전운전불이행,건조,맑음,단일로 - 기타,승용,남,31세,상해없음,화물,남,38세,경상
2015011000100054,2015년 1월 10일 01시,토요일,대구광역시 수성구 두산동,사망사고,1,0,0,0,차량단독 - 공작물충돌,안전운전불이행,건조,맑음,단일로 - 기타,원동기,남,36세,사망,,,,
2015011000100055,2015년 1월 10일 01시,토요일,대구광역시 중구 포정동,경상사고,0,0,1,2,차대차 - 측면직각충돌,직진우회전진행방해,건조,맑음,교차로 - 교차로안,승용,남,27세,부상신고,승용,남,62세,경상
2015011000100075,2015년 1월 10일 02시,토요일,대구광역시 북구 복현동,경상사고,0,0,2,0,차대차 - 추돌 - 진행중,신호위반,건조,맑음,교차로 - 교차로안,화물,남,31세,상해없음,승용,남,33세,경상
2015011000100094,2015년 1월 10일 03시,토요일,대구광역시 달서구 감삼동,중상사고,0,1,1,0,차대차 - 측면직각충돌,신호위반,건조,맑음,교차로 - 교차로안,승용,남,69세,상해없음,승용,남,40세,중상
2015011000100099,2015년 1월 10일 04시,토요일,대구광역시 달서구 상인동,경상사고,0,0,1,0,차대차 - 기타,안전운전불이행,건조,맑음,단일로 - 기타,승용,남,46세,상해없음,승용,여,48세,경상
2015011000100149,2015년 1월 10일 07시,토요일,대구광역시 북구 침산동,중상사고,0,1,1,0,차대차 - 추돌 - 진행중,차로위반,건조,맑음,교차로 - 교차로부근,승용,남,59세,중상,승용,남,33세,경상
2015011000100189,2015년 1월 10일 09시,토요일,대구광역시 수성구 범어동,경상사고,0,0,1,0,차대사람 - 횡단중,안전운전불이행,건조,맑음,단일로 - 기타,승용,여,71세,상해없음,보행자,남,55세,경상
2015011000100190,2015년 1월 10일 09시,토요일,대구광역시 수성구 범어동,중상사고,0,1,0,0,차대사람 - 횡단중,보행자보호의무위반,건조,맑음,교차로 - 교차로부근,승용,여,44세,상해없음,보행자,여,46세,중상
2015011000100222,2015년 1월 10일 10시,토요일,대구광역시 북구 산격동,경상사고,0,0,1,0,차대차 - 기타,신호위반,건조,맑음,단일로 - 기타,원동기,남,33세,상해없음,원동기,여,58세,경상
2015011000100310,2015년 1월 10일 13시,토요일,대구광역시 달성군 하빈면,중상사고,0,1,0,0,차대차 - 측면직각충돌,안전운전불이행,건조,맑음,단일로 - 기타,화물,남,53세,상해없음,원동기,남,30세,중상
2015011000100311,2015년 1월 10일 13시,토요일,대구광역시 중구 남산동,경상사고,0,0,1,0,차대차 - 측면직각충돌,안전운전불이행,건조,맑음,단일로 - 기타,승용,남,78세,기타불명,이륜,남,41세,경상
2015011000100343,2015년 1월 10일 14시,토요일,대구광역시 수성구 지산동,경상사고,0,0,2,1,차대차 - 기타,기타,건조,맑음,단일로 - 기타,승용,남,59세,상해없음,승합,남,35세,경상
2015011000100373,2015년 1월 10일 15시,토요일,대구광역시 동구 율하동,부상신고사고,0,0,0,1,차대사람 - 기타,안전운전불이행,건조,맑음,교차로 - 교차로부근,승용,남,46세,상해없음,보행자,남,37세,부상신고
2015011000100374,2015년 1월 10일 15시,토요일,대구광역시 북구 대현동,부상신고사고,0,0,0,1,차대차 - 측면직각충돌,안전거리미확보,건조,맑음,교차로 - 교차로부근,원동기,남,37세,부상신고,승용,남,41세,상해없음
2015011000100375,2015년 1월 10일 15시,토요일,대구광역시 달서구 용산동,중상사고,0,1,1,0,차대차 - 기타,안전운전불이행,건조,맑음,단일로 - 기타,승용,남,43세,상해없음,이륜,남,16세,중상
2015011000100399,2015년 1월 10일 16시,토요일,대구광역시 동구 서호동,중상사고,0,1,2,0,차대차 - 추돌 - 주정차중,안전운전불이행,건조,맑음,교차로 - 교차로부근,승용,남,50세,상해없음,승용,남,41세,중상
2015011000100428,2015년 1월 10일 17시,토요일,대구광역시 동구 신암동,중상사고,0,1,0,0,차대사람 - 횡단중,보행자보호의무위반,건조,맑음,단일로 - 횡단보도상,승용,남,26세,상해없음,보행자,여,68세,중상
2015011000100429,2015년 1월 10일 17시,토요일,대구광역시 달서구 대천동,중상사고,0,1,2,0,차대차 - 측면직각충돌,교차로운행방법위반,건조,맑음,교차로 - 교차로안,승용,남,38세,경상,승용,남,29세,중상
2015011000100430,2015년 1월 10일 17시,토요일,대구광역시 달서구 대곡동,경상사고,0,0,3,0,차대차 - 기타,안전운전불이행,건조,맑음,단일로 - 기타,승용,여,25세,상해없음,승용,남,19세,경상
2015011000100431,2015년 1월 10일 17시,토요일,대구광역시 달성군 다사읍,경상사고,0,0,1,0,차대차 - 측면직각충돌,안전거리미확보,건조,맑음,단일로 - 기타,승용,남,61세,상해없음,이륜,남,18세,경상
2015011000100432,2015년 1월 10일 17시,토요일,대구광역시 달서구 두류동,경상사고,0,0,1,0,차대차 - 기타,안전운전불이행,건조,맑음,교차로 - 교차로안,승용,여,31세,상해없음,승용,남,34세,경상
2015011000100470,2015년 1월 10일 18시,토요일,대구광역시 달서구 본동,경상사고,0,0,1,1,차대차 - 측면직각충돌,안전운전불이행,건조,맑음,교차로 - 교차로안,화물,남,54세,상해없음,승용,남,33세,기타불명
2015011000100471,2015년 1월 10일 18시,토요일,대구광역시 달성군 화원읍,중상사고,0,1,5,1,차대차 - 추돌 - 진행중,안전운전불이행,건조,맑음,교차로 - 교차로부근,승용,여,37세,상해없음,승용,남,41세,경상
2015011000100531,2015년 1월 10일 20시,토요일,대구광역시 동구 신암동,경상사고,0,0,1,0,차대차 - 기타,안전운전불이행,건조,맑음,단일로 - 기타,승용,남,37세,상해없음,이륜,남,34세,경상
2015011000100532,2015년 1월 10일 20시,토요일,대구광역시 중구 동인동4가,중상사고,0,1,0,0,차대차 - 측면직각충돌,안전운전불이행,건조,맑음,단일로 - 기타,승용,남,60세,상해없음,이륜,남,26세,중상
2015011000100533,2015년 1월 10일 20시,토요일,대구광역시 북구 동천동,경상사고,0,0,1,0,차대차 - 측면직각충돌,안전거리미확보,건조,맑음,교차로 - 교차로안,승용,여,50세,상해없음,승용,남,35세,경상
2015011000100562,2015년 1월 10일 21시,토요일,대구광역시 달성군 다사읍,경상사고,0,0,2,0,차대차 - 추돌 - 진행중,안전운전불이행,건조,맑음,교차로 - 교차로부근,승용,여,55세,상해없음,승용,남,40세,상해없음
2015011000100563,2015년 1월 10일 21시,토요일,대구광역시 달서구 감삼동,경상사고,0,0,3,0,차대차 - 추돌 - 주정차중,안전운전불이행,건조,맑음,단일로 - 기타,화물,남,59세,상해없음,승용,남,57세,경상
2015011000100593,2015년 1월 10일 22시,토요일,대구광역시 달서구 이곡동,부상신고사고,0,0,0,1,차대차 - 측면직각충돌,안전거리미확보,건조,맑음,교차로 - 교차로부근,승용,남,70세,상해없음,이륜,남,17세,부상신고
2015011000100614,2015년 1월 10일 23시,토요일,대구광역시 서구 평리동,경상사고,0,0,2,0,차대차 - 기타,안전거리미확보,건조,맑음,교차로 - 교차로부근,승용,남,56세,상해없음,승용,남,24세,경상
2015011000100615,2015년 1월 10일 23시,토요일,대구광역시 서구 비산동,부상신고사고,0,0,0,1,차대사람 - 기타,안전운전불이행,건조,맑음,단일로 - 기타,기타불명,기타불명,기타불명,기타불명,보행자,남,53세,부상신고
2015011100100017,2015년 1월 11일 00시,일요일,대구광역시 달서구 두류동,중상사고,0,1,0,0,차대사람 - 기타,안전운전불이행,건조,맑음,교차로 - 교차로안,승용,남,59세,상해없음,보행자,남,19세,중상
2015011100100029,2015년 1월 11일 01시,일요일,대구광역시 동구 신천동,중상사고,0,1,0,0,차대사람 - 횡단중,안전운전불이행,건조,맑음,단일로 - 교량,승용,남,59세,상해없음,보행자,남,33세,중상
2015011100100030,2015년 1월 11일 01시,일요일,대구광역시 수성구 범어동,경상사고,0,0,5,0,차대차 - 측면직각충돌,교차로운행방법위반,건조,맑음,교차로 - 교차로안,승용,남,46세,상해없음,승용,남,37세,경상
2015011100100044,2015년 1월 11일 02시,일요일,대구광역시 수성구 중동,부상신고사고,0,0,0,1,차대차 - 추돌 - 진행중,안전운전불이행,건조,맑음,단일로 - 기타,승용,남,45세,상해없음,승용,여,41세,부상신고
2015011100100045,2015년 1월 11일 02시,일요일,대구광역시 북구 태전동,중상사고,0,1,0,0,차대사람 - 횡단중,신호위반,건조,맑음,단일로 - 횡단보도상,원동기,남,30세,상해없음,보행자,여,21세,중상
2015011100100062,2015년 1월 11일 03시,일요일,대구광역시 달서구 호산동,경상사고,0,0,1,0,차대차 - 기타,안전운전불이행,건조,맑음,단일로 - 기타,승용,남,45세,상해없음,승용,남,56세,경상
2015011100100069,2015년 1월 11일 04시,일요일,대구광역시 수성구 수성동4가,경상사고,0,0,1,0,차량단독 - 기타,기타,건조,맑음,단일로 - 교량,승용,남,61세,상해없음,,,,
2015011100100091,2015년 1월 11일 06시,일요일,대구광역시 동구 도동,중상사고,0,1,0,0,차량단독 - 공작물충돌,안전운전불이행,건조,맑음,교차로 - 교차로부근,승용,여,35세,중상,,,,
2015011100100114,2015년 1월 11일 07시,일요일,대구광역시 동구 신천동,중상사고,0,1,1,0,차대차 - 측면직각충돌,신호위반,건조,맑음,교차로 - 교차로안,승용,남,52세,상해없음,승용,남,73세,중상
2015011100100115,2015년 1월 11일 07시,일요일,대구광역시 수성구 범어동,경상사고,0,0,1,0,차대차 - 추돌 - 주정차중,안전운전불이행,건조,맑음,교차로 - 교차로부근,기타불명,기타불명,기타불명,기타불명,승용,여,48세,경상
2015011100100135,2015년 1월 11일 08시,일요일,대구광역시 동구 입석동,경상사고,0,0,4,0,차대차 - 추돌 - 주정차중,안전운전불이행,건조,맑음,단일로 - 기타,승용,남,27세,상해없음,승용,남,58세,경상
2015011100100169,2015년 1월 11일 10시,일요일,대구광역시 북구 고성동1가,경상사고,0,0,1,0,차대차 - 기타,안전운전불이행,건조,맑음,단일로 - 기타,승용,남,47세,상해없음,승용,남,68세,경상
2015011100100190,2015년 1월 11일 11시,일요일,대구광역시 수성구 파동,경상사고,0,0,1,0,차대차 - 추돌 - 진행중,안전운전불이행,건조,맑음,단일로 - 기타,승용,남,29세,상해없음,승용,여,38세,경상
2015011100100207,2015년 1월 11일 12시,일요일,대구광역시 동구 서호동,중상사고,0,1,2,0,차대차 - 측면직각충돌,안전운전불이행,건조,맑음,교차로 - 교차로안,승용,남,56세,상해없음,승용,남,67세,경상
2015011100100230,2015년 1월 11일 13시,일요일,대구광역시 달서구 본동,경상사고,0,0,1,0,차대차 - 측면직각충돌,안전운전불이행,건조,맑음,단일로 - 기타,승합,남,62세,상해없음,승용,여,56세,경상
2015011100100231,2015년 1월 11일 13시,일요일,대구광역시 달서구 송현동,경상사고,0,0,3,0,차대차 - 기타,안전거리미확보,건조,맑음,기타 - 기타,승용,남,18세,상해없음,승용,남,62세,경상
2015011100100253,2015년 1월 11일 14시,일요일,대구광역시 동구 신암동,경상사고,0,0,1,0,차대차 - 측면직각충돌,안전운전불이행,건조,맑음,단일로 - 기타,승용,여,49세,상해없음,승용,남,48세,경상
2015011100100254,2015년 1월 11일 14시,일요일,대구광역시 북구 복현동,경상사고,0,0,1,0,차대차 - 기타,안전운전불이행,건조,맑음,기타 - 기타,승용,남,56세,상해없음,이륜,남,38세,경상
2015011100100255,2015년 1월 11일 14시,일요일,대구광역시 서구 내당동,중상사고,0,1,0,0,차대차 - 측면직각충돌,안전운전불이행,건조,맑음,교차로 - 교차로부근,승용,남,55세,상해없음,자전거,남,78세,중상
2015011100100314,2015년 1월 11일 16시,일요일,대구광역시 달서구 상인동,경상사고,0,0,1,0,차대차 - 기타,안전거리미확보,건조,맑음,단일로 - 기타,승용,남,23세,상해없음,이륜,남,22세,경상
2015011100100315,2015년 1월 11일 16시,일요일,대구광역시 달서구 월성동,경상사고,0,0,1,0,차대차 - 기타,안전운전불이행,건조,맑음,교차로 - 교차로안,이륜,남,20세,경상,승합,여,58세,상해없음
2015011100100316,2015년 1월 11일 16시,일요일,대구광역시 달서구 신당동,경상사고,0,0,1,0,차대차 - 추돌 - 주정차중,안전운전불이행,건조,맑음,단일로 - 횡단보도부근,승용,남,31세,상해없음,승용,여,41세,경상
2015011100100317,2015년 1월 11일 16시,일요일,대구광역시 북구 동호동,중상사고,0,1,1,0,차대차 - 측면직각충돌,직진우회전진행방해,건조,맑음,교차로 - 교차로안,승용,남,58세,상해없음,승용,남,82세,경상
2015011100100336,2015년 1월 11일 17시,일요일,대구광역시 동구 신천동,경상사고,0,0,1,0,차대차 - 측면직각충돌,안전거리미확보,건조,맑음,단일로 - 기타,승용,남,25세,상해없음,승합,남,54세,상해없음
2015011100100337,2015년 1월 11일 17시,일요일,대구광역시 수성구 수성동1가,경상사고,0,0,1,0,차대차 - 측면직각충돌,안전운전불이행,건조,맑음,단일로 - 횡단보도부근,승용,남,56세,상해없음,승용,여,66세,경상
2015011100100338,2015년 1월 11일 17시,일요일,대구광역시 서구 평리동,중상사고,0,1,0,0,차대사람 - 길가장자리구역통행중,안전운전불이행,건조,맑음,단일로 - 기타,승용,남,56세,상해없음,보행자,여,71세,중상
2015011100100366,2015년 1월 11일 18시,일요일,대구광역시 서구 비산동,경상사고,0,0,1,0,차대차 - 기타,교차로운행방법위반,건조,맑음,교차로 - 교차로안,기타불명,기타불명,기타불명,기타불명,자전거,여,62세,경상
2015011100100407,2015년 1월 11일 19시,일요일,대구광역시 동구 신천동,중상사고,0,1,0,0,차대사람 - 횡단중,안전운전불이행,건조,맑음,단일로 - 기타,승용,남,59세,상해없음,보행자,남,42세,중상
2015011100100432,2015년 1월 11일 20시,일요일,대구광역시 동구 신서동,경상사고,0,0,2,0,차대차 - 기타,안전운전불이행,건조,맑음,교차로 - 교차로부근,승용,남,66세,상해없음,승용,남,33세,경상
2015011100100433,2015년 1월 11일 20시,일요일,대구광역시 수성구 시지동,경상사고,0,0,1,0,차대사람 - 기타,안전운전불이행,건조,맑음,교차로 - 교차로부근,승용,남,55세,상해없음,보행자,남,67세,경상
2015011100100434,2015년 1월 11일 20시,일요일,대구광역시 북구 태전동,경상사고,0,0,1,0,차대차 - 기타,안전운전불이행,건조,맑음,단일로 - 기타,승용,여,48세,상해없음,승용,남,54세,상해없음
2015011100100448,2015년 1월 11일 21시,일요일,대구광역시 동구 서호동,경상사고,0,0,1,0,차대차 - 기타,안전운전불이행,건조,맑음,교차로 - 교차로부근,승용,남,31세,상해없음,승용,남,22세,경상
2015011100100449,2015년 1월 11일 21시,일요일,대구광역시 북구 구암동,중상사고,0,1,0,0,차대차 - 측면직각충돌,안전운전불이행,건조,맑음,단일로 - 기타,승용,남,39세,상해없음,승용,남,60세,중상
2015011100100468,2015년 1월 11일 22시,일요일,대구광역시 서구 평리동,경상사고,0,0,3,0,차대차 - 기타,안전운전불이행,건조,맑음,단일로 - 기타,승용,여,52세,상해없음,승용,남,52세,경상
2015011100100484,2015년 1월 11일 23시,일요일,대구광역시 남구 대명동,중상사고,0,2,0,0,차대차 - 측면직각충돌,안전운전불이행,건조,맑음,단일로 - 기타,승용,남,22세,상해없음,승용,남,31세,중상
2015011200100009,2015년 1월 12일 01시,월요일,대구광역시 달서구 본동,경상사고,0,0,2,0,차대차 - 추돌 - 진행중,안전운전불이행,건조,맑음,교차로 - 교차로부근,승용,남,29세,상해없음,승용,남,66세,경상
2015011200100010,2015년 1월 12일 01시,월요일,대구광역시 달서구 감삼동,경상사고,0,0,1,0,차대차 - 기타,안전운전불이행,건조,맑음,단일로 - 기타,승용,남,59세,기타불명,승용,남,54세,상해없음
2015011200100066,2015년 1월 12일 07시,월요일,대구광역시 수성구 만촌동,경상사고,0,0,1,0,차대차 - 측면직각충돌,안전거리미확보,건조,맑음,단일로 - 기타,승용,남,57세,경상,화물,남,54세,상해없음
2015011200100067,2015년 1월 12일 07시,월요일,대구광역시 서구 내당동,중상사고,0,1,0,0,차대차 - 추돌 - 진행중,안전거리미확보,건조,맑음,단일로 - 횡단보도부근,승용,남,69세,상해없음,이륜,남,39세,중상
2015011200100068,2015년 1월 12일 07시,월요일,대구광역시 달서구 갈산동,경상사고,0,0,2,0,차대차 - 측면직각충돌,안전운전불이행,건조,맑음,단일로 - 기타,승용,남,50세,상해없음,승합,남,48세,경상
2015011200100069,2015년 1월 12일 07시,월요일,대구광역시 북구 태전동,경상사고,0,0,1,1,차대사람 - 횡단중,신호위반,건조,맑음,교차로 - 교차로부근,이륜,남,53세,부상신고,보행자,여,44세,경상