사고번호,사고일시,요일,시군구,사고내용,사망자수,중상자수,경상자수,부상신고자수,사고유형,법규위반,노면상태,기상상태,도로형태,가해운전자 차종,가해운전자 성별,가해운전자 연령,가해운전자 상해정도,피해운전자 차종,피해운전자 성별,피해운전자 연령,피해운전자 상해정도
2015011200100099,2015년 1월 12일 08시,월요일,대구광역시 북구 읍내동,경상사고,0,0,1,0,차량단독 - 기타,안전운전불이행,건조,맑음,교차로 - 교차로부근,승합,남,53세,상해없음,,,,
2015011200100133,2015년 1월 12일 09시,월요일,대구광역시 북구 노원동2가,중상사고,0,1,0,0,차대차 - 기타,안전운전불이행,건조,맑음,교차로 - 교차로부근,화물,남,57세,상해없음,원동기,남,73세,중상
2015011200100156,2015년 1월 12일 10시,월요일,대구광역시 동구 신천동,중상사고,0,1,0,0,차대사람 - 횡단중,안전운전불이행,건조,맑음,단일로 - 기타,승용,남,59세,상해없음,보행자,여,73세,중상
2015011200100157,2015년 1월 12일 10시,월요일,대구광역시 달성군 화원읍,중상사고,0,1,0,0,차대차 - 측면직각충돌,신호위반,건조,맑음,교차로 - 교차로안,화물,남,48세,기타불명,승합,남,48세,중상
2015011200100158,2015년 1월 12일 10시,월요일,대구광역시 달성군 화원읍,중상사고,0,2,0,0,차대차 - 추돌 - 진행중,안전운전불이행,건조,맑음,단일로 - 터널,승용,남,72세,상해없음,승용,남,54세,중상
2015011200100159,2015년 1월 12일 10시,월요일,대구광역시 달서구 신당동,경상사고,0,0,2,0,차대차 - 기타,차로위반,건조,맑음,교차로 - 교차로부근,승용,남,64세,경상,화물,남,38세,경상
2015011200100181,2015년 1월 12일 11시,월요일,대구광역시 서구 비산동,경상사고,0,0,1,0,차대차 - 기타,신호위반,건조,맑음,교차로 - 교차로안,화물,남,46세,상해없음,원동기,남,53세,경상
2015011200100182,2015년 1월 12일 11시,월요일,대구광역시 서구 이현동,경상사고,0,0,1,0,차대차 - 측면직각충돌,안전거리미확보,건조,맑음,교차로 - 교차로안,이륜,남,61세,경상,승합,남,47세,상해없음
2015011200100183,2015년 1월 12일 11시,월요일,대구광역시 달서구 장기동,경상사고,0,0,1,0,차대차 - 측면직각충돌,중앙선침범,건조,맑음,단일로 - 기타,건설기계,남,47세,상해없음,승용,여,50세,경상
2015011200100208,2015년 1월 12일 12시,월요일,대구광역시 달서구 본동,경상사고,0,0,1,0,차대차 - 측면직각충돌,교차로운행방법위반,건조,맑음,교차로 - 교차로안,승용,여,44세,상해없음,승용,남,24세,경상
2015011200100209,2015년 1월 12일 12시,월요일,대구광역시 북구 산격동,경상사고,0,0,1,0,차대차 - 기타,안전거리미확보,건조,맑음,단일로 - 기타,승용,남,36세,상해없음,이륜,남,57세,경상
2015011200100235,2015년 1월 12일 13시,월요일,대구광역시 중구 동인동4가,경상사고,0,0,2,0,차대차 - 측면직각충돌,교차로운행방법위반,건조,맑음,교차로 - 교차로안,승용,남,34세,경상,승용,남,56세,경상
2015011200100236,2015년 1월 12일 13시,월요일,대구광역시 북구 동천동,중상사고,0,1,1,0,차대차 - 기타,안전운전불이행,건조,맑음,교차로 - 교차로안,자전거,남,15세,경상,이륜,남,36세,중상
2015011200100270,2015년 1월 12일 14시,월요일,대구광역시 서구 내당동,경상사고,0,0,1,0,차대차 - 기타,안전운전불이행,건조,맑음,단일로 - 기타,승용,여,35세,상해없음,승용,남,28세,상해없음
2015011200100271,2015년 1월 12일 14시,월요일,대구광역시 달서구 죽전동,경상사고,0,0,1,0,차대차 - 기타,안전거리미확보,건조,흐림,교차로 - 교차로부근,승용,여,47세,상해없음,승용,여,50세,경상
2015011200100298,2015년 1월 12일 15시,월요일,대구광역시 동구 서호동,경상사고,0,0,1,0,차대사람 - 차도통행중,보행자보호의무위반,건조,맑음,단일로 - 횡단보도상,승용,기타불명,기타불명,기타불명,보행자,남,10세,경상
2015011200100299,2015년 1월 12일 15시,월요일,대구광역시 수성구 파동,중상사고,0,1,0,0,차량단독 - 공작물충돌,기타,건조,맑음,단일로 - 기타,승합,남,56세,상해없음,,,,
2015011200100300,2015년 1월 12일 15시,월요일,대구광역시 달성군 화원읍,경상사고,0,0,2,0,차대차 - 측면직각충돌,안전운전불이행,건조,맑음,교차로 - 교차로안,화물,남,58세,경상,승용,남,36세,경상
2015011200100321,2015년 1월 12일 16시,월요일,대구광역시 남구 대명동,중상사고,0,1,0,0,차대차 - 기타,안전운전불이행,건조,맑음,단일로 - 기타,이륜,남,38세,중상,승용,여,55세,상해없음
2015011200100322,2015년 1월 12일 16시,월요일,대구광역시 수성구 지산동,중상사고,0,1,0,0,차대사람 - 길가장자리구역통행중,안전운전불이행,건조,맑음,단일로 - 기타,승용,남,37세,상해없음,보행자,남,6세,중상
2015011200100323,2015년 1월 12일 16시,월요일,대구광역시 중구 계산동2가,경상사고,0,0,1,0,차대차 - 측면직각충돌,직진우회전진행방해,건조,맑음,교차로 - 교차로부근,승합,남,61세,상해없음,승용,남,58세,경상
2015011200100350,2015년 1월 12일 17시,월요일,대구광역시 남구 대명동,경상사고,0,0,1,0,차대차 - 기타,기타,건조,맑음,단일로 - 기타,화물,남,31세,상해없음,이륜,남,22세,경상
2015011200100351,2015년 1월 12일 17시,월요일,대구광역시 달서구 송현동,경상사고,0,0,1,0,차대차 - 기타,안전거리미확보,건조,맑음,단일로 - 기타,승용,남,55세,상해없음,이륜,남,19세,경상
2015011200100352,2015년 1월 12일 17시,월요일,대구광역시 달서구 본동,경상사고,0,0,1,0,차대차 - 추돌 - 주정차중,안전운전불이행,건조,맑음,교차로 - 교차로부근,승용,남,49세,상해없음,승용,남,42세,경상
2015011200100353,2015년 1월 12일 17시,월요일,대구광역시 북구 읍내동,경상사고,0,0,1,0,차대차 - 추돌 - 진행중,안전운전불이행,건조,맑음,단일로 - 기타,승용,남,42세,상해없음,승용,여,49세,경상
2015011200100354,2015년 1월 12일 17시,월요일,대구광역시 북구 학정동,경상사고,0,0,1,0,차대차 - 측면직각충돌,직진우회전진행방해,건조,맑음,교차로 - 교차로안,승용,여,61세,상해없음,승용,여,39세,경상
2015011200100391,2015년 1월 12일 18시,월요일,대구광역시 남구 대명동,부상신고사고,0,0,0,1,차대사람 - 기타,안전운전불이행,건조,맑음,단일로 - 기타,승용,남,61세,상해없음,보행자,남,34세,부상신고
2015011200100392,2015년 1월 12일 18시,월요일,대구광역시 서구 평리동,중상사고,0,1,0,0,차대사람 - 기타,안전운전불이행,건조,맑음,단일로 - 기타,화물,남,48세,상해없음,보행자,여,56세,중상
2015011200100393,2015년 1월 12일 18시,월요일,대구광역시 중구 서성로1가,사망사고,1,0,0,0,차량단독 - 공작물충돌,안전운전불이행,건조,맑음,단일로 - 기타,이륜,남,70세,사망,,,,
2015011200100394,2015년 1월 12일 18시,월요일,대구광역시 달서구 장기동,중상사고,0,1,0,0,차대사람 - 횡단중,교차로운행방법위반,건조,맑음,교차로 - 교차로안,화물,남,46세,상해없음,보행자,여,80세,중상
2015011200100432,2015년 1월 12일 19시,월요일,대구광역시 동구 효목동,중상사고,0,1,0,0,차대차 - 추돌 - 진행중,안전거리미확보,건조,맑음,단일로 - 기타,승용,남,19세,상해없음,승용,남,54세,중상
2015011200100433,2015년 1월 12일 19시,월요일,대구광역시 동구 방촌동,부상신고사고,0,0,0,1,차대사람 - 횡단중,안전운전불이행,건조,맑음,단일로 - 기타,승용,여,52세,상해없음,보행자,여,22세,부상신고
2015011200100434,2015년 1월 12일 19시,월요일,대구광역시 동구 신서동,중상사고,0,1,1,0,차대차 - 기타,교차로운행방법위반,건조,맑음,교차로 - 교차로안,승용,남,54세,상해없음,승용,여,34세,중상
2015011200100435,2015년 1월 12일 19시,월요일,대구광역시 수성구 매호동,경상사고,0,0,1,0,차대차 - 측면직각충돌,안전운전불이행,건조,맑음,교차로 - 교차로부근,승용,남,58세,상해없음,이륜,남,39세,경상
2015011200100436,2015년 1월 12일 19시,월요일,대구광역시 달서구 장동,경상사고,0,0,1,0,차대차 - 측면직각충돌,기타,건조,맑음,단일로 - 기타,승용,남,33세,상해없음,자전거,남,50세,경상
2015011200100482,2015년 1월 12일 21시,월요일,대구광역시 동구 율하동,경상사고,0,0,1,0,차대차 - 기타,교차로운행방법위반,건조,맑음,교차로 - 교차로안,승용,여,56세,상해없음,승용,남,57세,상해없음
2015011200100483,2015년 1월 12일 21시,월요일,대구광역시 동구 효목동,경상사고,0,0,1,0,차대차 - 추돌 - 진행중,안전운전불이행,건조,맑음,교차로 - 교차로부근,승용,남,50세,상해없음,승용,남,44세,경상
2015011200100500,2015년 1월 12일 22시,월요일,대구광역시 동구 불로동,경상사고,0,0,2,0,차대차 - 추돌 - 주정차중,안전운전불이행,건조,맑음,교차로 - 교차로부근,승용,남,31세,상해없음,승용,남,48세,경상
2015011200100501,2015년 1월 12일 22시,월요일,대구광역시 동구 방촌동,경상사고,0,0,1,0,차대차 - 측면직각충돌,안전운전불이행,건조,맑음,교차로 - 교차로안,승용,남,53세,상해없음,승용,남,35세,경상
2015011200100521,2015년 1월 12일 23시,월요일,대구광역시 서구 비산동,중상사고,0,1,0,0,차대사람 - 횡단중,안전운전불이행,건조,맑음,단일로 - 기타,승용,남,47세,상해없음,보행자,남,23세,중상
2015011300100011,2015년 1월 13일 00시,화요일,대구광역시 남구 대명동,중상사고,0,1,0,0,차대사람 - 기타,안전운전불이행,건조,맑음,교차로 - 교차로부근,승용,남,43세,상해없음,보행자,남,18세,중상
2015011300100012,2015년 1월 13일 00시,화요일,대구광역시 북구 고성동3가,중상사고,0,2,1,0,차량단독 - 공작물충돌,안전운전불이행,건조,맑음,단일로 - 기타,이륜,남,17세,중상,,,,
2015011300100013,2015년 1월 13일 00시,화요일,대구광역시 달서구 성당동,경상사고,0,0,1,0,차대차 - 기타,안전운전불이행,건조,맑음,단일로 - 기타,승용,남,43세,상해없음,화물,남,35세,기타불명
2015011300100042,2015년 1월 13일 03시,화요일,대구광역시 수성구 황금동,중상사고,0,1,0,0,차대차 - 측면직각충돌,신호위반,건조,맑음,교차로 - 교차로안,승용,남,46세,상해없음,승용,여,29세,중상
2015011300100065,2015년 1월 13일 05시,화요일,대구광역시 북구 칠성동2가,경상사고,0,0,1,0,차대차 - 추돌 - 주정차중,기타,건조,맑음,교차로 - 교차로부근,승용,남,34세,상해없음,화물,남,56세,경상
2015011300100066,2015년 1월 13일 05시,화요일,대구광역시 북구 칠성동1가,경상사고,0,0,1,0,차대차 - 측면직각충돌,안전거리미확보,건조,맑음,단일로 - 기타,승용,남,71세,상해없음,원동기,남,42세,경상
2015011300100067,2015년 1월 13일 05시,화요일,대구광역시 서구 내당동,경상사고,0,0,1,0,차대차 - 추돌 - 진행중,안전운전불이행,건조,맑음,단일로 - 기타,승용,남,22세,상해없음,승용,남,47세,경상
2015011300100137,2015년 1월 13일 08시,화요일,대구광역시 북구 검단동,중상사고,0,1,0,0,차대차 - 측면직각충돌,신호위반,건조,맑음,교차로 - 교차로안,승용,남,58세,상해없음,자전거,여,39세,중상
2015011300100164,2015년 1월 13일 09시,화요일,대구광역시 수성구 수성동2가,중상사고,0,1,0,0,차대차 - 추돌 - 주정차중,안전운전불이행,건조,맑음,단일로 - 기타,승용,남,70세,상해없음,승용,여,34세,중상
2015011300100199,2015년 1월 13일 10시,화요일,대구광역시 중구 남산동,경상사고,0,0,1,0,차대사람 - 기타,안전운전불이행,건조,맑음,단일로 - 횡단보도상,화물,남,40세,기타불명,보행자,여,19세,경상
2015011300100200,2015년 1월 13일 10시,화요일,대구광역시 달서구 성당동,경상사고,0,0,3,0,차대차 - 추돌 - 진행중,안전운전불이행,건조,흐림,단일로 - 기타,승용,남,61세,상해없음,승용,남,53세,경상
2015011300100272,2015년 1월 13일 13시,화요일,대구광역시 수성구 범어동,경상사고,0,0,1,0,차대사람 - 횡단중,안전운전불이행,건조,맑음,교차로 - 교차로안,승용,남,73세,상해없음,보행자,여,42세,경상
2015011300100273,2015년 1월 13일 13시,화요일,대구광역시 서구 내당동,경상사고,0,0,1,0,차대차 - 기타,안전거리미확보,건조,맑음,단일로 - 기타,승용,여,26세,상해없음,승용,남,65세,상해없음
2015011300100274,2015년 1월 13일 13시,화요일,대구광역시 중구 서문로1가,경상사고,0,0,1,0,차대차 - 추돌 - 진행중,안전운전불이행,건조,맑음,단일로 - 기타,승용,남,69세,상해없음,승용,남,66세,경상
2015011300100296,2015년 1월 13일 14시,화요일,대구광역시 동구 지저동,중상사고,0,1,0,0,차대사람 - 차도통행중,안전운전불이행,건조,맑음,단일로 - 기타,자전거,남,13세,기타불명,보행자,여,35세,중상
2015011300100297,2015년 1월 13일 14시,화요일,대구광역시 북구 관음동,중상사고,0,1,0,0,차대차 - 측면직각충돌,안전운전불이행,건조,흐림,단일로 - 횡단보도상,승용,남,52세,상해없음,자전거,여,47세,중상
2015011300100323,2015년 1월 13일 15시,화요일,대구광역시 남구 대명동,중상사고,0,1,1,0,차대차 - 추돌 - 주정차중,안전운전불이행,건조,맑음,교차로 - 교차로안,승용,남,67세,상해없음,화물,남,41세,경상
2015011300100324,2015년 1월 13일 15시,화요일,대구광역시 동구 신천동,중상사고,0,1,0,0,차대차 - 측면직각충돌,안전거리미확보,건조,맑음,단일로 - 기타,승용,남,23세,상해없음,승용,남,36세,중상
2015011300100325,2015년 1월 13일 15시,화요일,대구광역시 북구 동천동,경상사고,0,0,1,0,차대차 - 측면직각충돌,안전운전불이행,건조,맑음,단일로 - 횡단보도상,승용,남,59세,상해없음,자전거,여,37세,경상
2015011300100326,2015년 1월 13일 15시,화요일,대구광역시 북구 매천동,중상사고,0,1,0,0,차대사람 - 횡단중,보행자보호의무위반,건조,맑음,단일로 - 기타,화물,여,49세,상해없음,보행자,남,8세,중상
2015011300100346,2015년 1월 13일 16시,화요일,대구광역시 서구 비산동,경상사고,0,0,1,1,차대차 - 기타,교차로운행방법위반,건조,맑음,교차로 - 교차로안,화물,남,22세,부상신고,승용,남,49세,경상
2015011300100370,2015년 1월 13일 17시,화요일,대구광역시 수성구 범물동,부상신고사고,0,0,0,1,차대차 - 정면충돌,중앙선침범,건조,맑음,단일로 - 기타,자전거,남,17세,부상신고,승용,남,75세,상해없음
2015011300100401,2015년 1월 13일 18시,화요일,대구광역시 중구 동성로2가,중상사고,0,1,0,0,차대사람 - 횡단중,안전운전불이행,건조,맑음,단일로 - 횡단보도부근,승용,남,65세,기타불명,보행자,여,19세,중상
2015011300100435,2015년 1월 13일 19시,화요일,대구광역시 서구 평리동,중상사고,0,1,0,0,차대차 - 기타,신호위반,건조,맑음,단일로 - 횡단보도상,승용,남,64세,상해없음,이륜,여,40세,중상
2015011300100436,2015년 1월 13일 19시,화요일,대구광역시 중구 동인동1가,경상사고,0,0,1,0,차대차 - 기타,안전운전불이행,건조,맑음,교차로 - 교차로안,승용,여,40세,기타불명,승용,여,23세,경상
2015011300100458,2015년 1월 13일 20시,화요일,대구광역시 수성구 신매동,경상사고,0,0,2,0,차대차 - 기타,안전운전불이행,건조,맑음,단일로 - 기타,승합,남,25세,상해없음,승용,여,37세,경상
2015011300100459,2015년 1월 13일 20시,화요일,대구광역시 달서구 진천동,중상사고,0,1,0,0,차대차 - 추돌 - 주정차중,안전운전불이행,건조,맑음,교차로 - 교차로부근,화물,남,37세,상해없음,승용,남,63세,중상
2015011300100460,2015년 1월 13일 20시,화요일,대구광역시 달성군 다사읍,경상사고,0,0,1,0,차대차 - 추돌 - 진행중,안전운전불이행,건조,맑음,교차로 - 교차로부근,화물,남,53세,상해없음,이륜,남,26세,경상
2015011300100461,2015년 1월 13일 20시,화요일,대구광역시 서구 내당동,경상사고,0,0,1,0,차대사람 - 기타,기타,건조,맑음,단일로 - 기타,승용,남,64세,상해없음,보행자,여,49세,경상
2015011300100462,2015년 1월 13일 20시,화요일,대구광역시 달서구 장기동,중상사고,0,1,0,0,차대차 - 측면직각충돌,중앙선침범,건조,맑음,단일로 - 기타,승용,남,49세,상해없음,이륜,남,40세,중상
2015011300100496,2015년 1월 13일 21시,화요일,대구광역시 달서구 본동,경상사고,0,0,1,0,차대사람 - 차도통행중,안전운전불이행,건조,맑음,단일로 - 기타,기타불명,기타불명,기타불명,기타불명,보행자,여,35세,경상
2015011300100497,2015년 1월 13일 21시,화요일,대구광역시 달성군 현풍면,경상사고,0,0,1,0,차대차 - 기타,차로위반,건조,맑음,교차로 - 교차로안,화물,남,47세,상해없음,승용,남,26세,경상
2015011300100498,2015년 1월 13일 21시,화요일,대구광역시 달서구 성당동,경상사고,0,0,1,0,차대차 - 기타,안전운전불이행,건조,맑음,교차로 - 교차로부근,화물,남,37세,상해없음,승용,남,57세,상해없음
2015011300100547,2015년 1월 13일 23시,화요일,대구광역시 동구 입석동,중상사고,0,1,0,0,차대사람 - 기타,안전운전불이행,건조,맑음,단일로 - 기타,승용,남,50세,상해없음,보행자,여,70세,중상
2015011300100548,2015년 1월 13일 23시,화요일,대구광역시 달서구 이곡동,중상사고,0,1,0,0,차대사람 - 횡단중,안전운전불이행,건조,맑음,단일로 - 횡단보도부근,화물,남,51세,상해없음,보행자,남,48세,중상
2015011400100013,2015년 1월 14일 00시,수요일,대구광역시 동구 신암동,경상사고,0,0,1,0,차대차 - 측면직각충돌,안전운전불이행,건조,맑음,단일로 - 기타,승용,여,25세,상해없음,승용,남,45세,경상
2015011400100025,2015년 1월 14일 01시,수요일,대구광역시 수성구 두산동,경상사고,0,0,2,0,차대차 - 측면직각충돌,안전운전불이행,건조,맑음,교차로 - 교차로부근,승용,남,27세,상해없음,승용,남,65세,경상
2015011400100062,2015년 1월 14일 05시,수요일,대구광역시 달서구 이곡동,중상사고,0,1,1,0,차대차 - 추돌 - 주정차중,안전운전불이행,건조,맑음,교차로 - 교차로부근,승용,남,19세,상해없음,승합,남,49세,상해없음
2015011400100097,2015년 1월 14일 07시,수요일,대구광역시 달서구 송현동,경상사고,0,0,2,0,차대차 - 추돌 - 주정차중,안전거리미확보,건조,맑음,단일로 - 기타,승용,여,63세,상해없음,승용,남,66세,경상
2015011400100112,2015년 1월 14일 08시,수요일,대구광역시 수성구 범어동,경상사고,0,0,1,0,차대차 - 기타,안전운전불이행,건조,맑음,교차로 - 교차로부근,화물,남,41세,상해없음,자전거,여,39세,경상
2015011400100113,2015년 1월 14일 08시,수요일,대구광역시 수성구 만촌동,중상사고,0,1,0,0,차량단독 - 기타,안전운전불이행,건조,맑음,교차로 - 교차로부근,승합,남,50세,상해없음,,,,
2015011400100114,2015년 1월 14일 08시,수요일,대구광역시 달성군 다사읍,경상사고,0,0,2,0,차대차 - 측면직각충돌,안전운전불이행,건조,맑음,교차로 - 교차로안,승용,남,33세,상해없음,승용,남,36세,상해없음
2015011400100177,2015년 1월 14일 11시,수요일,대구광역시 남구 봉덕동,경상사고,0,0,1,0,차대사람 - 기타,안전운전불이행,건조,맑음,교차로 - 교차로부근,승용,남,57세,상해없음,보행자,여,66세,경상
2015011400100196,2015년 1월 14일 12시,수요일,대구광역시 북구 산격동,중상사고,0,1,0,0,차대사람 - 횡단중,보행자보호의무위반,건조,맑음,교차로 - 교차로안,화물,여,66세,상해없음,보행자,여,64세,중상
2015011400100197,2015년 1월 14일 12시,수요일,대구광역시 서구 원대동3가,중상사고,0,1,0,0,차대차 - 측면직각충돌,신호위반,건조,맑음,단일로 - 기타,승용,여,40세,상해없음,원동기,남,53세,중상
2015011400100219,2015년 1월 14일 13시,수요일,대구광역시 동구 방촌동,중상사고,0,1,0,0,차대사람 - 횡단중,안전운전불이행,건조,맑음,교차로 - 교차로안,승용,남,62세,상해없음,보행자,여,84세,중상
2015011400100220,2015년 1월 14일 13시,수요일,대구광역시 달서구 본동,부상신고사고,0,0,0,1,차대차 - 기타,교차로운행방법위반,건조,맑음,교차로 - 교차로안,승용,남,35세,상해없음,이륜,남,53세,부상신고
2015011400100221,2015년 1월 14일 13시,수요일,대구광역시 달성군 화원읍,경상사고,0,0,2,0,차대차 - 측면직각충돌,직진우회전진행방해,건조,맑음,교차로 - 교차로안,승용,남,50세,상해없음,승합,남,42세,경상
2015011400100332,2015년 1월 14일 17시,수요일,대구광역시 남구 대명동,중상사고,0,1,0,0,차대사람 - 차도통행중,안전운전불이행,건조,맑음,단일로 - 기타,승용,남,56세,상해없음,보행자,남,71세,중상
2015011400100333,2015년 1월 14일 17시,수요일,대구광역시 수성구 중동,경상사고,0,0,1,0,차대차 - 추돌 - 주정차중,안전운전불이행,건조,맑음,단일로 - 기타,승용,남,37세,상해없음,화물,남,48세,경상
2015011400100334,2015년 1월 14일 17시,수요일,대구광역시 서구 비산동,경상사고,0,0,1,0,차대차 - 측면직각충돌,기타,건조,맑음,단일로 - 기타,승용,남,61세,상해없음,원동기,남,30세,경상
2015011400100335,2015년 1월 14일 17시,수요일,대구광역시 달서구 두류동,경상사고,0,0,1,0,차대사람 - 기타,안전운전불이행,건조,맑음,교차로 - 교차로부근,승합,남,44세,상해없음,보행자,남,63세,경상
2015011400100384,2015년 1월 14일 18시,수요일,대구광역시 동구 신천동,경상사고,0,0,1,0,차대차 - 기타,안전운전불이행,건조,맑음,단일로 - 기타,승용,남,50세,상해없음,원동기,남,28세,경상
2015011400100385,2015년 1월 14일 18시,수요일,대구광역시 동구 신암동,경상사고,0,0,1,0,차대차 - 측면직각충돌,신호위반,건조,맑음,교차로 - 교차로안,화물,남,66세,상해없음,화물,남,51세,경상
2015011400100386,2015년 1월 14일 18시,수요일,대구광역시 달서구 장동,중상사고,0,1,0,0,차대사람 - 횡단중,신호위반,건조,맑음,단일로 - 기타,승용,남,58세,상해없음,보행자,여,35세,중상
2015011400100422,2015년 1월 14일 19시,수요일,대구광역시 수성구 황금동,경상사고,0,0,3,0,차대차 - 추돌 - 진행중,안전운전불이행,건조,맑음,단일로 - 기타,승용,남,53세,상해없음,승용,여,42세,경상
2015011400100423,2015년 1월 14일 19시,수요일,대구광역시 달성군 하빈면,중상사고,0,1,1,0,차대차 - 기타,안전운전불이행,건조,맑음,단일로 - 기타,승용,남,29세,상해없음,화물,남,48세,경상
2015011400100424,2015년 1월 14일 19시,수요일,대구광역시 북구 관음동,중상사고,0,1,0,0,차대차 - 측면직각충돌,불법유턴,건조,맑음,단일로 - 기타,화물,남,41세,상해없음,원동기,남,25세,중상
2015011400100447,2015년 1월 14일 20시,수요일,대구광역시 달서구 호림동,경상사고,0,0,1,0,차대차 - 기타,교차로운행방법위반,건조,흐림,교차로 - 교차로안,승용,여,21세,상해없음,승용,남,51세,경상
2015011400100500,2015년 1월 14일 22시,수요일,대구광역시 동구 신천동,경상사고,0,0,4,0,차대차 - 추돌 - 주정차중,안전거리미확보,건조,맑음,단일로 - 기타,승용,남,55세,상해없음,승용,남,19세,경상
2015011400100501,2015년 1월 14일 22시,수요일,대구광역시 달서구 본동,중상사고,0,1,3,0,차대차 - 추돌 - 진행중,안전거리미확보,건조,맑음,단일로 - 기타,승용,여,32세,경상,승합,여,43세,중상
2015011400100502,2015년 1월 14일 22시,수요일,대구광역시 중구 삼덕동1가,경상사고,0,0,1,0,차대차 - 추돌 - 진행중,안전거리미확보,습기,비,교차로 - 교차로부근,승용,남,46세,상해없음,승용,여,46세,경상
2015011400100503,2015년 1월 14일 22시,수요일,대구광역시 달서구 두류동,경상사고,0,0,2,0,차대차 - 기타,안전운전불이행,건조,맑음,단일로 - 기타,승용,남,22세,상해없음,승용,남,28세,경상
2015011400100504,2015년 1월 14일 22시,수요일,대구광역시 북구 구암동,경상사고,0,0,1,0,차대차 - 추돌 - 주정차중,안전운전불이행,건조,맑음,단일로 - 기타,승용,남,46세,기타불명,승합,남,61세,경상
2015011400100529,2015년 1월 14일 23시,수요일,대구광역시 달서구 용산동,경상사고,0,0,1,0,차대차 - 추돌 - 진행중,안전운전불이행,건조,맑음,단일로 - 기타,승용,여,37세,상해없음,승용,남,34세,경상
2015011500100029,2015년 1월 15일 01시,목요일,대구광역시 달서구 상인동,경상사고,0,0,2,0,차대차 - 추돌 - 주정차중,안전운전불이행,건조,맑음,단일로 - 기타,승용,남,30세,상해없음,승용,남,61세,경상
2015011500100093,2015년 1월 15일 07시,목요일,대구광역시 달성군 옥포면,중상사고,0,1,1,1,차대차 - 정면충돌,중앙선침범,건조,맑음,교차로 - 교차로부근,승용,남,30세,부상신고,승용,남,51세,중상
2015011500100094,2015년 1월 15일 07시,목요일,대구광역시 서구 비산동,중상사고,0,1,0,0,차대사람 - 기타,안전운전불이행,기타,흐림,단일로 - 횡단보도상,화물,남,59세,상해없음,보행자,남,31세,중상
2015011500100121,2015년 1월 15일 08시,목요일,대구광역시 달서구 성당동,중상사고,0,1,0,0,차대사람 - 기타,안전운전불이행,건조,맑음,단일로 - 기타,승용,남,61세,상해없음,보행자,여,74세,중상
2015011500100143,2015년 1월 15일 09시,목요일,대구광역시 북구 매천동,부상신고사고,0,0,0,1,차대차 - 추돌 - 진행중,안전거리미확보,건조,맑음,교차로 - 교차로부근,원동기,남,52세,부상신고,승용,여,62세,기타불명
2015011500100162,2015년 1월 15일 10시,목요일,대구광역시 달서구 상인동,경상사고,0,0,1,0,차대차 - 측면직각충돌,안전운전불이행,건조,맑음,교차로 - 교차로부근,승용,여,52세,상해없음,화물,남,25세,경상
2015011500100219,2015년 1월 15일 12시,목요일,대구광역시 수성구 신매동,부상신고사고,0,0,0,1,차대차 - 측면직각충돌,안전운전불이행,건조,맑음,교차로 - 교차로안,이륜,남,44세,부상신고,승용,남,49세,상해없음
2015011500100244,2015년 1월 15일 13시,목요일,대구광역시 수성구 범어동,경상사고,0,0,1,0,차대사람 - 보도통행중,안전운전불이행,건조,맑음,단일로 - 기타,승용,여,56세,상해없음,보행자,남,45세,경상
2015011500100245,2015년 1월 15일 13시,목요일,대구광역시 북구 노원동3가,경상사고,0,0,1,1,차대차 - 기타,안전운전불이행,건조,맑음,단일로 - 기타,화물,남,58세,부상신고,화물,남,52세,경상
2015011500100246,2015년 1월 15일 13시,목요일,대구광역시 서구 비산동,경상사고,0,0,1,0,차대사람 - 보도통행중,안전운전불이행,건조,맑음,단일로 - 기타,승합,남,50세,상해없음,보행자,남,46세,경상
2015011500100295,2015년 1월 15일 15시,목요일,대구광역시 수성구 신매동,중상사고,0,1,1,0,차대차 - 측면직각충돌,안전운전불이행,건조,맑음,단일로 - 기타,승용,남,26세,상해없음,승용,여,30세,중상
2015011500100296,2015년 1월 15일 15시,목요일,대구광역시 달서구 송현동,경상사고,0,0,1,0,차대차 - 추돌 - 주정차중,안전운전불이행,건조,맑음,교차로 - 교차로부근,화물,남,46세,상해없음,승용,남,34세,경상
2015011500100324,2015년 1월 15일 16시,목요일,대구광역시 달서구 도원동,중상사고,0,1,0,0,차대사람 - 기타,보행자보호의무위반,건조,맑음,단일로 - 횡단보도상,승용,남,49세,상해없음,보행자,여,46세,중상
2015011500100325,2015년 1월 15일 16시,목요일,대구광역시 서구 내당동,경상사고,0,0,1,0,차대차 - 추돌 - 주정차중,안전거리미확보,건조,맑음,단일로 - 기타,승합,남,49세,상해없음,승용,여,49세,경상
2015011500100354,2015년 1월 15일 17시,목요일,대구광역시 수성구 수성동2가,경상사고,0,0,1,0,차대사람 - 기타,안전운전불이행,건조,맑음,단일로 - 기타,승용,남,54세,상해없음,보행자,여,76세,경상
2015011500100355,2015년 1월 15일 17시,목요일,대구광역시 수성구 범어동,중상사고,0,1,0,0,차대사람 - 기타,안전운전불이행,건조,맑음,단일로 - 기타,승합,남,46세,상해없음,보행자,여,79세,중상
2015011500100356,2015년 1월 15일 17시,목요일,대구광역시 수성구 중동,경상사고,0,0,1,0,차대차 - 측면직각충돌,신호위반,건조,맑음,교차로 - 교차로부근,승용,남,45세,상해없음,승용,남,69세,경상