사고번호,사고일시,요일,시군구,사고내용,사망자수,중상자수,경상자수,부상신고자수,사고유형,법규위반,노면상태,기상상태,도로형태,가해운전자 차종,가해운전자 성별,가해운전자 연령,가해운전자 상해정도,피해운전자 차종,피해운전자 성별,피해운전자 연령,피해운전자 상해정도
2015011500100357,2015년 1월 15일 17시,목요일,대구광역시 달서구 대곡동,경상사고,0,0,1,0,차량단독 - 공작물충돌,안전운전불이행,건조,맑음,기타 - 기타,승용,여,55세,경상,,,,
2015011500100358,2015년 1월 15일 17시,목요일,대구광역시 달서구 두류동,경상사고,0,0,1,0,차대차 - 추돌 - 진행중,교차로운행방법위반,건조,맑음,교차로 - 교차로안,자전거,남,7세,경상,승용,남,36세,상해없음
2015011500100406,2015년 1월 15일 18시,목요일,대구광역시 동구 신암동,중상사고,0,1,0,0,차대사람 - 횡단중,안전운전불이행,건조,맑음,교차로 - 교차로부근,승용,남,57세,상해없음,보행자,남,66세,중상
2015011500100407,2015년 1월 15일 18시,목요일,대구광역시 달서구 두류동,부상신고사고,0,0,0,1,차대차 - 기타,안전운전불이행,건조,흐림,교차로 - 교차로부근,자전거,여,27세,부상신고,승용,남,68세,상해없음
2015011500100408,2015년 1월 15일 18시,목요일,대구광역시 달서구 감삼동,부상신고사고,0,0,0,1,차대차 - 측면직각충돌,교차로운행방법위반,건조,맑음,교차로 - 교차로안,이륜,남,16세,부상신고,승용,남,28세,상해없음
2015011500100441,2015년 1월 15일 19시,목요일,대구광역시 남구 대명동,경상사고,0,0,1,0,차대차 - 추돌 - 주정차중,안전운전불이행,건조,맑음,단일로 - 기타,승용,남,56세,상해없음,승용,남,31세,경상
2015011500100442,2015년 1월 15일 19시,목요일,대구광역시 서구 비산동,경상사고,0,0,1,0,차대차 - 기타,교차로운행방법위반,건조,맑음,교차로 - 교차로안,승용,남,50세,상해없음,이륜,남,52세,경상
2015011500100443,2015년 1월 15일 19시,목요일,대구광역시 중구 문화동,경상사고,0,0,2,0,차대차 - 기타,차로위반,건조,맑음,교차로 - 교차로부근,승용,여,22세,상해없음,승용,남,57세,경상
2015011500100472,2015년 1월 15일 20시,목요일,대구광역시 수성구 황금동,사망사고,1,0,1,0,차대사람 - 횡단중,신호위반,건조,맑음,단일로 - 횡단보도상,원동기,남,19세,경상,보행자,남,54세,사망
2015011500100526,2015년 1월 15일 22시,목요일,대구광역시 수성구 수성동4가,경상사고,0,0,1,0,차대차 - 추돌 - 진행중,안전운전불이행,건조,맑음,단일로 - 기타,승용,여,48세,상해없음,승용,여,50세,경상
2015011500100527,2015년 1월 15일 22시,목요일,대구광역시 달서구 두류동,경상사고,0,0,2,0,차대차 - 추돌 - 진행중,안전운전불이행,건조,맑음,교차로 - 교차로안,승용,남,55세,상해없음,이륜,남,20세,경상
2015011500100528,2015년 1월 15일 22시,목요일,대구광역시 달서구 감삼동,경상사고,0,0,1,0,차대차 - 측면직각충돌,안전운전불이행,건조,맑음,단일로 - 기타,승용,남,55세,상해없음,이륜,남,44세,경상
2015011500100529,2015년 1월 15일 22시,목요일,대구광역시 달서구 이곡동,경상사고,0,0,1,0,차대차 - 기타,안전운전불이행,건조,맑음,단일로 - 기타,승용,남,53세,상해없음,승용,남,22세,경상
2015011500100530,2015년 1월 15일 22시,목요일,대구광역시 북구 관음동,경상사고,0,0,1,1,차대차 - 측면직각충돌,신호위반,건조,맑음,교차로 - 교차로안,승용,남,46세,부상신고,승용,남,45세,경상
2015011600100020,2015년 1월 16일 00시,금요일,대구광역시 동구 율하동,중상사고,0,1,1,0,차대차 - 측면직각충돌,신호위반,건조,맑음,교차로 - 교차로안,승용,남,33세,상해없음,승용,남,25세,경상
2015011600100021,2015년 1월 16일 00시,금요일,대구광역시 달서구 상인동,경상사고,0,0,2,0,차량단독 - 기타,안전운전불이행,건조,맑음,단일로 - 기타,원동기,남,24세,경상,,,,
2015011600100069,2015년 1월 16일 04시,금요일,대구광역시 달서구 신당동,경상사고,0,0,1,0,차대차 - 기타,안전거리미확보,건조,맑음,교차로 - 교차로부근,승용,남,64세,상해없음,승용,남,20세,경상
2015011600100098,2015년 1월 16일 06시,금요일,대구광역시 달서구 신당동,중상사고,0,2,0,0,차대차 - 기타,신호위반,건조,맑음,교차로 - 교차로안,화물,남,65세,중상,화물,남,59세,중상
2015011600100179,2015년 1월 16일 09시,금요일,대구광역시 달서구 죽전동,경상사고,0,0,1,0,차대차 - 추돌 - 주정차중,안전거리미확보,건조,맑음,교차로 - 교차로부근,승용,여,53세,상해없음,승용,여,44세,경상
2015011600100229,2015년 1월 16일 11시,금요일,대구광역시 수성구 수성동3가,중상사고,0,1,2,0,차대사람 - 길가장자리구역통행중,안전운전불이행,건조,맑음,단일로 - 기타,승용,여,51세,상해없음,보행자,여,52세,중상
2015011600100230,2015년 1월 16일 11시,금요일,대구광역시 수성구 범어동,중상사고,0,1,0,0,차대차 - 기타,안전운전불이행,건조,맑음,교차로 - 교차로부근,이륜,남,40세,중상,승용,남,68세,상해없음
2015011600100231,2015년 1월 16일 11시,금요일,대구광역시 달성군 다사읍,경상사고,0,0,1,0,차대사람 - 횡단중,안전운전불이행,건조,맑음,교차로 - 교차로안,화물,남,61세,상해없음,보행자,여,40세,경상
2015011600100232,2015년 1월 16일 11시,금요일,대구광역시 북구 노원동3가,경상사고,0,0,1,0,차대차 - 기타,직진우회전진행방해,건조,맑음,교차로 - 교차로부근,승용,남,80세,상해없음,원동기,남,40세,경상
2015011600100259,2015년 1월 16일 12시,금요일,대구광역시 동구 율하동,중상사고,0,1,0,0,차량단독 - 기타,안전운전불이행,건조,맑음,교차로 - 교차로부근,승합,남,48세,상해없음,,,,
2015011600100260,2015년 1월 16일 12시,금요일,대구광역시 달성군 구지면,중상사고,0,1,1,0,차대차 - 측면직각충돌,안전운전불이행,건조,맑음,교차로 - 교차로안,화물,남,26세,경상,승용,남,26세,중상
2015011600100261,2015년 1월 16일 12시,금요일,대구광역시 북구 대현동,경상사고,0,0,1,0,차대차 - 측면직각충돌,교차로운행방법위반,건조,맑음,교차로 - 교차로안,승용,남,75세,상해없음,승용,여,47세,경상
2015011600100290,2015년 1월 16일 13시,금요일,대구광역시 서구 내당동,경상사고,0,0,1,0,차대사람 - 기타,안전운전불이행,기타,맑음,단일로 - 기타,승용,기타불명,기타불명,기타불명,보행자,여,29세,경상
2015011600100314,2015년 1월 16일 14시,금요일,대구광역시 수성구 매호동,경상사고,0,0,1,0,차대차 - 추돌 - 진행중,안전거리미확보,건조,맑음,교차로 - 교차로부근,화물,남,58세,상해없음,승용,남,50세,경상
2015011600100315,2015년 1월 16일 14시,금요일,대구광역시 수성구 만촌동,중상사고,0,1,0,0,차대차 - 측면직각충돌,교차로운행방법위반,건조,맑음,교차로 - 교차로안,승용,여,33세,상해없음,승용,여,50세,중상
2015011600100344,2015년 1월 16일 15시,금요일,대구광역시 중구 태평로1가,경상사고,0,0,1,0,차대차 - 추돌 - 주정차중,안전운전불이행,건조,맑음,단일로 - 기타,승용,여,36세,상해없음,승용,여,53세,경상
2015011600100371,2015년 1월 16일 16시,금요일,대구광역시 달성군 화원읍,경상사고,0,0,1,0,차대차 - 측면직각충돌,안전운전불이행,건조,맑음,단일로 - 기타,화물,남,36세,상해없음,이륜,남,58세,경상
2015011600100372,2015년 1월 16일 16시,금요일,대구광역시 달서구 성당동,중상사고,0,1,0,0,차대사람 - 기타,안전운전불이행,건조,맑음,기타 - 기타,이륜,남,21세,상해없음,보행자,여,80세,중상
2015011600100373,2015년 1월 16일 16시,금요일,대구광역시 북구 태전동,중상사고,0,1,1,0,차대차 - 추돌 - 진행중,안전운전불이행,건조,맑음,기타 - 기타,승용,남,26세,상해없음,이륜,남,17세,중상
2015011600100398,2015년 1월 16일 17시,금요일,대구광역시 북구 칠성동2가,부상신고사고,0,0,0,1,차대차 - 기타,중앙선침범,건조,맑음,단일로 - 기타,원동기,남,19세,부상신고,승용,남,73세,상해없음
2015011600100444,2015년 1월 16일 18시,금요일,대구광역시 달서구 대천동,경상사고,0,0,1,0,차대차 - 추돌 - 주정차중,안전운전불이행,건조,맑음,교차로 - 교차로안,화물,남,53세,상해없음,승용,남,40세,경상
2015011600100445,2015년 1월 16일 18시,금요일,대구광역시 달서구 상인동,경상사고,0,0,1,0,차대차 - 추돌 - 주정차중,안전운전불이행,건조,맑음,교차로 - 교차로부근,승용,남,61세,상해없음,승합,남,64세,경상
2015011600100446,2015년 1월 16일 18시,금요일,대구광역시 달서구 두류동,경상사고,0,0,1,0,차대차 - 측면직각충돌,교차로운행방법위반,건조,맑음,교차로 - 교차로안,승용,남,21세,상해없음,승용,남,60세,경상
2015011600100447,2015년 1월 16일 18시,금요일,대구광역시 달서구 호림동,경상사고,0,0,1,0,차대차 - 측면직각충돌,중앙선침범,건조,맑음,단일로 - 기타,화물,남,44세,상해없음,승용,여,58세,경상
2015011600100490,2015년 1월 16일 19시,금요일,대구광역시 동구 신기동,중상사고,0,1,1,0,차대차 - 추돌 - 진행중,안전운전불이행,건조,맑음,교차로 - 교차로부근,승용,남,58세,상해없음,승용,남,33세,경상
2015011600100491,2015년 1월 16일 19시,금요일,대구광역시 달서구 진천동,경상사고,0,0,1,0,차대사람 - 기타,안전운전불이행,건조,맑음,교차로 - 교차로부근,승용,여,52세,상해없음,보행자,여,22세,경상
2015011600100492,2015년 1월 16일 19시,금요일,대구광역시 달서구 두류동,경상사고,0,0,1,0,차대차 - 측면직각충돌,신호위반,건조,흐림,교차로 - 교차로안,승용,남,56세,상해없음,승용,여,25세,경상
2015011600100493,2015년 1월 16일 19시,금요일,대구광역시 달서구 용산동,경상사고,0,0,1,0,차대차 - 측면직각충돌,안전거리미확보,건조,맑음,단일로 - 기타,승합,여,54세,상해없음,승용,남,46세,경상
2015011600100524,2015년 1월 16일 20시,금요일,대구광역시 남구 대명동,중상사고,0,1,0,0,차대차 - 기타,신호위반,건조,맑음,교차로 - 교차로안,승용,남,72세,상해없음,이륜,남,17세,중상
2015011600100525,2015년 1월 16일 20시,금요일,대구광역시 동구 방촌동,경상사고,0,0,1,0,차대사람 - 보도통행중,안전운전불이행,건조,맑음,단일로 - 기타,승용,남,43세,상해없음,보행자,여,17세,경상
2015011600100526,2015년 1월 16일 20시,금요일,대구광역시 북구 산격동,중상사고,0,1,0,0,차대사람 - 횡단중,안전운전불이행,건조,맑음,단일로 - 기타,승용,남,44세,상해없음,보행자,여,61세,중상
2015011600100527,2015년 1월 16일 20시,금요일,대구광역시 달서구 신당동,경상사고,0,0,1,0,차대차 - 추돌 - 진행중,안전운전불이행,건조,맑음,교차로 - 교차로부근,승합,남,61세,상해없음,자전거,남,22세,경상
2015011600100528,2015년 1월 16일 20시,금요일,대구광역시 달서구 용산동,경상사고,0,0,1,0,차대차 - 기타,기타,건조,맑음,교차로 - 교차로안,승용,남,62세,상해없음,승용,남,25세,경상
2015011600100529,2015년 1월 16일 20시,금요일,대구광역시 북구 동변동,경상사고,0,0,2,0,차대차 - 측면직각충돌,안전거리미확보,건조,맑음,교차로 - 교차로안,화물,남,56세,상해없음,승용,남,47세,경상
2015011600100556,2015년 1월 16일 21시,금요일,대구광역시 북구 침산동,경상사고,0,0,1,0,차대차 - 측면직각충돌,안전운전불이행,건조,맑음,단일로 - 기타,원동기,남,22세,상해없음,원동기,남,17세,경상
2015011600100557,2015년 1월 16일 21시,금요일,대구광역시 달서구 신당동,경상사고,0,0,1,0,차대사람 - 기타,기타,건조,맑음,단일로 - 기타,승용,남,22세,상해없음,보행자,남,24세,경상
2015011600100558,2015년 1월 16일 21시,금요일,대구광역시 북구 읍내동,경상사고,0,0,1,0,차대차 - 측면직각충돌,안전거리미확보,건조,맑음,단일로 - 기타,승용,남,58세,상해없음,원동기,남,18세,경상
2015011600100589,2015년 1월 16일 22시,금요일,대구광역시 수성구 중동,경상사고,0,0,1,0,차대차 - 측면직각충돌,안전운전불이행,건조,맑음,단일로 - 기타,승용,남,55세,상해없음,승용,여,51세,경상
2015011600100625,2015년 1월 16일 23시,금요일,대구광역시 달성군 화원읍,경상사고,0,0,2,0,차대차 - 추돌 - 진행중,안전운전불이행,건조,맑음,교차로 - 교차로안,승용,남,54세,상해없음,승용,남,44세,상해없음
2015011600100626,2015년 1월 16일 23시,금요일,대구광역시 달성군 다사읍,경상사고,0,0,2,0,차대차 - 추돌 - 진행중,신호위반,건조,맑음,교차로 - 교차로안,승용,여,57세,상해없음,승용,남,55세,경상
2015011700100025,2015년 1월 17일 00시,토요일,대구광역시 달서구 상인동,경상사고,0,0,1,0,차대차 - 추돌 - 주정차중,안전운전불이행,건조,맑음,교차로 - 교차로부근,승용,남,41세,상해없음,승용,남,35세,경상
2015011700100026,2015년 1월 17일 00시,토요일,대구광역시 북구 산격동,경상사고,0,0,2,0,차대차 - 기타,안전운전불이행,건조,맑음,교차로 - 교차로부근,승용,남,34세,상해없음,승용,남,49세,경상
2015011700100048,2015년 1월 17일 01시,토요일,대구광역시 달서구 본동,중상사고,0,2,2,0,차대차 - 정면충돌,직진우회전진행방해,건조,맑음,교차로 - 교차로안,승용,남,54세,경상,승용,남,52세,중상
2015011700100067,2015년 1월 17일 02시,토요일,대구광역시 수성구 지산동,경상사고,0,0,1,0,차대차 - 측면직각충돌,안전운전불이행,건조,맑음,단일로 - 기타,승용,기타불명,기타불명,기타불명,승용,남,37세,상해없음
2015011700100068,2015년 1월 17일 02시,토요일,대구광역시 서구 내당동,경상사고,0,0,1,0,차대사람 - 횡단중,안전운전불이행,건조,맑음,단일로 - 기타,승용,남,64세,상해없음,보행자,여,48세,경상
2015011700100085,2015년 1월 17일 03시,토요일,대구광역시 북구 태전동,사망사고,1,0,0,0,차대사람 - 횡단중,안전운전불이행,건조,맑음,단일로 - 횡단보도상,승용,남,25세,상해없음,보행자,남,27세,사망
2015011700100101,2015년 1월 17일 04시,토요일,대구광역시 동구 신천동,부상신고사고,0,0,0,3,차대차 - 측면직각충돌,안전운전불이행,건조,맑음,교차로 - 교차로부근,승용,남,36세,상해없음,승용,남,18세,부상신고
2015011700100115,2015년 1월 17일 05시,토요일,대구광역시 달서구 대곡동,경상사고,0,0,1,0,차대차 - 추돌 - 주정차중,안전운전불이행,건조,맑음,단일로 - 기타,승용,남,53세,상해없음,승용,여,51세,경상
2015011700100153,2015년 1월 17일 07시,토요일,대구광역시 달서구 성당동,경상사고,0,0,2,0,차대차 - 추돌 - 진행중,안전운전불이행,건조,맑음,단일로 - 기타,승용,남,27세,상해없음,승용,남,62세,경상
2015011700100171,2015년 1월 17일 08시,토요일,대구광역시 동구 동호동,경상사고,0,0,1,0,차대차 - 정면충돌,중앙선침범,건조,맑음,단일로 - 기타,승용,남,26세,상해없음,승용,남,59세,경상
2015011700100232,2015년 1월 17일 10시,토요일,대구광역시 북구 칠성동2가,경상사고,0,0,1,0,차대차 - 기타,안전운전불이행,건조,맑음,기타 - 기타,승용,남,61세,상해없음,승용,남,21세,상해없음
2015011700100263,2015년 1월 17일 11시,토요일,대구광역시 동구 율하동,중상사고,0,1,0,0,차대차 - 측면직각충돌,신호위반,건조,맑음,단일로 - 횡단보도부근,승용,남,26세,상해없음,원동기,남,80세,중상
2015011700100288,2015년 1월 17일 12시,토요일,대구광역시 남구 봉덕동,중상사고,0,1,0,0,차대차 - 기타,차로위반,건조,맑음,교차로 - 교차로부근,승용,남,28세,상해없음,이륜,남,21세,중상
2015011700100289,2015년 1월 17일 12시,토요일,대구광역시 동구 신천동,중상사고,0,1,0,0,차대사람 - 기타,보행자보호의무위반,건조,맑음,교차로 - 교차로안,승용,여,37세,상해없음,보행자,여,87세,중상
2015011700100290,2015년 1월 17일 12시,토요일,대구광역시 수성구 두산동,부상신고사고,0,0,0,1,차대차 - 정면충돌,중앙선침범,건조,맑음,단일로 - 기타,자전거,여,61세,부상신고,화물,남,66세,상해없음
2015011700100318,2015년 1월 17일 13시,토요일,대구광역시 서구 비산동,경상사고,0,0,2,0,차대차 - 추돌 - 주정차중,안전거리미확보,건조,맑음,교차로 - 교차로안,화물,남,68세,상해없음,승용,남,25세,경상
2015011700100355,2015년 1월 17일 14시,토요일,대구광역시 북구 산격동,경상사고,0,0,3,0,차대차 - 측면직각충돌,안전운전불이행,건조,맑음,교차로 - 교차로안,승용,남,63세,상해없음,승용,남,50세,경상
2015011700100389,2015년 1월 17일 15시,토요일,대구광역시 동구 신천동,경상사고,0,0,1,0,차대사람 - 기타,안전운전불이행,건조,맑음,단일로 - 기타,승용,여,23세,상해없음,보행자,여,59세,경상
2015011700100414,2015년 1월 17일 16시,토요일,대구광역시 서구 상리동,경상사고,0,0,1,0,차대차 - 기타,차로위반,건조,맑음,단일로 - 기타,승용,남,61세,상해없음,건설기계,남,31세,경상
2015011700100416,2015년 1월 17일 16시,토요일,대구광역시 달서구 상인동,경상사고,0,0,1,0,차대차 - 기타,직진우회전진행방해,건조,맑음,교차로 - 교차로안,승용,남,41세,상해없음,자전거,남,71세,경상
2015011700100417,2015년 1월 17일 16시,토요일,대구광역시 달성군 구지면,경상사고,0,0,3,0,차대차 - 측면직각충돌,안전운전불이행,건조,맑음,단일로 - 기타,승용,남,39세,경상,화물,남,40세,경상
2015011700100418,2015년 1월 17일 16시,토요일,대구광역시 중구 대신동,중상사고,0,1,0,0,차대차 - 추돌 - 주정차중,기타,건조,맑음,교차로 - 교차로부근,승용,남,43세,상해없음,이륜,남,60세,중상
2015011700100452,2015년 1월 17일 17시,토요일,대구광역시 동구 신기동,중상사고,0,1,0,0,차대사람 - 횡단중,보행자보호의무위반,건조,맑음,단일로 - 기타,승용,여,27세,상해없음,보행자,여,45세,중상
2015011700100453,2015년 1월 17일 17시,토요일,대구광역시 수성구 노변동,경상사고,0,0,4,0,차대차 - 추돌 - 주정차중,안전운전불이행,건조,맑음,단일로 - 기타,승용,남,24세,상해없음,승용,여,52세,경상
2015011700100454,2015년 1월 17일 17시,토요일,대구광역시 달서구 본동,중상사고,0,1,3,0,차대차 - 기타,안전운전불이행,건조,맑음,단일로 - 기타,이륜,남,49세,중상,승용,남,40세,상해없음
2015011700100455,2015년 1월 17일 17시,토요일,대구광역시 달성군 옥포면,중상사고,0,1,0,0,차대사람 - 기타,신호위반,건조,맑음,단일로 - 횡단보도상,승합,남,56세,상해없음,보행자,여,62세,중상
2015011700100456,2015년 1월 17일 17시,토요일,대구광역시 서구 비산동,경상사고,0,0,2,0,차대차 - 기타,안전운전불이행,건조,맑음,단일로 - 기타,승용,남,24세,상해없음,승용,여,42세,경상
2015011700100490,2015년 1월 17일 18시,토요일,대구광역시 달서구 본동,부상신고사고,0,0,0,1,차대차 - 측면직각충돌,안전운전불이행,건조,맑음,교차로 - 교차로부근,승합,남,43세,상해없음,자전거,남,41세,부상신고
2015011700100491,2015년 1월 17일 18시,토요일,대구광역시 달성군 하빈면,중상사고,0,1,0,0,차대차 - 정면충돌,안전운전불이행,건조,맑음,단일로 - 기타,화물,남,29세,상해없음,이륜,남,34세,중상
2015011700100555,2015년 1월 17일 20시,토요일,대구광역시 수성구 범어동,중상사고,0,1,1,0,차대차 - 측면직각충돌,교차로운행방법위반,건조,맑음,교차로 - 교차로안,원동기,남,32세,경상,원동기,남,24세,중상
2015011700100556,2015년 1월 17일 20시,토요일,대구광역시 서구 중리동,사망사고,1,1,0,0,차대차 - 측면직각충돌,신호위반,건조,맑음,교차로 - 교차로안,이륜,남,16세,중상,이륜,남,33세,사망
2015011700100578,2015년 1월 17일 21시,토요일,대구광역시 달서구 용산동,경상사고,0,0,1,0,차대차 - 기타,안전운전불이행,건조,맑음,단일로 - 기타,이륜,남,17세,경상,승용,남,44세,상해없음
2015011700100579,2015년 1월 17일 21시,토요일,대구광역시 달서구 용산동,중상사고,0,1,0,0,차대사람 - 차도통행중,안전운전불이행,건조,흐림,단일로 - 기타,승용,남,48세,상해없음,보행자,남,45세,중상
2015011700100606,2015년 1월 17일 22시,토요일,대구광역시 남구 봉덕동,경상사고,0,0,1,0,차대사람 - 기타,안전운전불이행,건조,맑음,단일로 - 기타,승용,남,32세,상해없음,보행자,남,51세,경상
2015011700100607,2015년 1월 17일 22시,토요일,대구광역시 수성구 만촌동,경상사고,0,0,1,0,차대차 - 추돌 - 진행중,안전거리미확보,건조,맑음,단일로 - 기타,승용,여,33세,상해없음,자전거,여,62세,경상
2015011700100608,2015년 1월 17일 22시,토요일,대구광역시 북구 칠성동2가,경상사고,0,0,2,0,차대차 - 추돌 - 주정차중,안전운전불이행,건조,맑음,교차로 - 교차로부근,승용,남,52세,상해없음,승용,남,26세,경상
2015011700100609,2015년 1월 17일 22시,토요일,대구광역시 달서구 감삼동,중상사고,0,2,2,0,차대차 - 측면직각충돌,교차로운행방법위반,건조,맑음,교차로 - 교차로안,승용,남,37세,경상,승용,남,27세,경상
2015011700100632,2015년 1월 17일 23시,토요일,대구광역시 동구 불로동,경상사고,0,0,1,0,차대차 - 측면직각충돌,안전거리미확보,건조,맑음,단일로 - 기타,승용,남,50세,상해없음,이륜,남,18세,경상
2015011700100633,2015년 1월 17일 23시,토요일,대구광역시 달성군 가창면,경상사고,0,0,1,0,차대사람 - 차도통행중,안전운전불이행,건조,맑음,단일로 - 기타,승합,남,56세,상해없음,보행자,남,46세,경상
2015011700100634,2015년 1월 17일 23시,토요일,대구광역시 북구 칠성동2가,경상사고,0,0,1,0,차대차 - 기타,안전운전불이행,건조,맑음,단일로 - 기타,화물,남,46세,상해없음,승용,남,28세,경상
2015011800100019,2015년 1월 18일 00시,일요일,대구광역시 수성구 황금동,경상사고,0,0,5,0,차대차 - 기타,교차로운행방법위반,건조,맑음,교차로 - 교차로안,승용,여,48세,상해없음,승용,남,36세,경상
2015011800100032,2015년 1월 18일 01시,일요일,대구광역시 동구 신천동,경상사고,0,0,2,0,차대차 - 기타,안전운전불이행,건조,맑음,단일로 - 기타,승용,남,30세,상해없음,승용,남,38세,상해없음
2015011800100033,2015년 1월 18일 01시,일요일,대구광역시 중구 도원동,중상사고,0,2,0,0,차대사람 - 횡단중,안전운전불이행,건조,맑음,단일로 - 기타,승용,남,52세,상해없음,보행자,남,24세,중상
2015011800100046,2015년 1월 18일 02시,일요일,대구광역시 동구 신천동,경상사고,0,0,1,0,차대차 - 정면충돌,안전운전불이행,건조,맑음,교차로 - 교차로안,승용,남,31세,상해없음,승용,남,52세,경상
2015011800100057,2015년 1월 18일 03시,일요일,대구광역시 서구 내당동,중상사고,0,1,0,0,차량단독 - 공작물충돌,안전운전불이행,건조,맑음,단일로 - 기타,승용,남,49세,상해없음,,,,
2015011800100058,2015년 1월 18일 03시,일요일,대구광역시 달서구 신당동,경상사고,0,0,2,0,차대차 - 추돌 - 주정차중,안전운전불이행,건조,맑음,교차로 - 교차로부근,승용,남,21세,상해없음,승용,남,46세,경상
2015011800100067,2015년 1월 18일 04시,일요일,대구광역시 중구 삼덕동1가,중상사고,0,1,0,0,차대사람 - 기타,안전운전불이행,건조,맑음,단일로 - 기타,승용,남,26세,상해없음,보행자,남,29세,중상
2015011800100074,2015년 1월 18일 05시,일요일,대구광역시 수성구 범어동,경상사고,0,0,1,0,차대차 - 추돌 - 주정차중,안전운전불이행,건조,맑음,단일로 - 기타,승용,남,36세,경상,화물,남,47세,기타불명
2015011800100093,2015년 1월 18일 06시,일요일,대구광역시 중구 삼덕동1가,부상신고사고,0,0,0,1,차대사람 - 기타,안전운전불이행,건조,맑음,단일로 - 기타,기타불명,기타불명,기타불명,기타불명,보행자,남,26세,부상신고
2015011800100102,2015년 1월 18일 07시,일요일,대구광역시 북구 검단동,경상사고,0,0,1,0,차대사람 - 기타,안전운전불이행,건조,맑음,단일로 - 기타,승용,여,55세,상해없음,보행자,남,44세,경상
2015011800100110,2015년 1월 18일 08시,일요일,대구광역시 수성구 연호동,경상사고,0,0,2,0,차대차 - 추돌 - 진행중,안전운전불이행,건조,맑음,단일로 - 기타,승용,여,24세,경상,승합,남,59세,경상
2015011800100134,2015년 1월 18일 10시,일요일,대구광역시 남구 대명동,경상사고,0,0,2,0,차대차 - 측면직각충돌,신호위반,건조,맑음,교차로 - 교차로안,승용,남,24세,상해없음,승용,남,53세,경상
2015011800100152,2015년 1월 18일 11시,일요일,대구광역시 동구 방촌동,부상신고사고,0,0,0,1,차대차 - 기타,안전운전불이행,건조,맑음,교차로 - 교차로안,원동기,남,48세,부상신고,승용,남,42세,상해없음
2015011800100153,2015년 1월 18일 11시,일요일,대구광역시 서구 비산동,중상사고,0,1,0,0,차대차 - 기타,신호위반,건조,맑음,교차로 - 교차로안,승용,남,38세,상해없음,승용,남,58세,중상
2015011800100186,2015년 1월 18일 13시,일요일,대구광역시 동구 봉무동,경상사고,0,0,3,0,차대차 - 기타,신호위반,건조,맑음,교차로 - 교차로안,승용,여,40세,상해없음,승용,남,51세,경상
2015011800100236,2015년 1월 18일 15시,일요일,대구광역시 동구 신암동,경상사고,0,0,1,0,차대차 - 측면직각충돌,안전운전불이행,건조,맑음,단일로 - 기타,승용,남,23세,상해없음,승용,남,25세,경상
2015011800100237,2015년 1월 18일 15시,일요일,대구광역시 북구 구암동,중상사고,0,1,4,0,차대차 - 추돌 - 진행중,안전거리미확보,건조,맑음,단일로 - 기타,승용,남,23세,상해없음,승용,남,35세,경상
2015011800100238,2015년 1월 18일 15시,일요일,대구광역시 북구 관음동,경상사고,0,0,2,0,차대차 - 추돌 - 진행중,안전운전불이행,건조,맑음,교차로 - 교차로부근,화물,남,69세,상해없음,승용,남,28세,경상
2015011800100285,2015년 1월 18일 17시,일요일,대구광역시 달서구 진천동,경상사고,0,0,1,3,차대차 - 측면직각충돌,차로위반,건조,맑음,교차로 - 교차로부근,승용,여,50세,상해없음,승용,남,19세,부상신고
2015011800100314,2015년 1월 18일 18시,일요일,대구광역시 수성구 지산동,부상신고사고,0,0,0,1,차대차 - 기타,안전운전불이행,건조,맑음,단일로 - 기타,화물,남,34세,상해없음,승용,남,45세,상해없음
2015011800100315,2015년 1월 18일 18시,일요일,대구광역시 달성군 논공읍,경상사고,0,0,1,0,차대사람 - 횡단중,안전운전불이행,건조,맑음,단일로 - 기타,승용,남,33세,상해없음,보행자,남,15세,경상
2015011800100356,2015년 1월 18일 19시,일요일,대구광역시 달서구 대천동,부상신고사고,0,0,0,1,차대차 - 기타,교차로운행방법위반,건조,맑음,교차로 - 교차로안,승용,남,55세,상해없음,원동기,남,26세,부상신고
2015011800100393,2015년 1월 18일 20시,일요일,대구광역시 수성구 상동,경상사고,0,0,1,0,차대차 - 측면직각충돌,안전운전불이행,건조,맑음,단일로 - 기타,이륜,남,23세,경상,화물,남,45세,상해없음
2015011800100394,2015년 1월 18일 20시,일요일,대구광역시 수성구 범어동,중상사고,0,1,0,0,차대차 - 측면직각충돌,안전운전불이행,건조,맑음,단일로 - 기타,이륜,남,20세,상해없음,승합,남,55세,상해없음
2015011800100395,2015년 1월 18일 20시,일요일,대구광역시 달성군 다사읍,경상사고,0,0,1,0,차대차 - 기타,안전운전불이행,건조,맑음,단일로 - 기타,승용,여,60세,상해없음,원동기,남,18세,경상
2015011800100422,2015년 1월 18일 21시,일요일,대구광역시 북구 국우동,경상사고,0,0,1,0,차량단독 - 전도전복,안전운전불이행,건조,맑음,단일로 - 기타,원동기,남,41세,경상,,,,
2015011800100452,2015년 1월 18일 22시,일요일,대구광역시 남구 대명동,경상사고,0,0,1,0,차량단독 - 기타,안전운전불이행,건조,맑음,단일로 - 기타,승용,남,56세,상해없음,,,,
2015011900100013,2015년 1월 19일 00시,월요일,대구광역시 달서구 월성동,중상사고,0,1,0,0,차대사람 - 기타,안전운전불이행,건조,맑음,교차로 - 교차로안,승용,남,55세,상해없음,보행자,남,53세,중상
2015011900100020,2015년 1월 19일 01시,월요일,대구광역시 서구 평리동,사망사고,1,0,0,0,차대사람 - 기타,안전운전불이행,습기,비,단일로 - 횡단보도상,승용,남,46세,상해없음,보행자,남,56세,사망