사고번호,사고일시,요일,시군구,사고내용,사망자수,중상자수,경상자수,부상신고자수,사고유형,법규위반,노면상태,기상상태,도로형태,가해운전자 차종,가해운전자 성별,가해운전자 연령,가해운전자 상해정도,피해운전자 차종,피해운전자 성별,피해운전자 연령,피해운전자 상해정도
2015011900100051,2015년 1월 19일 05시,월요일,대구광역시 수성구 시지동,중상사고,0,1,0,0,차대차 - 추돌 - 주정차중,안전운전불이행,결빙,맑음,단일로 - 기타,승용,남,70세,상해없음,이륜,남,57세,중상
2015011900100089,2015년 1월 19일 07시,월요일,대구광역시 달서구 상인동,경상사고,0,0,2,0,차대차 - 기타,직진우회전진행방해,건조,맑음,교차로 - 교차로안,승용,남,60세,경상,승용,남,55세,경상
2015011900100090,2015년 1월 19일 07시,월요일,대구광역시 달성군 다사읍,경상사고,0,0,1,0,차대차 - 정면충돌,중앙선침범,결빙,맑음,교차로 - 교차로부근,화물,남,46세,상해없음,승용,남,43세,경상
2015011900100091,2015년 1월 19일 07시,월요일,대구광역시 서구 평리동,중상사고,0,2,1,0,차대차 - 기타,신호위반,건조,맑음,교차로 - 교차로안,승용,남,58세,경상,승용,남,41세,중상
2015011900100127,2015년 1월 19일 08시,월요일,대구광역시 수성구 가천동,경상사고,0,0,1,0,차량단독 - 공작물충돌,안전운전불이행,결빙,맑음,단일로 - 기타,화물,남,62세,상해없음,,,,
2015011900100216,2015년 1월 19일 11시,월요일,대구광역시 남구 이천동,경상사고,0,0,1,0,차대차 - 기타,안전운전불이행,건조,맑음,단일로 - 기타,승용,남,47세,상해없음,승용,여,33세,경상
2015011900100217,2015년 1월 19일 11시,월요일,대구광역시 수성구 시지동,중상사고,0,1,0,0,차대사람 - 횡단중,보행자보호의무위반,건조,흐림,교차로 - 교차로부근,화물,남,53세,상해없음,보행자,여,70세,중상
2015011900100218,2015년 1월 19일 11시,월요일,대구광역시 동구 신천동,경상사고,0,0,1,0,차대차 - 측면직각충돌,안전운전불이행,건조,맑음,교차로 - 교차로안,승용,남,69세,상해없음,자전거,남,52세,경상
2015011900100240,2015년 1월 19일 12시,월요일,대구광역시 동구 입석동,중상사고,0,1,3,0,차대차 - 측면직각충돌,안전운전불이행,건조,맑음,단일로 - 기타,승용,남,42세,상해없음,승용,여,39세,중상
2015011900100241,2015년 1월 19일 12시,월요일,대구광역시 수성구 황금동,경상사고,0,0,1,0,차대차 - 기타,안전운전불이행,건조,맑음,교차로 - 교차로부근,승용,여,56세,상해없음,자전거,남,14세,경상
2015011900100242,2015년 1월 19일 12시,월요일,대구광역시 서구 평리동,중상사고,0,1,1,0,차대차 - 추돌 - 주정차중,안전운전불이행,건조,맑음,단일로 - 기타,승합,남,72세,경상,승용,남,46세,기타불명
2015011900100295,2015년 1월 19일 14시,월요일,대구광역시 중구 동인동2가,경상사고,0,0,2,0,차대차 - 추돌 - 주정차중,안전운전불이행,건조,맑음,교차로 - 교차로부근,승용,여,31세,상해없음,승용,남,33세,경상
2015011900100361,2015년 1월 19일 16시,월요일,대구광역시 달서구 본동,경상사고,0,0,1,0,차대차 - 기타,안전운전불이행,건조,맑음,단일로 - 기타,이륜,남,35세,경상,승용,남,71세,상해없음
2015011900100362,2015년 1월 19일 16시,월요일,대구광역시 북구 동천동,경상사고,0,0,1,0,차대사람 - 횡단중,안전운전불이행,건조,맑음,교차로 - 교차로부근,승용,남,47세,상해없음,보행자,여,73세,경상
2015011900100386,2015년 1월 19일 17시,월요일,대구광역시 달서구 송현동,경상사고,0,0,3,1,차대차 - 기타,교차로운행방법위반,건조,맑음,교차로 - 교차로안,승용,여,63세,상해없음,승합,남,57세,상해없음
2015011900100387,2015년 1월 19일 17시,월요일,대구광역시 서구 평리동,중상사고,0,1,0,0,차대차 - 측면직각충돌,교차로운행방법위반,건조,맑음,교차로 - 교차로부근,승용,여,34세,상해없음,원동기,남,60세,중상
2015011900100388,2015년 1월 19일 17시,월요일,대구광역시 북구 관음동,경상사고,0,0,1,1,차대차 - 측면직각충돌,교차로운행방법위반,건조,맑음,교차로 - 교차로안,승용,여,43세,부상신고,승용,남,22세,경상
2015011900100427,2015년 1월 19일 18시,월요일,대구광역시 수성구 매호동,중상사고,0,1,0,0,차대차 - 측면직각충돌,안전거리미확보,건조,맑음,교차로 - 교차로부근,이륜,남,16세,상해없음,승용,여,46세,중상
2015011900100428,2015년 1월 19일 18시,월요일,대구광역시 수성구 두산동,경상사고,0,0,1,0,차대사람 - 횡단중,안전운전불이행,건조,맑음,단일로 - 기타,승용,남,26세,상해없음,보행자,여,53세,경상
2015011900100429,2015년 1월 19일 18시,월요일,대구광역시 달서구 월성동,경상사고,0,0,2,0,차대차 - 추돌 - 주정차중,안전운전불이행,건조,맑음,교차로 - 교차로부근,승용,남,50세,상해없음,승용,남,47세,경상
2015011900100430,2015년 1월 19일 18시,월요일,대구광역시 중구 도원동,경상사고,0,0,1,0,차대차 - 기타,안전운전불이행,건조,맑음,교차로 - 교차로부근,화물,남,28세,상해없음,자전거,남,68세,경상
2015011900100431,2015년 1월 19일 18시,월요일,대구광역시 중구 삼덕동1가,경상사고,0,0,3,0,차대차 - 기타,안전운전불이행,건조,맑음,단일로 - 기타,화물,남,64세,상해없음,승용,남,56세,경상
2015011900100478,2015년 1월 19일 19시,월요일,대구광역시 달서구 상인동,경상사고,0,0,5,1,차대차 - 측면직각충돌,안전운전불이행,건조,맑음,단일로 - 기타,승용,남,36세,상해없음,승용,남,29세,경상
2015011900100479,2015년 1월 19일 19시,월요일,대구광역시 달서구 상인동,경상사고,0,0,1,0,차대차 - 추돌 - 진행중,안전운전불이행,건조,맑음,교차로 - 교차로안,화물,남,53세,상해없음,승용,남,26세,경상
2015011900100480,2015년 1월 19일 19시,월요일,대구광역시 중구 동인동3가,경상사고,0,0,1,0,차대차 - 기타,신호위반,건조,맑음,교차로 - 교차로안,승용,남,58세,상해없음,승용,남,53세,경상
2015011900100481,2015년 1월 19일 19시,월요일,대구광역시 달서구 이곡동,경상사고,0,0,3,0,차대차 - 추돌 - 주정차중,안전운전불이행,건조,맑음,단일로 - 기타,화물,남,55세,상해없음,승용,남,30세,경상
2015011900100503,2015년 1월 19일 20시,월요일,대구광역시 달성군 화원읍,중상사고,0,1,0,0,차대차 - 기타,안전운전불이행,건조,맑음,단일로 - 기타,자전거,여,57세,중상,승합,남,44세,상해없음
2015011900100524,2015년 1월 19일 21시,월요일,대구광역시 수성구 황금동,경상사고,0,0,1,0,차대차 - 측면직각충돌,안전운전불이행,건조,맑음,단일로 - 기타,승용,여,52세,상해없음,원동기,남,17세,경상
2015011900100525,2015년 1월 19일 21시,월요일,대구광역시 달서구 진천동,경상사고,0,0,1,0,차대사람 - 기타,안전운전불이행,건조,맑음,교차로 - 교차로안,승용,남,30세,상해없음,보행자,남,49세,경상
2015011900100558,2015년 1월 19일 22시,월요일,대구광역시 달서구 성당동,경상사고,0,0,1,0,차대차 - 기타,안전운전불이행,건조,맑음,단일로 - 기타,승용,남,45세,상해없음,승용,남,54세,경상
2015011900100576,2015년 1월 19일 23시,월요일,대구광역시 수성구 범어동,중상사고,0,2,0,0,차대사람 - 횡단중,안전운전불이행,건조,맑음,교차로 - 교차로부근,원동기,남,23세,중상,보행자,남,53세,중상
2015011900100577,2015년 1월 19일 23시,월요일,대구광역시 서구 비산동,경상사고,0,0,2,0,차대차 - 기타,안전운전불이행,건조,맑음,단일로 - 기타,승용,여,51세,상해없음,승용,여,61세,경상
2015011900100578,2015년 1월 19일 23시,월요일,대구광역시 달서구 용산동,부상신고사고,0,0,0,1,차대차 - 기타,안전거리미확보,건조,맑음,교차로 - 교차로부근,화물,남,51세,상해없음,승용,남,19세,부상신고
2015011900100579,2015년 1월 19일 23시,월요일,대구광역시 북구 구암동,경상사고,0,0,1,0,차대차 - 기타,안전운전불이행,건조,맑음,기타 - 기타,승용,남,36세,상해없음,승용,남,38세,경상
2015012000100018,2015년 1월 20일 00시,화요일,대구광역시 남구 봉덕동,경상사고,0,0,1,0,차대사람 - 기타,안전운전불이행,건조,맑음,교차로 - 교차로부근,승용,남,35세,상해없음,보행자,남,55세,경상
2015012000100019,2015년 1월 20일 00시,화요일,대구광역시 수성구 만촌동,중상사고,0,2,0,0,차대차 - 정면충돌,안전운전불이행,건조,맑음,교차로 - 교차로안,승용,남,59세,상해없음,승용,여,44세,중상
2015012000100048,2015년 1월 20일 03시,화요일,대구광역시 동구 신천동,경상사고,0,0,1,0,차대사람 - 기타,안전운전불이행,건조,맑음,단일로 - 기타,승용,남,51세,상해없음,보행자,남,46세,경상
2015012000100057,2015년 1월 20일 04시,화요일,대구광역시 달서구 대곡동,경상사고,0,0,1,0,차대차 - 측면직각충돌,신호위반,건조,맑음,교차로 - 교차로안,승용,남,37세,상해없음,원동기,여,58세,경상
2015012000100058,2015년 1월 20일 04시,화요일,대구광역시 서구 평리동,경상사고,0,0,1,0,차대사람 - 보도통행중,신호위반,건조,맑음,교차로 - 교차로안,승용,남,53세,상해없음,보행자,여,68세,경상
2015012000100066,2015년 1월 20일 05시,화요일,대구광역시 달서구 두류동,사망사고,2,1,1,0,차량단독 - 공작물충돌,안전운전불이행,건조,맑음,단일로 - 기타,승용,남,20세,상해없음,,,,
2015012000100067,2015년 1월 20일 05시,화요일,대구광역시 북구 태전동,중상사고,0,1,0,0,차대차 - 추돌 - 진행중,불법유턴,건조,맑음,단일로 - 횡단보도상,자전거,남,61세,중상,승용,남,68세,상해없음
2015012000100139,2015년 1월 20일 08시,화요일,대구광역시 중구 삼덕동1가,경상사고,0,0,2,0,차대차 - 측면직각충돌,직진우회전진행방해,건조,맑음,교차로 - 교차로부근,승용,남,27세,상해없음,승합,남,47세,경상
2015012000100165,2015년 1월 20일 09시,화요일,대구광역시 서구 내당동,중상사고,0,1,0,0,차대차 - 기타,신호위반,건조,맑음,단일로 - 기타,승용,남,67세,상해없음,자전거,남,39세,중상
2015012000100166,2015년 1월 20일 09시,화요일,대구광역시 달서구 죽전동,경상사고,0,0,1,0,차대차 - 측면직각충돌,신호위반,건조,맑음,단일로 - 횡단보도부근,승용,남,68세,상해없음,자전거,남,12세,경상
2015012000100167,2015년 1월 20일 09시,화요일,대구광역시 달서구 죽전동,경상사고,0,0,1,0,차대차 - 측면직각충돌,안전거리미확보,건조,맑음,단일로 - 기타,승용,여,60세,상해없음,승용,남,25세,경상
2015012000100168,2015년 1월 20일 09시,화요일,대구광역시 북구 관음동,중상사고,0,1,0,0,차대사람 - 횡단중,신호위반,건조,맑음,교차로 - 교차로안,승용,여,68세,상해없음,보행자,여,58세,중상
2015012000100169,2015년 1월 20일 09시,화요일,대구광역시 북구 읍내동,중상사고,0,1,0,0,차대차 - 측면직각충돌,직진우회전진행방해,건조,맑음,교차로 - 교차로안,승용,남,56세,상해없음,이륜,남,18세,중상
2015012000100189,2015년 1월 20일 10시,화요일,대구광역시 중구 공평동,중상사고,0,1,1,0,차대차 - 측면직각충돌,교차로운행방법위반,건조,맑음,교차로 - 교차로안,승용,여,59세,상해없음,승용,남,41세,중상
2015012000100218,2015년 1월 20일 11시,화요일,대구광역시 북구 대현동,부상신고사고,0,0,0,1,차대차 - 기타,불법유턴,건조,맑음,교차로 - 교차로부근,원동기,남,79세,부상신고,승용,남,61세,상해없음
2015012000100244,2015년 1월 20일 12시,화요일,대구광역시 남구 대명동,경상사고,0,0,2,0,차대차 - 기타,교차로운행방법위반,건조,맑음,교차로 - 교차로안,화물,남,50세,상해없음,승용,남,41세,경상
2015012000100245,2015년 1월 20일 12시,화요일,대구광역시 달서구 죽전동,경상사고,0,0,1,0,차대차 - 추돌 - 진행중,안전거리미확보,건조,맑음,단일로 - 기타,승용,남,31세,상해없음,승용,여,47세,경상
2015012000100260,2015년 1월 20일 13시,화요일,대구광역시 수성구 지산동,중상사고,0,1,0,0,차대사람 - 횡단중,보행자보호의무위반,건조,맑음,단일로 - 횡단보도상,승용,여,32세,상해없음,보행자,여,66세,중상
2015012000100291,2015년 1월 20일 14시,화요일,대구광역시 수성구 황금동,중상사고,0,1,0,0,차대차 - 기타,안전운전불이행,건조,맑음,교차로 - 교차로부근,승합,남,57세,상해없음,자전거,남,18세,중상
2015012000100292,2015년 1월 20일 14시,화요일,대구광역시 달서구 송현동,경상사고,0,0,1,0,차대사람 - 횡단중,안전운전불이행,건조,맑음,교차로 - 교차로부근,승용,남,76세,상해없음,보행자,남,19세,경상
2015012000100321,2015년 1월 20일 15시,화요일,대구광역시 남구 봉덕동,경상사고,0,0,1,0,차대차 - 정면충돌,안전거리미확보,건조,맑음,단일로 - 기타,승용,남,54세,상해없음,승용,남,28세,경상
2015012000100322,2015년 1월 20일 15시,화요일,대구광역시 서구 내당동,경상사고,0,0,1,0,차대차 - 기타,안전운전불이행,건조,맑음,단일로 - 기타,승용,남,37세,상해없음,승용,남,59세,경상
2015012000100374,2015년 1월 20일 17시,화요일,대구광역시 달서구 상인동,경상사고,0,0,1,0,차대차 - 기타,안전운전불이행,건조,맑음,교차로 - 교차로부근,원동기,남,44세,상해없음,자전거,남,44세,경상
2015012000100375,2015년 1월 20일 17시,화요일,대구광역시 달서구 상인동,경상사고,0,0,1,0,차대차 - 기타,교차로운행방법위반,건조,맑음,교차로 - 교차로안,승용,기타불명,기타불명,기타불명,승용,여,46세,경상
2015012000100376,2015년 1월 20일 17시,화요일,대구광역시 달성군 다사읍,중상사고,0,1,0,0,차대차 - 추돌 - 진행중,안전운전불이행,건조,맑음,단일로 - 기타,화물,남,53세,상해없음,이륜,남,70세,중상
2015012000100377,2015년 1월 20일 17시,화요일,대구광역시 달서구 감삼동,중상사고,0,1,0,0,차대사람 - 횡단중,안전운전불이행,건조,맑음,단일로 - 기타,승용,남,69세,상해없음,보행자,여,34세,중상
2015012000100415,2015년 1월 20일 18시,화요일,대구광역시 동구 신천동,부상신고사고,0,0,0,1,차대차 - 기타,안전거리미확보,건조,맑음,단일로 - 기타,승용,남,36세,상해없음,승용,여,34세,부상신고
2015012000100416,2015년 1월 20일 18시,화요일,대구광역시 달서구 송현동,경상사고,0,0,1,0,차대차 - 기타,안전운전불이행,건조,맑음,단일로 - 기타,승용,남,49세,상해없음,자전거,남,20세,경상
2015012000100444,2015년 1월 20일 19시,화요일,대구광역시 달서구 상인동,경상사고,0,0,1,0,차대차 - 기타,안전운전불이행,건조,맑음,단일로 - 기타,자전거,남,15세,경상,승용,남,65세,상해없음
2015012000100445,2015년 1월 20일 19시,화요일,대구광역시 달서구 두류동,중상사고,0,1,0,0,차대차 - 측면직각충돌,교차로운행방법위반,건조,맑음,교차로 - 교차로안,승용,남,54세,상해없음,이륜,남,57세,중상
2015012000100446,2015년 1월 20일 19시,화요일,대구광역시 북구 서변동,경상사고,0,0,2,1,차대차 - 추돌 - 진행중,안전운전불이행,건조,맑음,단일로 - 기타,승용,여,46세,부상신고,승용,남,43세,경상
2015012000100477,2015년 1월 20일 20시,화요일,대구광역시 수성구 수성동2가,중상사고,0,1,0,0,차대차 - 측면직각충돌,안전거리미확보,건조,맑음,단일로 - 기타,승용,남,38세,상해없음,승용,남,49세,중상
2015012000100478,2015년 1월 20일 20시,화요일,대구광역시 달서구 상인동,중상사고,0,1,0,0,차대사람 - 횡단중,보행자보호의무위반,건조,맑음,단일로 - 기타,승용,남,47세,상해없음,보행자,여,73세,중상
2015012000100505,2015년 1월 20일 21시,화요일,대구광역시 남구 대명동,중상사고,0,1,0,0,차대사람 - 횡단중,신호위반,건조,맑음,교차로 - 교차로안,승용,남,31세,상해없음,보행자,남,40세,중상
2015012000100506,2015년 1월 20일 21시,화요일,대구광역시 북구 산격동,부상신고사고,0,0,0,1,차대사람 - 기타,안전운전불이행,건조,맑음,단일로 - 기타,화물,남,41세,상해없음,보행자,남,44세,부상신고
2015012000100507,2015년 1월 20일 21시,화요일,대구광역시 북구 동천동,경상사고,0,0,1,0,차대차 - 측면직각충돌,안전운전불이행,건조,맑음,교차로 - 교차로안,화물,남,48세,상해없음,화물,남,24세,기타불명
2015012000100533,2015년 1월 20일 22시,화요일,대구광역시 서구 비산동,경상사고,0,0,1,0,차량단독 - 공작물충돌,안전운전불이행,건조,맑음,기타 - 기타,승용,남,58세,상해없음,,,,
2015012000100555,2015년 1월 20일 23시,화요일,대구광역시 남구 대명동,경상사고,0,0,1,0,차대차 - 기타,안전운전불이행,건조,맑음,교차로 - 교차로부근,화물,남,53세,상해없음,승용,남,53세,경상
2015012100100086,2015년 1월 21일 06시,수요일,대구광역시 동구 신천동,경상사고,0,0,1,0,차대차 - 추돌 - 주정차중,안전운전불이행,건조,맑음,단일로 - 기타,승용,여,55세,상해없음,승용,남,45세,경상
2015012100100087,2015년 1월 21일 06시,수요일,대구광역시 달서구 월성동,경상사고,0,0,1,0,차대차 - 측면직각충돌,안전운전불이행,건조,맑음,교차로 - 교차로안,승용,기타불명,기타불명,기타불명,승용,남,52세,경상
2015012100100135,2015년 1월 21일 08시,수요일,대구광역시 수성구 상동,경상사고,0,0,1,0,차대차 - 측면직각충돌,안전거리미확보,건조,맑음,교차로 - 교차로부근,승용,남,51세,상해없음,승용,남,37세,경상
2015012100100136,2015년 1월 21일 08시,수요일,대구광역시 달성군 다사읍,경상사고,0,0,2,0,차대차 - 측면직각충돌,신호위반,건조,맑음,교차로 - 교차로안,화물,남,53세,상해없음,승용,여,38세,경상
2015012100100156,2015년 1월 21일 09시,수요일,대구광역시 달서구 장기동,경상사고,0,0,2,0,차대차 - 추돌 - 주정차중,안전운전불이행,건조,맑음,교차로 - 교차로안,승용,남,25세,상해없음,승용,남,63세,경상
2015012100100186,2015년 1월 21일 11시,수요일,대구광역시 동구 검사동,부상신고사고,0,0,0,1,차대차 - 측면직각충돌,안전운전불이행,건조,맑음,단일로 - 횡단보도부근,승용,남,51세,상해없음,자전거,여,75세,부상신고
2015012100100187,2015년 1월 21일 11시,수요일,대구광역시 북구 학정동,경상사고,0,0,1,0,차대차 - 측면직각충돌,안전운전불이행,건조,맑음,단일로 - 기타,승용,남,62세,상해없음,승용,여,28세,경상
2015012100100232,2015년 1월 21일 13시,수요일,대구광역시 수성구 지산동,중상사고,0,1,0,0,차대차 - 측면직각충돌,직진우회전진행방해,습기,비,교차로 - 교차로안,승용,남,70세,상해없음,이륜,남,44세,중상
2015012100100233,2015년 1월 21일 13시,수요일,대구광역시 달서구 송현동,경상사고,0,0,2,0,차대차 - 기타,안전운전불이행,습기,비,단일로 - 기타,이륜,남,44세,경상,승용,여,52세,경상
2015012100100234,2015년 1월 21일 13시,수요일,대구광역시 달서구 이곡동,중상사고,0,1,0,0,차대차 - 추돌 - 진행중,안전거리미확보,습기,비,단일로 - 기타,화물,남,45세,상해없음,승용,여,53세,중상
2015012100100235,2015년 1월 21일 13시,수요일,대구광역시 북구 서변동,경상사고,0,0,1,0,차대차 - 측면직각충돌,안전운전불이행,습기,비,단일로 - 기타,화물,남,64세,상해없음,승용,여,46세,경상
2015012100100253,2015년 1월 21일 14시,수요일,대구광역시 남구 봉덕동,경상사고,0,0,1,0,차대차 - 측면직각충돌,차로위반,습기,비,단일로 - 기타,화물,남,23세,상해없음,원동기,남,43세,경상
2015012100100254,2015년 1월 21일 14시,수요일,대구광역시 달서구 월성동,경상사고,0,0,1,0,차대사람 - 보도통행중,안전운전불이행,습기,비,단일로 - 기타,승용,남,51세,상해없음,보행자,여,14세,경상
2015012100100255,2015년 1월 21일 14시,수요일,대구광역시 북구 읍내동,경상사고,0,0,1,0,차대차 - 추돌 - 진행중,안전거리미확보,습기,비,단일로 - 기타,승용,남,20세,상해없음,승용,남,61세,경상
2015012100100281,2015년 1월 21일 15시,수요일,대구광역시 달서구 성당동,경상사고,0,0,1,0,차대사람 - 횡단중,보행자보호의무위반,습기,비,단일로 - 기타,승용,남,48세,상해없음,보행자,남,44세,경상
2015012100100326,2015년 1월 21일 17시,수요일,대구광역시 동구 용계동,경상사고,0,0,1,0,차대차 - 추돌 - 주정차중,안전거리미확보,습기,비,단일로 - 기타,화물,남,55세,상해없음,승용,남,57세,경상
2015012100100327,2015년 1월 21일 17시,수요일,대구광역시 수성구 황금동,경상사고,0,0,1,0,차대차 - 측면직각충돌,중앙선침범,건조,맑음,교차로 - 교차로부근,화물,남,35세,상해없음,이륜,남,16세,경상
2015012100100328,2015년 1월 21일 17시,수요일,대구광역시 달서구 송현동,부상신고사고,0,0,0,1,차대사람 - 횡단중,안전운전불이행,건조,맑음,단일로 - 기타,기타불명,기타불명,기타불명,기타불명,보행자,여,66세,부상신고
2015012100100329,2015년 1월 21일 17시,수요일,대구광역시 북구 칠성동1가,중상사고,0,1,3,0,차대차 - 추돌 - 진행중,안전운전불이행,건조,맑음,단일로 - 기타,승용,남,61세,상해없음,승용,남,41세,중상
2015012100100330,2015년 1월 21일 17시,수요일,대구광역시 중구 삼덕동2가,중상사고,0,1,0,1,차대차 - 측면직각충돌,신호위반,습기,비,교차로 - 교차로안,승용,여,24세,기타불명,이륜,남,26세,부상신고
2015012100100331,2015년 1월 21일 17시,수요일,대구광역시 달서구 장동,중상사고,0,1,0,0,차대사람 - 횡단중,보행자보호의무위반,습기,비,교차로 - 교차로부근,승용,여,52세,상해없음,보행자,여,49세,중상
2015012100100380,2015년 1월 21일 18시,수요일,대구광역시 수성구 두산동,중상사고,0,1,0,0,차대차 - 측면직각충돌,직진우회전진행방해,습기,비,교차로 - 교차로안,승용,여,29세,상해없음,이륜,남,75세,중상
2015012100100381,2015년 1월 21일 18시,수요일,대구광역시 달서구 송현동,경상사고,0,0,1,0,차대차 - 기타,차로위반,습기,비,단일로 - 기타,승합,남,47세,상해없음,이륜,남,17세,경상
2015012100100382,2015년 1월 21일 18시,수요일,대구광역시 달서구 월성동,경상사고,0,0,1,0,차대차 - 추돌 - 주정차중,안전운전불이행,습기,비,단일로 - 기타,승용,남,59세,상해없음,승용,남,36세,경상
2015012100100383,2015년 1월 21일 18시,수요일,대구광역시 달서구 대천동,중상사고,0,1,0,0,차량단독 - 기타,안전운전불이행,습기,비,단일로 - 기타,화물,남,42세,중상,,,,
2015012100100384,2015년 1월 21일 18시,수요일,대구광역시 달서구 대천동,중상사고,0,1,0,0,차대사람 - 기타,보행자보호의무위반,건조,맑음,교차로 - 교차로안,승용,여,45세,상해없음,보행자,남,31세,중상
2015012100100385,2015년 1월 21일 18시,수요일,대구광역시 서구 내당동,경상사고,0,0,1,0,차대사람 - 횡단중,안전운전불이행,습기,비,단일로 - 횡단보도상,승용,남,58세,상해없음,보행자,여,44세,경상
2015012100100386,2015년 1월 21일 18시,수요일,대구광역시 중구 동문동,경상사고,0,0,3,0,차대차 - 측면직각충돌,중앙선침범,건조,맑음,단일로 - 기타,승용,여,51세,상해없음,승용,남,30세,경상
2015012100100430,2015년 1월 21일 19시,수요일,대구광역시 동구 신암동,경상사고,0,0,1,1,차대차 - 측면직각충돌,안전거리미확보,습기,비,단일로 - 기타,승용,여,57세,부상신고,승용,남,54세,경상
2015012100100431,2015년 1월 21일 19시,수요일,대구광역시 중구 동인동1가,경상사고,0,0,1,0,차대차 - 기타,안전거리미확보,습기,비,단일로 - 기타,승용,여,66세,상해없음,승합,남,42세,경상
2015012100100465,2015년 1월 21일 20시,수요일,대구광역시 수성구 범어동,경상사고,0,0,1,0,차대차 - 추돌 - 주정차중,안전거리미확보,습기,비,교차로 - 교차로부근,승용,남,38세,상해없음,승용,여,49세,경상
2015012100100466,2015년 1월 21일 20시,수요일,대구광역시 달서구 송현동,경상사고,0,0,1,0,차대사람 - 기타,안전운전불이행,습기,비,교차로 - 교차로부근,승용,남,50세,상해없음,보행자,여,57세,경상
2015012100100467,2015년 1월 21일 20시,수요일,대구광역시 달서구 용산동,경상사고,0,0,3,0,차대차 - 기타,안전운전불이행,습기,비,단일로 - 기타,승합,남,31세,상해없음,화물,남,56세,경상
2015012100100503,2015년 1월 21일 21시,수요일,대구광역시 동구 신기동,경상사고,0,0,1,0,차대차 - 기타,안전운전불이행,건조,맑음,단일로 - 기타,승용,남,29세,기타불명,승용,남,55세,경상
2015012100100504,2015년 1월 21일 21시,수요일,대구광역시 동구 효목동,경상사고,0,0,1,0,차대사람 - 보도통행중,안전운전불이행,건조,맑음,단일로 - 기타,승용,남,56세,상해없음,보행자,남,50세,경상
2015012100100505,2015년 1월 21일 21시,수요일,대구광역시 동구 효목동,경상사고,0,0,1,0,차대차 - 기타,안전운전불이행,건조,맑음,단일로 - 기타,승용,남,36세,상해없음,승용,남,61세,경상
2015012100100506,2015년 1월 21일 21시,수요일,대구광역시 수성구 수성동4가,경상사고,0,0,1,0,차대사람 - 길가장자리구역통행중,안전운전불이행,습기,비,단일로 - 기타,승용,기타불명,기타불명,기타불명,보행자,여,63세,경상
2015012100100548,2015년 1월 21일 22시,수요일,대구광역시 달성군 화원읍,중상사고,0,1,0,0,차대차 - 측면직각충돌,안전운전불이행,습기,비,교차로 - 교차로안,승용,여,51세,상해없음,이륜,남,18세,중상
2015012100100549,2015년 1월 21일 22시,수요일,대구광역시 서구 내당동,경상사고,0,0,1,0,차대사람 - 횡단중,신호위반,습기,비,단일로 - 횡단보도상,승용,여,43세,상해없음,보행자,여,24세,경상
2015012100100572,2015년 1월 21일 23시,수요일,대구광역시 남구 봉덕동,경상사고,0,0,1,0,차대사람 - 기타,안전운전불이행,건조,맑음,단일로 - 기타,승용,남,23세,상해없음,보행자,남,43세,경상
2015012100100573,2015년 1월 21일 23시,수요일,대구광역시 달서구 죽전동,경상사고,0,0,1,0,차대차 - 측면직각충돌,안전운전불이행,습기,비,교차로 - 교차로안,이륜,남,50세,상해없음,승용,남,53세,경상
2015012200100022,2015년 1월 22일 00시,목요일,대구광역시 달서구 본동,경상사고,0,0,2,0,차대차 - 측면직각충돌,신호위반,습기,비,교차로 - 교차로안,승용,남,44세,경상,화물,남,44세,경상
2015012200100023,2015년 1월 22일 00시,목요일,대구광역시 서구 내당동,경상사고,0,0,1,0,차대차 - 측면직각충돌,신호위반,습기,비,단일로 - 기타,승용,남,72세,상해없음,승용,여,54세,경상
2015012200100042,2015년 1월 22일 01시,목요일,대구광역시 남구 대명동,중상사고,0,1,0,0,차대차 - 측면직각충돌,안전운전불이행,습기,비,단일로 - 기타,승용,여,47세,상해없음,이륜,남,54세,중상
2015012200100043,2015년 1월 22일 01시,목요일,대구광역시 동구 서호동,경상사고,0,0,1,0,차대차 - 측면직각충돌,교차로운행방법위반,건조,맑음,교차로 - 교차로안,승용,여,52세,상해없음,승용,남,53세,경상
2015012200100044,2015년 1월 22일 01시,목요일,대구광역시 수성구 지산동,경상사고,0,0,2,0,차대차 - 추돌 - 진행중,안전거리미확보,습기,비,단일로 - 기타,승용,여,24세,상해없음,승용,남,58세,경상
2015012200100045,2015년 1월 22일 01시,목요일,대구광역시 중구 덕산동,중상사고,0,1,0,0,차대차 - 추돌 - 주정차중,안전운전불이행,습기,비,교차로 - 교차로부근,승용,남,40세,상해없음,승용,남,56세,중상
2015012200100046,2015년 1월 22일 01시,목요일,대구광역시 북구 서변동,경상사고,0,0,1,0,차량단독 - 공작물충돌,안전운전불이행,습기,비,단일로 - 기타,승용,여,46세,경상,,,,
2015012200100059,2015년 1월 22일 02시,목요일,대구광역시 달서구 상인동,부상신고사고,0,0,0,2,차대차 - 기타,안전거리미확보,건조,맑음,단일로 - 기타,승용,남,61세,상해없음,승용,남,45세,부상신고
2015012200100060,2015년 1월 22일 02시,목요일,대구광역시 달서구 호림동,경상사고,0,0,3,0,차대차 - 기타,안전운전불이행,습기,비,교차로 - 교차로안,승용,남,35세,상해없음,승용,남,45세,경상
2015012200100083,2015년 1월 22일 05시,목요일,대구광역시 동구 신암동,경상사고,0,0,1,0,차대사람 - 길가장자리구역통행중,안전운전불이행,습기,비,교차로 - 교차로안,승용,남,53세,기타불명,보행자,남,21세,경상