사고번호,사고일시,요일,시군구,사고내용,사망자수,중상자수,경상자수,부상신고자수,사고유형,법규위반,노면상태,기상상태,도로형태,가해운전자 차종,가해운전자 성별,가해운전자 연령,가해운전자 상해정도,피해운전자 차종,피해운전자 성별,피해운전자 연령,피해운전자 상해정도
2015012400100552,2015년 1월 24일 22시,토요일,대구광역시 동구 율하동,경상사고,0,0,2,0,차대차 - 측면직각충돌,직진우회전진행방해,건조,맑음,교차로 - 교차로안,승용,남,33세,상해없음,이륜,남,18세,경상
2015012400100553,2015년 1월 24일 22시,토요일,대구광역시 달서구 송현동,중상사고,0,1,0,0,차대사람 - 횡단중,안전운전불이행,건조,맑음,단일로 - 기타,승용,남,55세,상해없음,보행자,남,43세,중상
2015012400100572,2015년 1월 24일 23시,토요일,대구광역시 수성구 두산동,경상사고,0,0,2,0,차대차 - 추돌 - 진행중,안전운전불이행,건조,맑음,교차로 - 교차로부근,화물,남,45세,상해없음,승용,남,31세,경상
2015012500100007,2015년 1월 25일 00시,일요일,대구광역시 수성구 황금동,경상사고,0,0,2,0,차대차 - 측면직각충돌,교차로운행방법위반,건조,맑음,교차로 - 교차로안,승용,여,45세,상해없음,승용,남,55세,경상
2015012500100008,2015년 1월 25일 00시,일요일,대구광역시 달서구 진천동,중상사고,0,1,0,0,차대사람 - 횡단중,안전운전불이행,건조,맑음,단일로 - 기타,승용,남,54세,상해없음,보행자,남,47세,중상
2015012500100009,2015년 1월 25일 00시,일요일,대구광역시 중구 봉산동,경상사고,0,0,1,0,차대차 - 측면직각충돌,차로위반,건조,맑음,단일로 - 기타,승용,남,29세,상해없음,화물,남,55세,경상
2015012500100046,2015년 1월 25일 03시,일요일,대구광역시 서구 내당동,경상사고,0,0,2,0,차대차 - 기타,교차로운행방법위반,건조,맑음,교차로 - 교차로안,승용,남,56세,경상,화물,남,22세,경상
2015012500100047,2015년 1월 25일 03시,일요일,대구광역시 중구 봉산동,부상신고사고,0,0,0,1,차대사람 - 길가장자리구역통행중,안전운전불이행,건조,맑음,단일로 - 기타,승용,남,32세,기타불명,보행자,남,18세,부상신고
2015012500100075,2015년 1월 25일 06시,일요일,대구광역시 북구 복현동,중상사고,0,1,0,0,차량단독 - 기타,기타,건조,맑음,단일로 - 기타,승합,남,54세,상해없음,,,,
2015012500100087,2015년 1월 25일 07시,일요일,대구광역시 달서구 송현동,경상사고,0,0,4,0,차대차 - 기타,안전운전불이행,건조,맑음,교차로 - 교차로부근,승용,남,31세,상해없음,승용,남,45세,경상
2015012500100101,2015년 1월 25일 08시,일요일,대구광역시 서구 내당동,중상사고,0,1,0,0,차대사람 - 기타,신호위반,건조,맑음,단일로 - 기타,이륜,남,17세,상해없음,보행자,여,20세,중상
2015012500100102,2015년 1월 25일 08시,일요일,대구광역시 달서구 용산동,경상사고,0,0,1,0,차대차 - 기타,중앙선침범,건조,흐림,교차로 - 교차로부근,승용,남,25세,상해없음,승용,남,29세,경상
2015012500100127,2015년 1월 25일 10시,일요일,대구광역시 동구 지저동,중상사고,0,1,1,0,차대차 - 정면충돌,교차로운행방법위반,건조,맑음,교차로 - 교차로안,승용,남,41세,상해없음,승용,남,33세,경상
2015012500100128,2015년 1월 25일 10시,일요일,대구광역시 달성군 화원읍,경상사고,0,0,1,0,차대차 - 추돌 - 진행중,안전운전불이행,건조,맑음,기타 - 기타,화물,남,67세,상해없음,승용,남,33세,경상
2015012500100144,2015년 1월 25일 11시,일요일,대구광역시 달서구 송현동,경상사고,0,0,2,0,차대차 - 측면직각충돌,안전운전불이행,건조,맑음,단일로 - 기타,승용,남,24세,상해없음,승용,남,59세,경상
2015012500100162,2015년 1월 25일 12시,일요일,대구광역시 달서구 상인동,경상사고,0,0,1,0,차대차 - 추돌 - 주정차중,안전운전불이행,건조,맑음,교차로 - 교차로부근,승용,남,37세,상해없음,승용,여,40세,경상
2015012500100221,2015년 1월 25일 15시,일요일,대구광역시 서구 평리동,경상사고,0,0,2,0,차대차 - 측면직각충돌,안전거리미확보,건조,맑음,단일로 - 기타,화물,남,34세,상해없음,승용,남,30세,경상
2015012500100234,2015년 1월 25일 16시,일요일,대구광역시 북구 산격동,경상사고,0,0,1,0,차대차 - 정면충돌,안전운전불이행,건조,맑음,기타 - 기타,승용,남,60세,상해없음,승용,남,35세,경상
2015012500100254,2015년 1월 25일 17시,일요일,대구광역시 북구 복현동,경상사고,0,0,1,0,차대차 - 기타,안전운전불이행,건조,맑음,단일로 - 기타,승용,여,48세,기타불명,자전거,남,24세,경상
2015012500100286,2015년 1월 25일 18시,일요일,대구광역시 동구 율하동,경상사고,0,0,1,0,차대차 - 기타,신호위반,건조,맑음,단일로 - 횡단보도상,화물,남,33세,상해없음,원동기,남,16세,경상
2015012500100287,2015년 1월 25일 18시,일요일,대구광역시 달서구 진천동,경상사고,0,0,2,0,차대차 - 기타,안전운전불이행,건조,맑음,단일로 - 기타,승용,여,58세,상해없음,승용,남,23세,경상
2015012500100288,2015년 1월 25일 18시,일요일,대구광역시 달서구 용산동,중상사고,0,1,0,0,차대사람 - 횡단중,신호위반,건조,흐림,단일로 - 기타,이륜,남,35세,상해없음,보행자,여,17세,중상
2015012500100289,2015년 1월 25일 18시,일요일,대구광역시 북구 태전동,경상사고,0,0,3,0,차대차 - 측면직각충돌,안전운전불이행,건조,맑음,단일로 - 기타,승용,여,52세,상해없음,승용,여,35세,경상
2015012500100327,2015년 1월 25일 19시,일요일,대구광역시 수성구 범어동,중상사고,0,1,0,0,차대차 - 측면직각충돌,교차로운행방법위반,습기,비,교차로 - 교차로안,승용,여,26세,상해없음,이륜,남,60세,중상
2015012500100328,2015년 1월 25일 19시,일요일,대구광역시 중구 남산동,부상신고사고,0,0,0,1,차대차 - 측면직각충돌,안전거리미확보,습기,비,단일로 - 기타,승용,남,46세,상해없음,이륜,남,42세,부상신고
2015012500100373,2015년 1월 25일 20시,일요일,대구광역시 동구 신암동,경상사고,0,0,1,0,차대차 - 측면직각충돌,안전운전불이행,습기,비,교차로 - 교차로부근,승용,남,59세,기타불명,승용,남,47세,경상
2015012500100374,2015년 1월 25일 20시,일요일,대구광역시 달서구 본동,경상사고,0,0,2,0,차대차 - 측면직각충돌,안전거리미확보,습기,비,교차로 - 교차로부근,승용,남,29세,상해없음,승용,남,21세,경상
2015012500100375,2015년 1월 25일 20시,일요일,대구광역시 달서구 용산동,경상사고,0,0,1,0,차대사람 - 차도통행중,안전운전불이행,습기,비,교차로 - 교차로안,승용,여,57세,상해없음,보행자,남,42세,경상
2015012500100376,2015년 1월 25일 20시,일요일,대구광역시 북구 구암동,중상사고,0,1,0,0,차대차 - 추돌 - 진행중,교차로운행방법위반,습기,비,교차로 - 교차로안,승용,남,57세,상해없음,이륜,남,21세,중상
2015012500100412,2015년 1월 25일 21시,일요일,대구광역시 수성구 상동,중상사고,0,1,0,0,차대사람 - 횡단중,신호위반,습기,비,단일로 - 횡단보도상,승용,여,31세,상해없음,보행자,여,56세,중상
2015012500100413,2015년 1월 25일 21시,일요일,대구광역시 북구 칠성동1가,경상사고,0,0,1,0,차대사람 - 기타,불법유턴,습기,비,단일로 - 기타,승용,남,33세,상해없음,보행자,남,56세,경상
2015012500100441,2015년 1월 25일 22시,일요일,대구광역시 달서구 송현동,경상사고,0,0,1,0,차대차 - 추돌 - 진행중,안전거리미확보,습기,비,교차로 - 교차로부근,승용,남,51세,상해없음,승용,여,52세,경상
2015012500100442,2015년 1월 25일 22시,일요일,대구광역시 달서구 용산동,경상사고,0,0,1,0,차대사람 - 횡단중,안전운전불이행,습기,비,교차로 - 교차로안,승용,남,29세,상해없음,보행자,여,21세,경상
2015012600100012,2015년 1월 26일 00시,월요일,대구광역시 수성구 만촌동,중상사고,0,1,0,0,차대사람 - 횡단중,안전운전불이행,습기,비,단일로 - 횡단보도부근,승용,남,30세,상해없음,보행자,남,18세,중상
2015012600100038,2015년 1월 26일 02시,월요일,대구광역시 달서구 용산동,경상사고,0,0,2,1,차대차 - 기타,교차로운행방법위반,건조,맑음,교차로 - 교차로안,승용,남,68세,경상,승용,남,62세,경상
2015012600100092,2015년 1월 26일 07시,월요일,대구광역시 수성구 수성동3가,경상사고,0,0,1,0,차대차 - 추돌 - 진행중,안전운전불이행,건조,맑음,단일로 - 기타,승용,남,38세,기타불명,자전거,여,60세,경상
2015012600100118,2015년 1월 26일 08시,월요일,대구광역시 동구 효목동,경상사고,0,0,2,0,차대차 - 추돌 - 주정차중,안전거리미확보,건조,맑음,교차로 - 교차로부근,승용,여,54세,상해없음,화물,여,62세,경상
2015012600100119,2015년 1월 26일 08시,월요일,대구광역시 서구 비산동,경상사고,0,0,1,0,차대차 - 기타,안전운전불이행,건조,맑음,단일로 - 기타,승용,여,28세,상해없음,자전거,남,67세,경상
2015012600100141,2015년 1월 26일 09시,월요일,대구광역시 수성구 만촌동,경상사고,0,0,1,0,차대차 - 기타,교차로운행방법위반,건조,맑음,교차로 - 교차로안,승용,남,40세,상해없음,이륜,남,55세,경상
2015012600100142,2015년 1월 26일 09시,월요일,대구광역시 서구 내당동,경상사고,0,0,1,0,차대차 - 추돌 - 주정차중,안전운전불이행,건조,맑음,단일로 - 기타,승용,남,57세,상해없음,승용,여,58세,경상
2015012600100143,2015년 1월 26일 09시,월요일,대구광역시 중구 교동,중상사고,0,1,0,0,차대차 - 기타,교차로운행방법위반,건조,맑음,교차로 - 교차로안,이륜,남,51세,중상,승합,남,55세,상해없음
2015012600100172,2015년 1월 26일 10시,월요일,대구광역시 동구 서호동,경상사고,0,0,1,0,차대차 - 기타,차로위반,건조,맑음,단일로 - 기타,승용,여,52세,기타불명,승용,남,67세,경상
2015012600100173,2015년 1월 26일 10시,월요일,대구광역시 수성구 사월동,경상사고,0,0,2,1,차대차 - 기타,안전운전불이행,습기,맑음,단일로 - 기타,승용,여,44세,부상신고,승용,여,31세,경상
2015012600100174,2015년 1월 26일 10시,월요일,대구광역시 달성군 구지면,경상사고,0,0,1,0,차대차 - 측면직각충돌,안전운전불이행,습기,흐림,교차로 - 교차로안,화물,남,58세,상해없음,승합,남,46세,경상
2015012600100204,2015년 1월 26일 11시,월요일,대구광역시 북구 서변동,중상사고,0,1,0,0,차량단독 - 도로외이탈 - 기타,안전운전불이행,건조,맑음,단일로 - 기타,승합,남,53세,상해없음,,,,
2015012600100229,2015년 1월 26일 12시,월요일,대구광역시 북구 동천동,부상신고사고,0,0,0,1,차량단독 - 공작물충돌,안전운전불이행,건조,맑음,단일로 - 기타,승용,여,36세,상해없음,,,,
2015012600100230,2015년 1월 26일 12시,월요일,대구광역시 북구 태전동,경상사고,0,0,1,0,차대차 - 추돌 - 진행중,직진우회전진행방해,건조,맑음,교차로 - 교차로안,화물,남,46세,상해없음,승용,여,55세,경상
2015012600100255,2015년 1월 26일 13시,월요일,대구광역시 수성구 범물동,중상사고,0,1,0,0,차대사람 - 횡단중,안전운전불이행,건조,맑음,단일로 - 횡단보도상,승용,여,42세,상해없음,보행자,여,39세,중상
2015012600100284,2015년 1월 26일 14시,월요일,대구광역시 동구 불로동,경상사고,0,0,1,0,차대사람 - 기타,안전운전불이행,건조,맑음,단일로 - 기타,승합,여,40세,기타불명,보행자,여,76세,경상
2015012600100285,2015년 1월 26일 14시,월요일,대구광역시 서구 이현동,경상사고,0,0,1,0,차대사람 - 기타,안전운전불이행,건조,맑음,기타 - 기타,승용,남,57세,상해없음,보행자,남,54세,경상
2015012600100313,2015년 1월 26일 15시,월요일,대구광역시 달서구 송현동,경상사고,0,0,1,0,차대차 - 기타,안전운전불이행,건조,맑음,기타 - 기타,화물,남,62세,기타불명,자전거,남,72세,경상
2015012600100314,2015년 1월 26일 15시,월요일,대구광역시 서구 내당동,중상사고,0,1,0,0,차대차 - 측면직각충돌,안전거리미확보,건조,맑음,단일로 - 기타,승용,남,55세,상해없음,원동기,남,73세,중상
2015012600100344,2015년 1월 26일 16시,월요일,대구광역시 수성구 수성동4가,경상사고,0,0,1,0,차대차 - 측면직각충돌,교차로운행방법위반,건조,맑음,교차로 - 교차로부근,승용,남,46세,상해없음,자전거,남,41세,경상
2015012600100345,2015년 1월 26일 16시,월요일,대구광역시 수성구 신매동,경상사고,0,0,1,0,차대차 - 기타,교차로운행방법위반,건조,맑음,교차로 - 교차로부근,승용,여,35세,상해없음,특수,남,55세,상해없음
2015012600100346,2015년 1월 26일 16시,월요일,대구광역시 달서구 대곡동,중상사고,0,1,0,0,차대차 - 측면직각충돌,안전운전불이행,건조,맑음,기타 - 기타,승합,남,47세,중상,승합,남,47세,상해없음
2015012600100368,2015년 1월 26일 17시,월요일,대구광역시 달서구 대곡동,경상사고,0,0,1,0,차대차 - 측면직각충돌,안전거리미확보,건조,맑음,교차로 - 교차로부근,화물,남,32세,상해없음,승용,여,62세,경상
2015012600100430,2015년 1월 26일 18시,월요일,대구광역시 동구 효목동,경상사고,0,0,2,0,차대차 - 기타,안전운전불이행,건조,맑음,교차로 - 교차로부근,승용,남,64세,상해없음,승용,여,49세,상해없음
2015012600100431,2015년 1월 26일 18시,월요일,대구광역시 서구 평리동,경상사고,0,0,2,0,차대차 - 추돌 - 주정차중,안전운전불이행,건조,맑음,단일로 - 기타,승용,남,44세,상해없음,승용,남,50세,경상
2015012600100432,2015년 1월 26일 18시,월요일,대구광역시 달서구 두류동,중상사고,0,1,0,0,차대차 - 기타,안전운전불이행,건조,맑음,단일로 - 기타,승용,남,50세,상해없음,원동기,남,23세,중상
2015012600100454,2015년 1월 26일 19시,월요일,대구광역시 북구 산격동,부상신고사고,0,0,0,1,차대차 - 기타,안전운전불이행,건조,맑음,교차로 - 교차로안,이륜,남,17세,부상신고,승용,남,45세,상해없음
2015012600100455,2015년 1월 26일 19시,월요일,대구광역시 서구 내당동,중상사고,0,1,0,0,차대사람 - 횡단중,안전운전불이행,건조,맑음,단일로 - 횡단보도부근,승용,남,55세,상해없음,보행자,남,68세,중상
2015012600100456,2015년 1월 26일 19시,월요일,대구광역시 달서구 이곡동,사망사고,1,0,0,0,차대사람 - 기타,안전운전불이행,건조,맑음,단일로 - 기타,승용,여,37세,상해없음,보행자,남,58세,사망
2015012600100457,2015년 1월 26일 19시,월요일,대구광역시 달서구 호림동,중상사고,0,1,1,0,차대차 - 추돌 - 주정차중,안전운전불이행,건조,맑음,교차로 - 교차로부근,승용,남,40세,상해없음,승용,남,25세,경상
2015012600100530,2015년 1월 26일 22시,월요일,대구광역시 북구 동천동,경상사고,0,0,1,0,차대차 - 측면직각충돌,안전운전불이행,건조,맑음,단일로 - 기타,승용,남,41세,상해없음,원동기,남,17세,경상
2015012700100034,2015년 1월 27일 02시,화요일,대구광역시 달서구 상인동,중상사고,0,1,0,0,차대사람 - 기타,안전운전불이행,건조,맑음,교차로 - 교차로안,승용,남,27세,상해없음,보행자,남,18세,중상
2015012700100049,2015년 1월 27일 04시,화요일,대구광역시 서구 내당동,중상사고,0,1,0,0,차대차 - 측면직각충돌,안전운전불이행,건조,맑음,단일로 - 기타,승용,남,53세,상해없음,승용,여,41세,중상
2015012700100054,2015년 1월 27일 05시,화요일,대구광역시 달서구 월성동,중상사고,0,1,0,0,차대사람 - 기타,신호위반,건조,맑음,단일로 - 횡단보도부근,승용,남,64세,상해없음,보행자,남,22세,중상
2015012700100088,2015년 1월 27일 07시,화요일,대구광역시 달서구 상인동,경상사고,0,0,1,0,차대사람 - 횡단중,안전운전불이행,건조,맑음,교차로 - 교차로안,화물,남,37세,상해없음,보행자,여,29세,경상
2015012700100089,2015년 1월 27일 07시,화요일,대구광역시 서구 비산동,경상사고,0,0,2,0,차대차 - 측면직각충돌,교차로운행방법위반,건조,맑음,교차로 - 교차로안,승용,남,65세,상해없음,승용,남,61세,경상
2015012700100116,2015년 1월 27일 08시,화요일,대구광역시 동구 효목동,경상사고,0,0,1,0,차대차 - 기타,안전운전불이행,건조,맑음,단일로 - 기타,이륜,여,43세,경상,승용,남,69세,상해없음
2015012700100117,2015년 1월 27일 08시,화요일,대구광역시 동구 서호동,경상사고,0,0,1,0,차대차 - 정면충돌,교차로운행방법위반,건조,맑음,교차로 - 교차로안,승용,남,61세,상해없음,화물,남,31세,경상
2015012700100118,2015년 1월 27일 08시,화요일,대구광역시 동구 신천동,경상사고,0,0,1,0,차대차 - 추돌 - 진행중,안전운전불이행,건조,맑음,단일로 - 기타,화물,남,26세,상해없음,승용,남,52세,경상
2015012700100134,2015년 1월 27일 09시,화요일,대구광역시 동구 각산동,경상사고,0,0,1,0,차량단독 - 공작물충돌,안전운전불이행,건조,맑음,단일로 - 기타,승용,남,64세,경상,,,,
2015012700100135,2015년 1월 27일 09시,화요일,대구광역시 동구 효목동,경상사고,0,0,1,0,차대차 - 측면직각충돌,안전운전불이행,건조,맑음,단일로 - 기타,승용,여,58세,상해없음,이륜,남,17세,경상
2015012700100136,2015년 1월 27일 09시,화요일,대구광역시 수성구 범어동,경상사고,0,0,1,0,차대차 - 추돌 - 주정차중,안전운전불이행,건조,맑음,단일로 - 기타,승용,여,38세,상해없음,승용,남,41세,경상
2015012700100160,2015년 1월 27일 10시,화요일,대구광역시 동구 율하동,중상사고,0,1,0,0,차대차 - 추돌 - 진행중,안전거리미확보,건조,맑음,교차로 - 교차로부근,화물,남,53세,상해없음,화물,남,59세,중상
2015012700100197,2015년 1월 27일 12시,화요일,대구광역시 남구 봉덕동,경상사고,0,0,1,0,차대차 - 기타,교차로운행방법위반,건조,맑음,교차로 - 교차로안,화물,남,53세,상해없음,승용,여,58세,상해없음
2015012700100198,2015년 1월 27일 12시,화요일,대구광역시 동구 신암동,경상사고,0,0,1,0,차대사람 - 기타,안전운전불이행,건조,맑음,단일로 - 기타,화물,남,65세,상해없음,보행자,남,18세,경상
2015012700100199,2015년 1월 27일 12시,화요일,대구광역시 중구 덕산동,경상사고,0,0,1,0,차대차 - 추돌 - 주정차중,안전운전불이행,건조,맑음,단일로 - 기타,승용,남,19세,기타불명,승용,남,59세,경상
2015012700100227,2015년 1월 27일 13시,화요일,대구광역시 달서구 상인동,경상사고,0,0,1,0,차대차 - 추돌 - 주정차중,안전운전불이행,건조,맑음,단일로 - 기타,승용,남,43세,상해없음,승용,여,53세,경상
2015012700100228,2015년 1월 27일 13시,화요일,대구광역시 북구 서변동,경상사고,0,0,1,0,차대사람 - 횡단중,안전운전불이행,건조,맑음,단일로 - 기타,승용,여,32세,상해없음,보행자,남,10세,경상
2015012700100256,2015년 1월 27일 14시,화요일,대구광역시 달서구 신당동,경상사고,0,0,1,0,차대차 - 추돌 - 진행중,안전거리미확보,건조,맑음,단일로 - 기타,화물,남,52세,상해없음,승용,남,50세,경상
2015012700100286,2015년 1월 27일 15시,화요일,대구광역시 북구 검단동,중상사고,0,1,0,0,차대차 - 측면직각충돌,안전거리미확보,건조,맑음,단일로 - 기타,승용,남,47세,상해없음,원동기,남,48세,중상
2015012700100287,2015년 1월 27일 15시,화요일,대구광역시 중구 삼덕동3가,경상사고,0,0,2,0,차대차 - 추돌 - 진행중,안전운전불이행,건조,맑음,단일로 - 기타,승용,여,55세,상해없음,승용,여,41세,경상
2015012700100314,2015년 1월 27일 16시,화요일,대구광역시 수성구 두산동,중상사고,0,1,0,0,차대차 - 측면직각충돌,교차로운행방법위반,건조,맑음,교차로 - 교차로안,승용,여,51세,상해없음,이륜,남,48세,중상
2015012700100315,2015년 1월 27일 16시,화요일,대구광역시 달서구 죽전동,경상사고,0,0,1,0,차대차 - 측면직각충돌,차로위반,건조,맑음,단일로 - 기타,승용,남,61세,상해없음,화물,남,31세,경상
2015012700100348,2015년 1월 27일 17시,화요일,대구광역시 수성구 범어동,부상신고사고,0,0,0,1,차대차 - 추돌 - 진행중,안전운전불이행,건조,맑음,교차로 - 교차로안,이륜,남,26세,부상신고,승용,남,37세,상해없음
2015012700100349,2015년 1월 27일 17시,화요일,대구광역시 북구 복현동,경상사고,0,0,1,0,차대차 - 추돌 - 진행중,안전운전불이행,건조,맑음,단일로 - 교량,승용,여,34세,상해없음,승용,여,54세,경상
2015012700100395,2015년 1월 27일 18시,화요일,대구광역시 동구 신암동,경상사고,0,0,1,0,차대차 - 추돌 - 진행중,안전운전불이행,건조,맑음,단일로 - 기타,화물,남,37세,상해없음,승합,남,37세,경상
2015012700100396,2015년 1월 27일 18시,화요일,대구광역시 서구 평리동,중상사고,0,1,0,0,차대차 - 측면직각충돌,신호위반,건조,맑음,단일로 - 횡단보도상,승용,남,51세,상해없음,자전거,남,62세,중상
2015012700100432,2015년 1월 27일 19시,화요일,대구광역시 달서구 감삼동,경상사고,0,0,1,0,차대차 - 기타,교차로운행방법위반,건조,맑음,단일로 - 기타,승용,남,53세,상해없음,승용,여,42세,경상
2015012700100461,2015년 1월 27일 20시,화요일,대구광역시 서구 내당동,경상사고,0,0,1,0,차대차 - 기타,안전운전불이행,건조,맑음,단일로 - 기타,승용,남,34세,상해없음,승용,남,47세,경상
2015012700100485,2015년 1월 27일 21시,화요일,대구광역시 동구 신기동,경상사고,0,0,1,0,차대차 - 측면직각충돌,교차로운행방법위반,건조,맑음,교차로 - 교차로안,승용,여,52세,상해없음,이륜,남,46세,경상
2015012700100486,2015년 1월 27일 21시,화요일,대구광역시 달서구 장기동,경상사고,0,0,1,0,차대차 - 측면직각충돌,안전거리미확보,건조,맑음,단일로 - 기타,화물,남,52세,상해없음,승용,남,26세,경상
2015012700100504,2015년 1월 27일 22시,화요일,대구광역시 수성구 두산동,중상사고,0,1,0,0,차대사람 - 횡단중,신호위반,건조,맑음,교차로 - 교차로부근,승용,남,53세,상해없음,보행자,여,21세,중상
2015012800100012,2015년 1월 28일 00시,수요일,대구광역시 북구 복현동,중상사고,0,1,1,0,차대사람 - 길가장자리구역통행중,안전운전불이행,건조,맑음,단일로 - 기타,승용,남,34세,상해없음,보행자,여,51세,경상
2015012800100041,2015년 1월 28일 04시,수요일,대구광역시 북구 노원동3가,중상사고,0,1,0,0,차대차 - 측면직각충돌,차로위반,건조,맑음,단일로 - 기타,승용,남,30세,상해없음,승용,남,32세,중상
2015012800100047,2015년 1월 28일 05시,수요일,대구광역시 북구 팔달동,중상사고,0,1,0,0,차량단독 - 기타,안전운전불이행,건조,맑음,단일로 - 기타,승합,남,48세,상해없음,,,,
2015012800100068,2015년 1월 28일 06시,수요일,대구광역시 달서구 상인동,경상사고,0,0,2,0,차대차 - 기타,안전운전불이행,건조,맑음,교차로 - 교차로부근,화물,남,45세,상해없음,화물,남,46세,경상
2015012800100088,2015년 1월 28일 07시,수요일,대구광역시 북구 관음동,경상사고,0,0,1,0,차대차 - 추돌 - 진행중,직진우회전진행방해,건조,맑음,교차로 - 교차로안,승용,남,49세,상해없음,자전거,남,53세,경상
2015012800100111,2015년 1월 28일 08시,수요일,대구광역시 수성구 범어동,경상사고,0,0,1,0,차대차 - 추돌 - 진행중,교차로운행방법위반,건조,맑음,단일로 - 기타,승용,남,64세,상해없음,승용,남,30세,경상
2015012800100167,2015년 1월 28일 11시,수요일,대구광역시 달서구 감삼동,경상사고,0,0,2,0,차대차 - 측면직각충돌,안전운전불이행,건조,맑음,단일로 - 기타,승용,남,66세,상해없음,승용,여,62세,경상
2015012800100209,2015년 1월 28일 13시,수요일,대구광역시 중구 삼덕동3가,부상신고사고,0,0,0,1,차대사람 - 횡단중,안전운전불이행,건조,맑음,교차로 - 교차로부근,기타불명,기타불명,기타불명,기타불명,보행자,여,9세,부상신고
2015012800100210,2015년 1월 28일 13시,수요일,대구광역시 달서구 성당동,중상사고,0,1,1,0,차대차 - 추돌 - 진행중,안전운전불이행,건조,맑음,교차로 - 교차로부근,승용,남,52세,상해없음,자전거,남,74세,중상
2015012800100211,2015년 1월 28일 13시,수요일,대구광역시 달서구 두류동,경상사고,0,0,1,0,차대사람 - 기타,안전운전불이행,건조,맑음,교차로 - 교차로안,이륜,남,67세,상해없음,보행자,남,11세,경상
2015012800100258,2015년 1월 28일 15시,수요일,대구광역시 달서구 상인동,부상신고사고,0,0,0,1,차대사람 - 기타,기타,건조,맑음,단일로 - 기타,자전거,기타불명,기타불명,기타불명,보행자,여,49세,부상신고
2015012800100259,2015년 1월 28일 15시,수요일,대구광역시 서구 원대동3가,경상사고,0,0,1,0,차대차 - 측면직각충돌,안전운전불이행,건조,맑음,교차로 - 교차로안,이륜,남,15세,경상,승합,남,65세,상해없음
2015012800100283,2015년 1월 28일 16시,수요일,대구광역시 수성구 수성동2가,경상사고,0,0,1,0,차대차 - 측면직각충돌,안전거리미확보,건조,맑음,단일로 - 기타,승용,남,60세,상해없음,이륜,남,35세,경상
2015012800100284,2015년 1월 28일 16시,수요일,대구광역시 북구 동천동,경상사고,0,0,1,0,차대차 - 정면충돌,안전운전불이행,건조,맑음,교차로 - 교차로안,화물,남,63세,상해없음,승용,남,19세,경상
2015012800100315,2015년 1월 28일 17시,수요일,대구광역시 수성구 지산동,중상사고,0,1,0,0,차대차 - 추돌 - 진행중,신호위반,건조,맑음,단일로 - 기타,승용,여,54세,상해없음,이륜,여,56세,중상
2015012800100354,2015년 1월 28일 18시,수요일,대구광역시 달서구 상인동,경상사고,0,0,1,0,차량단독 - 기타,기타,건조,맑음,단일로 - 기타,승합,남,57세,상해없음,,,,
2015012800100383,2015년 1월 28일 19시,수요일,대구광역시 북구 노원동1가,부상신고사고,0,0,0,1,차대차 - 기타,신호위반,건조,맑음,교차로 - 교차로안,이륜,남,23세,부상신고,승용,남,47세,상해없음
2015012800100384,2015년 1월 28일 19시,수요일,대구광역시 서구 내당동,중상사고,0,1,0,0,차대차 - 기타,신호위반,건조,맑음,단일로 - 기타,승용,여,52세,상해없음,자전거,남,43세,중상
2015012800100403,2015년 1월 28일 20시,수요일,대구광역시 수성구 파동,중상사고,0,1,0,0,차대사람 - 횡단중,보행자보호의무위반,건조,맑음,교차로 - 교차로안,화물,남,44세,상해없음,보행자,여,26세,중상
2015012800100404,2015년 1월 28일 20시,수요일,대구광역시 달서구 월암동,경상사고,0,0,2,0,차대차 - 기타,안전운전불이행,건조,맑음,교차로 - 교차로부근,승용,남,38세,상해없음,승용,남,36세,경상
2015012800100460,2015년 1월 28일 22시,수요일,대구광역시 동구 신암동,경상사고,0,0,2,2,차대차 - 추돌 - 진행중,안전운전불이행,건조,맑음,교차로 - 교차로부근,승용,남,37세,상해없음,승용,남,58세,부상신고
2015012800100461,2015년 1월 28일 22시,수요일,대구광역시 달서구 두류동,경상사고,0,0,2,0,차대차 - 기타,직진우회전진행방해,건조,흐림,교차로 - 교차로안,승용,남,32세,상해없음,승용,남,27세,경상
2015012900100013,2015년 1월 29일 00시,목요일,대구광역시 동구 효목동,경상사고,0,0,1,0,차대사람 - 길가장자리구역통행중,안전운전불이행,건조,맑음,단일로 - 기타,승용,남,55세,상해없음,보행자,남,35세,경상
2015012900100014,2015년 1월 29일 00시,목요일,대구광역시 달서구 두류동,경상사고,0,0,3,0,차대차 - 측면직각충돌,신호위반,건조,맑음,교차로 - 교차로안,승용,남,47세,상해없음,승용,남,56세,경상
2015012900100030,2015년 1월 29일 01시,목요일,대구광역시 동구 신암동,중상사고,0,1,2,0,차대차 - 추돌 - 주정차중,안전거리미확보,건조,맑음,교차로 - 교차로부근,승용,남,48세,상해없음,승용,남,47세,중상
2015012900100031,2015년 1월 29일 01시,목요일,대구광역시 중구 봉산동,경상사고,0,0,1,0,차대차 - 측면직각충돌,안전운전불이행,건조,맑음,단일로 - 기타,승용,남,53세,기타불명,승용,남,64세,경상
2015012900100041,2015년 1월 29일 02시,목요일,대구광역시 달서구 대천동,중상사고,0,1,2,0,차대차 - 기타,안전운전불이행,건조,맑음,교차로 - 교차로안,승용,남,32세,중상,승용,남,20세,경상