사고번호,사고일시,요일,시군구,사고내용,사망자수,중상자수,경상자수,부상신고자수,사고유형,법규위반,노면상태,기상상태,도로형태,가해운전자 차종,가해운전자 성별,가해운전자 연령,가해운전자 상해정도,피해운전자 차종,피해운전자 성별,피해운전자 연령,피해운전자 상해정도
2015012900100042,2015년 1월 29일 02시,목요일,대구광역시 달서구 본리동,중상사고,0,1,0,0,차대차 - 정면충돌,안전운전불이행,건조,맑음,교차로 - 교차로부근,승용,남,47세,상해없음,이륜,남,36세,중상
2015012900100057,2015년 1월 29일 05시,목요일,대구광역시 중구 동인동2가,부상신고사고,0,0,0,2,차대차 - 측면직각충돌,차로위반,건조,맑음,단일로 - 기타,승용,남,24세,상해없음,승용,남,39세,부상신고
2015012900100077,2015년 1월 29일 06시,목요일,대구광역시 중구 삼덕동1가,경상사고,0,0,1,0,차대사람 - 기타,안전운전불이행,습기,비,단일로 - 기타,승용,남,24세,기타불명,보행자,남,27세,경상
2015012900100095,2015년 1월 29일 07시,목요일,대구광역시 서구 평리동,부상신고사고,0,0,0,1,차대차 - 기타,안전운전불이행,건조,맑음,교차로 - 교차로부근,자전거,남,31세,부상신고,승합,남,22세,상해없음
2015012900100096,2015년 1월 29일 07시,목요일,대구광역시 달서구 본리동,중상사고,0,2,1,0,차대차 - 정면충돌,안전운전불이행,건조,맑음,교차로 - 교차로안,승용,남,50세,상해없음,승용,남,36세,경상
2015012900100121,2015년 1월 29일 08시,목요일,대구광역시 동구 신암동,경상사고,0,0,3,0,차대차 - 측면직각충돌,직진우회전진행방해,건조,맑음,교차로 - 교차로안,승용,여,39세,경상,승용,남,67세,경상
2015012900100140,2015년 1월 29일 09시,목요일,대구광역시 동구 방촌동,경상사고,0,0,1,0,차대사람 - 보도통행중,기타,건조,맑음,교차로 - 교차로부근,화물,남,62세,상해없음,보행자,여,73세,경상
2015012900100141,2015년 1월 29일 09시,목요일,대구광역시 수성구 만촌동,경상사고,0,0,1,0,차대차 - 기타,안전거리미확보,건조,맑음,단일로 - 기타,승용,여,53세,상해없음,이륜,남,60세,경상
2015012900100158,2015년 1월 29일 10시,목요일,대구광역시 달성군 화원읍,경상사고,0,0,2,0,차대차 - 추돌 - 진행중,안전거리미확보,건조,맑음,단일로 - 기타,승용,남,63세,상해없음,승용,여,50세,경상
2015012900100159,2015년 1월 29일 10시,목요일,대구광역시 북구 칠성동1가,경상사고,0,0,1,0,차대차 - 측면직각충돌,안전운전불이행,건조,맑음,단일로 - 기타,승용,남,27세,상해없음,자전거,여,53세,경상
2015012900100200,2015년 1월 29일 12시,목요일,대구광역시 수성구 범어동,중상사고,0,1,0,0,차대차 - 측면직각충돌,신호위반,건조,맑음,교차로 - 교차로안,승용,남,27세,상해없음,이륜,남,38세,중상
2015012900100201,2015년 1월 29일 12시,목요일,대구광역시 달서구 상인동,중상사고,0,1,0,0,차대차 - 기타,안전운전불이행,건조,맑음,교차로 - 교차로안,이륜,남,21세,중상,승용,남,46세,상해없음
2015012900100202,2015년 1월 29일 12시,목요일,대구광역시 달서구 상인동,부상신고사고,0,0,0,1,차대차 - 기타,안전운전불이행,건조,맑음,단일로 - 기타,이륜,남,43세,부상신고,승용,여,54세,상해없음
2015012900100203,2015년 1월 29일 12시,목요일,대구광역시 중구 공평동,경상사고,0,0,1,0,차대차 - 측면직각충돌,안전운전불이행,건조,맑음,단일로 - 기타,화물,남,27세,상해없음,승용,여,44세,경상
2015012900100204,2015년 1월 29일 12시,목요일,대구광역시 달서구 성당동,중상사고,0,1,1,0,차대차 - 추돌 - 주정차중,안전운전불이행,건조,맑음,단일로 - 횡단보도부근,화물,남,61세,상해없음,승용,남,26세,중상
2015012900100205,2015년 1월 29일 12시,목요일,대구광역시 북구 동천동,경상사고,0,0,1,0,차대차 - 측면직각충돌,기타,건조,흐림,단일로 - 기타,승용,여,44세,상해없음,자전거,남,62세,경상
2015012900100262,2015년 1월 29일 14시,목요일,대구광역시 수성구 범어동,경상사고,0,0,1,0,차대차 - 추돌 - 진행중,안전거리미확보,건조,맑음,단일로 - 기타,승용,여,74세,기타불명,승용,남,55세,상해없음
2015012900100263,2015년 1월 29일 14시,목요일,대구광역시 북구 칠성동2가,중상사고,0,1,0,0,차대차 - 측면직각충돌,안전운전불이행,건조,맑음,교차로 - 교차로안,승용,남,39세,상해없음,이륜,남,26세,중상
2015012900100264,2015년 1월 29일 14시,목요일,대구광역시 중구 계산동2가,경상사고,0,0,1,0,차대사람 - 차도통행중,안전운전불이행,습기,비,단일로 - 기타,승용,남,45세,상해없음,보행자,여,81세,경상
2015012900100294,2015년 1월 29일 15시,목요일,대구광역시 북구 금호동,중상사고,0,1,1,0,차대차 - 측면직각충돌,안전운전불이행,건조,흐림,단일로 - 기타,기타불명,기타불명,기타불명,기타불명,승용,여,49세,중상
2015012900100300,2015년 1월 29일 15시,목요일,대구광역시 달서구 본동,경상사고,0,0,2,1,차대차 - 측면직각충돌,직진우회전진행방해,건조,맑음,교차로 - 교차로안,승용,남,45세,부상신고,승합,남,54세,경상
2015012900100301,2015년 1월 29일 15시,목요일,대구광역시 서구 내당동,경상사고,0,0,1,0,차대사람 - 기타,보행자보호의무위반,습기,비,교차로 - 교차로부근,화물,기타불명,기타불명,기타불명,보행자,남,17세,경상
2015012900100325,2015년 1월 29일 16시,목요일,대구광역시 달서구 본동,부상신고사고,0,0,0,1,차대차 - 측면직각충돌,신호위반,건조,맑음,교차로 - 교차로안,이륜,남,66세,부상신고,승용,여,52세,상해없음
2015012900100362,2015년 1월 29일 17시,목요일,대구광역시 수성구 상동,부상신고사고,0,0,0,1,차대차 - 측면직각충돌,안전거리미확보,건조,맑음,단일로 - 기타,이륜,남,67세,부상신고,승용,남,32세,상해없음
2015012900100363,2015년 1월 29일 17시,목요일,대구광역시 달서구 송현동,중상사고,0,1,0,0,차량단독 - 기타,기타,건조,맑음,교차로 - 교차로안,승합,남,42세,상해없음,,,,
2015012900100403,2015년 1월 29일 18시,목요일,대구광역시 수성구 상동,중상사고,0,1,0,0,차대차 - 측면직각충돌,안전거리미확보,습기,비,단일로 - 기타,승용,남,66세,상해없음,이륜,남,36세,중상
2015012900100404,2015년 1월 29일 18시,목요일,대구광역시 북구 침산동,경상사고,0,0,1,0,차대차 - 측면직각충돌,신호위반,습기,비,교차로 - 교차로안,승용,남,56세,상해없음,이륜,남,18세,경상
2015012900100445,2015년 1월 29일 19시,목요일,대구광역시 남구 대명동,경상사고,0,0,1,0,차대차 - 기타,기타,습기,비,단일로 - 기타,승용,남,48세,상해없음,승용,남,36세,경상
2015012900100446,2015년 1월 29일 19시,목요일,대구광역시 달서구 상인동,경상사고,0,0,1,1,차대차 - 기타,안전운전불이행,습기,비,단일로 - 기타,승용,남,45세,부상신고,원동기,남,25세,경상
2015012900100447,2015년 1월 29일 19시,목요일,대구광역시 달서구 갈산동,중상사고,0,2,0,0,차대차 - 기타,안전거리미확보,습기,비,단일로 - 기타,승용,남,30세,중상,승용,남,48세,상해없음
2015012900100477,2015년 1월 29일 20시,목요일,대구광역시 서구 상리동,경상사고,0,0,1,0,차대사람 - 기타,안전운전불이행,건조,맑음,교차로 - 교차로안,승용,여,23세,상해없음,보행자,남,54세,경상
2015012900100478,2015년 1월 29일 20시,목요일,대구광역시 북구 구암동,경상사고,0,0,1,0,차대사람 - 횡단중,신호위반,건조,흐림,교차로 - 교차로안,승용,여,60세,상해없음,보행자,남,59세,경상
2015012900100506,2015년 1월 29일 21시,목요일,대구광역시 북구 노원동2가,중상사고,0,1,0,0,차대차 - 기타,신호위반,건조,맑음,단일로 - 기타,승용,기타불명,기타불명,기타불명,승용,남,28세,중상
2015012900100533,2015년 1월 29일 22시,목요일,대구광역시 북구 침산동,경상사고,0,0,1,0,차대차 - 추돌 - 주정차중,안전운전불이행,습기,비,단일로 - 기타,승용,남,25세,상해없음,승용,여,44세,경상
2015012900100534,2015년 1월 29일 22시,목요일,대구광역시 북구 대현동,중상사고,0,1,0,0,차대사람 - 길가장자리구역통행중,안전운전불이행,건조,맑음,단일로 - 기타,이륜,기타불명,기타불명,기타불명,보행자,여,69세,중상
2015012900100568,2015년 1월 29일 23시,목요일,대구광역시 서구 비산동,경상사고,0,0,4,0,차대차 - 추돌 - 주정차중,과속,습기,비,교차로 - 교차로부근,승용,남,26세,상해없음,승용,남,22세,상해없음
2015013000100048,2015년 1월 30일 02시,금요일,대구광역시 수성구 신매동,경상사고,0,0,3,0,차대차 - 추돌 - 주정차중,안전운전불이행,건조,맑음,교차로 - 교차로안,승용,남,51세,상해없음,승용,남,49세,상해없음
2015013000100066,2015년 1월 30일 04시,금요일,대구광역시 수성구 황금동,경상사고,0,0,1,0,차대사람 - 길가장자리구역통행중,신호위반,건조,맑음,교차로 - 교차로부근,승용,기타불명,기타불명,기타불명,보행자,남,61세,경상
2015013000100067,2015년 1월 30일 04시,금요일,대구광역시 달서구 이곡동,경상사고,0,0,1,0,차대사람 - 횡단중,보행자보호의무위반,습기,비,교차로 - 교차로안,승용,여,52세,상해없음,보행자,남,27세,경상
2015013000100097,2015년 1월 30일 06시,금요일,대구광역시 중구 삼덕동2가,경상사고,0,0,1,0,차대차 - 추돌 - 주정차중,안전거리미확보,건조,흐림,교차로 - 교차로부근,승합,남,60세,상해없음,승용,남,46세,경상
2015013000100098,2015년 1월 30일 06시,금요일,대구광역시 북구 서변동,부상신고사고,0,0,0,1,차량단독 - 공작물충돌,안전운전불이행,건조,맑음,단일로 - 기타,승용,남,53세,부상신고,,,,
2015013000100120,2015년 1월 30일 07시,금요일,대구광역시 서구 비산동,경상사고,0,0,1,0,차대차 - 추돌 - 주정차중,안전거리미확보,건조,맑음,단일로 - 기타,화물,남,82세,상해없음,화물,남,45세,경상
2015013000100146,2015년 1월 30일 08시,금요일,대구광역시 동구 신서동,부상신고사고,0,0,0,1,차대차 - 기타,교차로운행방법위반,건조,맑음,교차로 - 교차로안,승용,남,34세,부상신고,승용,여,44세,상해없음
2015013000100147,2015년 1월 30일 08시,금요일,대구광역시 서구 내당동,경상사고,0,0,1,0,차대차 - 추돌 - 진행중,안전운전불이행,건조,맑음,단일로 - 기타,승용,남,25세,상해없음,승용,남,54세,경상
2015013000100148,2015년 1월 30일 08시,금요일,대구광역시 서구 비산동,경상사고,0,0,1,0,차대차 - 기타,안전운전불이행,건조,맑음,단일로 - 기타,승용,남,19세,상해없음,자전거,남,62세,경상
2015013000100177,2015년 1월 30일 09시,금요일,대구광역시 달성군 구지면,경상사고,0,0,1,0,차대차 - 추돌 - 진행중,안전운전불이행,건조,맑음,교차로 - 교차로안,승용,남,50세,상해없음,화물,남,51세,경상
2015013000100208,2015년 1월 30일 10시,금요일,대구광역시 동구 신천동,경상사고,0,0,2,0,차대차 - 기타,교차로운행방법위반,건조,맑음,교차로 - 교차로안,승용,여,63세,경상,승용,남,42세,경상
2015013000100235,2015년 1월 30일 11시,금요일,대구광역시 달서구 성당동,중상사고,0,1,0,0,차대차 - 기타,안전운전불이행,건조,맑음,단일로 - 기타,이륜,남,62세,중상,승용,남,60세,상해없음
2015013000100253,2015년 1월 30일 12시,금요일,대구광역시 남구 대명동,중상사고,0,1,0,0,차대사람 - 횡단중,안전운전불이행,건조,맑음,단일로 - 기타,승용,남,62세,상해없음,보행자,남,8세,중상
2015013000100254,2015년 1월 30일 12시,금요일,대구광역시 수성구 만촌동,중상사고,0,1,0,0,차대차 - 측면직각충돌,교차로운행방법위반,건조,맑음,교차로 - 교차로안,원동기,남,77세,중상,승용,여,58세,상해없음
2015013000100255,2015년 1월 30일 12시,금요일,대구광역시 서구 내당동,중상사고,0,1,0,0,차대차 - 기타,안전운전불이행,건조,맑음,교차로 - 교차로안,화물,남,65세,상해없음,원동기,여,52세,중상
2015013000100301,2015년 1월 30일 14시,금요일,대구광역시 동구 율하동,중상사고,0,1,0,0,차대사람 - 기타,안전운전불이행,건조,맑음,교차로 - 교차로안,건설기계,남,59세,상해없음,보행자,여,74세,중상
2015013000100302,2015년 1월 30일 14시,금요일,대구광역시 중구 달성동,경상사고,0,0,1,0,차대차 - 추돌 - 진행중,안전운전불이행,건조,맑음,단일로 - 기타,승용,남,21세,상해없음,승용,여,57세,경상
2015013000100327,2015년 1월 30일 15시,금요일,대구광역시 남구 대명동,경상사고,0,0,3,0,차대차 - 측면직각충돌,안전거리미확보,건조,맑음,단일로 - 기타,승용,남,56세,상해없음,승용,여,49세,경상
2015013000100328,2015년 1월 30일 15시,금요일,대구광역시 남구 대명동,경상사고,0,0,1,0,차대차 - 기타,안전운전불이행,건조,맑음,단일로 - 기타,화물,남,41세,상해없음,자전거,남,11세,경상
2015013000100363,2015년 1월 30일 16시,금요일,대구광역시 남구 대명동,경상사고,0,0,1,0,차대사람 - 길가장자리구역통행중,안전운전불이행,건조,맑음,단일로 - 기타,승용,여,48세,상해없음,보행자,남,43세,경상
2015013000100364,2015년 1월 30일 16시,금요일,대구광역시 북구 칠성동2가,중상사고,0,1,0,0,차대차 - 측면직각충돌,교차로운행방법위반,건조,맑음,교차로 - 교차로안,승용,여,37세,중상,이륜,남,53세,상해없음
2015013000100365,2015년 1월 30일 16시,금요일,대구광역시 북구 관음동,경상사고,0,0,1,0,차대차 - 기타,안전운전불이행,건조,맑음,단일로 - 기타,승용,남,47세,상해없음,자전거,여,67세,경상
2015013000100399,2015년 1월 30일 17시,금요일,대구광역시 달서구 송현동,경상사고,0,0,2,0,차대차 - 추돌 - 주정차중,안전운전불이행,건조,맑음,단일로 - 기타,승용,남,46세,상해없음,승합,남,70세,경상
2015013000100400,2015년 1월 30일 17시,금요일,대구광역시 북구 복현동,중상사고,0,1,0,0,차대사람 - 보도통행중,안전운전불이행,건조,맑음,단일로 - 기타,자전거,남,75세,상해없음,보행자,여,80세,중상
2015013000100401,2015년 1월 30일 17시,금요일,대구광역시 달서구 두류동,경상사고,0,0,1,0,차량단독 - 전도전복,안전운전불이행,건조,맑음,단일로 - 기타,승용,남,31세,경상,,,,
2015013000100433,2015년 1월 30일 18시,금요일,대구광역시 동구 효목동,경상사고,0,0,2,0,차대차 - 기타,안전운전불이행,건조,맑음,단일로 - 기타,이륜,남,63세,경상,이륜,남,55세,경상
2015013000100434,2015년 1월 30일 18시,금요일,대구광역시 동구 율하동,경상사고,0,0,3,0,차대차 - 측면직각충돌,안전운전불이행,건조,맑음,단일로 - 기타,승용,여,40세,상해없음,승용,여,57세,경상
2015013000100435,2015년 1월 30일 18시,금요일,대구광역시 동구 효목동,경상사고,0,0,1,0,차대차 - 기타,안전운전불이행,건조,맑음,교차로 - 교차로안,승용,남,57세,상해없음,승용,여,32세,상해없음
2015013000100436,2015년 1월 30일 18시,금요일,대구광역시 수성구 범어동,경상사고,0,0,1,0,차대차 - 기타,불법유턴,건조,맑음,단일로 - 기타,승용,남,29세,상해없음,이륜,남,17세,경상
2015013000100437,2015년 1월 30일 18시,금요일,대구광역시 북구 태전동,경상사고,0,0,1,0,차대차 - 측면직각충돌,안전운전불이행,건조,맑음,단일로 - 기타,승용,여,47세,상해없음,원동기,남,16세,경상
2015013000100483,2015년 1월 30일 19시,금요일,대구광역시 서구 이현동,경상사고,0,0,1,0,차대차 - 측면직각충돌,안전거리미확보,건조,맑음,단일로 - 기타,화물,남,54세,상해없음,화물,남,56세,경상
2015013000100484,2015년 1월 30일 19시,금요일,대구광역시 중구 삼덕동2가,중상사고,0,1,0,0,차대사람 - 횡단중,보행자보호의무위반,건조,맑음,교차로 - 교차로부근,승용,남,60세,기타불명,보행자,남,40세,중상
2015013000100485,2015년 1월 30일 19시,금요일,대구광역시 달서구 이곡동,중상사고,0,1,0,0,차대차 - 측면직각충돌,교차로운행방법위반,건조,흐림,교차로 - 교차로안,승용,남,30세,상해없음,이륜,남,17세,중상
2015013000100486,2015년 1월 30일 19시,금요일,대구광역시 달서구 호림동,경상사고,0,0,2,0,차대차 - 기타,안전운전불이행,건조,맑음,단일로 - 기타,화물,남,61세,상해없음,승용,남,33세,경상
2015013000100528,2015년 1월 30일 20시,금요일,대구광역시 달성군 논공읍,경상사고,0,0,1,0,차대사람 - 기타,안전운전불이행,건조,맑음,교차로 - 교차로부근,화물,남,28세,상해없음,보행자,남,62세,경상
2015013000100529,2015년 1월 30일 20시,금요일,대구광역시 서구 비산동,경상사고,0,0,1,0,차대차 - 기타,안전거리미확보,건조,맑음,교차로 - 교차로안,승용,남,32세,상해없음,승용,남,46세,경상
2015013000100530,2015년 1월 30일 20시,금요일,대구광역시 달서구 용산동,경상사고,0,0,2,0,차대차 - 측면직각충돌,안전거리미확보,건조,맑음,단일로 - 기타,이륜,남,62세,경상,이륜,남,16세,경상
2015013000100555,2015년 1월 30일 21시,금요일,대구광역시 남구 대명동,경상사고,0,0,2,0,차대차 - 기타,중앙선침범,건조,맑음,단일로 - 기타,승용,남,62세,상해없음,승용,남,48세,경상
2015013000100556,2015년 1월 30일 21시,금요일,대구광역시 북구 노원동3가,경상사고,0,0,6,0,차대차 - 추돌 - 주정차중,안전운전불이행,건조,맑음,단일로 - 기타,승용,남,42세,경상,승합,남,51세,경상
2015013000100557,2015년 1월 30일 21시,금요일,대구광역시 달서구 두류동,중상사고,0,1,0,0,차대사람 - 기타,안전운전불이행,건조,맑음,단일로 - 기타,원동기,기타불명,20세,기타불명,보행자,여,51세,중상
2015013000100591,2015년 1월 30일 22시,금요일,대구광역시 달성군 다사읍,경상사고,0,0,3,0,차대차 - 측면직각충돌,신호위반,건조,맑음,교차로 - 교차로안,승용,여,28세,상해없음,화물,남,31세,경상
2015013000100592,2015년 1월 30일 22시,금요일,대구광역시 중구 문화동,경상사고,0,0,1,0,차량단독 - 기타,안전운전불이행,건조,맑음,단일로 - 기타,승용,남,48세,상해없음,,,,
2015013000100593,2015년 1월 30일 22시,금요일,대구광역시 북구 태전동,부상신고사고,0,0,0,1,차대사람 - 길가장자리구역통행중,안전운전불이행,건조,맑음,단일로 - 기타,승용,남,36세,상해없음,보행자,남,25세,부상신고
2015013000100626,2015년 1월 30일 23시,금요일,대구광역시 서구 내당동,경상사고,0,0,1,0,차대사람 - 기타,안전운전불이행,건조,맑음,단일로 - 횡단보도부근,승용,남,63세,상해없음,보행자,여,30세,경상
2015013000100627,2015년 1월 30일 23시,금요일,대구광역시 달서구 두류동,중상사고,0,1,0,0,차대사람 - 길가장자리구역통행중,안전운전불이행,건조,맑음,단일로 - 기타,승용,남,23세,상해없음,보행자,남,33세,중상
2015013100100035,2015년 1월 31일 01시,토요일,대구광역시 동구 방촌동,부상신고사고,0,0,0,1,차대차 - 추돌 - 진행중,안전거리미확보,건조,맑음,단일로 - 기타,승용,남,49세,상해없음,승용,남,49세,부상신고
2015013100100036,2015년 1월 31일 01시,토요일,대구광역시 북구 복현동,중상사고,0,1,0,0,차대사람 - 기타,보행자보호의무위반,건조,맑음,단일로 - 횡단보도상,승용,여,41세,상해없음,보행자,남,51세,중상
2015013100100058,2015년 1월 31일 03시,토요일,대구광역시 동구 불로동,경상사고,0,0,2,0,차대차 - 추돌 - 주정차중,안전운전불이행,건조,맑음,교차로 - 교차로부근,승용,남,25세,상해없음,승용,여,50세,경상
2015013100100064,2015년 1월 31일 04시,토요일,대구광역시 수성구 매호동,경상사고,0,0,1,0,차대차 - 추돌 - 주정차중,안전운전불이행,건조,맑음,단일로 - 기타,승용,남,35세,상해없음,승용,여,49세,경상
2015013100100090,2015년 1월 31일 06시,토요일,대구광역시 동구 용계동,경상사고,0,0,1,0,차대차 - 기타,안전거리미확보,건조,흐림,단일로 - 기타,화물,남,52세,상해없음,승용,여,62세,경상
2015013100100125,2015년 1월 31일 08시,토요일,대구광역시 수성구 범어동,중상사고,0,1,0,0,차대차 - 추돌 - 주정차중,안전운전불이행,건조,맑음,교차로 - 교차로부근,승용,기타불명,기타불명,기타불명,승용,남,42세,중상
2015013100100126,2015년 1월 31일 08시,토요일,대구광역시 서구 비산동,경상사고,0,0,2,0,차대차 - 측면직각충돌,교차로운행방법위반,건조,맑음,교차로 - 교차로안,승용,남,56세,경상,승용,남,43세,경상
2015013100100144,2015년 1월 31일 09시,토요일,대구광역시 달서구 이곡동,경상사고,0,0,1,0,차대차 - 추돌 - 진행중,안전거리미확보,건조,맑음,단일로 - 기타,이륜,남,38세,경상,승용,여,32세,상해없음
2015013100100145,2015년 1월 31일 09시,토요일,대구광역시 달서구 이곡동,중상사고,0,1,0,0,차대사람 - 횡단중,안전운전불이행,건조,맑음,단일로 - 기타,승용,남,61세,상해없음,보행자,여,38세,중상
2015013100100163,2015년 1월 31일 10시,토요일,대구광역시 수성구 신매동,경상사고,0,0,1,0,차대차 - 측면직각충돌,안전운전불이행,건조,맑음,단일로 - 기타,승용,여,34세,상해없음,승용,여,25세,경상
2015013100100164,2015년 1월 31일 10시,토요일,대구광역시 달서구 대곡동,경상사고,0,0,1,0,차대차 - 추돌 - 주정차중,안전운전불이행,건조,맑음,단일로 - 기타,승용,여,62세,상해없음,승용,남,37세,경상
2015013100100193,2015년 1월 31일 11시,토요일,대구광역시 달서구 감삼동,중상사고,0,1,0,0,차대차 - 기타,안전운전불이행,건조,맑음,단일로 - 기타,승용,남,46세,상해없음,이륜,남,22세,중상
2015013100100221,2015년 1월 31일 12시,토요일,대구광역시 남구 대명동,중상사고,0,1,1,0,차대차 - 측면직각충돌,안전거리미확보,건조,맑음,교차로 - 교차로부근,승용,남,54세,상해없음,승용,남,35세,중상
2015013100100222,2015년 1월 31일 12시,토요일,대구광역시 동구 신암동,중상사고,0,3,2,0,차대차 - 추돌 - 주정차중,안전운전불이행,건조,맑음,교차로 - 교차로부근,화물,남,55세,상해없음,승용,남,28세,중상
2015013100100223,2015년 1월 31일 12시,토요일,대구광역시 달서구 대천동,경상사고,0,0,4,0,차대차 - 측면직각충돌,교차로운행방법위반,건조,맑음,교차로 - 교차로안,승용,남,55세,상해없음,승용,남,62세,경상
2015013100100224,2015년 1월 31일 12시,토요일,대구광역시 북구 산격동,중상사고,0,2,0,0,차대사람 - 횡단중,보행자보호의무위반,건조,맑음,단일로 - 기타,화물,남,47세,상해없음,보행자,여,50세,중상
2015013100100225,2015년 1월 31일 12시,토요일,대구광역시 북구 읍내동,경상사고,0,0,1,0,차대사람 - 차도통행중,안전운전불이행,건조,맑음,기타 - 기타,승용,여,22세,상해없음,보행자,남,48세,경상
2015013100100257,2015년 1월 31일 13시,토요일,대구광역시 서구 비산동,경상사고,0,0,2,0,차대차 - 기타,안전거리미확보,건조,맑음,단일로 - 기타,승용,남,26세,상해없음,승용,남,66세,경상
2015013100100292,2015년 1월 31일 14시,토요일,대구광역시 북구 노원동3가,부상신고사고,0,0,0,1,차대차 - 기타,중앙선침범,건조,맑음,단일로 - 기타,이륜,남,42세,부상신고,승용,남,47세,상해없음
2015013100100293,2015년 1월 31일 14시,토요일,대구광역시 중구 동인동4가,경상사고,0,0,2,0,차대차 - 기타,안전운전불이행,건조,맑음,교차로 - 교차로안,승용,여,26세,상해없음,승합,남,35세,상해없음
2015013100100320,2015년 1월 31일 15시,토요일,대구광역시 서구 비산동,경상사고,0,0,1,0,차대차 - 측면직각충돌,교차로운행방법위반,건조,맑음,교차로 - 교차로부근,승용,남,48세,상해없음,이륜,남,36세,경상
2015013100100321,2015년 1월 31일 15시,토요일,대구광역시 서구 내당동,경상사고,0,0,2,0,차대차 - 추돌 - 주정차중,안전운전불이행,건조,맑음,교차로 - 교차로부근,승용,남,46세,상해없음,승용,남,72세,경상
2015013100100352,2015년 1월 31일 16시,토요일,대구광역시 수성구 범어동,경상사고,0,0,1,0,차대차 - 측면직각충돌,안전운전불이행,건조,맑음,단일로 - 기타,승용,여,42세,상해없음,이륜,남,23세,경상
2015013100100353,2015년 1월 31일 16시,토요일,대구광역시 서구 비산동,경상사고,0,0,1,0,차대차 - 정면충돌,중앙선침범,건조,맑음,교차로 - 교차로부근,이륜,여,67세,경상,승용,남,34세,상해없음
2015013100100354,2015년 1월 31일 16시,토요일,대구광역시 중구 공평동,중상사고,0,1,0,0,차대사람 - 기타,안전운전불이행,건조,맑음,단일로 - 기타,승용,남,26세,상해없음,보행자,남,10세,중상
2015013100100387,2015년 1월 31일 17시,토요일,대구광역시 달서구 본동,경상사고,0,0,1,0,차대사람 - 기타,안전운전불이행,건조,맑음,단일로 - 기타,이륜,남,46세,상해없음,보행자,여,53세,경상
2015013100100388,2015년 1월 31일 17시,토요일,대구광역시 북구 칠성동2가,경상사고,0,0,2,0,차대차 - 추돌 - 진행중,직진우회전진행방해,건조,맑음,단일로 - 횡단보도부근,승용,남,46세,상해없음,승합,남,45세,상해없음
2015013100100389,2015년 1월 31일 17시,토요일,대구광역시 서구 비산동,경상사고,0,0,3,0,차대차 - 기타,안전거리미확보,건조,맑음,단일로 - 기타,승용,여,37세,경상,승용,여,48세,경상
2015013100100390,2015년 1월 31일 17시,토요일,대구광역시 달서구 용산동,중상사고,0,1,0,0,차대차 - 측면직각충돌,교차로운행방법위반,건조,맑음,교차로 - 교차로안,이륜,남,45세,중상,승용,남,48세,상해없음
2015013100100391,2015년 1월 31일 17시,토요일,대구광역시 달서구 용산동,경상사고,0,0,1,0,차대차 - 기타,안전운전불이행,건조,맑음,교차로 - 교차로부근,승용,남,50세,상해없음,자전거,여,22세,경상
2015013100100392,2015년 1월 31일 17시,토요일,대구광역시 북구 동변동,경상사고,0,0,2,0,차대차 - 정면충돌,중앙선침범,건조,맑음,단일로 - 기타,자전거,남,18세,경상,자전거,여,67세,경상
2015013100100424,2015년 1월 31일 18시,토요일,대구광역시 수성구 신매동,경상사고,0,0,1,0,차대사람 - 횡단중,신호위반,건조,맑음,교차로 - 교차로부근,승용,남,57세,상해없음,보행자,남,22세,경상
2015013100100425,2015년 1월 31일 18시,토요일,대구광역시 달서구 본동,경상사고,0,0,1,0,차대차 - 기타,안전거리미확보,건조,맑음,단일로 - 기타,승용,여,57세,상해없음,이륜,남,19세,경상
2015013100100426,2015년 1월 31일 18시,토요일,대구광역시 달성군 화원읍,중상사고,0,1,0,0,차대사람 - 기타,안전운전불이행,건조,맑음,단일로 - 기타,이륜,남,35세,상해없음,보행자,남,10세,중상
2015013100100450,2015년 1월 31일 19시,토요일,대구광역시 북구 노원동1가,경상사고,0,0,2,0,차대차 - 기타,안전거리미확보,건조,맑음,단일로 - 기타,승용,남,45세,상해없음,승용,남,23세,경상
2015013100100451,2015년 1월 31일 19시,토요일,대구광역시 북구 복현동,경상사고,0,0,1,0,차대차 - 기타,안전운전불이행,건조,맑음,교차로 - 교차로부근,승용,남,43세,상해없음,원동기,남,74세,경상
2015013100100481,2015년 1월 31일 20시,토요일,대구광역시 수성구 신매동,부상신고사고,0,0,0,1,차대차 - 측면직각충돌,안전운전불이행,건조,맑음,교차로 - 교차로부근,원동기,남,47세,부상신고,승용,남,54세,상해없음
2015013100100482,2015년 1월 31일 20시,토요일,대구광역시 달성군 화원읍,경상사고,0,0,1,0,차대차 - 추돌 - 진행중,안전운전불이행,건조,맑음,교차로 - 교차로부근,승용,남,40세,상해없음,원동기,남,21세,경상
2015013100100483,2015년 1월 31일 20시,토요일,대구광역시 달성군 논공읍,사망사고,1,0,0,0,차대사람 - 횡단중,안전운전불이행,건조,맑음,단일로 - 기타,승용,남,30세,상해없음,보행자,여,28세,사망
2015013100100484,2015년 1월 31일 20시,토요일,대구광역시 달서구 이곡동,경상사고,0,0,5,0,차대차 - 기타,안전거리미확보,건조,맑음,단일로 - 기타,승용,남,50세,상해없음,승용,남,50세,경상
2015013100100485,2015년 1월 31일 20시,토요일,대구광역시 북구 동천동,경상사고,0,0,1,0,차대사람 - 길가장자리구역통행중,안전운전불이행,건조,맑음,교차로 - 교차로안,승용,남,51세,기타불명,보행자,남,61세,경상
2015013100100537,2015년 1월 31일 22시,토요일,대구광역시 수성구 두산동,경상사고,0,0,1,0,차대차 - 추돌 - 주정차중,안전운전불이행,건조,맑음,단일로 - 기타,승용,여,41세,상해없음,원동기,남,20세,경상