사고번호,사고일시,요일,시군구,사고내용,사망자수,중상자수,경상자수,부상신고자수,사고유형,법규위반,노면상태,기상상태,도로형태,가해운전자 차종,가해운전자 성별,가해운전자 연령,가해운전자 상해정도,피해운전자 차종,피해운전자 성별,피해운전자 연령,피해운전자 상해정도
2015020400100476,2015년 2월 4일 19시,수요일,대구광역시 달서구 장기동,경상사고,0,0,1,0,차대차 - 측면직각충돌,교차로운행방법위반,건조,맑음,교차로 - 교차로안,승용,남,60세,상해없음,승용,여,57세,경상
2015020400100504,2015년 2월 4일 20시,수요일,대구광역시 북구 동천동,경상사고,0,0,1,2,차대차 - 측면직각충돌,안전운전불이행,건조,맑음,교차로 - 교차로부근,승용,남,22세,상해없음,승용,남,58세,경상
2015020400100531,2015년 2월 4일 21시,수요일,대구광역시 달서구 상인동,중상사고,0,1,0,0,차대사람 - 기타,안전운전불이행,건조,맑음,단일로 - 기타,화물,남,41세,상해없음,보행자,남,38세,중상
2015020400100532,2015년 2월 4일 21시,수요일,대구광역시 달서구 송현동,부상신고사고,0,0,0,1,차대사람 - 기타,안전운전불이행,건조,맑음,단일로 - 기타,기타불명,기타불명,기타불명,기타불명,보행자,남,70세,부상신고
2015020400100533,2015년 2월 4일 21시,수요일,대구광역시 북구 대현동,경상사고,0,0,1,0,차대차 - 측면직각충돌,신호위반,건조,맑음,단일로 - 횡단보도상,승용,남,58세,상해없음,자전거,여,20세,경상
2015020500100030,2015년 2월 5일 01시,목요일,대구광역시 동구 신서동,경상사고,0,0,1,0,차대차 - 기타,안전운전불이행,건조,맑음,교차로 - 교차로부근,승용,여,55세,상해없음,승용,여,23세,경상
2015020500100031,2015년 2월 5일 01시,목요일,대구광역시 수성구 황금동,경상사고,0,0,2,0,차대차 - 추돌 - 주정차중,안전운전불이행,건조,맑음,단일로 - 기타,승용,남,38세,상해없음,승용,남,48세,상해없음
2015020500100032,2015년 2월 5일 01시,목요일,대구광역시 서구 비산동,경상사고,0,0,2,0,차대차 - 기타,신호위반,건조,맑음,교차로 - 교차로안,승용,남,52세,상해없음,이륜,남,50세,경상
2015020500100042,2015년 2월 5일 02시,목요일,대구광역시 수성구 황금동,중상사고,0,2,0,0,차대차 - 추돌 - 진행중,안전운전불이행,건조,맑음,단일로 - 횡단보도부근,승용,남,46세,상해없음,승용,여,47세,중상
2015020500100050,2015년 2월 5일 03시,목요일,대구광역시 중구 삼덕동1가,경상사고,0,0,1,0,차대차 - 추돌 - 진행중,안전운전불이행,건조,맑음,교차로 - 교차로부근,승용,남,25세,기타불명,승용,남,66세,경상
2015020500100191,2015년 2월 5일 10시,목요일,대구광역시 달성군 다사읍,중상사고,0,1,0,0,차대차 - 측면직각충돌,신호위반,건조,맑음,교차로 - 교차로안,승용,남,33세,상해없음,승용,여,55세,중상
2015020500100192,2015년 2월 5일 10시,목요일,대구광역시 북구 대현동,부상신고사고,0,0,0,1,차대차 - 추돌 - 주정차중,안전운전불이행,건조,맑음,교차로 - 교차로부근,자전거,남,56세,부상신고,승용,남,38세,상해없음
2015020500100193,2015년 2월 5일 10시,목요일,대구광역시 달서구 이곡동,경상사고,0,0,1,0,차대차 - 추돌 - 진행중,안전거리미확보,건조,맑음,단일로 - 기타,승용,남,41세,상해없음,화물,남,32세,경상
2015020500100231,2015년 2월 5일 12시,목요일,대구광역시 달서구 감삼동,경상사고,0,0,1,0,차대차 - 추돌 - 진행중,안전거리미확보,건조,맑음,기타 - 기타,화물,남,51세,상해없음,승합,남,60세,경상
2015020500100232,2015년 2월 5일 12시,목요일,대구광역시 달서구 갈산동,경상사고,0,0,1,0,차대차 - 측면직각충돌,안전운전불이행,건조,맑음,단일로 - 기타,승용,여,45세,상해없음,이륜,남,46세,경상
2015020500100233,2015년 2월 5일 12시,목요일,대구광역시 북구 매천동,경상사고,0,0,1,0,차대사람 - 기타,안전운전불이행,건조,맑음,단일로 - 기타,화물,남,66세,상해없음,보행자,여,82세,경상
2015020500100254,2015년 2월 5일 13시,목요일,대구광역시 달서구 유천동,경상사고,0,0,1,0,차대차 - 기타,교차로운행방법위반,건조,맑음,교차로 - 교차로부근,승용,여,40세,상해없음,이륜,남,35세,경상
2015020500100270,2015년 2월 5일 14시,목요일,대구광역시 중구 남산동,부상신고사고,0,0,0,1,차대차 - 추돌 - 진행중,안전운전불이행,건조,맑음,단일로 - 기타,이륜,남,23세,부상신고,승용,여,34세,상해없음
2015020500100297,2015년 2월 5일 15시,목요일,대구광역시 동구 신천동,중상사고,0,1,0,0,차대차 - 기타,안전거리미확보,건조,맑음,단일로 - 기타,이륜,남,22세,상해없음,승용,남,39세,중상
2015020500100298,2015년 2월 5일 15시,목요일,대구광역시 달서구 송현동,경상사고,0,0,1,0,차대차 - 기타,차로위반,건조,맑음,단일로 - 기타,승용,남,49세,상해없음,이륜,남,60세,경상
2015020500100299,2015년 2월 5일 15시,목요일,대구광역시 달성군 다사읍,경상사고,0,0,1,0,차대차 - 추돌 - 진행중,안전운전불이행,건조,맑음,교차로 - 교차로안,승용,남,33세,상해없음,이륜,남,69세,경상
2015020500100328,2015년 2월 5일 16시,목요일,대구광역시 달성군 유가면,중상사고,0,2,0,0,차대차 - 추돌 - 진행중,신호위반,건조,맑음,교차로 - 교차로안,승용,남,40세,상해없음,승용,여,54세,중상
2015020500100330,2015년 2월 5일 16시,목요일,대구광역시 달서구 장기동,경상사고,0,0,1,0,차대차 - 추돌 - 주정차중,안전운전불이행,건조,맑음,기타 - 기타,승용,여,32세,상해없음,승용,남,31세,경상
2015020500100331,2015년 2월 5일 16시,목요일,대구광역시 북구 동호동,중상사고,0,1,1,0,차대차 - 측면직각충돌,직진우회전진행방해,건조,맑음,교차로 - 교차로안,승용,여,44세,경상,승용,남,51세,중상
2015020500100350,2015년 2월 5일 17시,목요일,대구광역시 달서구 성당동,경상사고,0,0,1,0,차대차 - 측면직각충돌,차로위반,건조,맑음,단일로 - 기타,승용,여,39세,상해없음,승용,남,62세,경상
2015020500100388,2015년 2월 5일 18시,목요일,대구광역시 동구 입석동,경상사고,0,0,1,0,차대사람 - 기타,신호위반,건조,맑음,교차로 - 교차로안,승합,남,47세,상해없음,보행자,여,64세,경상
2015020500100389,2015년 2월 5일 18시,목요일,대구광역시 수성구 사월동,경상사고,0,0,1,0,차대차 - 추돌 - 진행중,안전운전불이행,건조,맑음,단일로 - 기타,승용,여,50세,상해없음,승용,남,71세,경상
2015020500100390,2015년 2월 5일 18시,목요일,대구광역시 달서구 본동,중상사고,0,1,0,0,차대사람 - 기타,안전운전불이행,건조,맑음,교차로 - 교차로안,승용,남,65세,상해없음,보행자,남,49세,중상
2015020500100391,2015년 2월 5일 18시,목요일,대구광역시 달성군 다사읍,중상사고,0,2,0,0,차대차 - 측면직각충돌,신호위반,건조,맑음,교차로 - 교차로안,승용,여,58세,중상,승용,여,58세,중상
2015020500100392,2015년 2월 5일 18시,목요일,대구광역시 서구 중리동,부상신고사고,0,0,0,1,차대차 - 측면직각충돌,불법유턴,건조,맑음,단일로 - 기타,승용,남,39세,상해없음,이륜,남,61세,부상신고
2015020500100393,2015년 2월 5일 18시,목요일,대구광역시 북구 동천동,경상사고,0,0,1,0,차대차 - 추돌 - 진행중,안전운전불이행,건조,맑음,기타 - 기타,승용,여,48세,상해없음,자전거,여,59세,경상
2015020500100419,2015년 2월 5일 19시,목요일,대구광역시 남구 대명동,중상사고,0,1,2,0,차대차 - 추돌 - 진행중,안전운전불이행,건조,맑음,단일로 - 기타,승용,남,28세,상해없음,승용,여,27세,중상
2015020500100420,2015년 2월 5일 19시,목요일,대구광역시 북구 노원동1가,사망사고,1,0,0,0,차대차 - 기타,안전운전불이행,건조,맑음,교차로 - 교차로안,승용,남,45세,상해없음,자전거,여,54세,사망
2015020500100421,2015년 2월 5일 19시,목요일,대구광역시 서구 내당동,경상사고,0,0,1,1,차대차 - 기타,안전운전불이행,건조,맑음,단일로 - 기타,이륜,남,44세,부상신고,승용,남,55세,상해없음
2015020500100422,2015년 2월 5일 19시,목요일,대구광역시 달서구 이곡동,경상사고,0,0,1,0,차대차 - 측면직각충돌,안전거리미확보,건조,맑음,단일로 - 기타,승용,남,25세,상해없음,승합,남,51세,경상
2015020500100481,2015년 2월 5일 21시,목요일,대구광역시 수성구 매호동,중상사고,0,2,0,0,차대차 - 측면직각충돌,신호위반,건조,맑음,교차로 - 교차로부근,이륜,남,19세,중상,승용,남,45세,상해없음
2015020600100014,2015년 2월 6일 00시,금요일,대구광역시 달서구 상인동,경상사고,0,0,5,0,차대차 - 기타,안전운전불이행,건조,맑음,단일로 - 기타,승용,남,28세,상해없음,승용,남,59세,경상
2015020600100029,2015년 2월 6일 01시,금요일,대구광역시 달서구 죽전동,경상사고,0,0,2,0,차대차 - 추돌 - 진행중,안전운전불이행,건조,맑음,단일로 - 기타,승용,남,34세,상해없음,승용,남,68세,경상
2015020600100041,2015년 2월 6일 02시,금요일,대구광역시 달서구 진천동,경상사고,0,0,1,0,차대차 - 측면직각충돌,안전운전불이행,건조,맑음,단일로 - 기타,승용,남,21세,상해없음,승용,남,60세,경상
2015020600100050,2015년 2월 6일 03시,금요일,대구광역시 남구 이천동,경상사고,0,0,1,0,차대차 - 측면직각충돌,안전거리미확보,건조,맑음,교차로 - 교차로부근,승용,남,39세,상해없음,이륜,남,37세,경상
2015020600100051,2015년 2월 6일 03시,금요일,대구광역시 달서구 송현동,중상사고,0,4,1,1,차대차 - 정면충돌,신호위반,건조,맑음,교차로 - 교차로안,승용,남,21세,부상신고,승용,남,48세,중상
2015020600100075,2015년 2월 6일 06시,금요일,대구광역시 북구 매천동,경상사고,0,0,1,0,차대차 - 측면직각충돌,안전운전불이행,건조,맑음,단일로 - 기타,화물,남,35세,상해없음,원동기,남,42세,경상
2015020600100094,2015년 2월 6일 07시,금요일,대구광역시 달서구 대천동,경상사고,0,0,1,0,차대차 - 추돌 - 주정차중,안전거리미확보,건조,맑음,단일로 - 기타,승용,기타불명,기타불명,기타불명,승용,남,34세,경상
2015020600100096,2015년 2월 6일 07시,금요일,대구광역시 북구 검단동,경상사고,0,0,1,0,차대차 - 기타,신호위반,건조,맑음,교차로 - 교차로안,이륜,남,40세,경상,승용,여,43세,상해없음
2015020600100097,2015년 2월 6일 07시,금요일,대구광역시 북구 태전동,중상사고,0,1,0,0,차대사람 - 횡단중,신호위반,건조,맑음,교차로 - 교차로안,승용,남,29세,상해없음,보행자,여,82세,중상
2015020600100133,2015년 2월 6일 08시,금요일,대구광역시 남구 이천동,경상사고,0,0,2,0,차대차 - 기타,교차로운행방법위반,건조,맑음,교차로 - 교차로안,화물,남,53세,상해없음,승용,여,36세,경상
2015020600100134,2015년 2월 6일 08시,금요일,대구광역시 수성구 지산동,경상사고,0,0,1,0,차대차 - 측면직각충돌,안전거리미확보,건조,맑음,단일로 - 기타,승용,남,26세,상해없음,승용,남,75세,경상
2015020600100135,2015년 2월 6일 08시,금요일,대구광역시 달서구 용산동,중상사고,0,1,2,0,차대차 - 추돌 - 진행중,안전거리미확보,건조,맑음,단일로 - 기타,화물,남,60세,기타불명,승용,여,30세,경상
2015020600100169,2015년 2월 6일 09시,금요일,대구광역시 북구 산격동,경상사고,0,0,1,0,차대사람 - 기타,안전운전불이행,건조,맑음,단일로 - 기타,기타불명,기타불명,기타불명,기타불명,보행자,여,65세,경상
2015020600100216,2015년 2월 6일 11시,금요일,대구광역시 수성구 만촌동,경상사고,0,0,1,0,차대차 - 측면직각충돌,안전거리미확보,건조,맑음,교차로 - 교차로부근,승용,남,55세,상해없음,승용,남,30세,경상
2015020600100217,2015년 2월 6일 11시,금요일,대구광역시 수성구 만촌동,경상사고,0,0,1,0,차대사람 - 길가장자리구역통행중,안전운전불이행,건조,맑음,단일로 - 기타,화물,남,54세,상해없음,보행자,여,78세,경상
2015020600100218,2015년 2월 6일 11시,금요일,대구광역시 달서구 월성동,경상사고,0,0,2,0,차대차 - 기타,안전거리미확보,건조,맑음,단일로 - 기타,화물,남,53세,상해없음,승용,여,44세,경상
2015020600100244,2015년 2월 6일 12시,금요일,대구광역시 달서구 상인동,경상사고,0,0,1,0,차대차 - 기타,안전거리미확보,건조,맑음,단일로 - 기타,승용,여,32세,상해없음,승용,남,62세,경상
2015020600100245,2015년 2월 6일 12시,금요일,대구광역시 달서구 용산동,경상사고,0,0,1,0,차대차 - 측면직각충돌,안전거리미확보,건조,맑음,단일로 - 기타,승용,남,42세,상해없음,승용,여,31세,경상
2015020600100266,2015년 2월 6일 13시,금요일,대구광역시 남구 봉덕동,경상사고,0,0,3,0,차대차 - 기타,안전운전불이행,건조,맑음,단일로 - 기타,승용,여,37세,경상,승용,남,31세,경상
2015020600100267,2015년 2월 6일 13시,금요일,대구광역시 달서구 도원동,중상사고,0,2,6,0,차대차 - 추돌 - 주정차중,안전운전불이행,건조,맑음,단일로 - 기타,승용,여,29세,경상,승용,남,23세,중상
2015020600100303,2015년 2월 6일 14시,금요일,대구광역시 남구 대명동,경상사고,0,0,1,0,차대사람 - 기타,보행자보호의무위반,건조,맑음,단일로 - 기타,승용,남,29세,상해없음,보행자,남,10세,경상
2015020600100304,2015년 2월 6일 14시,금요일,대구광역시 동구 신암동,경상사고,0,0,2,0,차대차 - 기타,안전운전불이행,건조,맑음,교차로 - 교차로안,승용,남,45세,상해없음,승용,남,27세,경상
2015020600100305,2015년 2월 6일 14시,금요일,대구광역시 북구 침산동,중상사고,0,1,0,0,차량단독 - 기타,안전운전불이행,건조,맑음,단일로 - 기타,승합,남,50세,상해없음,,,,
2015020600100329,2015년 2월 6일 15시,금요일,대구광역시 동구 불로동,경상사고,0,0,3,0,차대차 - 추돌 - 주정차중,안전운전불이행,건조,맑음,교차로 - 교차로부근,화물,남,58세,상해없음,승용,남,63세,경상
2015020600100330,2015년 2월 6일 15시,금요일,대구광역시 동구 신암동,중상사고,0,1,0,0,차대사람 - 기타,안전운전불이행,건조,맑음,단일로 - 기타,화물,남,55세,기타불명,보행자,남,68세,중상
2015020600100331,2015년 2월 6일 15시,금요일,대구광역시 달성군 다사읍,경상사고,0,0,1,0,차대차 - 측면직각충돌,안전거리미확보,건조,맑음,단일로 - 기타,화물,남,34세,상해없음,이륜,남,37세,경상
2015020600100332,2015년 2월 6일 15시,금요일,대구광역시 북구 침산동,경상사고,0,0,1,0,차대차 - 정면충돌,안전운전불이행,건조,맑음,단일로 - 횡단보도상,화물,남,47세,상해없음,자전거,여,50세,경상
2015020600100333,2015년 2월 6일 15시,금요일,대구광역시 북구 서변동,경상사고,0,0,1,0,차대사람 - 횡단중,안전운전불이행,건조,맑음,교차로 - 교차로안,승용,여,36세,상해없음,보행자,여,32세,경상
2015020600100334,2015년 2월 6일 15시,금요일,대구광역시 북구 학정동,경상사고,0,0,2,0,차대차 - 측면직각충돌,교차로운행방법위반,건조,맑음,교차로 - 교차로안,승용,여,29세,경상,승용,남,50세,경상
2015020600100361,2015년 2월 6일 16시,금요일,대구광역시 남구 대명동,경상사고,0,0,1,1,차대차 - 기타,안전거리미확보,건조,맑음,단일로 - 기타,승용,여,57세,상해없음,승용,여,29세,부상신고
2015020600100362,2015년 2월 6일 16시,금요일,대구광역시 동구 신천동,중상사고,0,1,0,0,차대사람 - 기타,안전운전불이행,건조,맑음,단일로 - 기타,승합,남,53세,상해없음,보행자,남,57세,중상
2015020600100363,2015년 2월 6일 16시,금요일,대구광역시 수성구 범어동,경상사고,0,0,1,0,차대사람 - 차도통행중,안전운전불이행,건조,맑음,단일로 - 기타,승용,여,53세,상해없음,보행자,여,43세,경상
2015020600100393,2015년 2월 6일 17시,금요일,대구광역시 동구 입석동,경상사고,0,0,1,0,차대차 - 기타,교차로운행방법위반,건조,맑음,단일로 - 횡단보도상,화물,남,56세,상해없음,자전거,남,44세,경상
2015020600100394,2015년 2월 6일 17시,금요일,대구광역시 수성구 상동,경상사고,0,0,2,0,차대차 - 측면직각충돌,안전거리미확보,건조,맑음,단일로 - 기타,승용,여,41세,상해없음,승용,여,53세,경상
2015020600100395,2015년 2월 6일 17시,금요일,대구광역시 달서구 죽전동,중상사고,0,1,0,0,차대사람 - 횡단중,신호위반,건조,맑음,단일로 - 횡단보도상,이륜,남,16세,상해없음,보행자,남,22세,중상
2015020600100396,2015년 2월 6일 17시,금요일,대구광역시 달서구 신당동,중상사고,0,1,0,0,차대사람 - 횡단중,안전운전불이행,건조,흐림,교차로 - 교차로안,화물,남,54세,상해없음,보행자,여,79세,중상
2015020600100440,2015년 2월 6일 18시,금요일,대구광역시 달서구 상인동,경상사고,0,0,1,0,차대사람 - 기타,안전운전불이행,건조,맑음,단일로 - 기타,승용,여,37세,기타불명,보행자,남,48세,경상
2015020600100441,2015년 2월 6일 18시,금요일,대구광역시 달성군 유가면,중상사고,0,2,0,0,차대차 - 측면직각충돌,신호위반,건조,맑음,교차로 - 교차로안,승용,남,23세,상해없음,승용,여,35세,중상
2015020600100442,2015년 2월 6일 18시,금요일,대구광역시 달성군 화원읍,경상사고,0,0,1,0,차대사람 - 기타,안전운전불이행,건조,맑음,교차로 - 교차로부근,기타불명,기타불명,기타불명,기타불명,보행자,여,20세,경상
2015020600100443,2015년 2월 6일 18시,금요일,대구광역시 중구 남산동,경상사고,0,0,1,0,차대사람 - 횡단중,신호위반,건조,맑음,단일로 - 기타,승용,남,52세,상해없음,보행자,남,10세,경상
2015020600100444,2015년 2월 6일 18시,금요일,대구광역시 중구 동인동3가,경상사고,0,0,2,0,차대차 - 추돌 - 주정차중,안전거리미확보,건조,맑음,교차로 - 교차로부근,승용,여,42세,상해없음,승용,여,42세,경상
2015020600100483,2015년 2월 6일 19시,금요일,대구광역시 동구 숙천동,경상사고,0,0,2,0,차대차 - 추돌 - 진행중,안전운전불이행,건조,맑음,단일로 - 기타,화물,남,50세,상해없음,승용,여,38세,경상
2015020600100487,2015년 2월 6일 19시,금요일,대구광역시 남구 대명동,중상사고,0,1,0,0,차대사람 - 횡단중,안전운전불이행,건조,맑음,단일로 - 기타,승용,남,68세,상해없음,보행자,여,72세,중상
2015020600100488,2015년 2월 6일 19시,금요일,대구광역시 달성군 화원읍,중상사고,0,1,0,0,차대사람 - 기타,기타,건조,맑음,교차로 - 교차로부근,승합,남,55세,상해없음,보행자,여,63세,중상
2015020600100489,2015년 2월 6일 19시,금요일,대구광역시 북구 학정동,경상사고,0,0,1,0,차대차 - 측면직각충돌,안전운전불이행,건조,맑음,단일로 - 기타,자전거,남,34세,경상,승용,남,41세,상해없음
2015020600100515,2015년 2월 6일 20시,금요일,대구광역시 수성구 황금동,경상사고,0,0,1,0,차대사람 - 횡단중,보행자보호의무위반,건조,맑음,단일로 - 횡단보도상,승용,남,31세,상해없음,보행자,남,46세,경상
2015020600100516,2015년 2월 6일 20시,금요일,대구광역시 달서구 상인동,경상사고,0,0,1,0,차대차 - 기타,신호위반,건조,맑음,단일로 - 기타,승용,남,46세,상해없음,원동기,남,50세,경상
2015020600100517,2015년 2월 6일 20시,금요일,대구광역시 달서구 상인동,경상사고,0,0,2,0,차대차 - 추돌 - 진행중,안전운전불이행,건조,맑음,단일로 - 기타,승용,남,48세,상해없음,승용,여,44세,경상
2015020600100518,2015년 2월 6일 20시,금요일,대구광역시 달성군 논공읍,중상사고,0,1,0,0,차대차 - 측면직각충돌,안전운전불이행,건조,맑음,교차로 - 교차로안,승용,남,50세,기타불명,승용,남,56세,중상
2015020600100519,2015년 2월 6일 20시,금요일,대구광역시 달서구 성당동,경상사고,0,0,1,0,차대차 - 추돌 - 주정차중,안전운전불이행,건조,맑음,단일로 - 기타,승용,남,53세,상해없음,승용,여,26세,경상
2015020600100520,2015년 2월 6일 20시,금요일,대구광역시 달서구 이곡동,경상사고,0,0,1,0,차대차 - 측면직각충돌,신호위반,건조,맑음,교차로 - 교차로안,승용,남,54세,상해없음,승용,남,26세,경상
2015020600100521,2015년 2월 6일 20시,금요일,대구광역시 북구 구암동,경상사고,0,0,1,0,차대차 - 기타,안전운전불이행,건조,맑음,교차로 - 교차로안,승용,여,26세,상해없음,승용,여,42세,경상
2015020600100554,2015년 2월 6일 21시,금요일,대구광역시 달서구 월성동,경상사고,0,0,1,0,차대사람 - 기타,보행자보호의무위반,습기,맑음,기타 - 기타,승용,남,43세,상해없음,보행자,남,29세,경상
2015020600100582,2015년 2월 6일 22시,금요일,대구광역시 남구 봉덕동,경상사고,0,0,2,0,차대차 - 추돌 - 주정차중,안전운전불이행,건조,맑음,단일로 - 기타,승용,남,50세,상해없음,승용,남,51세,경상
2015020600100583,2015년 2월 6일 22시,금요일,대구광역시 수성구 범어동,경상사고,0,0,1,0,차대차 - 추돌 - 주정차중,안전운전불이행,건조,맑음,교차로 - 교차로부근,승용,남,27세,상해없음,승용,남,33세,경상
2015020600100584,2015년 2월 6일 22시,금요일,대구광역시 서구 내당동,경상사고,0,0,2,0,차대차 - 측면직각충돌,안전운전불이행,건조,맑음,단일로 - 기타,승용,남,49세,상해없음,승용,남,40세,경상
2015020600100585,2015년 2월 6일 22시,금요일,대구광역시 달서구 죽전동,경상사고,0,0,1,0,차대차 - 추돌 - 주정차중,안전운전불이행,건조,맑음,교차로 - 교차로부근,화물,남,42세,상해없음,화물,남,32세,경상
2015020600100586,2015년 2월 6일 22시,금요일,대구광역시 북구 구암동,경상사고,0,0,1,0,차대사람 - 길가장자리구역통행중,안전운전불이행,건조,맑음,기타 - 기타,기타불명,기타불명,기타불명,기타불명,보행자,여,57세,경상
2015020600100612,2015년 2월 6일 23시,금요일,대구광역시 중구 남산동,부상신고사고,0,0,0,1,차량단독 - 공작물충돌,안전운전불이행,건조,맑음,단일로 - 기타,이륜,남,43세,부상신고,,,,
2015020700100038,2015년 2월 7일 01시,토요일,대구광역시 수성구 매호동,중상사고,0,1,0,0,차대차 - 측면직각충돌,안전운전불이행,건조,맑음,교차로 - 교차로안,이륜,남,18세,중상,승용,남,39세,상해없음
2015020700100051,2015년 2월 7일 02시,토요일,대구광역시 수성구 범어동,경상사고,0,0,1,0,차대차 - 측면직각충돌,안전거리미확보,건조,맑음,단일로 - 기타,승용,남,21세,상해없음,승용,남,51세,경상
2015020700100063,2015년 2월 7일 03시,토요일,대구광역시 북구 태전동,경상사고,0,0,1,0,차대사람 - 길가장자리구역통행중,안전운전불이행,건조,맑음,단일로 - 기타,승합,남,41세,상해없음,보행자,남,30세,경상
2015020700100073,2015년 2월 7일 04시,토요일,대구광역시 동구 용계동,경상사고,0,0,1,0,차대차 - 추돌 - 주정차중,안전운전불이행,건조,맑음,단일로 - 기타,승용,여,36세,상해없음,승용,남,54세,경상
2015020700100074,2015년 2월 7일 04시,토요일,대구광역시 북구 매천동,부상신고사고,0,0,0,1,차대차 - 측면직각충돌,안전운전불이행,건조,맑음,단일로 - 기타,승용,남,26세,부상신고,화물,남,48세,상해없음
2015020700100110,2015년 2월 7일 07시,토요일,대구광역시 동구 신기동,사망사고,1,0,0,0,차량단독 - 기타,안전운전불이행,건조,맑음,단일로 - 기타,이륜,남,20세,사망,,,,
2015020700100126,2015년 2월 7일 08시,토요일,대구광역시 달서구 본동,경상사고,0,0,3,0,차대차 - 측면직각충돌,안전거리미확보,건조,맑음,단일로 - 기타,승용,여,32세,경상,승용,남,61세,경상
2015020700100141,2015년 2월 7일 09시,토요일,대구광역시 북구 매천동,경상사고,0,0,1,0,차대사람 - 길가장자리구역통행중,안전운전불이행,건조,맑음,단일로 - 기타,승용,남,63세,상해없음,보행자,남,61세,경상
2015020700100142,2015년 2월 7일 09시,토요일,대구광역시 북구 국우동,중상사고,0,1,0,0,차대차 - 기타,안전운전불이행,건조,맑음,교차로 - 교차로부근,화물,남,57세,상해없음,이륜,남,75세,중상
2015020700100172,2015년 2월 7일 10시,토요일,대구광역시 동구 불로동,경상사고,0,0,1,1,차대차 - 기타,신호위반,건조,맑음,교차로 - 교차로안,승용,남,58세,부상신고,화물,남,38세,경상
2015020700100203,2015년 2월 7일 11시,토요일,대구광역시 남구 대명동,중상사고,0,1,0,0,차대사람 - 기타,안전운전불이행,건조,맑음,교차로 - 교차로안,화물,남,52세,상해없음,보행자,여,58세,중상
2015020700100204,2015년 2월 7일 11시,토요일,대구광역시 동구 괴전동,경상사고,0,0,1,0,차대차 - 추돌 - 진행중,안전운전불이행,건조,맑음,단일로 - 기타,승용,여,23세,상해없음,승용,남,54세,경상
2015020700100205,2015년 2월 7일 11시,토요일,대구광역시 북구 산격동,경상사고,0,0,1,0,차대차 - 측면직각충돌,교차로운행방법위반,건조,맑음,교차로 - 교차로안,화물,남,55세,상해없음,승용,남,40세,경상
2015020700100222,2015년 2월 7일 12시,토요일,대구광역시 수성구 수성동1가,중상사고,0,1,3,0,차대차 - 측면직각충돌,안전거리미확보,건조,맑음,교차로 - 교차로부근,승용,남,58세,상해없음,승용,남,35세,경상
2015020700100223,2015년 2월 7일 12시,토요일,대구광역시 서구 평리동,부상신고사고,0,0,0,1,차대사람 - 길가장자리구역통행중,안전운전불이행,건조,맑음,단일로 - 기타,승용,여,37세,상해없음,보행자,남,47세,부상신고
2015020700100224,2015년 2월 7일 12시,토요일,대구광역시 서구 내당동,부상신고사고,0,0,0,1,차대차 - 기타,신호위반,건조,맑음,교차로 - 교차로부근,이륜,남,48세,부상신고,승용,여,48세,상해없음
2015020700100249,2015년 2월 7일 13시,토요일,대구광역시 서구 내당동,경상사고,0,0,1,0,차대차 - 측면직각충돌,안전거리미확보,건조,맑음,단일로 - 기타,승용,남,62세,상해없음,승용,남,67세,경상
2015020700100250,2015년 2월 7일 13시,토요일,대구광역시 달서구 장동,경상사고,0,0,1,0,차대차 - 측면직각충돌,교차로운행방법위반,건조,맑음,교차로 - 교차로안,승용,남,64세,상해없음,승용,남,54세,상해없음
2015020700100281,2015년 2월 7일 14시,토요일,대구광역시 동구 신암동,경상사고,0,0,2,0,차대차 - 측면직각충돌,안전운전불이행,건조,맑음,단일로 - 기타,승용,여,46세,경상,승용,남,52세,경상
2015020700100282,2015년 2월 7일 14시,토요일,대구광역시 서구 비산동,경상사고,0,0,1,0,차대차 - 기타,안전운전불이행,건조,맑음,교차로 - 교차로안,승용,여,32세,상해없음,자전거,남,58세,경상
2015020700100283,2015년 2월 7일 14시,토요일,대구광역시 서구 비산동,중상사고,0,1,0,0,차대차 - 측면직각충돌,신호위반,건조,맑음,교차로 - 교차로안,승용,남,58세,상해없음,화물,남,61세,중상
2015020700100306,2015년 2월 7일 15시,토요일,대구광역시 남구 대명동,중상사고,0,1,0,0,차대차 - 기타,안전운전불이행,건조,맑음,단일로 - 기타,승용,여,59세,중상,승용,남,71세,기타불명
2015020700100307,2015년 2월 7일 15시,토요일,대구광역시 동구 신암동,중상사고,0,1,0,0,차대차 - 측면직각충돌,안전운전불이행,건조,맑음,단일로 - 기타,승합,남,52세,상해없음,자전거,여,62세,중상
2015020700100308,2015년 2월 7일 15시,토요일,대구광역시 달성군 다사읍,중상사고,0,1,0,0,차대사람 - 기타,안전운전불이행,건조,맑음,단일로 - 기타,자전거,남,30세,중상,보행자,남,8세,상해없음
2015020700100309,2015년 2월 7일 15시,토요일,대구광역시 북구 침산동,경상사고,0,0,1,0,차대차 - 추돌 - 주정차중,안전운전불이행,건조,맑음,단일로 - 기타,승용,남,24세,상해없음,승용,남,33세,경상
2015020700100330,2015년 2월 7일 16시,토요일,대구광역시 동구 신암동,중상사고,0,1,0,0,차대차 - 기타,안전운전불이행,건조,맑음,단일로 - 기타,승용,남,63세,상해없음,이륜,남,74세,중상
2015020700100355,2015년 2월 7일 17시,토요일,대구광역시 북구 도남동,중상사고,0,2,0,1,차대차 - 측면직각충돌,안전운전불이행,건조,맑음,단일로 - 기타,승용,여,49세,부상신고,승용,남,35세,중상
2015020700100386,2015년 2월 7일 18시,토요일,대구광역시 달서구 진천동,경상사고,0,0,1,0,차대차 - 측면직각충돌,기타,건조,맑음,단일로 - 기타,승용,여,41세,상해없음,승합,남,26세,경상