사고번호,사고일시,요일,시군구,사고내용,사망자수,중상자수,경상자수,부상신고자수,사고유형,법규위반,노면상태,기상상태,도로형태,가해운전자 차종,가해운전자 성별,가해운전자 연령,가해운전자 상해정도,피해운전자 차종,피해운전자 성별,피해운전자 연령,피해운전자 상해정도
2015020700100387,2015년 2월 7일 18시,토요일,대구광역시 북구 산격동,경상사고,0,0,1,0,차대차 - 기타,안전운전불이행,건조,맑음,단일로 - 기타,승용,남,25세,상해없음,승용,남,55세,경상
2015020700100388,2015년 2월 7일 18시,토요일,대구광역시 서구 비산동,경상사고,0,0,1,0,차대사람 - 기타,안전운전불이행,건조,맑음,단일로 - 기타,승용,남,45세,상해없음,보행자,남,45세,경상
2015020700100389,2015년 2월 7일 18시,토요일,대구광역시 북구 태전동,경상사고,0,0,1,0,차대차 - 측면직각충돌,안전운전불이행,건조,맑음,교차로 - 교차로부근,승용,여,46세,상해없음,승용,여,45세,경상
2015020700100429,2015년 2월 7일 19시,토요일,대구광역시 수성구 대흥동,경상사고,0,0,2,0,차대차 - 추돌 - 진행중,안전운전불이행,건조,흐림,교차로 - 교차로부근,승용,남,42세,상해없음,승용,남,46세,경상
2015020700100430,2015년 2월 7일 19시,토요일,대구광역시 서구 비산동,부상신고사고,0,0,0,1,차대차 - 기타,안전운전불이행,건조,맑음,단일로 - 기타,승용,남,59세,부상신고,화물,남,36세,상해없음
2015020700100431,2015년 2월 7일 19시,토요일,대구광역시 중구 공평동,경상사고,0,0,1,0,차대사람 - 보도통행중,안전운전불이행,건조,맑음,단일로 - 기타,승용,남,43세,기타불명,보행자,여,21세,경상
2015020700100432,2015년 2월 7일 19시,토요일,대구광역시 중구 동산동,중상사고,0,1,0,0,차대차 - 기타,안전거리미확보,건조,맑음,단일로 - 기타,화물,남,57세,상해없음,이륜,남,69세,중상
2015020700100433,2015년 2월 7일 19시,토요일,대구광역시 달서구 용산동,중상사고,0,1,0,0,차대사람 - 횡단중,신호위반,건조,맑음,단일로 - 기타,승용,여,34세,상해없음,보행자,여,46세,중상
2015020700100457,2015년 2월 7일 20시,토요일,대구광역시 서구 평리동,부상신고사고,0,0,0,1,차대차 - 측면직각충돌,안전운전불이행,건조,맑음,교차로 - 교차로안,승용,남,58세,부상신고,승용,여,30세,상해없음
2015020700100487,2015년 2월 7일 21시,토요일,대구광역시 동구 불로동,경상사고,0,0,1,0,차대차 - 기타,안전거리미확보,건조,맑음,단일로 - 기타,승용,여,34세,상해없음,이륜,남,18세,경상
2015020700100513,2015년 2월 7일 22시,토요일,대구광역시 달서구 진천동,경상사고,0,0,1,0,차대차 - 측면직각충돌,안전운전불이행,건조,맑음,단일로 - 기타,승용,남,33세,상해없음,승용,남,52세,경상
2015020700100514,2015년 2월 7일 22시,토요일,대구광역시 달서구 상인동,경상사고,0,0,1,0,차대차 - 기타,신호위반,건조,맑음,교차로 - 교차로안,이륜,남,16세,상해없음,승용,남,29세,상해없음
2015020700100515,2015년 2월 7일 22시,토요일,대구광역시 달성군 다사읍,경상사고,0,0,1,0,차대차 - 추돌 - 진행중,안전운전불이행,건조,맑음,교차로 - 교차로부근,승용,남,37세,상해없음,승용,여,49세,경상
2015020700100536,2015년 2월 7일 23시,토요일,대구광역시 달서구 갈산동,경상사고,0,0,1,0,차대차 - 추돌 - 주정차중,안전운전불이행,건조,맑음,단일로 - 기타,승용,남,41세,상해없음,승용,남,58세,경상
2015020800100019,2015년 2월 8일 00시,일요일,대구광역시 북구 복현동,중상사고,0,1,1,0,차대차 - 추돌 - 주정차중,안전운전불이행,건조,맑음,단일로 - 기타,이륜,남,26세,중상,승용,남,50세,경상
2015020800100020,2015년 2월 8일 00시,일요일,대구광역시 달서구 호림동,경상사고,0,0,2,0,차대차 - 추돌 - 진행중,안전거리미확보,건조,맑음,단일로 - 기타,승용,남,29세,상해없음,승용,남,34세,경상
2015020800100038,2015년 2월 8일 01시,일요일,대구광역시 수성구 수성동1가,경상사고,0,0,2,0,차대차 - 측면직각충돌,안전거리미확보,건조,맑음,단일로 - 기타,승용,남,34세,상해없음,승용,여,34세,경상
2015020800100039,2015년 2월 8일 01시,일요일,대구광역시 달서구 용산동,경상사고,0,0,1,0,차대사람 - 횡단중,안전운전불이행,건조,맑음,단일로 - 횡단보도상,승용,남,48세,상해없음,보행자,남,23세,경상
2015020800100055,2015년 2월 8일 02시,일요일,대구광역시 서구 내당동,중상사고,0,2,0,0,차대사람 - 기타,안전운전불이행,건조,맑음,단일로 - 횡단보도상,화물,남,38세,상해없음,보행자,남,52세,중상
2015020800100056,2015년 2월 8일 02시,일요일,대구광역시 중구 동산동,경상사고,0,0,1,0,차대차 - 추돌 - 진행중,안전운전불이행,건조,맑음,교차로 - 교차로부근,승용,여,20세,상해없음,승용,남,65세,경상
2015020800100085,2015년 2월 8일 05시,일요일,대구광역시 중구 달성동,경상사고,0,0,2,0,차대차 - 추돌 - 진행중,안전운전불이행,건조,맑음,교차로 - 교차로부근,승용,남,30세,상해없음,승용,남,44세,경상
2015020800100108,2015년 2월 8일 07시,일요일,대구광역시 수성구 두산동,부상신고사고,0,0,0,1,차대사람 - 기타,안전운전불이행,건조,맑음,단일로 - 기타,승용,남,22세,상해없음,보행자,남,19세,부상신고
2015020800100146,2015년 2월 8일 10시,일요일,대구광역시 남구 대명동,경상사고,0,0,3,0,차대차 - 측면직각충돌,안전운전불이행,건조,맑음,단일로 - 기타,승용,남,43세,상해없음,승용,남,45세,경상
2015020800100147,2015년 2월 8일 10시,일요일,대구광역시 동구 신암동,경상사고,0,0,4,0,차대차 - 측면직각충돌,안전운전불이행,건조,맑음,단일로 - 기타,승용,남,59세,경상,승용,남,29세,경상
2015020800100165,2015년 2월 8일 11시,일요일,대구광역시 달서구 두류동,경상사고,0,0,1,0,차대사람 - 기타,보행자보호의무위반,건조,맑음,기타 - 기타,승용,남,56세,상해없음,보행자,남,52세,경상
2015020800100186,2015년 2월 8일 12시,일요일,대구광역시 남구 대명동,경상사고,0,0,1,0,차대차 - 추돌 - 주정차중,안전운전불이행,건조,맑음,단일로 - 기타,승용,남,42세,상해없음,승용,여,38세,경상
2015020800100187,2015년 2월 8일 12시,일요일,대구광역시 동구 율하동,중상사고,0,1,0,0,차대사람 - 기타,안전운전불이행,건조,맑음,교차로 - 교차로부근,승용,여,53세,상해없음,보행자,남,11세,중상
2015020800100188,2015년 2월 8일 12시,일요일,대구광역시 수성구 지산동,중상사고,0,1,1,0,차대차 - 추돌 - 주정차중,안전거리미확보,건조,맑음,교차로 - 교차로부근,승용,남,43세,상해없음,승용,남,56세,경상
2015020800100237,2015년 2월 8일 14시,일요일,대구광역시 동구 신서동,경상사고,0,0,4,0,차대차 - 추돌 - 주정차중,안전운전불이행,건조,맑음,교차로 - 교차로부근,승용,남,53세,상해없음,승용,남,44세,경상
2015020800100238,2015년 2월 8일 14시,일요일,대구광역시 달서구 상인동,경상사고,0,0,2,0,차대차 - 추돌 - 진행중,안전거리미확보,건조,맑음,단일로 - 기타,승용,여,23세,상해없음,승용,남,26세,경상
2015020800100239,2015년 2월 8일 14시,일요일,대구광역시 북구 침산동,중상사고,0,1,0,0,차대차 - 측면직각충돌,기타,건조,맑음,단일로 - 기타,승용,여,35세,상해없음,자전거,남,67세,중상
2015020800100240,2015년 2월 8일 14시,일요일,대구광역시 북구 침산동,중상사고,0,1,0,0,차대차 - 측면직각충돌,직진우회전진행방해,건조,맑음,교차로 - 교차로안,승용,남,45세,상해없음,원동기,남,34세,중상
2015020800100265,2015년 2월 8일 15시,일요일,대구광역시 남구 이천동,중상사고,0,1,0,0,차량단독 - 전도전복,안전운전불이행,건조,맑음,교차로 - 교차로부근,이륜,남,22세,중상,,,,
2015020800100267,2015년 2월 8일 15시,일요일,대구광역시 중구 공평동,경상사고,0,0,1,0,차대사람 - 기타,안전운전불이행,건조,맑음,단일로 - 기타,승용,여,49세,상해없음,보행자,여,60세,경상
2015020800100318,2015년 2월 8일 17시,일요일,대구광역시 수성구 매호동,경상사고,0,0,1,0,차대차 - 추돌 - 주정차중,안전운전불이행,건조,맑음,단일로 - 기타,승용,여,49세,상해없음,승용,여,42세,경상
2015020800100346,2015년 2월 8일 18시,일요일,대구광역시 서구 중리동,경상사고,0,0,1,0,차대차 - 기타,교차로운행방법위반,건조,맑음,교차로 - 교차로안,기타불명,기타불명,기타불명,기타불명,승용,여,55세,경상
2015020800100347,2015년 2월 8일 18시,일요일,대구광역시 달서구 용산동,경상사고,0,0,1,0,차대차 - 측면직각충돌,안전운전불이행,건조,맑음,단일로 - 기타,승용,남,44세,상해없음,승용,남,53세,경상
2015020800100380,2015년 2월 8일 19시,일요일,대구광역시 수성구 범어동,중상사고,0,2,1,0,차대차 - 기타,신호위반,건조,맑음,교차로 - 교차로안,승합,남,63세,상해없음,승용,남,30세,중상
2015020800100381,2015년 2월 8일 19시,일요일,대구광역시 수성구 두산동,중상사고,0,1,1,0,차대차 - 기타,안전운전불이행,건조,맑음,교차로 - 교차로안,승용,남,52세,상해없음,승용,남,42세,경상
2015020800100410,2015년 2월 8일 20시,일요일,대구광역시 달성군 논공읍,경상사고,0,0,3,0,차대차 - 측면직각충돌,안전운전불이행,건조,맑음,단일로 - 기타,이륜,남,37세,경상,승용,남,55세,경상
2015020800100411,2015년 2월 8일 20시,일요일,대구광역시 서구 비산동,경상사고,0,0,1,0,차대사람 - 횡단중,안전운전불이행,건조,맑음,교차로 - 교차로안,승용,남,44세,상해없음,보행자,여,48세,경상
2015020800100412,2015년 2월 8일 20시,일요일,대구광역시 달서구 이곡동,경상사고,0,0,1,0,차대사람 - 횡단중,안전운전불이행,건조,맑음,단일로 - 기타,승용,남,37세,상해없음,보행자,남,49세,경상
2015020800100440,2015년 2월 8일 21시,일요일,대구광역시 남구 이천동,중상사고,0,1,0,0,차대차 - 기타,안전운전불이행,건조,맑음,교차로 - 교차로안,승용,남,64세,상해없음,승용,남,67세,중상
2015020800100459,2015년 2월 8일 22시,일요일,대구광역시 달서구 상인동,경상사고,0,0,1,0,차대차 - 기타,중앙선침범,건조,맑음,교차로 - 교차로부근,자전거,남,15세,상해없음,원동기,남,17세,경상
2015020800100470,2015년 2월 8일 23시,일요일,대구광역시 수성구 지산동,경상사고,0,0,2,0,차대차 - 측면직각충돌,교차로운행방법위반,건조,맑음,교차로 - 교차로안,승용,남,65세,상해없음,승용,남,49세,경상
2015020900100007,2015년 2월 9일 00시,월요일,대구광역시 서구 내당동,경상사고,0,0,1,1,차대차 - 기타,안전운전불이행,건조,맑음,교차로 - 교차로안,이륜,남,44세,부상신고,승용,남,52세,경상
2015020900100013,2015년 2월 9일 01시,월요일,대구광역시 동구 효목동,경상사고,0,0,1,0,차대차 - 측면직각충돌,교차로운행방법위반,건조,맑음,교차로 - 교차로안,승용,남,52세,상해없음,승용,남,68세,경상
2015020900100018,2015년 2월 9일 02시,월요일,대구광역시 달성군 다사읍,경상사고,0,0,1,0,차량단독 - 공작물충돌,안전운전불이행,건조,맑음,단일로 - 기타,승용,남,28세,경상,,,,
2015020900100027,2015년 2월 9일 04시,월요일,대구광역시 북구 침산동,중상사고,0,1,0,0,차대차 - 측면직각충돌,교차로운행방법위반,건조,맑음,교차로 - 교차로안,승용,남,23세,상해없음,이륜,남,44세,중상
2015020900100038,2015년 2월 9일 05시,월요일,대구광역시 서구 내당동,중상사고,0,1,0,0,차대사람 - 기타,신호위반,건조,맑음,단일로 - 횡단보도상,승용,남,61세,상해없음,보행자,여,59세,중상
2015020900100039,2015년 2월 9일 05시,월요일,대구광역시 중구 동산동,경상사고,0,0,1,0,차대차 - 추돌 - 주정차중,안전운전불이행,건조,맑음,단일로 - 기타,승용,남,29세,상해없음,승용,남,31세,경상
2015020900100056,2015년 2월 9일 06시,월요일,대구광역시 북구 학정동,중상사고,0,1,0,0,차대사람 - 횡단중,보행자보호의무위반,건조,맑음,단일로 - 횡단보도상,승용,남,27세,상해없음,보행자,여,27세,중상
2015020900100077,2015년 2월 9일 07시,월요일,대구광역시 달성군 옥포면,중상사고,0,1,0,0,차대차 - 추돌 - 진행중,안전운전불이행,건조,맑음,단일로 - 기타,승용,남,30세,상해없음,승용,여,23세,중상
2015020900100119,2015년 2월 9일 08시,월요일,대구광역시 동구 지묘동,중상사고,0,1,0,0,차량단독 - 전도전복,안전운전불이행,건조,맑음,단일로 - 기타,승용,남,35세,중상,,,,
2015020900100120,2015년 2월 9일 08시,월요일,대구광역시 동구 효목동,경상사고,0,0,1,0,차대사람 - 기타,안전운전불이행,건조,맑음,기타 - 기타,승용,남,44세,상해없음,보행자,여,81세,경상
2015020900100121,2015년 2월 9일 08시,월요일,대구광역시 서구 평리동,중상사고,0,1,1,0,차대차 - 정면충돌,중앙선침범,건조,맑음,단일로 - 기타,승용,남,36세,상해없음,승용,여,60세,중상
2015020900100122,2015년 2월 9일 08시,월요일,대구광역시 중구 남산동,경상사고,0,0,1,0,차대사람 - 횡단중,안전운전불이행,건조,맑음,단일로 - 횡단보도부근,승용,여,52세,상해없음,보행자,남,7세,경상
2015020900100150,2015년 2월 9일 09시,월요일,대구광역시 동구 신천동,경상사고,0,0,1,0,차대차 - 기타,안전거리미확보,건조,맑음,교차로 - 교차로안,화물,남,49세,상해없음,승용,남,77세,경상
2015020900100151,2015년 2월 9일 09시,월요일,대구광역시 수성구 범물동,경상사고,0,0,1,0,차대차 - 측면직각충돌,직진우회전진행방해,건조,맑음,교차로 - 교차로안,승용,여,35세,상해없음,승용,남,49세,경상
2015020900100175,2015년 2월 9일 10시,월요일,대구광역시 수성구 신매동,중상사고,0,2,0,0,차대차 - 측면직각충돌,안전거리미확보,건조,맑음,단일로 - 기타,승용,남,62세,상해없음,승용,남,22세,중상
2015020900100176,2015년 2월 9일 10시,월요일,대구광역시 북구 복현동,중상사고,0,1,0,0,차대사람 - 기타,보행자보호의무위반,건조,맑음,교차로 - 교차로부근,이륜,남,63세,상해없음,보행자,남,76세,중상
2015020900100177,2015년 2월 9일 10시,월요일,대구광역시 중구 태평로2가,경상사고,0,0,1,0,차대차 - 추돌 - 진행중,안전운전불이행,건조,맑음,교차로 - 교차로부근,화물,남,62세,상해없음,자전거,남,70세,경상
2015020900100223,2015년 2월 9일 12시,월요일,대구광역시 북구 읍내동,중상사고,0,4,2,1,차대차 - 추돌 - 주정차중,안전운전불이행,건조,맑음,단일로 - 기타,건설기계,남,38세,상해없음,승용,남,42세,중상
2015020900100253,2015년 2월 9일 13시,월요일,대구광역시 남구 봉덕동,중상사고,0,1,3,0,차대차 - 추돌 - 진행중,안전운전불이행,건조,맑음,교차로 - 교차로부근,승용,남,54세,상해없음,승용,여,34세,경상
2015020900100254,2015년 2월 9일 13시,월요일,대구광역시 달서구 본동,경상사고,0,0,1,0,차대차 - 기타,안전운전불이행,건조,맑음,교차로 - 교차로안,자전거,남,13세,경상,이륜,남,32세,상해없음
2015020900100255,2015년 2월 9일 13시,월요일,대구광역시 북구 침산동,중상사고,0,1,0,0,차대차 - 기타,안전운전불이행,건조,맑음,교차로 - 교차로안,원동기,남,47세,중상,화물,남,55세,상해없음
2015020900100316,2015년 2월 9일 15시,월요일,대구광역시 수성구 만촌동,경상사고,0,0,1,0,차대사람 - 길가장자리구역통행중,안전운전불이행,건조,맑음,단일로 - 기타,승용,여,46세,상해없음,보행자,남,17세,경상
2015020900100317,2015년 2월 9일 15시,월요일,대구광역시 서구 평리동,중상사고,0,1,0,0,차대사람 - 기타,기타,건조,맑음,단일로 - 기타,승용,남,74세,상해없음,보행자,여,72세,중상
2015020900100373,2015년 2월 9일 16시,월요일,대구광역시 달서구 송현동,경상사고,0,0,1,0,차대차 - 측면직각충돌,안전운전불이행,건조,맑음,교차로 - 교차로부근,원동기,남,66세,경상,승합,여,40세,상해없음
2015020900100375,2015년 2월 9일 16시,월요일,대구광역시 서구 원대동1가,중상사고,0,1,0,0,차대사람 - 기타,안전운전불이행,건조,맑음,단일로 - 기타,화물,남,72세,상해없음,보행자,여,8세,중상
2015020900100428,2015년 2월 9일 17시,월요일,대구광역시 달성군 논공읍,중상사고,0,1,0,0,차대차 - 측면직각충돌,안전운전불이행,건조,맑음,단일로 - 기타,승합,여,41세,상해없음,이륜,남,51세,중상
2015020900100488,2015년 2월 9일 18시,월요일,대구광역시 달서구 상인동,경상사고,0,0,1,0,차대사람 - 기타,기타,건조,맑음,단일로 - 기타,승용,여,52세,상해없음,보행자,남,11세,경상
2015020900100489,2015년 2월 9일 18시,월요일,대구광역시 서구 원대동3가,부상신고사고,0,0,0,1,차대차 - 기타,기타,건조,맑음,단일로 - 기타,승용,남,44세,부상신고,승합,남,57세,상해없음
2015020900100490,2015년 2월 9일 18시,월요일,대구광역시 중구 동인동1가,경상사고,0,0,1,0,차대차 - 추돌 - 진행중,안전거리미확보,건조,맑음,교차로 - 교차로부근,승합,남,56세,상해없음,이륜,남,41세,경상
2015020900100534,2015년 2월 9일 19시,월요일,대구광역시 달서구 상인동,경상사고,0,0,1,0,차대차 - 측면직각충돌,안전운전불이행,건조,맑음,단일로 - 기타,승합,남,59세,상해없음,승용,남,66세,경상
2015020900100535,2015년 2월 9일 19시,월요일,대구광역시 달서구 용산동,경상사고,0,0,1,0,차대차 - 추돌 - 진행중,안전거리미확보,건조,맑음,교차로 - 교차로안,화물,남,39세,상해없음,승용,남,36세,경상
2015020900100536,2015년 2월 9일 19시,월요일,대구광역시 달서구 신당동,중상사고,0,1,0,0,차대차 - 기타,안전운전불이행,건조,맑음,교차로 - 교차로안,자전거,여,22세,중상,승용,남,34세,기타불명
2015020900100574,2015년 2월 9일 20시,월요일,대구광역시 북구 구암동,경상사고,0,0,3,0,차대차 - 추돌 - 진행중,안전운전불이행,건조,맑음,교차로 - 교차로부근,승용,남,19세,상해없음,승용,여,36세,경상
2015020900100575,2015년 2월 9일 20시,월요일,대구광역시 북구 동천동,중상사고,0,1,0,0,차대차 - 측면직각충돌,안전운전불이행,건조,맑음,단일로 - 기타,이륜,남,16세,중상,승용,남,51세,상해없음
2015020900100603,2015년 2월 9일 21시,월요일,대구광역시 남구 대명동,경상사고,0,0,1,0,차대차 - 측면직각충돌,신호위반,건조,맑음,교차로 - 교차로안,승용,남,61세,상해없음,승용,남,47세,경상
2015020900100625,2015년 2월 9일 22시,월요일,대구광역시 수성구 만촌동,중상사고,0,2,0,0,차대차 - 측면직각충돌,교차로운행방법위반,건조,맑음,교차로 - 교차로안,이륜,남,16세,중상,자전거,여,29세,중상
2015020900100626,2015년 2월 9일 22시,월요일,대구광역시 수성구 파동,경상사고,0,0,1,0,차량단독 - 공작물충돌,안전운전불이행,건조,맑음,단일로 - 교량,승용,남,48세,상해없음,,,,
2015020900100652,2015년 2월 9일 23시,월요일,대구광역시 동구 방촌동,경상사고,0,0,3,0,차대차 - 추돌 - 진행중,안전운전불이행,건조,맑음,교차로 - 교차로부근,승용,여,37세,상해없음,승용,남,42세,경상
2015021000100034,2015년 2월 10일 02시,화요일,대구광역시 달서구 대천동,중상사고,0,1,1,0,차대차 - 측면직각충돌,교차로운행방법위반,건조,맑음,교차로 - 교차로안,화물,남,60세,중상,화물,남,26세,경상
2015021000100091,2015년 2월 10일 07시,화요일,대구광역시 달성군 화원읍,경상사고,0,0,2,0,차대차 - 측면직각충돌,안전운전불이행,건조,맑음,교차로 - 교차로안,화물,남,31세,상해없음,승용,남,63세,경상
2015021000100120,2015년 2월 10일 08시,화요일,대구광역시 남구 대명동,경상사고,0,0,2,0,차대차 - 추돌 - 주정차중,안전운전불이행,건조,맑음,단일로 - 기타,승용,남,51세,상해없음,승용,남,37세,경상
2015021000100121,2015년 2월 10일 08시,화요일,대구광역시 서구 내당동,부상신고사고,0,0,0,1,차대차 - 측면직각충돌,안전운전불이행,건조,맑음,단일로 - 기타,이륜,남,38세,부상신고,화물,남,45세,상해없음
2015021000100176,2015년 2월 10일 10시,화요일,대구광역시 북구 동천동,중상사고,0,1,0,1,차대차 - 측면직각충돌,신호위반,건조,맑음,교차로 - 교차로안,승용,여,45세,부상신고,승용,여,47세,중상
2015021000100203,2015년 2월 10일 11시,화요일,대구광역시 북구 구암동,경상사고,0,0,1,0,차대차 - 추돌 - 주정차중,안전운전불이행,건조,맑음,단일로 - 기타,승용,여,45세,상해없음,승합,남,45세,경상
2015021000100220,2015년 2월 10일 12시,화요일,대구광역시 북구 노원동1가,중상사고,0,1,0,0,차대차 - 기타,안전운전불이행,건조,맑음,단일로 - 횡단보도상,화물,남,47세,상해없음,원동기,남,66세,중상
2015021000100240,2015년 2월 10일 13시,화요일,대구광역시 달서구 송현동,부상신고사고,0,0,0,2,차대차 - 측면직각충돌,안전거리미확보,건조,맑음,단일로 - 기타,승용,여,50세,상해없음,이륜,남,17세,부상신고
2015021000100241,2015년 2월 10일 13시,화요일,대구광역시 북구 학정동,중상사고,0,1,1,0,차대차 - 측면직각충돌,직진우회전진행방해,건조,맑음,교차로 - 교차로안,승용,여,42세,경상,승용,남,69세,중상
2015021000100273,2015년 2월 10일 14시,화요일,대구광역시 북구 검단동,중상사고,0,2,0,0,차대차 - 측면직각충돌,안전운전불이행,건조,맑음,단일로 - 기타,승용,남,19세,상해없음,화물,남,68세,중상
2015021000100278,2015년 2월 10일 14시,화요일,대구광역시 달성군 하빈면,경상사고,0,0,1,0,차대차 - 측면직각충돌,안전운전불이행,건조,맑음,교차로 - 교차로안,화물,남,60세,상해없음,자전거,남,15세,경상
2015021000100308,2015년 2월 10일 15시,화요일,대구광역시 달서구 상인동,중상사고,0,1,0,0,차대사람 - 보도통행중,기타,건조,맑음,단일로 - 기타,자전거,남,75세,상해없음,보행자,여,63세,중상
2015021000100334,2015년 2월 10일 16시,화요일,대구광역시 동구 불로동,경상사고,0,0,1,0,차대차 - 기타,안전운전불이행,건조,맑음,교차로 - 교차로부근,승용,남,40세,상해없음,화물,남,23세,경상
2015021000100361,2015년 2월 10일 17시,화요일,대구광역시 서구 내당동,중상사고,0,1,0,0,차대차 - 측면직각충돌,안전거리미확보,건조,맑음,교차로 - 교차로부근,이륜,여,58세,중상,승용,여,35세,상해없음
2015021000100362,2015년 2월 10일 17시,화요일,대구광역시 달서구 파호동,사망사고,1,0,0,0,차대차 - 기타,안전운전불이행,건조,맑음,교차로 - 교차로안,건설기계,남,48세,상해없음,자전거,여,32세,사망
2015021000100397,2015년 2월 10일 18시,화요일,대구광역시 동구 신천동,중상사고,0,1,0,0,차대사람 - 기타,안전운전불이행,건조,맑음,단일로 - 기타,승용,여,32세,상해없음,보행자,남,16세,중상
2015021000100398,2015년 2월 10일 18시,화요일,대구광역시 북구 산격동,경상사고,0,0,1,0,차대차 - 기타,안전거리미확보,건조,맑음,교차로 - 교차로부근,이륜,남,34세,경상,승용,남,48세,상해없음
2015021000100439,2015년 2월 10일 19시,화요일,대구광역시 동구 불로동,경상사고,0,0,1,0,차대차 - 기타,안전운전불이행,건조,맑음,단일로 - 기타,이륜,남,19세,상해없음,승합,남,44세,상해없음
2015021000100440,2015년 2월 10일 19시,화요일,대구광역시 동구 신암동,경상사고,0,0,1,0,차대차 - 추돌 - 주정차중,안전운전불이행,건조,맑음,교차로 - 교차로부근,화물,남,50세,상해없음,승용,남,62세,경상
2015021000100441,2015년 2월 10일 19시,화요일,대구광역시 동구 방촌동,경상사고,0,0,1,0,차대차 - 추돌 - 진행중,안전거리미확보,건조,맑음,단일로 - 교량,승용,남,60세,상해없음,승용,여,54세,경상
2015021000100442,2015년 2월 10일 19시,화요일,대구광역시 수성구 연호동,중상사고,0,1,2,0,차대차 - 측면직각충돌,신호위반,건조,맑음,교차로 - 교차로안,승용,여,54세,경상,승용,남,30세,중상
2015021000100443,2015년 2월 10일 19시,화요일,대구광역시 달서구 송현동,경상사고,0,0,2,0,차대차 - 기타,안전거리미확보,건조,맑음,단일로 - 기타,승용,남,40세,상해없음,승용,여,39세,경상
2015021000100444,2015년 2월 10일 19시,화요일,대구광역시 북구 동천동,부상신고사고,0,0,0,1,차대차 - 추돌 - 진행중,안전운전불이행,건조,맑음,단일로 - 기타,원동기,남,18세,부상신고,승용,여,46세,상해없음
2015021000100475,2015년 2월 10일 20시,화요일,대구광역시 수성구 수성동1가,경상사고,0,0,1,0,차대차 - 추돌 - 진행중,안전거리미확보,건조,맑음,단일로 - 기타,승용,남,21세,상해없음,이륜,남,52세,경상
2015021000100503,2015년 2월 10일 21시,화요일,대구광역시 달서구 상인동,경상사고,0,0,1,1,차대차 - 추돌 - 주정차중,안전운전불이행,건조,맑음,단일로 - 기타,승용,남,46세,상해없음,화물,남,46세,경상
2015021000100504,2015년 2월 10일 21시,화요일,대구광역시 북구 고성동2가,경상사고,0,0,2,0,차대차 - 측면직각충돌,교차로운행방법위반,건조,맑음,교차로 - 교차로안,승용,여,56세,상해없음,승용,여,30세,경상
2015021000100547,2015년 2월 10일 22시,화요일,대구광역시 수성구 범물동,경상사고,0,0,2,0,차대차 - 추돌 - 진행중,안전운전불이행,건조,맑음,단일로 - 기타,승용,여,26세,상해없음,승용,남,30세,경상
2015021000100548,2015년 2월 10일 22시,화요일,대구광역시 수성구 중동,경상사고,0,0,3,0,차대차 - 추돌 - 주정차중,안전운전불이행,건조,맑음,단일로 - 기타,승용,남,42세,상해없음,승용,남,41세,경상
2015021000100549,2015년 2월 10일 22시,화요일,대구광역시 달서구 도원동,중상사고,0,1,0,0,차대사람 - 기타,안전운전불이행,건조,맑음,단일로 - 기타,승용,남,27세,상해없음,보행자,남,68세,중상
2015021000100575,2015년 2월 10일 23시,화요일,대구광역시 동구 신암동,경상사고,0,0,1,0,차대차 - 추돌 - 주정차중,안전운전불이행,건조,맑음,단일로 - 기타,이륜,남,22세,상해없음,승용,남,24세,경상
2015021000100576,2015년 2월 10일 23시,화요일,대구광역시 수성구 신매동,중상사고,0,2,0,0,차대차 - 추돌 - 주정차중,안전운전불이행,건조,맑음,교차로 - 교차로부근,승용,남,46세,상해없음,승용,여,26세,중상
2015021000100577,2015년 2월 10일 23시,화요일,대구광역시 달서구 월성동,경상사고,0,0,1,0,차대차 - 측면직각충돌,안전운전불이행,건조,맑음,단일로 - 기타,승용,남,43세,상해없음,승용,남,30세,경상
2015021100100018,2015년 2월 11일 00시,수요일,대구광역시 동구 신암동,경상사고,0,0,1,0,차대차 - 측면직각충돌,신호위반,건조,맑음,교차로 - 교차로안,승용,남,54세,상해없음,승용,남,57세,경상
2015021100100019,2015년 2월 11일 00시,수요일,대구광역시 수성구 범물동,경상사고,0,0,1,0,차대차 - 추돌 - 진행중,안전운전불이행,건조,맑음,단일로 - 기타,승용,여,44세,상해없음,승용,여,55세,경상
2015021100100020,2015년 2월 11일 00시,수요일,대구광역시 달서구 용산동,경상사고,0,0,1,0,차대차 - 기타,안전거리미확보,건조,맑음,단일로 - 기타,승용,남,53세,상해없음,승용,남,36세,상해없음
2015021100100066,2015년 2월 11일 04시,수요일,대구광역시 중구 삼덕동1가,경상사고,0,0,1,0,차대사람 - 기타,안전운전불이행,건조,맑음,단일로 - 기타,승용,남,24세,상해없음,보행자,남,18세,경상
2015021100100087,2015년 2월 11일 06시,수요일,대구광역시 중구 태평로1가,경상사고,0,0,1,1,차대차 - 측면직각충돌,안전운전불이행,건조,맑음,교차로 - 교차로안,승용,남,26세,부상신고,승용,남,46세,경상
2015021100100104,2015년 2월 11일 07시,수요일,대구광역시 동구 신암동,경상사고,0,0,2,0,차대차 - 기타,안전운전불이행,건조,맑음,교차로 - 교차로안,이륜,남,14세,상해없음,이륜,남,17세,경상
2015021100100105,2015년 2월 11일 07시,수요일,대구광역시 동구 용계동,중상사고,0,1,0,0,차대차 - 측면직각충돌,안전운전불이행,건조,맑음,단일로 - 기타,화물,남,55세,상해없음,승합,남,54세,상해없음
2015021100100106,2015년 2월 11일 07시,수요일,대구광역시 중구 장관동,중상사고,0,1,0,0,차대차 - 측면직각충돌,교차로운행방법위반,건조,맑음,교차로 - 교차로안,승용,남,32세,상해없음,자전거,여,24세,중상