사고번호,사고일시,요일,시군구,사고내용,사망자수,중상자수,경상자수,부상신고자수,사고유형,법규위반,노면상태,기상상태,도로형태,가해운전자 차종,가해운전자 성별,가해운전자 연령,가해운전자 상해정도,피해운전자 차종,피해운전자 성별,피해운전자 연령,피해운전자 상해정도
2015021400100162,2015년 2월 14일 08시,토요일,대구광역시 북구 침산동,경상사고,0,0,1,0,차대차 - 기타,기타,건조,맑음,단일로 - 기타,승용,남,63세,상해없음,자전거,여,54세,경상
2015021400100193,2015년 2월 14일 09시,토요일,대구광역시 동구 신서동,부상신고사고,0,0,0,1,차대차 - 측면직각충돌,안전거리미확보,건조,맑음,단일로 - 기타,자전거,여,56세,부상신고,승용,남,38세,상해없음
2015021400100218,2015년 2월 14일 10시,토요일,대구광역시 북구 칠성동2가,경상사고,0,0,2,0,차대차 - 측면직각충돌,안전거리미확보,건조,맑음,단일로 - 기타,건설기계,남,59세,상해없음,승용,남,51세,경상
2015021400100219,2015년 2월 14일 10시,토요일,대구광역시 북구 태전동,경상사고,0,0,4,0,차대차 - 추돌 - 진행중,안전운전불이행,건조,맑음,단일로 - 기타,승용,여,40세,상해없음,승용,여,37세,경상
2015021400100245,2015년 2월 14일 11시,토요일,대구광역시 수성구 지산동,중상사고,0,1,0,0,차대차 - 측면직각충돌,교차로운행방법위반,건조,맑음,교차로 - 교차로안,화물,남,36세,상해없음,이륜,남,78세,중상
2015021400100246,2015년 2월 14일 11시,토요일,대구광역시 북구 팔달동,경상사고,0,0,1,0,차대사람 - 횡단중,신호위반,건조,맑음,단일로 - 횡단보도상,승용,남,23세,상해없음,보행자,여,12세,경상
2015021400100274,2015년 2월 14일 12시,토요일,대구광역시 수성구 지산동,중상사고,0,1,0,0,차대사람 - 기타,안전운전불이행,건조,맑음,단일로 - 기타,승용,남,70세,상해없음,보행자,남,12세,중상
2015021400100275,2015년 2월 14일 12시,토요일,대구광역시 달성군 옥포면,경상사고,0,0,1,0,차대차 - 측면직각충돌,신호위반,건조,맑음,교차로 - 교차로안,승합,남,64세,경상,화물,남,59세,상해없음
2015021400100276,2015년 2월 14일 12시,토요일,대구광역시 북구 칠성동2가,경상사고,0,0,1,0,차대차 - 추돌 - 주정차중,안전거리미확보,건조,맑음,단일로 - 기타,승용,남,46세,상해없음,승용,남,53세,상해없음
2015021400100277,2015년 2월 14일 12시,토요일,대구광역시 중구 서문로2가,경상사고,0,0,1,0,차대차 - 기타,중앙선침범,건조,맑음,단일로 - 기타,승용,남,58세,상해없음,승합,남,66세,상해없음
2015021400100314,2015년 2월 14일 13시,토요일,대구광역시 동구 입석동,경상사고,0,0,1,0,차대차 - 기타,교차로운행방법위반,건조,맑음,교차로 - 교차로안,승용,남,21세,상해없음,이륜,남,22세,경상
2015021400100315,2015년 2월 14일 13시,토요일,대구광역시 달서구 이곡동,경상사고,0,0,1,0,차대차 - 추돌 - 주정차중,안전운전불이행,건조,맑음,단일로 - 기타,승용,남,33세,상해없음,승용,남,44세,상해없음
2015021400100340,2015년 2월 14일 14시,토요일,대구광역시 수성구 수성동4가,부상신고사고,0,0,0,1,차량단독 - 공작물충돌,안전운전불이행,건조,맑음,단일로 - 기타,승용,남,51세,부상신고,,,,
2015021400100341,2015년 2월 14일 14시,토요일,대구광역시 수성구 지산동,경상사고,0,0,1,0,차대차 - 추돌 - 주정차중,안전운전불이행,건조,맑음,단일로 - 기타,이륜,남,44세,상해없음,자전거,남,19세,경상
2015021400100342,2015년 2월 14일 14시,토요일,대구광역시 달서구 월성동,경상사고,0,0,2,0,차대차 - 기타,안전거리미확보,건조,맑음,단일로 - 기타,화물,남,50세,상해없음,이륜,남,17세,경상
2015021400100343,2015년 2월 14일 14시,토요일,대구광역시 달서구 용산동,부상신고사고,0,0,0,1,차대차 - 측면직각충돌,교차로운행방법위반,건조,맑음,교차로 - 교차로안,승용,여,48세,상해없음,자전거,남,66세,부상신고
2015021400100366,2015년 2월 14일 15시,토요일,대구광역시 서구 비산동,부상신고사고,0,0,0,1,차대차 - 측면직각충돌,안전운전불이행,건조,맑음,교차로 - 교차로안,자전거,남,16세,부상신고,승용,남,38세,상해없음
2015021400100367,2015년 2월 14일 15시,토요일,대구광역시 달서구 본리동,중상사고,0,1,0,0,차대사람 - 횡단중,보행자보호의무위반,건조,맑음,단일로 - 횡단보도상,승용,남,34세,상해없음,보행자,남,19세,중상
2015021400100368,2015년 2월 14일 15시,토요일,대구광역시 북구 읍내동,중상사고,0,1,0,0,차량단독 - 전도전복,기타,건조,맑음,단일로 - 기타,승합,남,55세,상해없음,,,,
2015021400100398,2015년 2월 14일 16시,토요일,대구광역시 남구 대명동,경상사고,0,0,1,0,차대사람 - 횡단중,안전운전불이행,건조,맑음,단일로 - 기타,승용,남,31세,상해없음,보행자,남,66세,경상
2015021400100399,2015년 2월 14일 16시,토요일,대구광역시 동구 불로동,중상사고,0,1,0,0,차대차 - 기타,안전거리미확보,건조,맑음,단일로 - 기타,승용,남,60세,상해없음,승합,남,44세,상해없음
2015021400100400,2015년 2월 14일 16시,토요일,대구광역시 북구 산격동,경상사고,0,0,1,0,차량단독 - 기타,안전운전불이행,건조,맑음,단일로 - 기타,승합,남,45세,상해없음,,,,
2015021400100467,2015년 2월 14일 18시,토요일,대구광역시 동구 동호동,경상사고,0,0,1,0,차대차 - 기타,교차로운행방법위반,건조,맑음,단일로 - 기타,승용,남,35세,상해없음,이륜,남,16세,경상
2015021400100468,2015년 2월 14일 18시,토요일,대구광역시 중구 공평동,경상사고,0,0,2,0,차대차 - 기타,안전운전불이행,건조,맑음,단일로 - 기타,승용,남,26세,기타불명,승합,남,56세,경상
2015021400100469,2015년 2월 14일 18시,토요일,대구광역시 동구 신천동,경상사고,0,0,3,1,차대차 - 추돌 - 진행중,안전거리미확보,건조,흐림,단일로 - 기타,승용,남,58세,상해없음,승용,남,28세,경상
2015021400100470,2015년 2월 14일 18시,토요일,대구광역시 달서구 용산동,경상사고,0,0,2,0,차대차 - 측면직각충돌,안전거리미확보,건조,맑음,교차로 - 교차로부근,승용,남,52세,상해없음,이륜,남,17세,경상
2015021400100503,2015년 2월 14일 19시,토요일,대구광역시 중구 봉산동,부상신고사고,0,0,0,1,차대사람 - 차도통행중,안전운전불이행,건조,맑음,단일로 - 기타,기타불명,기타불명,기타불명,기타불명,보행자,여,14세,부상신고
2015021400100504,2015년 2월 14일 19시,토요일,대구광역시 북구 서변동,중상사고,0,1,0,0,차대차 - 측면직각충돌,안전운전불이행,건조,맑음,교차로 - 교차로안,승용,남,39세,상해없음,원동기,남,23세,중상
2015021400100539,2015년 2월 14일 20시,토요일,대구광역시 동구 신기동,경상사고,0,0,3,0,차대차 - 기타,안전운전불이행,건조,맑음,단일로 - 기타,승용,남,32세,상해없음,승용,여,57세,경상
2015021400100540,2015년 2월 14일 20시,토요일,대구광역시 달성군 화원읍,경상사고,0,0,1,0,차대사람 - 차도통행중,안전운전불이행,건조,맑음,단일로 - 기타,승용,남,50세,상해없음,보행자,남,44세,경상
2015021400100578,2015년 2월 14일 21시,토요일,대구광역시 달성군 다사읍,경상사고,0,0,3,0,차대차 - 추돌 - 진행중,안전운전불이행,건조,맑음,교차로 - 교차로부근,승용,남,43세,상해없음,승용,남,44세,경상
2015021400100579,2015년 2월 14일 21시,토요일,대구광역시 북구 산격동,경상사고,0,0,1,0,차대차 - 기타,안전운전불이행,건조,맑음,단일로 - 기타,승용,남,64세,상해없음,승합,남,50세,상해없음
2015021400100613,2015년 2월 14일 22시,토요일,대구광역시 달서구 송현동,경상사고,0,0,1,0,차대사람 - 횡단중,안전운전불이행,건조,맑음,단일로 - 기타,승용,여,45세,상해없음,보행자,여,51세,경상
2015021400100614,2015년 2월 14일 22시,토요일,대구광역시 달서구 상인동,경상사고,0,0,2,0,차대차 - 기타,안전운전불이행,건조,맑음,기타 - 기타,승용,남,26세,상해없음,승용,남,30세,경상
2015021400100615,2015년 2월 14일 22시,토요일,대구광역시 중구 남산동,부상신고사고,0,0,0,1,차대차 - 측면직각충돌,안전운전불이행,건조,맑음,단일로 - 기타,이륜,남,39세,부상신고,승용,남,59세,상해없음
2015021400100641,2015년 2월 14일 23시,토요일,대구광역시 서구 비산동,경상사고,0,0,1,0,차대사람 - 길가장자리구역통행중,안전운전불이행,건조,흐림,단일로 - 기타,승용,남,60세,상해없음,보행자,남,28세,경상
2015021500100013,2015년 2월 15일 00시,일요일,대구광역시 중구 공평동,경상사고,0,0,1,0,차대차 - 추돌 - 진행중,안전운전불이행,건조,맑음,단일로 - 기타,승용,남,21세,상해없음,승용,남,40세,경상
2015021500100043,2015년 2월 15일 02시,일요일,대구광역시 서구 평리동,경상사고,0,0,1,0,차대차 - 측면직각충돌,신호위반,건조,맑음,교차로 - 교차로안,승용,남,64세,상해없음,승용,남,57세,경상
2015021500100072,2015년 2월 15일 04시,일요일,대구광역시 남구 봉덕동,중상사고,0,1,0,0,차대차 - 기타,신호위반,건조,맑음,교차로 - 교차로안,승용,남,70세,상해없음,승용,여,57세,중상
2015021500100073,2015년 2월 15일 04시,일요일,대구광역시 서구 평리동,경상사고,0,0,1,0,차대사람 - 기타,안전운전불이행,건조,흐림,교차로 - 교차로부근,승용,남,59세,상해없음,보행자,남,50세,경상
2015021500100074,2015년 2월 15일 04시,일요일,대구광역시 중구 공평동,경상사고,0,0,1,0,차대차 - 기타,안전운전불이행,건조,맑음,단일로 - 기타,승용,남,29세,상해없음,승용,남,20세,상해없음
2015021500100082,2015년 2월 15일 05시,일요일,대구광역시 서구 평리동,경상사고,0,0,1,0,차대차 - 추돌 - 진행중,안전운전불이행,습기,흐림,교차로 - 교차로안,승합,남,35세,상해없음,승용,남,69세,경상
2015021500100098,2015년 2월 15일 06시,일요일,대구광역시 중구 삼덕동1가,경상사고,0,0,1,0,차대사람 - 길가장자리구역통행중,안전운전불이행,건조,맑음,단일로 - 기타,승용,남,24세,상해없음,보행자,남,30세,경상
2015021500100114,2015년 2월 15일 07시,일요일,대구광역시 서구 비산동,중상사고,0,2,0,0,차대차 - 추돌 - 진행중,안전운전불이행,건조,맑음,단일로 - 기타,승용,남,33세,상해없음,승용,남,62세,중상
2015021500100133,2015년 2월 15일 08시,일요일,대구광역시 동구 신천동,경상사고,0,0,1,0,차대차 - 측면직각충돌,교차로운행방법위반,건조,맑음,교차로 - 교차로안,승용,남,31세,상해없음,승용,남,75세,경상
2015021500100134,2015년 2월 15일 08시,일요일,대구광역시 북구 매천동,경상사고,0,0,1,0,차대차 - 측면직각충돌,신호위반,건조,맑음,교차로 - 교차로안,승용,남,26세,상해없음,승용,여,66세,경상
2015021500100172,2015년 2월 15일 10시,일요일,대구광역시 수성구 중동,중상사고,0,1,0,0,차대사람 - 횡단중,안전운전불이행,건조,맑음,단일로 - 기타,승용,여,45세,상해없음,보행자,남,15세,중상
2015021500100199,2015년 2월 15일 12시,일요일,대구광역시 동구 방촌동,중상사고,0,1,0,0,차대차 - 측면직각충돌,안전운전불이행,건조,맑음,단일로 - 기타,승용,여,58세,상해없음,원동기,남,74세,중상
2015021500100236,2015년 2월 15일 14시,일요일,대구광역시 달성군 다사읍,경상사고,0,0,2,0,차대차 - 추돌 - 진행중,안전거리미확보,건조,맑음,단일로 - 기타,승용,남,59세,상해없음,승용,여,44세,경상
2015021500100237,2015년 2월 15일 14시,일요일,대구광역시 북구 노원동2가,부상신고사고,0,0,0,1,차대차 - 기타,안전운전불이행,건조,맑음,기타 - 기타,원동기,남,16세,부상신고,승용,남,24세,상해없음
2015021500100264,2015년 2월 15일 15시,일요일,대구광역시 달서구 상인동,경상사고,0,0,1,1,차량단독 - 공작물충돌,안전운전불이행,건조,맑음,단일로 - 기타,승용,남,59세,상해없음,,,,
2015021500100289,2015년 2월 15일 16시,일요일,대구광역시 북구 산격동,경상사고,0,0,1,0,차대차 - 기타,안전운전불이행,건조,맑음,교차로 - 교차로안,승용,남,31세,상해없음,승용,남,53세,경상
2015021500100290,2015년 2월 15일 16시,일요일,대구광역시 서구 내당동,중상사고,0,1,1,0,차대차 - 기타,안전운전불이행,건조,맑음,교차로 - 교차로안,승용,남,33세,상해없음,승용,남,42세,경상
2015021500100346,2015년 2월 15일 18시,일요일,대구광역시 달서구 상인동,경상사고,0,0,1,0,차대사람 - 보도통행중,보행자보호의무위반,건조,맑음,교차로 - 교차로안,승용,남,48세,상해없음,보행자,남,54세,경상
2015021500100378,2015년 2월 15일 19시,일요일,대구광역시 동구 신암동,경상사고,0,0,1,0,차대차 - 측면직각충돌,직진우회전진행방해,건조,맑음,교차로 - 교차로안,승용,남,27세,상해없음,자전거,남,18세,경상
2015021500100379,2015년 2월 15일 19시,일요일,대구광역시 달성군 가창면,경상사고,0,0,1,0,차대차 - 측면직각충돌,안전운전불이행,건조,맑음,단일로 - 기타,승용,여,45세,상해없음,승용,남,42세,경상
2015021500100380,2015년 2월 15일 19시,일요일,대구광역시 북구 동천동,부상신고사고,0,0,0,1,차대차 - 측면직각충돌,안전거리미확보,습기,비,교차로 - 교차로부근,원동기,남,17세,부상신고,승용,남,64세,상해없음
2015021500100407,2015년 2월 15일 20시,일요일,대구광역시 북구 동천동,경상사고,0,0,2,0,차대차 - 추돌 - 주정차중,안전운전불이행,건조,맑음,교차로 - 교차로안,승용,남,48세,상해없음,승용,남,28세,경상
2015021500100438,2015년 2월 15일 21시,일요일,대구광역시 서구 비산동,중상사고,0,1,4,0,차대차 - 측면직각충돌,교차로운행방법위반,습기,비,교차로 - 교차로부근,승용,남,64세,경상,승용,여,25세,중상
2015021500100439,2015년 2월 15일 21시,일요일,대구광역시 중구 남산동,부상신고사고,0,0,0,1,차대차 - 측면직각충돌,안전운전불이행,건조,맑음,단일로 - 기타,승용,남,46세,기타불명,승용,남,44세,부상신고
2015021500100440,2015년 2월 15일 21시,일요일,대구광역시 북구 읍내동,부상신고사고,0,0,0,1,차대차 - 측면직각충돌,안전운전불이행,습기,비,교차로 - 교차로안,기타불명,기타불명,기타불명,기타불명,승용,남,33세,부상신고
2015021500100457,2015년 2월 15일 22시,일요일,대구광역시 수성구 매호동,경상사고,0,0,1,0,차대차 - 측면직각충돌,교차로운행방법위반,건조,맑음,교차로 - 교차로안,승용,남,57세,상해없음,이륜,남,43세,경상
2015021600100014,2015년 2월 16일 00시,월요일,대구광역시 서구 비산동,경상사고,0,0,1,0,차대차 - 추돌 - 진행중,안전운전불이행,습기,비,단일로 - 기타,이륜,남,61세,상해없음,승용,남,51세,경상
2015021600100015,2015년 2월 16일 00시,월요일,대구광역시 남구 대명동,경상사고,0,0,1,0,차대차 - 측면직각충돌,안전운전불이행,습기,비,교차로 - 교차로부근,승용,남,44세,상해없음,승용,남,55세,경상
2015021600100016,2015년 2월 16일 00시,월요일,대구광역시 북구 읍내동,경상사고,0,0,1,0,차대사람 - 차도통행중,안전운전불이행,습기,비,단일로 - 기타,이륜,남,17세,상해없음,보행자,남,53세,경상
2015021600100040,2015년 2월 16일 02시,월요일,대구광역시 남구 대명동,경상사고,0,0,1,0,차대차 - 추돌 - 진행중,안전운전불이행,습기,비,단일로 - 횡단보도부근,승용,남,36세,상해없음,승용,남,55세,경상
2015021600100047,2015년 2월 16일 03시,월요일,대구광역시 동구 신암동,경상사고,0,0,1,0,차량단독 - 공작물충돌,안전운전불이행,습기,비,단일로 - 기타,승용,남,54세,상해없음,,,,
2015021600100072,2015년 2월 16일 05시,월요일,대구광역시 북구 매천동,중상사고,0,1,0,0,차대사람 - 횡단중,안전운전불이행,건조,맑음,단일로 - 기타,화물,남,35세,상해없음,보행자,여,41세,중상
2015021600100097,2015년 2월 16일 06시,월요일,대구광역시 북구 산격동,중상사고,0,1,0,0,차대사람 - 횡단중,안전운전불이행,건조,맑음,교차로 - 교차로안,승합,남,56세,상해없음,보행자,여,80세,중상
2015021600100122,2015년 2월 16일 07시,월요일,대구광역시 중구 동성로2가,중상사고,0,1,0,0,차대차 - 기타,신호위반,습기,비,교차로 - 교차로안,화물,남,49세,상해없음,이륜,남,55세,중상
2015021600100150,2015년 2월 16일 08시,월요일,대구광역시 달서구 상인동,경상사고,0,0,1,0,차대사람 - 횡단중,보행자보호의무위반,습기,비,교차로 - 교차로안,승용,남,60세,상해없음,보행자,여,43세,경상
2015021600100188,2015년 2월 16일 09시,월요일,대구광역시 수성구 범물동,중상사고,0,1,0,0,차대사람 - 횡단중,안전운전불이행,습기,비,단일로 - 기타,승용,여,51세,상해없음,보행자,여,77세,중상
2015021600100224,2015년 2월 16일 10시,월요일,대구광역시 수성구 연호동,경상사고,0,0,1,0,차대차 - 측면직각충돌,안전거리미확보,습기,비,교차로 - 교차로부근,승용,여,47세,상해없음,승용,남,72세,상해없음
2015021600100225,2015년 2월 16일 10시,월요일,대구광역시 달서구 진천동,경상사고,0,0,2,0,차대차 - 추돌 - 주정차중,안전운전불이행,건조,맑음,교차로 - 교차로부근,승용,여,54세,상해없음,승합,남,54세,상해없음
2015021600100226,2015년 2월 16일 10시,월요일,대구광역시 서구 비산동,중상사고,0,1,0,0,차대사람 - 기타,기타,건조,맑음,교차로 - 교차로부근,승합,남,53세,기타불명,보행자,남,72세,중상
2015021600100227,2015년 2월 16일 10시,월요일,대구광역시 달서구 두류동,경상사고,0,0,1,0,차대차 - 추돌 - 진행중,안전운전불이행,습기,비,단일로 - 기타,승용,남,43세,상해없음,승용,여,34세,경상
2015021600100228,2015년 2월 16일 10시,월요일,대구광역시 달서구 죽전동,경상사고,0,0,1,0,차대차 - 추돌 - 주정차중,안전운전불이행,습기,비,교차로 - 교차로부근,승용,남,75세,상해없음,승용,남,54세,경상
2015021600100255,2015년 2월 16일 11시,월요일,대구광역시 동구 효목동,경상사고,0,0,1,0,차대사람 - 기타,안전운전불이행,건조,맑음,단일로 - 기타,화물,여,43세,상해없음,보행자,여,11세,경상
2015021600100256,2015년 2월 16일 11시,월요일,대구광역시 수성구 범어동,경상사고,0,0,1,0,차대사람 - 보도통행중,기타,건조,맑음,단일로 - 기타,원동기,남,60세,상해없음,보행자,남,33세,경상
2015021600100274,2015년 2월 16일 12시,월요일,대구광역시 서구 비산동,중상사고,0,2,0,0,차대차 - 기타,중앙선침범,습기,비,단일로 - 기타,승용,남,74세,상해없음,화물,남,44세,중상
2015021600100309,2015년 2월 16일 13시,월요일,대구광역시 달서구 감삼동,경상사고,0,0,1,0,차대사람 - 차도통행중,안전운전불이행,습기,비,단일로 - 기타,이륜,남,16세,상해없음,보행자,여,54세,경상
2015021600100310,2015년 2월 16일 13시,월요일,대구광역시 북구 매천동,경상사고,0,0,1,0,차대차 - 기타,안전운전불이행,습기,비,단일로 - 기타,화물,남,42세,상해없음,화물,남,57세,경상
2015021600100335,2015년 2월 16일 14시,월요일,대구광역시 중구 대신동,중상사고,0,1,0,0,차대차 - 측면직각충돌,안전거리미확보,습기,비,단일로 - 기타,승용,여,40세,기타불명,승용,남,40세,중상
2015021600100336,2015년 2월 16일 14시,월요일,대구광역시 달서구 이곡동,경상사고,0,0,2,0,차대차 - 측면직각충돌,안전거리미확보,건조,맑음,단일로 - 기타,승용,남,60세,상해없음,승용,여,44세,경상
2015021600100337,2015년 2월 16일 14시,월요일,대구광역시 북구 구암동,중상사고,0,1,0,0,차대차 - 측면직각충돌,신호위반,건조,맑음,교차로 - 교차로안,승용,여,45세,상해없음,승용,여,41세,중상
2015021600100366,2015년 2월 16일 15시,월요일,대구광역시 중구 서성로1가,중상사고,0,1,2,0,차대차 - 기타,안전운전불이행,건조,맑음,단일로 - 기타,승용,남,28세,상해없음,승용,여,56세,경상
2015021600100367,2015년 2월 16일 15시,월요일,대구광역시 북구 읍내동,중상사고,0,1,0,0,차대사람 - 횡단중,안전운전불이행,건조,맑음,단일로 - 기타,화물,남,55세,상해없음,보행자,남,62세,중상
2015021600100400,2015년 2월 16일 16시,월요일,대구광역시 달성군 옥포면,경상사고,0,0,1,0,차대차 - 추돌 - 주정차중,안전운전불이행,건조,맑음,단일로 - 기타,승용,남,48세,상해없음,승용,남,48세,경상
2015021600100402,2015년 2월 16일 16시,월요일,대구광역시 달서구 갈산동,경상사고,0,0,2,0,차대차 - 측면직각충돌,안전거리미확보,습기,비,단일로 - 기타,승용,남,64세,경상,승합,남,56세,상해없음
2015021600100436,2015년 2월 16일 17시,월요일,대구광역시 동구 효목동,경상사고,0,0,1,0,차대차 - 측면직각충돌,신호위반,습기,비,교차로 - 교차로안,승용,남,34세,상해없음,이륜,남,52세,경상
2015021600100438,2015년 2월 16일 17시,월요일,대구광역시 서구 평리동,경상사고,0,0,1,0,차대사람 - 횡단중,안전운전불이행,습기,비,단일로 - 횡단보도상,화물,남,47세,상해없음,보행자,여,48세,경상
2015021600100439,2015년 2월 16일 17시,월요일,대구광역시 서구 비산동,경상사고,0,0,1,0,차대차 - 추돌 - 주정차중,안전운전불이행,건조,맑음,단일로 - 기타,화물,남,69세,상해없음,이륜,남,58세,상해없음
2015021600100440,2015년 2월 16일 17시,월요일,대구광역시 달서구 용산동,경상사고,0,0,2,1,차대차 - 추돌 - 진행중,안전운전불이행,습기,비,단일로 - 기타,승용,남,55세,상해없음,승용,여,46세,경상
2015021600100489,2015년 2월 16일 18시,월요일,대구광역시 남구 봉덕동,경상사고,0,0,1,0,차대차 - 추돌 - 주정차중,안전운전불이행,습기,비,교차로 - 교차로부근,화물,남,64세,상해없음,화물,남,24세,경상
2015021600100490,2015년 2월 16일 18시,월요일,대구광역시 동구 입석동,경상사고,0,0,2,0,차대차 - 추돌 - 주정차중,안전운전불이행,습기,비,단일로 - 기타,승용,남,48세,상해없음,승용,남,61세,경상
2015021600100491,2015년 2월 16일 18시,월요일,대구광역시 동구 지저동,경상사고,0,0,1,0,차대사람 - 보도통행중,보행자보호의무위반,습기,비,교차로 - 교차로부근,승용,남,36세,상해없음,보행자,남,81세,경상
2015021600100492,2015년 2월 16일 18시,월요일,대구광역시 북구 칠성동1가,중상사고,0,2,0,0,차대사람 - 횡단중,보행자보호의무위반,습기,비,단일로 - 횡단보도상,화물,남,51세,상해없음,보행자,여,60세,중상
2015021600100493,2015년 2월 16일 18시,월요일,대구광역시 중구 대봉동,경상사고,0,0,2,0,차대차 - 측면직각충돌,안전거리미확보,습기,비,단일로 - 기타,승용,남,24세,상해없음,승용,여,41세,경상
2015021600100550,2015년 2월 16일 19시,월요일,대구광역시 수성구 지산동,경상사고,0,0,2,0,차대차 - 측면직각충돌,교차로운행방법위반,습기,비,교차로 - 교차로안,승용,남,27세,상해없음,승용,여,33세,경상
2015021600100551,2015년 2월 16일 19시,월요일,대구광역시 달서구 송현동,부상신고사고,0,0,0,1,차대사람 - 횡단중,안전운전불이행,습기,비,단일로 - 기타,기타불명,기타불명,기타불명,기타불명,보행자,여,81세,부상신고
2015021600100552,2015년 2월 16일 19시,월요일,대구광역시 서구 평리동,중상사고,0,1,0,0,차대사람 - 기타,안전운전불이행,건조,맑음,교차로 - 교차로안,기타불명,기타불명,기타불명,기타불명,보행자,여,52세,중상
2015021600100553,2015년 2월 16일 19시,월요일,대구광역시 서구 평리동,경상사고,0,0,1,0,차대차 - 측면직각충돌,안전거리미확보,습기,비,단일로 - 기타,승용,남,27세,상해없음,승용,남,25세,경상
2015021600100588,2015년 2월 16일 20시,월요일,대구광역시 동구 신천동,경상사고,0,0,1,0,차대차 - 기타,안전거리미확보,습기,비,단일로 - 기타,승용,남,67세,상해없음,이륜,남,32세,경상
2015021600100589,2015년 2월 16일 20시,월요일,대구광역시 달서구 상인동,경상사고,0,0,1,0,차대차 - 기타,안전운전불이행,건조,맑음,교차로 - 교차로부근,승용,남,26세,상해없음,승용,남,58세,경상
2015021600100590,2015년 2월 16일 20시,월요일,대구광역시 달서구 월성동,중상사고,0,1,1,0,차대차 - 기타,신호위반,습기,비,교차로 - 교차로부근,승용,남,68세,상해없음,승용,남,65세,경상
2015021600100627,2015년 2월 16일 21시,월요일,대구광역시 수성구 수성동4가,중상사고,0,1,0,0,차대사람 - 길가장자리구역통행중,안전운전불이행,건조,맑음,단일로 - 기타,승합,남,47세,기타불명,보행자,남,24세,중상
2015021600100628,2015년 2월 16일 21시,월요일,대구광역시 수성구 신매동,부상신고사고,0,0,0,1,차대차 - 추돌 - 진행중,기타,건조,맑음,교차로 - 교차로부근,기타불명,기타불명,기타불명,기타불명,원동기,남,27세,부상신고
2015021600100629,2015년 2월 16일 21시,월요일,대구광역시 중구 남산동,경상사고,0,0,1,0,차대사람 - 길가장자리구역통행중,안전운전불이행,습기,비,단일로 - 기타,승용,남,32세,상해없음,보행자,남,49세,경상
2015021600100630,2015년 2월 16일 21시,월요일,대구광역시 달서구 두류동,경상사고,0,0,1,0,차대차 - 기타,안전운전불이행,습기,비,단일로 - 기타,승용,남,55세,상해없음,이륜,남,35세,경상
2015021600100703,2015년 2월 16일 23시,월요일,대구광역시 달서구 장동,중상사고,0,1,1,0,차대차 - 기타,신호위반,건조,흐림,교차로 - 교차로안,승용,남,38세,상해없음,승용,여,44세,경상
2015021600100704,2015년 2월 16일 23시,월요일,대구광역시 북구 구암동,경상사고,0,0,1,0,차대차 - 측면직각충돌,안전운전불이행,습기,비,단일로 - 기타,화물,남,56세,상해없음,이륜,남,35세,경상
2015021700100022,2015년 2월 17일 00시,화요일,대구광역시 남구 대명동,부상신고사고,0,0,0,1,차대차 - 추돌 - 주정차중,안전운전불이행,습기,흐림,단일로 - 기타,승용,남,33세,부상신고,승용,여,42세,상해없음
2015021700100023,2015년 2월 17일 00시,화요일,대구광역시 수성구 황금동,경상사고,0,0,1,0,차대차 - 기타,안전운전불이행,습기,흐림,단일로 - 기타,승용,남,23세,상해없음,승용,남,35세,경상
2015021700100047,2015년 2월 17일 01시,화요일,대구광역시 달서구 죽전동,경상사고,0,0,1,3,차대차 - 기타,중앙선침범,건조,맑음,교차로 - 교차로부근,승용,남,52세,상해없음,승용,남,52세,경상
2015021700100066,2015년 2월 17일 03시,화요일,대구광역시 서구 비산동,중상사고,0,1,0,0,차대차 - 추돌 - 진행중,안전운전불이행,습기,안개,미분류 - 미분류,승용,남,24세,상해없음,승용,여,59세,중상
2015021700100067,2015년 2월 17일 03시,화요일,대구광역시 중구 삼덕동1가,경상사고,0,0,1,0,차대사람 - 길가장자리구역통행중,안전운전불이행,건조,맑음,단일로 - 기타,승용,남,20세,기타불명,보행자,남,19세,경상
2015021700100091,2015년 2월 17일 05시,화요일,대구광역시 북구 침산동,중상사고,0,1,0,0,차대차 - 측면직각충돌,안전운전불이행,건조,맑음,교차로 - 교차로안,승용,남,48세,상해없음,자전거,남,68세,중상
2015021700100092,2015년 2월 17일 05시,화요일,대구광역시 중구 대안동,경상사고,0,0,1,0,차량단독 - 기타,안전운전불이행,건조,맑음,단일로 - 기타,승용,남,54세,상해없음,,,,
2015021700100111,2015년 2월 17일 06시,화요일,대구광역시 중구 삼덕동1가,중상사고,0,1,1,0,차대차 - 측면직각충돌,신호위반,건조,맑음,교차로 - 교차로안,승용,여,28세,중상,승용,남,62세,상해없음
2015021700100112,2015년 2월 17일 06시,화요일,대구광역시 달서구 이곡동,중상사고,0,1,0,0,차대차 - 측면직각충돌,신호위반,습기,맑음,교차로 - 교차로안,승용,남,25세,상해없음,승용,남,51세,중상
2015021700100128,2015년 2월 17일 07시,화요일,대구광역시 동구 신암동,경상사고,0,0,1,0,차대사람 - 횡단중,안전운전불이행,건조,맑음,단일로 - 기타,승용,남,77세,상해없음,보행자,여,40세,경상
2015021700100129,2015년 2월 17일 07시,화요일,대구광역시 달서구 죽전동,경상사고,0,0,1,0,차대차 - 측면직각충돌,안전거리미확보,건조,맑음,단일로 - 기타,승용,남,65세,상해없음,승용,남,20세,경상