사고번호,사고일시,요일,시군구,사고내용,사망자수,중상자수,경상자수,부상신고자수,사고유형,법규위반,노면상태,기상상태,도로형태,가해운전자 차종,가해운전자 성별,가해운전자 연령,가해운전자 상해정도,피해운전자 차종,피해운전자 성별,피해운전자 연령,피해운전자 상해정도
2015021700100153,2015년 2월 17일 08시,화요일,대구광역시 달서구 월성동,중상사고,0,1,0,0,차대차 - 기타,기타,건조,맑음,단일로 - 기타,승용,여,51세,상해없음,자전거,남,63세,중상
2015021700100154,2015년 2월 17일 08시,화요일,대구광역시 달성군 논공읍,중상사고,0,1,0,0,차대차 - 측면직각충돌,안전운전불이행,건조,맑음,교차로 - 교차로안,승용,남,29세,상해없음,승용,남,39세,중상
2015021700100155,2015년 2월 17일 08시,화요일,대구광역시 북구 동천동,경상사고,0,0,2,0,차대차 - 측면직각충돌,안전거리미확보,건조,맑음,단일로 - 기타,승용,여,40세,경상,승합,남,56세,경상
2015021700100180,2015년 2월 17일 09시,화요일,대구광역시 달서구 갈산동,중상사고,0,1,0,0,차대차 - 추돌 - 진행중,안전거리미확보,건조,맑음,기타 - 기타,화물,남,51세,상해없음,승용,여,49세,중상
2015021700100218,2015년 2월 17일 10시,화요일,대구광역시 북구 노원동2가,중상사고,0,1,1,0,차대차 - 측면직각충돌,신호위반,건조,맑음,교차로 - 교차로안,승용,남,84세,상해없음,승용,남,57세,중상
2015021700100253,2015년 2월 17일 11시,화요일,대구광역시 북구 산격동,중상사고,0,1,0,0,차대사람 - 기타,보행자보호의무위반,건조,맑음,단일로 - 기타,승합,남,51세,상해없음,보행자,여,53세,중상
2015021700100254,2015년 2월 17일 11시,화요일,대구광역시 서구 내당동,경상사고,0,0,1,0,차대사람 - 횡단중,보행자보호의무위반,건조,맑음,단일로 - 횡단보도상,원동기,기타불명,기타불명,기타불명,보행자,여,7세,경상
2015021700100255,2015년 2월 17일 11시,화요일,대구광역시 달서구 신당동,중상사고,0,1,0,0,차대차 - 측면직각충돌,교차로운행방법위반,건조,맑음,교차로 - 교차로안,승용,남,42세,중상,화물,남,59세,상해없음
2015021700100256,2015년 2월 17일 11시,화요일,대구광역시 달서구 용산동,경상사고,0,0,1,0,차대차 - 측면직각충돌,안전운전불이행,건조,맑음,단일로 - 기타,승용,남,67세,상해없음,승용,남,54세,경상
2015021700100257,2015년 2월 17일 11시,화요일,대구광역시 북구 서변동,중상사고,0,1,0,0,차대차 - 측면직각충돌,안전거리미확보,건조,맑음,단일로 - 기타,화물,남,48세,상해없음,승용,남,29세,중상
2015021700100294,2015년 2월 17일 12시,화요일,대구광역시 달서구 상인동,중상사고,0,1,0,0,차대차 - 기타,신호위반,건조,맑음,교차로 - 교차로안,승용,여,77세,상해없음,이륜,남,29세,중상
2015021700100316,2015년 2월 17일 13시,화요일,대구광역시 수성구 범어동,경상사고,0,0,2,0,차대차 - 측면직각충돌,안전운전불이행,건조,맑음,교차로 - 교차로부근,승용,여,27세,경상,승용,여,33세,경상
2015021700100317,2015년 2월 17일 13시,화요일,대구광역시 중구 대신동,부상신고사고,0,0,0,1,차대사람 - 길가장자리구역통행중,안전운전불이행,건조,맑음,교차로 - 교차로안,이륜,기타불명,기타불명,기타불명,보행자,여,60세,부상신고
2015021700100318,2015년 2월 17일 13시,화요일,대구광역시 달서구 용산동,경상사고,0,0,1,0,차대차 - 측면직각충돌,신호위반,건조,맑음,단일로 - 횡단보도상,승용,여,46세,상해없음,이륜,남,64세,경상
2015021700100404,2015년 2월 17일 15시,화요일,대구광역시 남구 봉덕동,경상사고,0,0,1,0,차대차 - 기타,안전운전불이행,건조,맑음,단일로 - 기타,승용,남,75세,상해없음,이륜,남,53세,경상
2015021700100405,2015년 2월 17일 15시,화요일,대구광역시 동구 불로동,경상사고,0,0,1,0,차대차 - 기타,안전운전불이행,건조,맑음,단일로 - 기타,화물,남,61세,상해없음,이륜,남,17세,경상
2015021700100406,2015년 2월 17일 15시,화요일,대구광역시 달서구 이곡동,중상사고,0,1,0,0,차대차 - 측면직각충돌,신호위반,건조,맑음,교차로 - 교차로안,승용,남,57세,상해없음,승용,남,43세,상해없음
2015021700100407,2015년 2월 17일 15시,화요일,대구광역시 북구 매천동,경상사고,0,0,1,0,차대차 - 기타,안전운전불이행,건조,맑음,교차로 - 교차로안,자전거,여,52세,경상,이륜,남,29세,상해없음
2015021700100435,2015년 2월 17일 16시,화요일,대구광역시 수성구 시지동,경상사고,0,0,2,0,차대차 - 추돌 - 진행중,안전거리미확보,건조,맑음,단일로 - 기타,승용,남,26세,상해없음,승용,남,63세,경상
2015021700100436,2015년 2월 17일 16시,화요일,대구광역시 달성군 다사읍,중상사고,0,1,0,0,차대차 - 측면직각충돌,신호위반,건조,맑음,교차로 - 교차로부근,승용,여,55세,상해없음,자전거,남,29세,중상
2015021700100437,2015년 2월 17일 16시,화요일,대구광역시 동구 신암동,경상사고,0,0,5,0,차대차 - 추돌 - 주정차중,안전운전불이행,건조,맑음,단일로 - 기타,승용,남,50세,상해없음,승용,남,57세,경상
2015021700100438,2015년 2월 17일 16시,화요일,대구광역시 중구 삼덕동2가,경상사고,0,0,1,0,차대차 - 측면직각충돌,차로위반,건조,맑음,교차로 - 교차로부근,승합,남,53세,상해없음,승용,여,44세,경상
2015021700100464,2015년 2월 17일 17시,화요일,대구광역시 수성구 신매동,경상사고,0,0,3,0,차대차 - 추돌 - 주정차중,안전운전불이행,건조,맑음,단일로 - 기타,승용,여,43세,상해없음,승용,여,37세,경상
2015021700100465,2015년 2월 17일 17시,화요일,대구광역시 서구 비산동,경상사고,0,0,1,0,차대차 - 기타,안전거리미확보,건조,맑음,단일로 - 기타,승용,남,52세,상해없음,승용,남,27세,경상
2015021700100466,2015년 2월 17일 17시,화요일,대구광역시 중구 남산동,경상사고,0,0,1,0,차대차 - 측면직각충돌,안전운전불이행,건조,맑음,단일로 - 횡단보도상,승용,남,32세,상해없음,자전거,남,54세,경상
2015021700100504,2015년 2월 17일 18시,화요일,대구광역시 서구 평리동,경상사고,0,0,1,0,차대사람 - 기타,안전운전불이행,건조,맑음,단일로 - 기타,승합,남,52세,기타불명,보행자,여,65세,경상
2015021700100505,2015년 2월 17일 18시,화요일,대구광역시 달서구 이곡동,중상사고,0,1,0,0,차대차 - 측면직각충돌,신호위반,건조,흐림,교차로 - 교차로부근,이륜,여,35세,중상,화물,남,39세,상해없음
2015021700100506,2015년 2월 17일 18시,화요일,대구광역시 달서구 감삼동,경상사고,0,0,1,0,차대차 - 추돌 - 진행중,안전거리미확보,건조,맑음,단일로 - 기타,승용,남,55세,상해없음,승용,남,40세,경상
2015021700100507,2015년 2월 17일 18시,화요일,대구광역시 달서구 장기동,경상사고,0,0,1,0,차대차 - 추돌 - 진행중,안전운전불이행,건조,맑음,단일로 - 기타,승용,여,47세,상해없음,승용,남,28세,경상
2015021700100508,2015년 2월 17일 18시,화요일,대구광역시 북구 태전동,중상사고,0,1,0,0,차대차 - 측면직각충돌,안전거리미확보,건조,맑음,단일로 - 기타,승용,남,53세,상해없음,이륜,남,45세,중상
2015021700100551,2015년 2월 17일 19시,화요일,대구광역시 남구 봉덕동,중상사고,0,1,0,0,차대사람 - 기타,기타,건조,맑음,단일로 - 횡단보도부근,승합,남,49세,상해없음,보행자,여,67세,중상
2015021700100552,2015년 2월 17일 19시,화요일,대구광역시 서구 평리동,경상사고,0,0,1,0,차대사람 - 기타,안전운전불이행,건조,맑음,교차로 - 교차로부근,이륜,남,16세,상해없음,보행자,남,80세,경상
2015021700100553,2015년 2월 17일 19시,화요일,대구광역시 중구 교동,경상사고,0,0,1,0,차대차 - 측면직각충돌,안전운전불이행,건조,맑음,미분류 - 미분류,화물,여,59세,기타불명,승용,남,67세,경상
2015021700100587,2015년 2월 17일 20시,화요일,대구광역시 동구 신기동,중상사고,0,1,0,0,차대사람 - 횡단중,신호위반,건조,맑음,교차로 - 교차로부근,화물,남,69세,상해없음,보행자,여,18세,중상
2015021700100588,2015년 2월 17일 20시,화요일,대구광역시 수성구 황금동,경상사고,0,0,1,0,차대차 - 추돌 - 진행중,교차로운행방법위반,건조,맑음,교차로 - 교차로안,승용,남,43세,상해없음,승용,여,46세,경상
2015021700100589,2015년 2월 17일 20시,화요일,대구광역시 달서구 진천동,경상사고,0,0,2,0,차대차 - 기타,교차로운행방법위반,건조,맑음,교차로 - 교차로안,승용,남,59세,경상,승합,남,57세,경상
2015021700100590,2015년 2월 17일 20시,화요일,대구광역시 달성군 다사읍,경상사고,0,0,1,0,차대차 - 추돌 - 주정차중,안전운전불이행,건조,맑음,교차로 - 교차로부근,승용,남,44세,상해없음,승용,남,51세,경상
2015021700100650,2015년 2월 17일 22시,화요일,대구광역시 수성구 신매동,중상사고,0,1,0,0,차대차 - 측면직각충돌,안전거리미확보,건조,맑음,교차로 - 교차로부근,승용,남,25세,상해없음,이륜,남,16세,중상
2015021700100651,2015년 2월 17일 22시,화요일,대구광역시 달서구 송현동,경상사고,0,0,1,0,차대사람 - 횡단중,보행자보호의무위반,건조,맑음,단일로 - 기타,승용,남,37세,상해없음,보행자,남,51세,경상
2015021700100673,2015년 2월 17일 23시,화요일,대구광역시 남구 대명동,중상사고,0,1,0,0,차대사람 - 기타,안전운전불이행,건조,맑음,단일로 - 기타,이륜,남,18세,상해없음,보행자,남,28세,중상
2015021800100016,2015년 2월 18일 00시,수요일,대구광역시 수성구 시지동,경상사고,0,0,1,0,차대차 - 측면직각충돌,신호위반,건조,맑음,교차로 - 교차로안,승용,남,56세,상해없음,승용,남,41세,경상
2015021800100033,2015년 2월 18일 01시,수요일,대구광역시 동구 율하동,중상사고,0,1,0,0,차대차 - 측면직각충돌,신호위반,건조,맑음,교차로 - 교차로안,승용,남,34세,상해없음,이륜,남,20세,중상
2015021800100034,2015년 2월 18일 01시,수요일,대구광역시 달서구 대천동,경상사고,0,0,3,0,차대차 - 측면직각충돌,직진우회전진행방해,건조,맑음,교차로 - 교차로안,승용,남,70세,경상,승용,남,61세,경상
2015021800100035,2015년 2월 18일 01시,수요일,대구광역시 북구 노원동3가,경상사고,0,0,4,0,차대차 - 정면충돌,직진우회전진행방해,건조,맑음,교차로 - 교차로안,승용,남,65세,상해없음,승용,남,47세,경상
2015021800100036,2015년 2월 18일 01시,수요일,대구광역시 서구 내당동,경상사고,0,0,4,0,차대차 - 측면직각충돌,직진우회전진행방해,건조,맑음,교차로 - 교차로안,승용,남,65세,상해없음,승용,남,27세,경상
2015021800100049,2015년 2월 18일 02시,수요일,대구광역시 수성구 대흥동,경상사고,0,0,1,0,차대차 - 추돌 - 주정차중,안전운전불이행,건조,맑음,단일로 - 기타,승용,남,38세,상해없음,화물,남,30세,경상
2015021800100071,2015년 2월 18일 04시,수요일,대구광역시 수성구 만촌동,경상사고,0,0,1,0,차대차 - 측면직각충돌,안전거리미확보,건조,맑음,교차로 - 교차로안,승용,남,34세,상해없음,승용,남,30세,경상
2015021800100091,2015년 2월 18일 06시,수요일,대구광역시 달서구 송현동,경상사고,0,0,1,0,차대사람 - 기타,안전운전불이행,건조,맑음,단일로 - 기타,승용,남,69세,상해없음,보행자,남,43세,경상
2015021800100092,2015년 2월 18일 06시,수요일,대구광역시 북구 노원동3가,중상사고,0,1,0,0,차대사람 - 기타,안전운전불이행,건조,맑음,교차로 - 교차로부근,승합,남,47세,상해없음,보행자,여,65세,중상
2015021800100093,2015년 2월 18일 06시,수요일,대구광역시 중구 동인동1가,경상사고,0,0,1,0,차대차 - 기타,안전운전불이행,건조,맑음,단일로 - 기타,승용,여,35세,상해없음,승용,남,22세,상해없음
2015021800100116,2015년 2월 18일 09시,수요일,대구광역시 달성군 옥포면,경상사고,0,0,2,1,차대차 - 추돌 - 진행중,안전운전불이행,건조,맑음,교차로 - 교차로부근,승용,남,53세,상해없음,승용,남,30세,경상
2015021800100134,2015년 2월 18일 10시,수요일,대구광역시 북구 관음동,중상사고,0,1,1,0,차대차 - 측면직각충돌,불법유턴,건조,맑음,교차로 - 교차로안,승용,남,65세,상해없음,승용,남,40세,상해없음
2015021800100156,2015년 2월 18일 11시,수요일,대구광역시 동구 신천동,중상사고,0,1,0,0,차대사람 - 횡단중,안전운전불이행,건조,맑음,교차로 - 교차로안,승용,남,37세,상해없음,보행자,여,75세,중상
2015021800100157,2015년 2월 18일 11시,수요일,대구광역시 북구 칠성동2가,중상사고,0,1,0,0,차대차 - 기타,안전운전불이행,건조,맑음,단일로 - 횡단보도부근,화물,남,61세,상해없음,자전거,남,64세,중상
2015021800100183,2015년 2월 18일 12시,수요일,대구광역시 남구 대명동,중상사고,0,1,0,0,차대차 - 측면직각충돌,직진우회전진행방해,건조,맑음,교차로 - 교차로안,원동기,여,66세,중상,승용,여,50세,상해없음
2015021800100207,2015년 2월 18일 13시,수요일,대구광역시 동구 신암동,중상사고,0,1,0,0,차대사람 - 횡단중,안전운전불이행,건조,맑음,교차로 - 교차로안,화물,남,43세,상해없음,보행자,남,16세,중상
2015021800100208,2015년 2월 18일 13시,수요일,대구광역시 북구 복현동,중상사고,0,1,0,0,차대차 - 측면직각충돌,교차로운행방법위반,건조,맑음,교차로 - 교차로안,승용,남,59세,상해없음,자전거,여,25세,중상
2015021800100209,2015년 2월 18일 13시,수요일,대구광역시 북구 태전동,중상사고,0,1,0,0,차대차 - 측면직각충돌,안전운전불이행,건조,맑음,단일로 - 기타,승합,남,46세,상해없음,자전거,여,48세,중상
2015021800100234,2015년 2월 18일 15시,수요일,대구광역시 북구 침산동,중상사고,0,1,0,0,차대차 - 기타,안전운전불이행,건조,맑음,단일로 - 기타,승용,여,54세,상해없음,자전거,여,62세,중상
2015021800100249,2015년 2월 18일 16시,수요일,대구광역시 수성구 파동,경상사고,0,0,5,0,차대차 - 측면직각충돌,안전운전불이행,건조,맑음,단일로 - 기타,승용,남,46세,상해없음,승용,남,35세,경상
2015021800100250,2015년 2월 18일 16시,수요일,대구광역시 달서구 본동,중상사고,0,1,1,0,차대차 - 기타,교차로운행방법위반,건조,맑음,교차로 - 교차로안,승용,남,26세,상해없음,승용,남,57세,중상
2015021800100266,2015년 2월 18일 17시,수요일,대구광역시 수성구 수성동4가,경상사고,0,0,1,0,차대차 - 측면직각충돌,신호위반,건조,맑음,단일로 - 기타,화물,남,71세,상해없음,이륜,남,24세,경상
2015021800100286,2015년 2월 18일 18시,수요일,대구광역시 달서구 상인동,부상신고사고,0,0,0,1,차대차 - 기타,안전운전불이행,건조,맑음,단일로 - 기타,승용,여,45세,상해없음,이륜,남,17세,부상신고
2015021800100287,2015년 2월 18일 18시,수요일,대구광역시 서구 평리동,부상신고사고,0,0,0,1,차대차 - 기타,안전운전불이행,건조,맑음,교차로 - 교차로안,이륜,남,60세,부상신고,승용,남,54세,상해없음
2015021800100288,2015년 2월 18일 18시,수요일,대구광역시 중구 공평동,부상신고사고,0,0,0,1,차대사람 - 기타,안전운전불이행,건조,맑음,단일로 - 기타,승용,여,25세,기타불명,보행자,여,22세,부상신고
2015021800100315,2015년 2월 18일 19시,수요일,대구광역시 달서구 진천동,부상신고사고,0,0,0,1,차대차 - 측면직각충돌,안전운전불이행,건조,맑음,단일로 - 기타,승용,여,39세,부상신고,승용,남,55세,상해없음
2015021800100336,2015년 2월 18일 20시,수요일,대구광역시 동구 검사동,중상사고,0,1,0,0,차대사람 - 횡단중,안전운전불이행,건조,맑음,단일로 - 횡단보도상,승용,남,33세,상해없음,보행자,여,65세,중상
2015021800100337,2015년 2월 18일 20시,수요일,대구광역시 북구 팔달동,경상사고,0,0,1,0,차대차 - 기타,안전운전불이행,건조,맑음,단일로 - 기타,승용,남,34세,상해없음,승용,여,31세,경상
2015021800100355,2015년 2월 18일 21시,수요일,대구광역시 동구 지묘동,경상사고,0,0,1,0,차대사람 - 기타,안전운전불이행,건조,맑음,기타 - 기타,승용,여,41세,상해없음,보행자,여,60세,경상
2015021800100356,2015년 2월 18일 21시,수요일,대구광역시 달서구 신당동,경상사고,0,0,1,0,차대사람 - 기타,보행자보호의무위반,습기,비,단일로 - 횡단보도상,승용,남,30세,상해없음,보행자,남,19세,경상
2015021800100388,2015년 2월 18일 23시,수요일,대구광역시 남구 봉덕동,부상신고사고,0,0,0,1,차대차 - 기타,안전거리미확보,건조,맑음,교차로 - 교차로안,이륜,남,26세,부상신고,승용,여,57세,상해없음
2015021800100389,2015년 2월 18일 23시,수요일,대구광역시 서구 중리동,경상사고,0,0,2,0,차대차 - 측면직각충돌,직진우회전진행방해,건조,맑음,교차로 - 교차로안,승용,남,33세,상해없음,승용,남,58세,경상
2015021900100037,2015년 2월 19일 02시,목요일,대구광역시 달성군 현풍면,경상사고,0,0,1,0,차량단독 - 공작물충돌,안전운전불이행,건조,맑음,교차로 - 교차로부근,승용,남,31세,경상,,,,
2015021900100042,2015년 2월 19일 03시,목요일,대구광역시 수성구 수성동4가,중상사고,0,1,0,0,차대사람 - 횡단중,보행자보호의무위반,건조,맑음,단일로 - 횡단보도상,승용,남,48세,상해없음,보행자,남,57세,중상
2015021900100043,2015년 2월 19일 03시,목요일,대구광역시 중구 계산동2가,경상사고,0,0,2,1,차대차 - 추돌 - 진행중,안전거리미확보,건조,맑음,단일로 - 기타,승용,남,30세,상해없음,승용,남,24세,부상신고
2015021900100073,2015년 2월 19일 08시,목요일,대구광역시 수성구 만촌동,경상사고,0,0,1,0,차대차 - 추돌 - 진행중,안전거리미확보,건조,맑음,교차로 - 교차로부근,승용,남,65세,상해없음,승용,여,34세,경상
2015021900100082,2015년 2월 19일 09시,목요일,대구광역시 달성군 화원읍,중상사고,0,2,0,0,차대차 - 측면직각충돌,안전운전불이행,건조,맑음,교차로 - 교차로안,승용,여,62세,중상,이륜,남,32세,중상
2015021900100117,2015년 2월 19일 11시,목요일,대구광역시 수성구 중동,중상사고,0,2,3,0,차대차 - 추돌 - 진행중,안전운전불이행,건조,맑음,단일로 - 기타,승용,남,24세,상해없음,승용,남,44세,경상
2015021900100159,2015년 2월 19일 13시,목요일,대구광역시 달서구 상인동,경상사고,0,0,3,0,차대차 - 추돌 - 진행중,안전운전불이행,건조,맑음,단일로 - 기타,승용,남,54세,상해없음,승용,여,47세,경상
2015021900100177,2015년 2월 19일 14시,목요일,대구광역시 서구 상리동,경상사고,0,0,4,0,차대차 - 추돌 - 진행중,안전운전불이행,건조,맑음,단일로 - 기타,승용,남,48세,상해없음,승용,남,34세,경상
2015021900100183,2015년 2월 19일 14시,목요일,대구광역시 남구 봉덕동,경상사고,0,0,1,0,차대차 - 기타,안전운전불이행,건조,맑음,단일로 - 기타,승용,여,44세,상해없음,승용,남,54세,상해없음
2015021900100184,2015년 2월 19일 14시,목요일,대구광역시 수성구 범물동,경상사고,0,0,4,0,차대차 - 추돌 - 주정차중,안전운전불이행,건조,맑음,교차로 - 교차로부근,승용,남,65세,상해없음,승용,여,48세,경상
2015021900100185,2015년 2월 19일 14시,목요일,대구광역시 달서구 상인동,경상사고,0,0,1,0,차대사람 - 보도통행중,안전운전불이행,건조,맑음,단일로 - 기타,승용,남,33세,상해없음,보행자,남,66세,경상
2015021900100186,2015년 2월 19일 14시,목요일,대구광역시 서구 평리동,경상사고,0,0,3,0,차대차 - 기타,중앙선침범,건조,맑음,단일로 - 기타,화물,남,54세,상해없음,승용,남,36세,경상
2015021900100207,2015년 2월 19일 15시,목요일,대구광역시 동구 진인동,경상사고,0,0,3,0,차대차 - 추돌 - 진행중,신호위반,건조,맑음,교차로 - 교차로안,승용,남,79세,상해없음,승용,남,58세,경상
2015021900100208,2015년 2월 19일 15시,목요일,대구광역시 북구 복현동,경상사고,0,0,5,0,차대차 - 추돌 - 주정차중,안전거리미확보,건조,맑음,단일로 - 기타,승용,남,73세,상해없음,승용,남,56세,경상
2015021900100209,2015년 2월 19일 15시,목요일,대구광역시 북구 국우동,경상사고,0,0,1,0,차대차 - 측면직각충돌,차로위반,건조,맑음,단일로 - 기타,승용,남,79세,상해없음,승용,남,41세,경상
2015021900100230,2015년 2월 19일 16시,목요일,대구광역시 북구 국우동,경상사고,0,0,5,0,차대차 - 측면직각충돌,안전거리미확보,건조,맑음,단일로 - 횡단보도부근,승용,남,31세,상해없음,승용,여,40세,경상
2015021900100268,2015년 2월 19일 18시,목요일,대구광역시 서구 평리동,경상사고,0,0,2,1,차대차 - 기타,신호위반,건조,맑음,교차로 - 교차로부근,승용,남,39세,부상신고,승용,남,27세,경상
2015021900100283,2015년 2월 19일 19시,목요일,대구광역시 동구 신천동,경상사고,0,0,1,0,차대차 - 기타,교차로운행방법위반,건조,맑음,교차로 - 교차로안,승용,남,68세,상해없음,승용,남,34세,경상
2015021900100284,2015년 2월 19일 19시,목요일,대구광역시 달서구 상인동,경상사고,0,0,1,0,차대차 - 기타,안전운전불이행,건조,맑음,단일로 - 기타,화물,남,51세,상해없음,승용,여,45세,경상
2015021900100285,2015년 2월 19일 19시,목요일,대구광역시 북구 산격동,경상사고,0,0,3,0,차대차 - 측면직각충돌,중앙선침범,건조,맑음,단일로 - 기타,승용,남,34세,상해없음,승용,남,46세,경상
2015021900100304,2015년 2월 19일 20시,목요일,대구광역시 수성구 신매동,중상사고,0,1,0,0,차대차 - 추돌 - 진행중,안전운전불이행,건조,맑음,단일로 - 기타,승용,남,25세,상해없음,이륜,남,16세,중상
2015021900100318,2015년 2월 19일 21시,목요일,대구광역시 달서구 두류동,경상사고,0,0,1,0,차대차 - 측면직각충돌,안전운전불이행,건조,맑음,단일로 - 기타,승용,남,42세,상해없음,승용,남,61세,경상
2015021900100347,2015년 2월 19일 23시,목요일,대구광역시 중구 문화동,경상사고,0,0,3,0,차대차 - 기타,신호위반,건조,맑음,교차로 - 교차로안,승용,남,73세,상해없음,승용,남,35세,상해없음
2015022000100015,2015년 2월 20일 00시,금요일,대구광역시 남구 봉덕동,경상사고,0,0,1,0,차대사람 - 횡단중,신호위반,건조,맑음,교차로 - 교차로부근,원동기,남,16세,상해없음,보행자,여,21세,경상
2015022000100024,2015년 2월 20일 01시,금요일,대구광역시 달서구 죽전동,경상사고,0,0,1,0,차대차 - 측면직각충돌,안전거리미확보,건조,맑음,단일로 - 기타,이륜,남,18세,상해없음,승용,남,20세,상해없음
2015022000100028,2015년 2월 20일 02시,금요일,대구광역시 달서구 두류동,경상사고,0,0,1,0,차대차 - 측면직각충돌,교차로운행방법위반,건조,맑음,교차로 - 교차로안,화물,남,48세,상해없음,승용,남,52세,상해없음
2015022000100045,2015년 2월 20일 04시,금요일,대구광역시 북구 동천동,경상사고,0,0,4,0,차대차 - 추돌 - 주정차중,안전운전불이행,건조,기타,교차로 - 교차로부근,승용,남,34세,상해없음,승용,남,37세,경상
2015022000100187,2015년 2월 20일 15시,금요일,대구광역시 서구 비산동,경상사고,0,0,1,0,차대사람 - 기타,안전운전불이행,건조,맑음,단일로 - 기타,승용,여,28세,상해없음,보행자,남,59세,경상
2015022000100210,2015년 2월 20일 16시,금요일,대구광역시 동구 진인동,중상사고,0,1,1,0,차대차 - 추돌 - 진행중,안전운전불이행,건조,맑음,단일로 - 기타,승용,여,54세,상해없음,승용,남,56세,중상
2015022000100211,2015년 2월 20일 16시,금요일,대구광역시 달서구 본동,경상사고,0,0,3,1,차대차 - 기타,안전거리미확보,건조,맑음,교차로 - 교차로부근,승용,남,58세,상해없음,승용,남,67세,경상
2015022000100234,2015년 2월 20일 17시,금요일,대구광역시 수성구 이천동,경상사고,0,0,4,0,차대차 - 측면직각충돌,안전거리미확보,건조,맑음,교차로 - 교차로부근,승용,남,65세,상해없음,승용,남,45세,경상
2015022000100259,2015년 2월 20일 18시,금요일,대구광역시 중구 동인동4가,경상사고,0,0,1,0,차대차 - 추돌 - 진행중,안전운전불이행,건조,맑음,단일로 - 기타,승용,여,44세,상해없음,승용,남,44세,경상
2015022000100280,2015년 2월 20일 19시,금요일,대구광역시 남구 대명동,경상사고,0,0,2,0,차대차 - 기타,중앙선침범,건조,맑음,단일로 - 기타,승용,남,43세,상해없음,승용,여,45세,경상
2015022000100281,2015년 2월 20일 19시,금요일,대구광역시 달서구 신당동,경상사고,0,0,1,0,차대차 - 추돌 - 주정차중,안전운전불이행,건조,맑음,교차로 - 교차로안,화물,남,56세,상해없음,승용,여,26세,경상
2015022000100313,2015년 2월 20일 21시,금요일,대구광역시 동구 용계동,경상사고,0,0,2,0,차대차 - 기타,차로위반,건조,맑음,단일로 - 기타,승용,남,64세,상해없음,승용,여,55세,경상
2015022000100334,2015년 2월 20일 22시,금요일,대구광역시 수성구 두산동,경상사고,0,0,2,0,차대차 - 추돌 - 주정차중,안전운전불이행,건조,맑음,교차로 - 교차로부근,승용,남,48세,상해없음,승용,남,47세,경상
2015022000100335,2015년 2월 20일 22시,금요일,대구광역시 달서구 도원동,경상사고,0,0,1,0,차대사람 - 기타,기타,건조,맑음,단일로 - 기타,승용,남,47세,상해없음,보행자,남,34세,경상
2015022000100360,2015년 2월 20일 23시,금요일,대구광역시 남구 대명동,부상신고사고,0,0,0,1,차대차 - 측면직각충돌,안전거리미확보,건조,맑음,교차로 - 교차로부근,승용,남,52세,상해없음,이륜,남,32세,부상신고
2015022000100361,2015년 2월 20일 23시,금요일,대구광역시 남구 대명동,경상사고,0,0,1,0,차대차 - 기타,안전운전불이행,건조,맑음,단일로 - 기타,승용,남,61세,상해없음,승용,여,30세,경상
2015022100100016,2015년 2월 21일 00시,토요일,대구광역시 달서구 상인동,중상사고,0,1,0,0,차대차 - 측면직각충돌,안전운전불이행,건조,맑음,단일로 - 기타,승용,남,59세,상해없음,원동기,남,23세,중상
2015022100100026,2015년 2월 21일 01시,토요일,대구광역시 달서구 상인동,경상사고,0,0,1,0,차대차 - 기타,안전운전불이행,건조,맑음,교차로 - 교차로안,승용,남,28세,상해없음,승용,여,52세,경상
2015022100100027,2015년 2월 21일 01시,토요일,대구광역시 북구 산격동,경상사고,0,0,1,0,차대차 - 측면직각충돌,교차로운행방법위반,건조,맑음,교차로 - 교차로안,승용,여,27세,상해없음,승용,여,56세,경상
2015022100100028,2015년 2월 21일 01시,토요일,대구광역시 중구 전동,경상사고,0,0,2,0,차대차 - 추돌 - 진행중,안전운전불이행,건조,맑음,단일로 - 기타,승용,남,57세,상해없음,승용,남,63세,상해없음
2015022100100048,2015년 2월 21일 03시,토요일,대구광역시 중구 계산동1가,중상사고,0,1,3,0,차대차 - 추돌 - 주정차중,안전운전불이행,건조,맑음,교차로 - 교차로부근,승용,남,40세,상해없음,승용,남,29세,중상
2015022100100064,2015년 2월 21일 05시,토요일,대구광역시 중구 삼덕동1가,부상신고사고,0,0,0,1,차대사람 - 차도통행중,안전운전불이행,건조,맑음,교차로 - 교차로안,승용,기타불명,기타불명,기타불명,보행자,남,26세,부상신고
2015022100100119,2015년 2월 21일 10시,토요일,대구광역시 달성군 가창면,경상사고,0,0,2,0,차대차 - 측면직각충돌,안전운전불이행,건조,맑음,교차로 - 교차로안,승용,남,67세,경상,화물,남,63세,경상
2015022100100120,2015년 2월 21일 10시,토요일,대구광역시 서구 내당동,중상사고,0,1,0,0,차대차 - 측면직각충돌,신호위반,건조,맑음,교차로 - 교차로안,승용,남,78세,상해없음,승용,남,64세,중상
2015022100100121,2015년 2월 21일 10시,토요일,대구광역시 달서구 감삼동,중상사고,0,1,0,0,차대사람 - 기타,안전운전불이행,건조,맑음,단일로 - 기타,승용,기타불명,기타불명,기타불명,보행자,여,78세,중상
2015022100100154,2015년 2월 21일 12시,토요일,대구광역시 달서구 본동,경상사고,0,0,1,0,차대차 - 기타,기타,습기,흐림,단일로 - 기타,승용,여,55세,상해없음,이륜,남,70세,경상
2015022100100155,2015년 2월 21일 12시,토요일,대구광역시 달서구 송현동,경상사고,0,0,1,0,차대사람 - 기타,기타,건조,맑음,단일로 - 기타,승합,남,63세,상해없음,보행자,남,42세,경상