사고번호,사고일시,요일,시군구,사고내용,사망자수,중상자수,경상자수,부상신고자수,사고유형,법규위반,노면상태,기상상태,도로형태,가해운전자 차종,가해운전자 성별,가해운전자 연령,가해운전자 상해정도,피해운전자 차종,피해운전자 성별,피해운전자 연령,피해운전자 상해정도
2015022800100452,2015년 2월 28일 19시,토요일,대구광역시 중구 남산동,부상신고사고,0,0,0,1,차대차 - 측면직각충돌,안전운전불이행,건조,맑음,단일로 - 기타,이륜,남,21세,부상신고,승용,남,29세,상해없음
2015022800100480,2015년 2월 28일 20시,토요일,대구광역시 수성구 욱수동,경상사고,0,0,1,0,차대차 - 기타,안전운전불이행,건조,맑음,교차로 - 교차로안,승용,남,32세,상해없음,승용,남,25세,경상
2015022800100515,2015년 2월 28일 21시,토요일,대구광역시 중구 남산동,중상사고,0,1,0,0,차대차 - 측면직각충돌,직진우회전진행방해,습기,비,교차로 - 교차로부근,승용,남,54세,상해없음,이륜,남,54세,중상
2015022800100516,2015년 2월 28일 21시,토요일,대구광역시 북구 국우동,경상사고,0,0,1,0,차대사람 - 횡단중,보행자보호의무위반,습기,비,단일로 - 횡단보도상,승용,남,28세,상해없음,보행자,여,21세,경상
2015022800100550,2015년 2월 28일 22시,토요일,대구광역시 서구 원대동3가,중상사고,0,1,0,0,차대사람 - 기타,안전운전불이행,습기,비,교차로 - 교차로부근,이륜,남,17세,상해없음,보행자,남,60세,중상
2015022800100551,2015년 2월 28일 22시,토요일,대구광역시 남구 대명동,경상사고,0,0,3,0,차대차 - 측면직각충돌,안전운전불이행,건조,맑음,단일로 - 기타,승용,남,55세,상해없음,승용,남,57세,경상
2015022800100590,2015년 2월 28일 23시,토요일,대구광역시 동구 율하동,중상사고,0,3,0,0,차대차 - 측면직각충돌,신호위반,습기,비,교차로 - 교차로안,승용,남,33세,상해없음,승용,남,70세,중상
2015030100100019,2015년 3월 1일 00시,일요일,대구광역시 남구 봉덕동,경상사고,0,0,1,0,차대차 - 측면직각충돌,안전운전불이행,건조,맑음,단일로 - 기타,승용,남,33세,상해없음,승용,남,25세,경상
2015030100100020,2015년 3월 1일 00시,일요일,대구광역시 중구 동인동4가,부상신고사고,0,0,0,1,차대사람 - 길가장자리구역통행중,안전운전불이행,습기,비,교차로 - 교차로부근,기타불명,기타불명,기타불명,기타불명,보행자,남,48세,부상신고
2015030100100021,2015년 3월 1일 00시,일요일,대구광역시 중구 남일동,경상사고,0,0,1,0,차대사람 - 차도통행중,안전운전불이행,습기,눈,단일로 - 기타,승용,남,41세,상해없음,보행자,여,22세,경상
2015030100100038,2015년 3월 1일 01시,일요일,대구광역시 중구 삼덕동1가,중상사고,0,1,0,0,차대사람 - 차도통행중,안전운전불이행,습기,비,단일로 - 기타,승합,남,37세,상해없음,보행자,남,34세,중상
2015030100100075,2015년 3월 1일 03시,일요일,대구광역시 수성구 범어동,경상사고,0,0,1,0,차대차 - 기타,안전운전불이행,습기,흐림,교차로 - 교차로안,승용,남,23세,상해없음,승용,남,66세,경상
2015030100100105,2015년 3월 1일 06시,일요일,대구광역시 서구 내당동,중상사고,0,1,0,0,차대사람 - 차도통행중,안전운전불이행,습기,비,단일로 - 기타,화물,남,68세,상해없음,보행자,남,27세,중상
2015030100100123,2015년 3월 1일 07시,일요일,대구광역시 중구 동인동3가,경상사고,0,0,1,0,차대차 - 측면직각충돌,신호위반,습기,비,교차로 - 교차로안,화물,남,65세,상해없음,승용,남,42세,경상
2015030100100133,2015년 3월 1일 08시,일요일,대구광역시 달서구 본동,경상사고,0,0,1,0,차량단독 - 공작물충돌,안전운전불이행,습기,흐림,교차로 - 교차로부근,승용,남,39세,경상,,,,
2015030100100215,2015년 3월 1일 13시,일요일,대구광역시 서구 원대동1가,경상사고,0,0,1,0,차대차 - 기타,안전거리미확보,건조,맑음,단일로 - 기타,승용,남,60세,상해없음,승용,여,23세,경상
2015030100100239,2015년 3월 1일 14시,일요일,대구광역시 동구 효목동,경상사고,0,0,1,0,차대차 - 측면직각충돌,중앙선침범,건조,맑음,단일로 - 기타,이륜,남,53세,상해없음,이륜,남,50세,경상
2015030100100240,2015년 3월 1일 14시,일요일,대구광역시 북구 노원동3가,경상사고,0,0,6,0,차대차 - 기타,안전거리미확보,건조,맑음,단일로 - 기타,승용,여,52세,상해없음,승용,여,47세,경상
2015030100100241,2015년 3월 1일 14시,일요일,대구광역시 달서구 용산동,경상사고,0,0,1,0,차대사람 - 보도통행중,기타,건조,맑음,기타 - 기타,이륜,남,19세,상해없음,보행자,남,4세,경상
2015030100100287,2015년 3월 1일 16시,일요일,대구광역시 동구 신천동,경상사고,0,0,2,0,차대차 - 추돌 - 주정차중,안전운전불이행,건조,맑음,단일로 - 기타,승용,남,57세,상해없음,승용,남,58세,경상
2015030100100288,2015년 3월 1일 16시,일요일,대구광역시 북구 구암동,경상사고,0,0,4,0,차대차 - 기타,신호위반,건조,맑음,교차로 - 교차로안,승용,여,52세,상해없음,화물,남,43세,경상
2015030100100317,2015년 3월 1일 17시,일요일,대구광역시 달서구 상인동,경상사고,0,0,1,0,차대사람 - 기타,안전운전불이행,건조,맑음,단일로 - 기타,승용,기타불명,기타불명,기타불명,보행자,여,13세,경상
2015030100100340,2015년 3월 1일 18시,일요일,대구광역시 동구 봉무동,경상사고,0,0,2,0,차대차 - 측면직각충돌,안전운전불이행,건조,맑음,단일로 - 기타,승용,남,35세,상해없음,승용,남,32세,경상
2015030100100341,2015년 3월 1일 18시,일요일,대구광역시 중구 삼덕동3가,경상사고,0,0,2,0,차대차 - 측면직각충돌,교차로운행방법위반,건조,흐림,교차로 - 교차로안,승용,남,69세,상해없음,승용,남,57세,경상
2015030100100342,2015년 3월 1일 18시,일요일,대구광역시 북구 태전동,경상사고,0,0,1,0,차대차 - 측면직각충돌,안전거리미확보,건조,맑음,교차로 - 교차로안,승합,남,57세,상해없음,승용,여,53세,경상
2015030100100396,2015년 3월 1일 20시,일요일,대구광역시 남구 봉덕동,중상사고,0,2,0,0,차대차 - 추돌 - 진행중,안전운전불이행,건조,맑음,단일로 - 기타,승용,남,60세,상해없음,화물,남,37세,중상
2015030100100397,2015년 3월 1일 20시,일요일,대구광역시 서구 비산동,경상사고,0,0,1,0,차대차 - 기타,기타,건조,맑음,단일로 - 기타,승합,남,57세,상해없음,원동기,남,19세,상해없음
2015030100100420,2015년 3월 1일 21시,일요일,대구광역시 수성구 만촌동,경상사고,0,0,1,0,차대차 - 측면직각충돌,안전거리미확보,건조,맑음,미분류 - 미분류,승용,남,23세,상해없음,승합,남,59세,상해없음
2015030100100430,2015년 3월 1일 22시,일요일,대구광역시 수성구 두산동,부상신고사고,0,0,0,1,차대차 - 추돌 - 진행중,안전운전불이행,건조,맑음,교차로 - 교차로부근,승용,남,24세,부상신고,승용,남,52세,상해없음
2015030100100440,2015년 3월 1일 23시,일요일,대구광역시 달성군 옥포면,중상사고,0,1,0,0,차대사람 - 기타,안전운전불이행,건조,맑음,단일로 - 기타,승용,남,28세,상해없음,보행자,남,61세,중상
2015030200100016,2015년 3월 2일 01시,월요일,대구광역시 동구 방촌동,중상사고,0,1,0,0,차대사람 - 횡단중,안전운전불이행,건조,맑음,단일로 - 기타,승용,남,22세,상해없음,보행자,남,24세,중상
2015030200100017,2015년 3월 2일 01시,월요일,대구광역시 달서구 감삼동,경상사고,0,0,3,0,차대차 - 측면직각충돌,신호위반,건조,맑음,교차로 - 교차로안,승용,남,18세,경상,승용,남,22세,경상
2015030200100031,2015년 3월 2일 03시,월요일,대구광역시 수성구 만촌동,경상사고,0,0,2,0,차대차 - 측면직각충돌,안전거리미확보,건조,맑음,교차로 - 교차로안,이륜,남,19세,경상,승용,남,20세,상해없음
2015030200100041,2015년 3월 2일 05시,월요일,대구광역시 남구 대명동,경상사고,0,0,1,0,차대차 - 기타,안전거리미확보,건조,맑음,교차로 - 교차로부근,승용,여,71세,상해없음,승용,남,41세,경상
2015030200100042,2015년 3월 2일 05시,월요일,대구광역시 북구 산격동,중상사고,0,1,0,0,차대사람 - 기타,안전운전불이행,건조,맑음,단일로 - 기타,승용,남,19세,상해없음,보행자,여,65세,중상
2015030200100051,2015년 3월 2일 06시,월요일,대구광역시 동구 각산동,부상신고사고,0,0,0,1,차대차 - 측면직각충돌,신호위반,건조,맑음,교차로 - 교차로안,승용,남,55세,상해없음,승용,남,37세,부상신고
2015030200100052,2015년 3월 2일 06시,월요일,대구광역시 달서구 송현동,중상사고,0,1,0,0,차대사람 - 횡단중,안전운전불이행,건조,맑음,교차로 - 교차로부근,승용,남,79세,상해없음,보행자,남,75세,중상
2015030200100074,2015년 3월 2일 07시,월요일,대구광역시 북구 동천동,중상사고,0,1,0,0,차대사람 - 횡단중,안전운전불이행,건조,맑음,교차로 - 교차로안,화물,남,41세,상해없음,보행자,여,14세,중상
2015030200100125,2015년 3월 2일 08시,월요일,대구광역시 수성구 지산동,경상사고,0,0,1,0,차대사람 - 길가장자리구역통행중,안전운전불이행,건조,맑음,단일로 - 기타,특수,남,21세,상해없음,보행자,남,41세,경상
2015030200100126,2015년 3월 2일 08시,월요일,대구광역시 달서구 감삼동,경상사고,0,0,1,0,차대차 - 측면직각충돌,안전거리미확보,건조,맑음,단일로 - 기타,승용,여,50세,상해없음,승용,남,37세,상해없음
2015030200100197,2015년 3월 2일 10시,월요일,대구광역시 수성구 수성동2가,경상사고,0,0,1,0,차대차 - 측면직각충돌,안전운전불이행,건조,맑음,단일로 - 기타,승용,기타불명,기타불명,기타불명,자전거,남,70세,경상
2015030200100226,2015년 3월 2일 11시,월요일,대구광역시 남구 봉덕동,경상사고,0,0,1,0,차대사람 - 기타,안전운전불이행,건조,맑음,교차로 - 교차로부근,화물,남,57세,상해없음,보행자,남,13세,경상
2015030200100298,2015년 3월 2일 13시,월요일,대구광역시 동구 용계동,경상사고,0,0,1,0,차대차 - 측면직각충돌,안전거리미확보,건조,맑음,단일로 - 기타,승용,남,66세,상해없음,승용,남,57세,상해없음
2015030200100299,2015년 3월 2일 13시,월요일,대구광역시 중구 교동,경상사고,0,0,1,0,차대차 - 기타,안전운전불이행,건조,맑음,교차로 - 교차로부근,승용,남,69세,상해없음,승용,남,66세,경상
2015030200100300,2015년 3월 2일 13시,월요일,대구광역시 북구 태전동,중상사고,0,1,0,0,차량단독 - 도로외이탈 - 추락,안전운전불이행,건조,맑음,단일로 - 기타,승합,남,38세,상해없음,,,,
2015030200100338,2015년 3월 2일 14시,월요일,대구광역시 달서구 상인동,중상사고,0,1,0,0,차대차 - 기타,안전운전불이행,건조,맑음,단일로 - 횡단보도상,화물,남,64세,상해없음,자전거,남,13세,중상
2015030200100339,2015년 3월 2일 14시,월요일,대구광역시 서구 내당동,중상사고,0,1,0,0,차대차 - 측면직각충돌,안전거리미확보,건조,맑음,단일로 - 기타,승용,남,31세,상해없음,이륜,남,48세,중상
2015030200100340,2015년 3월 2일 14시,월요일,대구광역시 달서구 죽전동,경상사고,0,0,2,0,차대차 - 추돌 - 진행중,안전거리미확보,건조,맑음,단일로 - 기타,승용,남,67세,상해없음,승용,남,24세,경상
2015030200100370,2015년 3월 2일 15시,월요일,대구광역시 남구 봉덕동,경상사고,0,0,1,0,차대차 - 추돌 - 주정차중,안전운전불이행,건조,맑음,교차로 - 교차로부근,승용,남,56세,상해없음,승용,여,42세,경상
2015030200100372,2015년 3월 2일 15시,월요일,대구광역시 중구 남산동,중상사고,0,1,0,0,차대차 - 기타,안전운전불이행,건조,맑음,단일로 - 기타,승용,남,33세,상해없음,승용,남,64세,중상
2015030200100373,2015년 3월 2일 15시,월요일,대구광역시 북구 태전동,경상사고,0,0,1,0,차대차 - 측면직각충돌,안전운전불이행,건조,맑음,교차로 - 교차로안,승용,남,27세,상해없음,승용,여,45세,경상
2015030200100374,2015년 3월 2일 15시,월요일,대구광역시 북구 학정동,중상사고,0,1,1,0,차대차 - 기타,안전운전불이행,건조,맑음,단일로 - 기타,승합,남,43세,상해없음,승용,여,25세,경상
2015030200100429,2015년 3월 2일 17시,월요일,대구광역시 중구 봉산동,경상사고,0,0,1,0,차대사람 - 보도통행중,안전운전불이행,건조,맑음,단일로 - 기타,승용,여,66세,상해없음,보행자,남,19세,경상
2015030200100455,2015년 3월 2일 18시,월요일,대구광역시 동구 신천동,중상사고,0,1,0,0,차대차 - 기타,교차로운행방법위반,건조,맑음,교차로 - 교차로안,승용,남,64세,상해없음,화물,남,41세,중상
2015030200100456,2015년 3월 2일 18시,월요일,대구광역시 북구 산격동,중상사고,0,1,0,0,차대차 - 기타,중앙선침범,건조,맑음,단일로 - 기타,자전거,여,61세,중상,승용,남,57세,상해없음
2015030200100457,2015년 3월 2일 18시,월요일,대구광역시 서구 비산동,중상사고,0,1,0,0,차대차 - 기타,중앙선침범,건조,맑음,단일로 - 기타,자전거,남,77세,중상,승용,남,63세,상해없음
2015030200100500,2015년 3월 2일 19시,월요일,대구광역시 수성구 황금동,중상사고,0,1,0,0,차대사람 - 횡단중,안전운전불이행,건조,맑음,단일로 - 기타,자전거,남,22세,상해없음,보행자,여,62세,중상
2015030200100501,2015년 3월 2일 19시,월요일,대구광역시 수성구 만촌동,중상사고,0,1,0,0,차대차 - 측면직각충돌,신호위반,건조,맑음,교차로 - 교차로안,승용,남,39세,상해없음,이륜,남,40세,중상
2015030200100502,2015년 3월 2일 19시,월요일,대구광역시 서구 평리동,부상신고사고,0,0,0,1,차량단독 - 전도전복,안전운전불이행,건조,맑음,단일로 - 기타,승용,남,49세,부상신고,,,,
2015030200100527,2015년 3월 2일 20시,월요일,대구광역시 수성구 범물동,중상사고,0,2,1,0,차대차 - 추돌 - 주정차중,안전운전불이행,건조,맑음,교차로 - 교차로부근,화물,남,57세,상해없음,승용,여,33세,중상
2015030200100528,2015년 3월 2일 20시,월요일,대구광역시 달서구 신당동,중상사고,0,1,1,0,차대사람 - 횡단중,안전운전불이행,건조,맑음,단일로 - 기타,이륜,남,18세,경상,보행자,여,55세,중상
2015030200100529,2015년 3월 2일 20시,월요일,대구광역시 달서구 본리동,경상사고,0,0,1,0,차대차 - 기타,안전운전불이행,건조,맑음,교차로 - 교차로부근,승용,남,20세,상해없음,이륜,남,17세,경상
2015030200100556,2015년 3월 2일 21시,월요일,대구광역시 달성군 화원읍,부상신고사고,0,0,0,1,차대차 - 측면직각충돌,신호위반,건조,맑음,교차로 - 교차로안,자전거,남,14세,부상신고,화물,남,55세,상해없음
2015030200100557,2015년 3월 2일 21시,월요일,대구광역시 서구 비산동,경상사고,0,0,1,0,차대차 - 추돌 - 진행중,안전운전불이행,건조,맑음,단일로 - 기타,승용,남,42세,상해없음,승용,남,34세,경상
2015030200100558,2015년 3월 2일 21시,월요일,대구광역시 달서구 성당동,경상사고,0,0,2,0,차대차 - 추돌 - 진행중,교차로운행방법위반,건조,맑음,교차로 - 교차로안,승용,남,58세,상해없음,승용,남,43세,경상
2015030200100577,2015년 3월 2일 22시,월요일,대구광역시 북구 산격동,중상사고,0,1,0,0,차대사람 - 기타,안전운전불이행,건조,맑음,단일로 - 기타,승용,여,45세,상해없음,보행자,여,70세,중상
2015030200100591,2015년 3월 2일 23시,월요일,대구광역시 남구 대명동,경상사고,0,0,1,0,차대차 - 기타,안전운전불이행,건조,맑음,단일로 - 기타,승용,남,45세,상해없음,이륜,남,18세,경상
2015030200100592,2015년 3월 2일 23시,월요일,대구광역시 달서구 성당동,경상사고,0,0,1,0,차량단독 - 기타,안전운전불이행,건조,맑음,기타 - 기타,승용,남,53세,상해없음,,,,
2015030300100032,2015년 3월 3일 02시,화요일,대구광역시 달서구 상인동,부상신고사고,0,0,0,1,차대차 - 측면직각충돌,안전운전불이행,건조,맑음,단일로 - 기타,화물,남,48세,상해없음,승용,남,38세,부상신고
2015030300100038,2015년 3월 3일 04시,화요일,대구광역시 서구 내당동,경상사고,0,0,1,0,차대차 - 추돌 - 주정차중,안전운전불이행,건조,흐림,단일로 - 기타,승용,남,29세,상해없음,승용,남,35세,경상
2015030300100082,2015년 3월 3일 07시,화요일,대구광역시 달성군 논공읍,경상사고,0,0,1,0,차대차 - 측면직각충돌,중앙선침범,건조,맑음,교차로 - 교차로안,승용,남,55세,상해없음,승합,남,59세,경상
2015030300100110,2015년 3월 3일 08시,화요일,대구광역시 달서구 대천동,경상사고,0,0,3,0,차대차 - 기타,신호위반,건조,맑음,교차로 - 교차로안,승용,남,34세,상해없음,승용,여,39세,경상
2015030300100111,2015년 3월 3일 08시,화요일,대구광역시 달서구 두류동,중상사고,0,1,0,0,차대사람 - 기타,안전운전불이행,건조,맑음,교차로 - 교차로안,승합,남,54세,상해없음,보행자,여,78세,중상
2015030300100112,2015년 3월 3일 08시,화요일,대구광역시 북구 동천동,경상사고,0,0,1,0,차대차 - 측면직각충돌,안전운전불이행,건조,맑음,단일로 - 횡단보도상,승용,남,54세,기타불명,자전거,여,33세,경상
2015030300100133,2015년 3월 3일 09시,화요일,대구광역시 동구 신천동,중상사고,0,4,1,0,차대차 - 기타,안전거리미확보,건조,맑음,단일로 - 기타,승용,남,29세,상해없음,승용,남,64세,중상
2015030300100134,2015년 3월 3일 09시,화요일,대구광역시 동구 신서동,경상사고,0,0,1,0,차대차 - 측면직각충돌,안전운전불이행,건조,맑음,단일로 - 기타,승용,여,39세,상해없음,승용,여,37세,경상
2015030300100135,2015년 3월 3일 09시,화요일,대구광역시 북구 침산동,경상사고,0,0,2,0,차대차 - 측면직각충돌,안전거리미확보,습기,비,단일로 - 교량,건설기계,남,56세,상해없음,승용,남,75세,경상
2015030300100160,2015년 3월 3일 10시,화요일,대구광역시 수성구 두산동,중상사고,0,1,0,0,차대사람 - 기타,신호위반,건조,맑음,단일로 - 횡단보도상,승용,여,39세,상해없음,보행자,여,73세,중상
2015030300100161,2015년 3월 3일 10시,화요일,대구광역시 서구 이현동,경상사고,0,0,1,0,차대차 - 측면직각충돌,교차로운행방법위반,습기,비,교차로 - 교차로안,화물,남,44세,상해없음,화물,남,24세,경상
2015030300100162,2015년 3월 3일 10시,화요일,대구광역시 서구 상리동,경상사고,0,0,4,0,차대차 - 기타,안전운전불이행,습기,비,단일로 - 기타,화물,남,54세,상해없음,승용,남,53세,경상
2015030300100208,2015년 3월 3일 12시,화요일,대구광역시 중구 남산동,경상사고,0,0,1,0,차대차 - 추돌 - 진행중,안전운전불이행,건조,맑음,교차로 - 교차로부근,승용,남,41세,상해없음,승용,남,39세,경상
2015030300100209,2015년 3월 3일 12시,화요일,대구광역시 북구 서변동,부상신고사고,0,0,0,1,차대차 - 측면직각충돌,안전운전불이행,습기,비,교차로 - 교차로부근,자전거,남,24세,부상신고,승용,여,33세,상해없음
2015030300100239,2015년 3월 3일 13시,화요일,대구광역시 동구 신암동,경상사고,0,0,2,0,차대차 - 측면직각충돌,신호위반,습기,비,교차로 - 교차로안,화물,남,53세,상해없음,승용,남,61세,경상
2015030300100240,2015년 3월 3일 13시,화요일,대구광역시 수성구 범어동,부상신고사고,0,0,0,3,차대차 - 측면직각충돌,교차로운행방법위반,건조,맑음,교차로 - 교차로안,승용,남,77세,상해없음,승용,남,42세,부상신고
2015030300100262,2015년 3월 3일 14시,화요일,대구광역시 달성군 화원읍,경상사고,0,0,2,1,차대차 - 측면직각충돌,교차로운행방법위반,습기,비,교차로 - 교차로안,화물,남,56세,부상신고,화물,남,25세,경상
2015030300100292,2015년 3월 3일 15시,화요일,대구광역시 동구 효목동,부상신고사고,0,0,0,1,차대사람 - 기타,안전운전불이행,습기,비,단일로 - 기타,화물,남,52세,상해없음,보행자,남,46세,부상신고
2015030300100293,2015년 3월 3일 15시,화요일,대구광역시 북구 산격동,경상사고,0,0,1,0,차대차 - 기타,안전운전불이행,습기,맑음,단일로 - 기타,승용,남,71세,상해없음,자전거,남,77세,경상
2015030300100294,2015년 3월 3일 15시,화요일,대구광역시 중구 대봉동,중상사고,0,2,2,0,차대차 - 정면충돌,중앙선침범,습기,비,단일로 - 기타,승용,남,40세,상해없음,승합,남,66세,중상
2015030300100325,2015년 3월 3일 16시,화요일,대구광역시 동구 동호동,중상사고,0,1,0,0,차대사람 - 기타,신호위반,건조,맑음,교차로 - 교차로안,승용,여,37세,상해없음,보행자,남,9세,중상
2015030300100326,2015년 3월 3일 16시,화요일,대구광역시 동구 봉무동,경상사고,0,0,1,0,차대차 - 기타,안전거리미확보,건조,맑음,단일로 - 기타,승용,여,61세,상해없음,승용,남,62세,경상
2015030300100363,2015년 3월 3일 17시,화요일,대구광역시 북구 산격동,경상사고,0,0,2,0,차대차 - 추돌 - 주정차중,안전거리미확보,건조,맑음,교차로 - 교차로부근,승용,남,41세,상해없음,승용,여,44세,경상
2015030300100364,2015년 3월 3일 17시,화요일,대구광역시 서구 비산동,경상사고,0,0,1,0,차대차 - 측면직각충돌,기타,건조,맑음,단일로 - 기타,승용,남,51세,상해없음,이륜,남,46세,경상
2015030300100365,2015년 3월 3일 17시,화요일,대구광역시 달서구 이곡동,경상사고,0,0,1,0,차대차 - 추돌 - 주정차중,안전운전불이행,건조,맑음,단일로 - 기타,승용,남,78세,상해없음,승용,남,31세,경상
2015030300100410,2015년 3월 3일 18시,화요일,대구광역시 수성구 상동,경상사고,0,0,1,0,차대차 - 기타,신호위반,습기,맑음,교차로 - 교차로안,승용,여,54세,상해없음,자전거,남,24세,경상
2015030300100460,2015년 3월 3일 19시,화요일,대구광역시 달서구 상인동,중상사고,0,1,0,0,차대차 - 기타,교차로운행방법위반,건조,흐림,교차로 - 교차로안,승용,남,50세,상해없음,원동기,남,46세,중상
2015030300100461,2015년 3월 3일 19시,화요일,대구광역시 달서구 상인동,경상사고,0,0,1,0,차대차 - 측면직각충돌,안전운전불이행,습기,비,단일로 - 기타,이륜,남,52세,경상,승용,남,55세,상해없음
2015030300100462,2015년 3월 3일 19시,화요일,대구광역시 북구 대현동,중상사고,0,1,0,0,차대차 - 추돌 - 주정차중,안전운전불이행,습기,흐림,교차로 - 교차로부근,승용,남,62세,상해없음,이륜,남,46세,중상
2015030300100492,2015년 3월 3일 20시,화요일,대구광역시 달서구 신당동,중상사고,0,1,0,0,차대차 - 추돌 - 진행중,안전거리미확보,건조,맑음,단일로 - 기타,승용,남,48세,상해없음,승합,남,54세,중상
2015030300100516,2015년 3월 3일 21시,화요일,대구광역시 수성구 신매동,중상사고,0,1,1,0,차대차 - 측면직각충돌,안전운전불이행,건조,맑음,단일로 - 기타,승용,남,40세,상해없음,승용,여,41세,경상
2015030300100517,2015년 3월 3일 21시,화요일,대구광역시 중구 남산동,중상사고,0,1,0,0,차대차 - 기타,신호위반,건조,맑음,교차로 - 교차로안,승용,남,31세,상해없음,이륜,남,46세,중상
2015030300100551,2015년 3월 3일 22시,화요일,대구광역시 수성구 신매동,중상사고,0,1,0,0,차대사람 - 차도통행중,보행자보호의무위반,습기,비,단일로 - 횡단보도상,승용,기타불명,기타불명,기타불명,보행자,여,60세,중상
2015030300100552,2015년 3월 3일 22시,화요일,대구광역시 달서구 파호동,경상사고,0,0,1,0,차대차 - 추돌 - 진행중,안전운전불이행,습기,비,단일로 - 기타,승용,남,59세,상해없음,승용,여,46세,경상
2015030300100585,2015년 3월 3일 23시,화요일,대구광역시 남구 대명동,경상사고,0,0,2,0,차대차 - 측면직각충돌,차로위반,습기,비,단일로 - 기타,이륜,남,30세,경상,승용,여,47세,경상
2015030300100586,2015년 3월 3일 23시,화요일,대구광역시 수성구 연호동,경상사고,0,0,1,0,차대차 - 측면직각충돌,안전거리미확보,건조,흐림,단일로 - 기타,승용,여,58세,상해없음,승용,남,49세,상해없음
2015030300100587,2015년 3월 3일 23시,화요일,대구광역시 수성구 범어동,경상사고,0,0,1,0,차대차 - 측면직각충돌,안전운전불이행,습기,비,단일로 - 기타,승용,여,24세,상해없음,승용,남,57세,경상
2015030300100588,2015년 3월 3일 23시,화요일,대구광역시 달서구 성당동,경상사고,0,0,1,0,차대차 - 측면직각충돌,불법유턴,건조,흐림,단일로 - 기타,승용,남,26세,상해없음,이륜,남,49세,경상
2015030300100589,2015년 3월 3일 23시,화요일,대구광역시 북구 태전동,사망사고,1,1,1,0,차대차 - 추돌 - 진행중,안전운전불이행,습기,흐림,단일로 - 횡단보도부근,화물,남,26세,사망,승용,남,48세,중상
2015030400100091,2015년 3월 4일 07시,수요일,대구광역시 수성구 수성동4가,경상사고,0,0,1,0,차대차 - 추돌 - 주정차중,안전운전불이행,건조,맑음,교차로 - 교차로부근,화물,남,50세,상해없음,승용,여,46세,경상
2015030400100133,2015년 3월 4일 08시,수요일,대구광역시 동구 용계동,경상사고,0,0,1,0,차대차 - 측면직각충돌,안전운전불이행,건조,맑음,교차로 - 교차로안,건설기계,남,45세,상해없음,승용,남,32세,경상
2015030400100168,2015년 3월 4일 09시,수요일,대구광역시 달서구 송현동,경상사고,0,0,1,0,차대차 - 기타,교차로운행방법위반,건조,맑음,단일로 - 기타,승용,남,35세,경상,승용,남,37세,상해없음
2015030400100169,2015년 3월 4일 09시,수요일,대구광역시 달서구 이곡동,경상사고,0,0,1,0,차대차 - 추돌 - 진행중,신호위반,건조,맑음,교차로 - 교차로안,승용,여,19세,상해없음,승용,여,42세,경상
2015030400100190,2015년 3월 4일 10시,수요일,대구광역시 수성구 수성동4가,중상사고,0,1,0,0,차대차 - 측면직각충돌,안전거리미확보,건조,맑음,단일로 - 교량,승용,여,56세,상해없음,승용,여,38세,중상
2015030400100214,2015년 3월 4일 11시,수요일,대구광역시 달서구 대천동,경상사고,0,0,1,0,차대차 - 측면직각충돌,신호위반,건조,맑음,교차로 - 교차로안,승합,남,83세,경상,화물,남,54세,상해없음
2015030400100245,2015년 3월 4일 12시,수요일,대구광역시 달서구 유천동,경상사고,0,0,2,0,차대차 - 추돌 - 주정차중,안전운전불이행,건조,맑음,교차로 - 교차로부근,원동기,남,39세,경상,승용,남,57세,상해없음
2015030400100246,2015년 3월 4일 12시,수요일,대구광역시 북구 산격동,경상사고,0,0,1,0,차대차 - 추돌 - 진행중,안전운전불이행,건조,맑음,단일로 - 기타,승용,여,46세,상해없음,승용,남,25세,경상
2015030400100247,2015년 3월 4일 12시,수요일,대구광역시 서구 내당동,중상사고,0,1,1,0,차대차 - 측면직각충돌,안전운전불이행,건조,맑음,교차로 - 교차로부근,승용,여,50세,상해없음,승용,남,54세,경상
2015030400100266,2015년 3월 4일 13시,수요일,대구광역시 북구 국우동,경상사고,0,0,1,0,차대사람 - 횡단중,안전운전불이행,건조,맑음,단일로 - 횡단보도상,이륜,남,51세,기타불명,보행자,남,7세,경상
2015030400100293,2015년 3월 4일 14시,수요일,대구광역시 수성구 지산동,부상신고사고,0,0,0,1,차대사람 - 길가장자리구역통행중,기타,건조,맑음,교차로 - 교차로부근,기타불명,기타불명,기타불명,기타불명,보행자,여,35세,부상신고
2015030400100321,2015년 3월 4일 15시,수요일,대구광역시 중구 공평동,경상사고,0,0,1,0,차대차 - 기타,안전거리미확보,건조,맑음,단일로 - 기타,승용,여,41세,기타불명,승합,남,54세,상해없음
2015030400100322,2015년 3월 4일 15시,수요일,대구광역시 달서구 성당동,경상사고,0,0,1,0,차대사람 - 기타,안전운전불이행,건조,맑음,단일로 - 기타,승용,여,52세,상해없음,보행자,남,53세,경상
2015030400100358,2015년 3월 4일 16시,수요일,대구광역시 동구 율하동,중상사고,0,1,0,0,차대차 - 기타,신호위반,건조,맑음,교차로 - 교차로안,승용,남,72세,상해없음,승용,여,70세,중상
2015030400100359,2015년 3월 4일 16시,수요일,대구광역시 수성구 만촌동,중상사고,0,1,1,0,차대차 - 추돌 - 주정차중,안전거리미확보,건조,맑음,교차로 - 교차로부근,승용,여,43세,상해없음,승용,남,39세,중상
2015030400100360,2015년 3월 4일 16시,수요일,대구광역시 달서구 진천동,중상사고,0,1,0,0,차대차 - 추돌 - 주정차중,안전거리미확보,건조,맑음,단일로 - 기타,승용,남,56세,상해없음,승용,남,33세,중상