사고번호,사고일시,요일,시군구,사고내용,사망자수,중상자수,경상자수,부상신고자수,사고유형,법규위반,노면상태,기상상태,도로형태,가해운전자 차종,가해운전자 성별,가해운전자 연령,가해운전자 상해정도,피해운전자 차종,피해운전자 성별,피해운전자 연령,피해운전자 상해정도
2015030400100388,2015년 3월 4일 17시,수요일,대구광역시 달성군 다사읍,경상사고,0,0,1,0,차대차 - 측면직각충돌,안전운전불이행,건조,맑음,교차로 - 교차로부근,이륜,남,42세,경상,승용,남,33세,상해없음
2015030400100389,2015년 3월 4일 17시,수요일,대구광역시 북구 산격동,경상사고,0,0,1,0,차대차 - 기타,직진우회전진행방해,건조,맑음,교차로 - 교차로안,화물,남,60세,상해없음,승용,남,32세,상해없음
2015030400100431,2015년 3월 4일 18시,수요일,대구광역시 남구 대명동,경상사고,0,0,1,0,차대차 - 측면직각충돌,안전운전불이행,건조,맑음,교차로 - 교차로부근,승용,남,79세,상해없음,승용,남,62세,경상
2015030400100432,2015년 3월 4일 18시,수요일,대구광역시 달서구 상인동,중상사고,0,1,1,0,차대차 - 추돌 - 주정차중,안전운전불이행,건조,맑음,교차로 - 교차로부근,원동기,남,17세,경상,승용,남,68세,상해없음
2015030400100433,2015년 3월 4일 18시,수요일,대구광역시 달성군 구지면,사망사고,1,0,0,0,차대차 - 측면직각충돌,안전운전불이행,건조,맑음,교차로 - 교차로안,승용,남,32세,상해없음,이륜,남,68세,사망
2015030400100434,2015년 3월 4일 18시,수요일,대구광역시 북구 노원동3가,중상사고,0,1,0,0,차대차 - 측면직각충돌,기타,건조,맑음,단일로 - 기타,승용,남,65세,상해없음,원동기,남,54세,중상
2015030400100435,2015년 3월 4일 18시,수요일,대구광역시 서구 평리동,경상사고,0,0,1,0,차대차 - 기타,교차로운행방법위반,건조,맑음,교차로 - 교차로안,이륜,남,59세,경상,승용,남,60세,상해없음
2015030400100436,2015년 3월 4일 18시,수요일,대구광역시 달서구 감삼동,경상사고,0,0,1,0,차대차 - 추돌 - 진행중,안전거리미확보,건조,맑음,단일로 - 기타,승용,남,29세,상해없음,승용,여,44세,경상
2015030400100467,2015년 3월 4일 19시,수요일,대구광역시 남구 대명동,경상사고,0,0,2,0,차대차 - 측면직각충돌,교차로운행방법위반,건조,맑음,교차로 - 교차로안,승용,남,48세,상해없음,자전거,남,14세,경상
2015030400100468,2015년 3월 4일 19시,수요일,대구광역시 수성구 범물동,경상사고,0,0,1,0,차대차 - 기타,안전운전불이행,건조,맑음,단일로 - 기타,승용,남,27세,상해없음,승용,남,46세,경상
2015030400100469,2015년 3월 4일 19시,수요일,대구광역시 달성군 논공읍,경상사고,0,0,1,0,차대사람 - 횡단중,안전운전불이행,건조,맑음,교차로 - 교차로안,승용,남,44세,상해없음,보행자,남,57세,경상
2015030400100470,2015년 3월 4일 19시,수요일,대구광역시 달성군 다사읍,경상사고,0,0,1,0,차대차 - 기타,안전운전불이행,건조,기타,단일로 - 기타,승용,남,26세,상해없음,승용,남,31세,경상
2015030400100471,2015년 3월 4일 19시,수요일,대구광역시 북구 노원동2가,경상사고,0,0,4,0,차대차 - 추돌 - 진행중,안전거리미확보,건조,맑음,단일로 - 교량,승용,남,57세,상해없음,승용,남,30세,경상
2015030400100551,2015년 3월 4일 21시,수요일,대구광역시 수성구 범어동,중상사고,0,1,0,0,차대사람 - 횡단중,교차로운행방법위반,건조,맑음,교차로 - 교차로부근,화물,남,36세,상해없음,보행자,남,54세,중상
2015030400100552,2015년 3월 4일 21시,수요일,대구광역시 북구 관음동,경상사고,0,0,1,0,차대사람 - 기타,안전운전불이행,건조,맑음,단일로 - 기타,승용,여,42세,상해없음,보행자,여,75세,경상
2015030400100579,2015년 3월 4일 22시,수요일,대구광역시 동구 신천동,경상사고,0,0,1,0,차대사람 - 횡단중,안전운전불이행,건조,맑음,단일로 - 기타,승용,남,54세,상해없음,보행자,남,23세,경상
2015030400100580,2015년 3월 4일 22시,수요일,대구광역시 북구 산격동,경상사고,0,0,1,0,차대차 - 기타,신호위반,건조,맑음,단일로 - 기타,기타불명,기타불명,기타불명,기타불명,자전거,남,25세,경상
2015030400100581,2015년 3월 4일 22시,수요일,대구광역시 북구 읍내동,중상사고,0,1,2,0,차대차 - 측면직각충돌,기타,건조,맑음,단일로 - 기타,승용,남,30세,상해없음,승용,남,53세,중상
2015030400100604,2015년 3월 4일 23시,수요일,대구광역시 달서구 상인동,경상사고,0,0,1,0,차대사람 - 횡단중,보행자보호의무위반,건조,맑음,단일로 - 횡단보도상,승용,남,54세,상해없음,보행자,남,43세,경상
2015030400100605,2015년 3월 4일 23시,수요일,대구광역시 달성군 화원읍,부상신고사고,0,0,0,1,차대차 - 추돌 - 주정차중,안전운전불이행,건조,맑음,단일로 - 기타,화물,남,32세,부상신고,농기계,남,73세,기타불명
2015030400100606,2015년 3월 4일 23시,수요일,대구광역시 북구 산격동,경상사고,0,0,1,0,차대차 - 기타,안전운전불이행,건조,맑음,교차로 - 교차로안,승용,남,63세,상해없음,승용,남,46세,상해없음
2015030400100607,2015년 3월 4일 23시,수요일,대구광역시 북구 관음동,부상신고사고,0,0,0,1,차대차 - 측면직각충돌,안전운전불이행,건조,맑음,단일로 - 기타,승용,남,29세,부상신고,화물,남,49세,기타불명
2015030500100014,2015년 3월 5일 00시,목요일,대구광역시 수성구 두산동,중상사고,0,1,1,0,차대차 - 정면충돌,안전운전불이행,건조,맑음,단일로 - 기타,승용,남,55세,경상,승용,남,50세,중상
2015030500100015,2015년 3월 5일 00시,목요일,대구광역시 중구 동성로2가,경상사고,0,0,2,0,차대차 - 추돌 - 주정차중,안전운전불이행,건조,맑음,단일로 - 기타,승용,여,55세,상해없음,승용,남,57세,경상
2015030500100027,2015년 3월 5일 01시,목요일,대구광역시 중구 남산동,경상사고,0,0,1,0,차대차 - 기타,안전운전불이행,건조,맑음,단일로 - 기타,이륜,기타불명,기타불명,기타불명,자전거,남,26세,경상
2015030500100069,2015년 3월 5일 06시,목요일,대구광역시 수성구 시지동,부상신고사고,0,0,0,1,차대차 - 추돌 - 주정차중,안전운전불이행,건조,맑음,단일로 - 기타,승용,남,24세,상해없음,승용,여,61세,부상신고
2015030500100093,2015년 3월 5일 07시,목요일,대구광역시 북구 침산동,경상사고,0,0,1,0,차대차 - 기타,신호위반,건조,맑음,교차로 - 교차로안,승용,남,59세,상해없음,승용,남,52세,경상
2015030500100134,2015년 3월 5일 08시,목요일,대구광역시 서구 이현동,중상사고,0,1,0,0,차대사람 - 기타,기타,건조,맑음,단일로 - 기타,승합,남,46세,상해없음,보행자,여,62세,중상
2015030500100171,2015년 3월 5일 09시,목요일,대구광역시 중구 달성동,경상사고,0,0,1,0,차대차 - 추돌 - 주정차중,기타,건조,맑음,단일로 - 기타,승용,남,53세,상해없음,이륜,남,26세,경상
2015030500100172,2015년 3월 5일 09시,목요일,대구광역시 중구 남산동,경상사고,0,0,1,0,차대차 - 측면직각충돌,안전운전불이행,건조,맑음,단일로 - 기타,승용,남,60세,상해없음,이륜,남,75세,경상
2015030500100173,2015년 3월 5일 09시,목요일,대구광역시 달서구 본리동,경상사고,0,0,1,0,차대차 - 추돌 - 진행중,안전거리미확보,건조,맑음,기타 - 기타,이륜,남,74세,경상,승용,남,39세,상해없음
2015030500100190,2015년 3월 5일 10시,목요일,대구광역시 서구 비산동,경상사고,0,0,2,0,차대차 - 추돌 - 주정차중,안전거리미확보,건조,맑음,단일로 - 기타,승용,남,57세,상해없음,승용,남,53세,경상
2015030500100208,2015년 3월 5일 11시,목요일,대구광역시 북구 침산동,경상사고,0,0,1,0,차대차 - 추돌 - 진행중,차로위반,건조,맑음,단일로 - 기타,승용,남,58세,상해없음,승용,남,40세,경상
2015030500100209,2015년 3월 5일 11시,목요일,대구광역시 중구 동성로2가,경상사고,0,0,1,0,차대차 - 추돌 - 주정차중,안전운전불이행,건조,맑음,단일로 - 기타,승용,남,41세,상해없음,승용,남,29세,경상
2015030500100236,2015년 3월 5일 12시,목요일,대구광역시 수성구 범어동,중상사고,0,1,0,0,차대차 - 측면직각충돌,안전운전불이행,건조,맑음,단일로 - 기타,승용,여,55세,상해없음,화물,남,35세,중상
2015030500100237,2015년 3월 5일 12시,목요일,대구광역시 중구 동성로2가,경상사고,0,0,1,0,차대사람 - 길가장자리구역통행중,안전운전불이행,건조,맑음,단일로 - 기타,승용,여,34세,기타불명,보행자,남,48세,경상
2015030500100304,2015년 3월 5일 14시,목요일,대구광역시 중구 남산동,중상사고,0,1,0,0,차대사람 - 횡단중,안전운전불이행,건조,맑음,단일로 - 기타,승용,여,27세,상해없음,보행자,여,76세,중상
2015030500100305,2015년 3월 5일 14시,목요일,대구광역시 중구 삼덕동2가,중상사고,0,1,0,0,차대차 - 추돌 - 주정차중,안전운전불이행,건조,맑음,단일로 - 기타,승용,남,47세,상해없음,승용,여,55세,중상
2015030500100384,2015년 3월 5일 16시,목요일,대구광역시 달서구 본동,경상사고,0,0,1,0,차량단독 - 기타,기타,건조,맑음,단일로 - 기타,승합,남,59세,상해없음,,,,
2015030500100385,2015년 3월 5일 16시,목요일,대구광역시 북구 침산동,경상사고,0,0,1,0,차대차 - 기타,안전거리미확보,건조,맑음,단일로 - 교량,승용,여,57세,상해없음,이륜,남,57세,경상
2015030500100412,2015년 3월 5일 17시,목요일,대구광역시 중구 대신동,중상사고,0,1,0,0,차대차 - 측면직각충돌,안전운전불이행,건조,맑음,단일로 - 기타,승용,남,62세,상해없음,승용,여,33세,중상
2015030500100446,2015년 3월 5일 18시,목요일,대구광역시 수성구 지산동,중상사고,0,1,0,0,차대사람 - 횡단중,보행자보호의무위반,건조,맑음,단일로 - 횡단보도상,승용,남,45세,상해없음,보행자,여,69세,중상
2015030500100447,2015년 3월 5일 18시,목요일,대구광역시 달서구 송현동,경상사고,0,0,2,0,차대차 - 측면직각충돌,신호위반,건조,맑음,교차로 - 교차로안,승용,남,22세,상해없음,승용,남,52세,경상
2015030500100448,2015년 3월 5일 18시,목요일,대구광역시 달서구 진천동,중상사고,0,1,0,0,차대사람 - 기타,보행자보호의무위반,건조,맑음,단일로 - 기타,승용,여,42세,상해없음,보행자,남,9세,중상
2015030500100449,2015년 3월 5일 18시,목요일,대구광역시 달서구 용산동,중상사고,0,1,0,0,차대사람 - 횡단중,신호위반,건조,맑음,교차로 - 교차로안,승용,기타불명,기타불명,기타불명,보행자,남,17세,중상
2015030500100450,2015년 3월 5일 18시,목요일,대구광역시 북구 태전동,경상사고,0,0,1,0,차대차 - 측면직각충돌,안전운전불이행,건조,맑음,단일로 - 기타,화물,남,58세,상해없음,승합,남,48세,경상
2015030500100451,2015년 3월 5일 18시,목요일,대구광역시 북구 관음동,부상신고사고,0,0,0,1,차대사람 - 차도통행중,안전운전불이행,건조,맑음,단일로 - 기타,화물,남,45세,상해없음,보행자,여,74세,부상신고
2015030500100494,2015년 3월 5일 19시,목요일,대구광역시 동구 효목동,중상사고,0,1,0,0,차대사람 - 기타,안전운전불이행,건조,맑음,교차로 - 교차로부근,승용,남,73세,상해없음,보행자,여,67세,중상
2015030500100495,2015년 3월 5일 19시,목요일,대구광역시 동구 효목동,부상신고사고,0,0,0,1,차량단독 - 공작물충돌,안전운전불이행,건조,맑음,교차로 - 교차로부근,승용,남,64세,부상신고,,,,
2015030500100496,2015년 3월 5일 19시,목요일,대구광역시 수성구 시지동,중상사고,0,1,1,0,차대차 - 추돌 - 주정차중,안전운전불이행,건조,맑음,단일로 - 기타,승용,남,46세,상해없음,승용,여,46세,경상
2015030500100497,2015년 3월 5일 19시,목요일,대구광역시 북구 산격동,경상사고,0,0,1,0,차대차 - 추돌 - 주정차중,안전운전불이행,건조,맑음,교차로 - 교차로부근,화물,남,53세,상해없음,승용,남,30세,경상
2015030500100567,2015년 3월 5일 21시,목요일,대구광역시 북구 구암동,부상신고사고,0,0,0,1,차대차 - 추돌 - 주정차중,안전운전불이행,건조,맑음,교차로 - 교차로부근,이륜,남,18세,부상신고,승용,남,48세,상해없음
2015030500100613,2015년 3월 5일 23시,목요일,대구광역시 남구 대명동,중상사고,0,1,0,0,차대차 - 기타,교차로운행방법위반,건조,맑음,교차로 - 교차로안,승합,남,26세,상해없음,이륜,남,30세,중상
2015030500100614,2015년 3월 5일 23시,목요일,대구광역시 동구 동호동,중상사고,0,1,1,0,차대차 - 측면직각충돌,안전거리미확보,건조,맑음,교차로 - 교차로부근,승용,남,29세,상해없음,승용,남,25세,중상
2015030500100615,2015년 3월 5일 23시,목요일,대구광역시 동구 지저동,경상사고,0,0,1,0,차대차 - 정면충돌,안전운전불이행,건조,맑음,교차로 - 교차로안,승용,남,29세,상해없음,승용,여,64세,경상
2015030500100616,2015년 3월 5일 23시,목요일,대구광역시 달서구 본동,경상사고,0,0,2,0,차대차 - 추돌 - 주정차중,안전운전불이행,건조,맑음,교차로 - 교차로부근,승용,남,22세,상해없음,승용,남,37세,경상
2015030600100013,2015년 3월 6일 00시,금요일,대구광역시 수성구 범어동,경상사고,0,0,3,0,차대차 - 추돌 - 주정차중,안전운전불이행,건조,맑음,단일로 - 기타,승용,남,59세,상해없음,승용,남,49세,경상
2015030600100047,2015년 3월 6일 05시,금요일,대구광역시 북구 산격동,경상사고,0,0,1,0,차대차 - 측면직각충돌,안전거리미확보,건조,맑음,단일로 - 기타,승용,남,51세,상해없음,승용,남,56세,경상
2015030600100048,2015년 3월 6일 05시,금요일,대구광역시 중구 달성동,중상사고,0,1,1,0,차대차 - 측면직각충돌,안전거리미확보,건조,맑음,단일로 - 횡단보도부근,승용,남,32세,상해없음,승용,남,61세,중상
2015030600100049,2015년 3월 6일 05시,금요일,대구광역시 달서구 이곡동,경상사고,0,0,2,0,차대차 - 추돌 - 진행중,안전운전불이행,건조,맑음,단일로 - 기타,승용,남,47세,상해없음,승용,남,29세,경상
2015030600100064,2015년 3월 6일 06시,금요일,대구광역시 중구 삼덕동1가,부상신고사고,0,0,0,3,차대차 - 기타,안전운전불이행,건조,맑음,단일로 - 기타,승용,남,50세,상해없음,승합,남,44세,상해없음
2015030600100065,2015년 3월 6일 06시,금요일,대구광역시 중구 계산동1가,중상사고,0,1,0,0,차대차 - 기타,안전운전불이행,건조,맑음,교차로 - 교차로부근,승용,남,19세,상해없음,승용,여,53세,중상
2015030600100066,2015년 3월 6일 06시,금요일,대구광역시 달서구 용산동,경상사고,0,0,1,0,차대차 - 측면직각충돌,신호위반,건조,맑음,교차로 - 교차로안,승용,남,53세,상해없음,이륜,남,48세,경상
2015030600100088,2015년 3월 6일 07시,금요일,대구광역시 동구 용계동,경상사고,0,0,2,0,차대차 - 추돌 - 주정차중,안전운전불이행,건조,맑음,단일로 - 기타,승용,여,56세,상해없음,승용,남,41세,경상
2015030600100089,2015년 3월 6일 07시,금요일,대구광역시 동구 신암동,경상사고,0,0,1,0,차대사람 - 길가장자리구역통행중,안전운전불이행,건조,맑음,단일로 - 기타,승용,여,52세,상해없음,보행자,여,74세,경상
2015030600100090,2015년 3월 6일 07시,금요일,대구광역시 수성구 범어동,경상사고,0,0,1,0,차대사람 - 횡단중,보행자보호의무위반,건조,맑음,교차로 - 교차로부근,승용,남,45세,상해없음,보행자,여,65세,경상
2015030600100091,2015년 3월 6일 07시,금요일,대구광역시 달성군 다사읍,경상사고,0,0,3,0,차대차 - 측면직각충돌,안전운전불이행,건조,맑음,교차로 - 교차로안,승용,남,59세,경상,승용,남,38세,경상
2015030600100132,2015년 3월 6일 08시,금요일,대구광역시 수성구 범어동,경상사고,0,0,1,0,차대차 - 추돌 - 주정차중,안전운전불이행,건조,맑음,교차로 - 교차로부근,화물,남,59세,상해없음,승용,남,54세,상해없음
2015030600100133,2015년 3월 6일 08시,금요일,대구광역시 서구 원대동1가,경상사고,0,0,1,1,차대차 - 측면직각충돌,중앙선침범,건조,맑음,단일로 - 기타,화물,남,48세,상해없음,승합,남,63세,상해없음
2015030600100134,2015년 3월 6일 08시,금요일,대구광역시 중구 동산동,부상신고사고,0,0,0,1,차대사람 - 횡단중,안전운전불이행,건조,맑음,단일로 - 횡단보도상,승용,기타불명,기타불명,기타불명,보행자,여,12세,부상신고
2015030600100135,2015년 3월 6일 08시,금요일,대구광역시 달서구 용산동,중상사고,0,1,0,0,차대차 - 측면직각충돌,신호위반,건조,맑음,교차로 - 교차로안,승용,남,34세,상해없음,이륜,남,54세,중상
2015030600100195,2015년 3월 6일 10시,금요일,대구광역시 북구 칠성동1가,경상사고,0,0,1,0,차대사람 - 횡단중,중앙선침범,건조,맑음,단일로 - 횡단보도상,승용,남,70세,상해없음,보행자,여,47세,경상
2015030600100215,2015년 3월 6일 11시,금요일,대구광역시 달서구 진천동,경상사고,0,0,1,0,차대차 - 기타,불법유턴,건조,맑음,단일로 - 기타,승용,여,53세,경상,승용,여,48세,상해없음
2015030600100216,2015년 3월 6일 11시,금요일,대구광역시 달서구 진천동,경상사고,0,0,1,1,차대차 - 측면직각충돌,교차로운행방법위반,건조,맑음,교차로 - 교차로안,승합,남,25세,부상신고,승합,남,50세,경상
2015030600100217,2015년 3월 6일 11시,금요일,대구광역시 달서구 죽전동,경상사고,0,0,3,0,차대사람 - 보도통행중,안전운전불이행,건조,맑음,단일로 - 기타,이륜,남,66세,경상,보행자,남,35세,경상
2015030600100218,2015년 3월 6일 11시,금요일,대구광역시 달서구 죽전동,중상사고,0,1,0,0,차대차 - 측면직각충돌,교차로운행방법위반,건조,맑음,교차로 - 교차로안,승합,남,63세,상해없음,이륜,남,45세,중상
2015030600100263,2015년 3월 6일 13시,금요일,대구광역시 수성구 두산동,경상사고,0,0,1,0,차대차 - 측면직각충돌,교차로운행방법위반,건조,맑음,교차로 - 교차로안,승용,남,60세,상해없음,이륜,남,17세,경상
2015030600100264,2015년 3월 6일 13시,금요일,대구광역시 달성군 유가면,경상사고,0,0,1,0,차대차 - 측면직각충돌,신호위반,건조,맑음,교차로 - 교차로안,승용,여,31세,상해없음,승용,남,32세,경상
2015030600100265,2015년 3월 6일 13시,금요일,대구광역시 중구 삼덕동1가,경상사고,0,0,1,0,차대사람 - 기타,안전운전불이행,건조,맑음,단일로 - 기타,화물,남,27세,상해없음,보행자,여,25세,경상
2015030600100289,2015년 3월 6일 14시,금요일,대구광역시 수성구 만촌동,경상사고,0,0,1,0,차량단독 - 기타,안전거리미확보,건조,맑음,교차로 - 교차로안,승합,남,51세,상해없음,,,,
2015030600100290,2015년 3월 6일 14시,금요일,대구광역시 달서구 도원동,중상사고,0,1,1,0,차대차 - 측면직각충돌,신호위반,건조,맑음,교차로 - 교차로안,승용,여,58세,중상,화물,남,49세,경상
2015030600100291,2015년 3월 6일 14시,금요일,대구광역시 중구 하서동,중상사고,0,1,0,0,차대차 - 측면직각충돌,차로위반,건조,맑음,교차로 - 교차로부근,승용,남,23세,상해없음,승합,남,45세,상해없음
2015030600100334,2015년 3월 6일 15시,금요일,대구광역시 달성군 가창면,중상사고,0,1,1,0,차대차 - 측면직각충돌,중앙선침범,건조,맑음,단일로 - 기타,승용,남,77세,상해없음,승용,남,37세,경상
2015030600100335,2015년 3월 6일 15시,금요일,대구광역시 달서구 용산동,경상사고,0,0,1,0,차대사람 - 차도통행중,안전운전불이행,건조,맑음,단일로 - 기타,승용,여,39세,상해없음,보행자,남,55세,경상
2015030600100336,2015년 3월 6일 15시,금요일,대구광역시 달서구 본리동,경상사고,0,0,1,0,차대차 - 추돌 - 진행중,안전운전불이행,건조,맑음,단일로 - 기타,승용,남,37세,상해없음,승용,여,42세,경상
2015030600100373,2015년 3월 6일 16시,금요일,대구광역시 동구 신천동,경상사고,0,0,1,0,차대차 - 기타,교차로운행방법위반,건조,맑음,교차로 - 교차로안,승용,남,54세,상해없음,이륜,남,47세,경상
2015030600100374,2015년 3월 6일 16시,금요일,대구광역시 동구 신암동,경상사고,0,0,1,0,차대차 - 기타,안전거리미확보,건조,맑음,단일로 - 기타,승용,여,32세,상해없음,승용,남,30세,경상
2015030600100375,2015년 3월 6일 16시,금요일,대구광역시 수성구 신매동,경상사고,0,0,1,0,차대차 - 측면직각충돌,신호위반,건조,맑음,교차로 - 교차로안,화물,여,56세,상해없음,승용,여,36세,경상
2015030600100376,2015년 3월 6일 16시,금요일,대구광역시 서구 비산동,중상사고,0,1,0,0,차대사람 - 기타,안전운전불이행,건조,맑음,단일로 - 기타,승용,남,75세,상해없음,보행자,남,80세,중상
2015030600100377,2015년 3월 6일 16시,금요일,대구광역시 달서구 두류동,경상사고,0,0,1,0,차대차 - 기타,안전운전불이행,건조,맑음,기타 - 기타,자전거,남,66세,경상,승용,남,55세,상해없음
2015030600100378,2015년 3월 6일 16시,금요일,대구광역시 북구 관음동,경상사고,0,0,1,0,차대차 - 추돌 - 진행중,안전거리미확보,건조,맑음,기타 - 기타,승용,남,54세,상해없음,승용,남,31세,경상
2015030600100414,2015년 3월 6일 17시,금요일,대구광역시 수성구 지산동,중상사고,0,1,0,0,차대차 - 측면직각충돌,신호위반,건조,맑음,단일로 - 기타,승용,남,62세,상해없음,자전거,남,10세,중상
2015030600100415,2015년 3월 6일 17시,금요일,대구광역시 달서구 본동,경상사고,0,0,1,0,차대차 - 기타,교차로운행방법위반,건조,맑음,교차로 - 교차로안,승용,여,50세,상해없음,이륜,남,21세,경상
2015030600100416,2015년 3월 6일 17시,금요일,대구광역시 달서구 송현동,경상사고,0,0,1,0,차대차 - 측면직각충돌,안전거리미확보,건조,맑음,단일로 - 기타,이륜,남,78세,상해없음,이륜,남,17세,경상
2015030600100417,2015년 3월 6일 17시,금요일,대구광역시 달성군 논공읍,중상사고,0,1,2,0,차대차 - 측면직각충돌,안전운전불이행,건조,맑음,단일로 - 기타,승용,남,50세,상해없음,승용,여,39세,중상
2015030600100451,2015년 3월 6일 18시,금요일,대구광역시 북구 금호동,중상사고,0,1,0,0,차대차 - 측면직각충돌,차로위반,건조,맑음,단일로 - 기타,승용,남,27세,상해없음,승용,남,45세,중상
2015030600100458,2015년 3월 6일 18시,금요일,대구광역시 남구 대명동,중상사고,0,1,6,0,차대차 - 추돌 - 진행중,안전운전불이행,건조,맑음,기타 - 기타,승합,남,61세,상해없음,승용,남,38세,중상
2015030600100459,2015년 3월 6일 18시,금요일,대구광역시 달서구 월성동,경상사고,0,0,1,0,차대사람 - 횡단중,신호위반,건조,맑음,교차로 - 교차로안,이륜,남,16세,상해없음,보행자,남,8세,경상
2015030600100460,2015년 3월 6일 18시,금요일,대구광역시 달서구 상인동,중상사고,0,1,3,0,차대차 - 추돌 - 주정차중,안전운전불이행,건조,맑음,단일로 - 기타,승용,남,59세,상해없음,승용,여,28세,중상
2015030600100461,2015년 3월 6일 18시,금요일,대구광역시 달성군 화원읍,경상사고,0,0,1,0,차대사람 - 횡단중,보행자보호의무위반,건조,맑음,교차로 - 교차로부근,승용,여,28세,상해없음,보행자,남,9세,경상
2015030600100462,2015년 3월 6일 18시,금요일,대구광역시 서구 평리동,경상사고,0,0,1,0,차대차 - 추돌 - 주정차중,안전운전불이행,건조,맑음,단일로 - 기타,승용,남,52세,상해없음,승용,여,60세,경상
2015030600100463,2015년 3월 6일 18시,금요일,대구광역시 북구 서변동,경상사고,0,0,1,0,차대사람 - 횡단중,안전운전불이행,건조,맑음,단일로 - 기타,승용,여,65세,상해없음,보행자,남,12세,경상
2015030600100492,2015년 3월 6일 19시,금요일,대구광역시 수성구 범어동,사망사고,1,0,0,0,차대사람 - 횡단중,안전운전불이행,건조,맑음,교차로 - 교차로안,승용,남,26세,상해없음,보행자,남,78세,사망
2015030600100493,2015년 3월 6일 19시,금요일,대구광역시 수성구 범어동,경상사고,0,0,1,0,차대차 - 추돌 - 진행중,안전운전불이행,건조,맑음,단일로 - 기타,승용,남,52세,상해없음,이륜,남,34세,경상
2015030600100494,2015년 3월 6일 19시,금요일,대구광역시 북구 노원동3가,중상사고,0,1,0,0,차대사람 - 횡단중,보행자보호의무위반,건조,맑음,단일로 - 횡단보도상,승용,남,50세,상해없음,보행자,여,60세,중상
2015030600100495,2015년 3월 6일 19시,금요일,대구광역시 서구 내당동,부상신고사고,0,0,0,1,차대차 - 추돌 - 진행중,안전운전불이행,건조,맑음,단일로 - 기타,화물,여,43세,상해없음,이륜,남,35세,부상신고
2015030600100532,2015년 3월 6일 20시,금요일,대구광역시 북구 태전동,중상사고,0,1,0,0,차대사람 - 기타,보행자보호의무위반,건조,맑음,단일로 - 횡단보도상,승용,남,30세,상해없음,보행자,여,11세,중상
2015030600100561,2015년 3월 6일 21시,금요일,대구광역시 중구 남산동,경상사고,0,0,1,0,차대사람 - 길가장자리구역통행중,안전운전불이행,건조,맑음,단일로 - 기타,승용,남,59세,상해없음,보행자,여,26세,경상
2015030600100592,2015년 3월 6일 22시,금요일,대구광역시 동구 검사동,중상사고,0,1,0,0,차대차 - 측면직각충돌,안전운전불이행,건조,맑음,단일로 - 기타,승용,남,25세,상해없음,이륜,남,35세,중상
2015030600100593,2015년 3월 6일 22시,금요일,대구광역시 달서구 송현동,경상사고,0,0,1,0,차대차 - 추돌 - 주정차중,안전운전불이행,건조,맑음,기타 - 기타,승용,남,64세,상해없음,승용,남,29세,경상
2015030600100594,2015년 3월 6일 22시,금요일,대구광역시 달서구 용산동,경상사고,0,0,1,0,차대사람 - 기타,안전운전불이행,건조,맑음,교차로 - 교차로부근,승합,남,46세,상해없음,보행자,남,66세,경상
2015030700100051,2015년 3월 7일 01시,토요일,대구광역시 수성구 만촌동,중상사고,0,1,0,0,차대사람 - 횡단중,안전운전불이행,건조,맑음,단일로 - 기타,승용,여,32세,상해없음,보행자,남,33세,중상
2015030700100070,2015년 3월 7일 02시,토요일,대구광역시 수성구 황금동,중상사고,0,2,3,0,차대차 - 기타,신호위반,건조,맑음,교차로 - 교차로안,승용,남,35세,상해없음,승용,남,52세,중상
2015030700100071,2015년 3월 7일 02시,토요일,대구광역시 달서구 진천동,중상사고,0,1,1,0,차대차 - 기타,안전운전불이행,건조,맑음,단일로 - 기타,승용,남,22세,상해없음,승합,남,66세,기타불명
2015030700100073,2015년 3월 7일 02시,토요일,대구광역시 달서구 상인동,경상사고,0,0,2,0,차대차 - 정면충돌,교차로운행방법위반,건조,맑음,교차로 - 교차로안,승용,남,67세,상해없음,승용,남,57세,경상
2015030700100092,2015년 3월 7일 03시,토요일,대구광역시 남구 이천동,중상사고,0,1,0,0,차대차 - 추돌 - 진행중,안전운전불이행,건조,맑음,단일로 - 기타,승용,남,23세,상해없음,승용,남,50세,중상
2015030700100186,2015년 3월 7일 09시,토요일,대구광역시 남구 대명동,경상사고,0,0,2,0,차대차 - 추돌 - 주정차중,안전운전불이행,건조,맑음,단일로 - 기타,승용,남,61세,상해없음,승용,남,60세,경상
2015030700100187,2015년 3월 7일 09시,토요일,대구광역시 동구 동호동,경상사고,0,0,2,0,차대차 - 기타,교차로운행방법위반,건조,맑음,교차로 - 교차로부근,화물,남,44세,상해없음,승용,여,42세,경상
2015030700100188,2015년 3월 7일 09시,토요일,대구광역시 북구 태전동,경상사고,0,0,1,0,차대차 - 측면직각충돌,교차로운행방법위반,건조,맑음,교차로 - 교차로안,화물,남,38세,상해없음,자전거,남,85세,경상
2015030700100212,2015년 3월 7일 10시,토요일,대구광역시 북구 산격동,경상사고,0,0,1,0,차량단독 - 기타,안전운전불이행,건조,맑음,단일로 - 기타,승용,남,67세,상해없음,,,,
2015030700100274,2015년 3월 7일 12시,토요일,대구광역시 동구 신암동,경상사고,0,0,1,0,차대차 - 추돌 - 주정차중,안전운전불이행,건조,맑음,단일로 - 기타,승용,남,54세,상해없음,승용,남,42세,경상
2015030700100275,2015년 3월 7일 12시,토요일,대구광역시 달성군 다사읍,경상사고,0,0,1,0,차대차 - 측면직각충돌,차로위반,건조,맑음,단일로 - 기타,승용,여,24세,상해없음,승용,여,54세,경상
2015030700100276,2015년 3월 7일 12시,토요일,대구광역시 서구 평리동,중상사고,0,1,1,0,차대차 - 기타,교차로운행방법위반,건조,맑음,교차로 - 교차로부근,승용,여,47세,경상,승용,남,76세,중상
2015030700100277,2015년 3월 7일 12시,토요일,대구광역시 북구 금호동,중상사고,0,1,2,1,차대차 - 측면직각충돌,차로위반,건조,맑음,단일로 - 기타,승용,남,46세,부상신고,화물,남,35세,상해없음