사고번호,사고일시,요일,시군구,사고내용,사망자수,중상자수,경상자수,부상신고자수,사고유형,법규위반,노면상태,기상상태,도로형태,가해운전자 차종,가해운전자 성별,가해운전자 연령,가해운전자 상해정도,피해운전자 차종,피해운전자 성별,피해운전자 연령,피해운전자 상해정도
2015031400100530,2015년 3월 14일 18시,토요일,대구광역시 달성군 다사읍,중상사고,0,1,2,0,차대차 - 추돌 - 진행중,안전운전불이행,건조,맑음,단일로 - 기타,이륜,남,16세,중상,승용,남,44세,경상
2015031400100531,2015년 3월 14일 18시,토요일,대구광역시 북구 고성동2가,경상사고,0,0,1,0,차대차 - 기타,안전운전불이행,건조,맑음,단일로 - 기타,승용,남,51세,상해없음,이륜,남,18세,경상
2015031400100532,2015년 3월 14일 18시,토요일,대구광역시 중구 동인동4가,중상사고,0,1,0,0,차대차 - 측면직각충돌,신호위반,건조,맑음,단일로 - 횡단보도상,승용,남,30세,상해없음,이륜,남,37세,중상
2015031400100533,2015년 3월 14일 18시,토요일,대구광역시 중구 남산동,경상사고,0,0,1,0,차대차 - 측면직각충돌,안전거리미확보,건조,맑음,단일로 - 기타,승합,남,53세,상해없음,승용,남,37세,경상
2015031400100567,2015년 3월 14일 19시,토요일,대구광역시 남구 이천동,경상사고,0,0,4,0,차대차 - 기타,안전운전불이행,건조,맑음,교차로 - 교차로안,승용,여,34세,경상,승용,남,60세,경상
2015031400100568,2015년 3월 14일 19시,토요일,대구광역시 달서구 도원동,중상사고,0,1,0,0,차대차 - 기타,신호위반,건조,맑음,교차로 - 교차로안,승용,여,38세,상해없음,이륜,여,54세,중상
2015031400100569,2015년 3월 14일 19시,토요일,대구광역시 달서구 감삼동,부상신고사고,0,0,0,1,차대차 - 측면직각충돌,차로위반,건조,맑음,기타 - 기타,화물,남,67세,상해없음,승용,남,50세,상해없음
2015031400100602,2015년 3월 14일 20시,토요일,대구광역시 남구 대명동,중상사고,0,1,0,0,차대사람 - 기타,신호위반,건조,맑음,단일로 - 기타,이륜,남,21세,상해없음,보행자,여,41세,중상
2015031400100624,2015년 3월 14일 21시,토요일,대구광역시 남구 대명동,경상사고,0,0,1,0,차대차 - 측면직각충돌,안전운전불이행,건조,맑음,단일로 - 기타,승용,남,70세,상해없음,원동기,남,61세,경상
2015031400100625,2015년 3월 14일 21시,토요일,대구광역시 서구 중리동,경상사고,0,0,2,0,차대차 - 추돌 - 진행중,안전거리미확보,건조,맑음,단일로 - 기타,승용,남,52세,상해없음,승용,남,55세,상해없음
2015031400100626,2015년 3월 14일 21시,토요일,대구광역시 북구 매천동,중상사고,0,1,0,0,차대사람 - 기타,안전운전불이행,건조,맑음,단일로 - 횡단보도부근,승용,남,67세,상해없음,보행자,여,15세,중상
2015031400100655,2015년 3월 14일 22시,토요일,대구광역시 수성구 두산동,사망사고,1,0,0,0,차대사람 - 횡단중,안전운전불이행,건조,맑음,교차로 - 교차로안,승용,남,33세,상해없음,보행자,남,54세,사망
2015031400100656,2015년 3월 14일 22시,토요일,대구광역시 수성구 상동,경상사고,0,0,1,0,차대차 - 추돌 - 진행중,교차로운행방법위반,건조,맑음,교차로 - 교차로안,승용,여,30세,상해없음,승용,여,25세,경상
2015031400100657,2015년 3월 14일 22시,토요일,대구광역시 서구 비산동,중상사고,0,1,0,0,차대사람 - 횡단중,안전운전불이행,건조,맑음,단일로 - 기타,이륜,남,54세,상해없음,보행자,남,52세,중상
2015031400100685,2015년 3월 14일 23시,토요일,대구광역시 수성구 만촌동,경상사고,0,0,1,0,차대차 - 측면직각충돌,안전운전불이행,건조,맑음,단일로 - 기타,승용,남,61세,기타불명,자전거,남,18세,경상
2015031500100016,2015년 3월 15일 00시,일요일,대구광역시 수성구 상동,경상사고,0,0,1,0,차대차 - 추돌 - 주정차중,안전운전불이행,건조,맑음,교차로 - 교차로부근,승용,남,40세,상해없음,승용,남,56세,상해없음
2015031500100017,2015년 3월 15일 00시,일요일,대구광역시 달성군 다사읍,경상사고,0,0,1,0,차량단독 - 공작물충돌,안전운전불이행,건조,맑음,교차로 - 교차로부근,승용,남,24세,경상,,,,
2015031500100018,2015년 3월 15일 00시,일요일,대구광역시 달서구 감삼동,경상사고,0,0,3,0,차대차 - 측면직각충돌,과속,건조,흐림,단일로 - 기타,승용,남,36세,상해없음,승용,여,39세,경상
2015031500100048,2015년 3월 15일 02시,일요일,대구광역시 달서구 신당동,경상사고,0,0,3,2,차대차 - 기타,교차로운행방법위반,건조,맑음,교차로 - 교차로안,승합,남,28세,경상,승용,남,59세,경상
2015031500100058,2015년 3월 15일 03시,일요일,대구광역시 수성구 상동,부상신고사고,0,0,0,1,차대사람 - 길가장자리구역통행중,안전운전불이행,건조,맑음,단일로 - 기타,승용,남,53세,기타불명,보행자,여,37세,부상신고
2015031500100099,2015년 3월 15일 06시,일요일,대구광역시 동구 효목동,경상사고,0,0,2,0,차대차 - 추돌 - 주정차중,안전운전불이행,건조,맑음,단일로 - 기타,승용,남,48세,상해없음,승용,남,51세,경상
2015031500100100,2015년 3월 15일 06시,일요일,대구광역시 북구 동천동,경상사고,0,0,3,0,차대차 - 추돌 - 진행중,안전운전불이행,건조,맑음,기타 - 기타,승용,남,64세,상해없음,승용,여,28세,경상
2015031500100155,2015년 3월 15일 09시,일요일,대구광역시 북구 침산동,경상사고,0,0,1,0,차대차 - 측면직각충돌,안전운전불이행,건조,맑음,교차로 - 교차로안,승용,남,31세,상해없음,자전거,남,72세,경상
2015031500100195,2015년 3월 15일 11시,일요일,대구광역시 수성구 매호동,경상사고,0,0,1,0,차대차 - 측면직각충돌,차로위반,건조,맑음,단일로 - 기타,승용,남,46세,상해없음,원동기,남,15세,경상
2015031500100196,2015년 3월 15일 11시,일요일,대구광역시 중구 사일동,경상사고,0,0,1,0,차대사람 - 길가장자리구역통행중,안전운전불이행,건조,맑음,단일로 - 기타,화물,남,47세,기타불명,보행자,여,32세,경상
2015031500100197,2015년 3월 15일 11시,일요일,대구광역시 중구 삼덕동2가,경상사고,0,0,1,0,차대사람 - 보도통행중,기타,건조,맑음,단일로 - 기타,승용,여,27세,상해없음,보행자,여,23세,경상
2015031500100198,2015년 3월 15일 11시,일요일,대구광역시 북구 태전동,부상신고사고,0,0,0,1,차대차 - 측면직각충돌,안전거리미확보,건조,맑음,교차로 - 교차로부근,승용,남,43세,상해없음,승용,남,25세,부상신고
2015031500100219,2015년 3월 15일 12시,일요일,대구광역시 달서구 본리동,경상사고,0,0,1,1,차대차 - 추돌 - 주정차중,안전운전불이행,건조,맑음,교차로 - 교차로부근,승용,남,45세,상해없음,승용,남,63세,경상
2015031500100247,2015년 3월 15일 13시,일요일,대구광역시 동구 용계동,경상사고,0,0,1,0,차대차 - 기타,안전운전불이행,건조,맑음,교차로 - 교차로부근,승용,남,54세,상해없음,승용,여,36세,경상
2015031500100248,2015년 3월 15일 13시,일요일,대구광역시 북구 침산동,경상사고,0,0,2,0,차대차 - 기타,차로위반,건조,맑음,단일로 - 기타,승용,여,32세,상해없음,화물,남,70세,경상
2015031500100249,2015년 3월 15일 13시,일요일,대구광역시 달서구 호산동,경상사고,0,0,1,0,차대차 - 추돌 - 주정차중,안전운전불이행,건조,맑음,단일로 - 기타,승용,남,67세,상해없음,승용,남,66세,상해없음
2015031500100282,2015년 3월 15일 14시,일요일,대구광역시 달서구 두류동,중상사고,0,1,0,0,차대사람 - 보도통행중,기타,건조,맑음,기타 - 기타,승용,남,27세,상해없음,보행자,남,75세,중상
2015031500100322,2015년 3월 15일 15시,일요일,대구광역시 남구 이천동,경상사고,0,0,1,1,차대차 - 정면충돌,안전운전불이행,건조,맑음,단일로 - 기타,자전거,남,72세,부상신고,자전거,남,14세,경상
2015031500100384,2015년 3월 15일 17시,일요일,대구광역시 서구 비산동,중상사고,0,1,0,1,차대사람 - 기타,안전운전불이행,건조,맑음,단일로 - 기타,이륜,남,74세,부상신고,보행자,여,56세,중상
2015031500100385,2015년 3월 15일 17시,일요일,대구광역시 중구 시장북로,경상사고,0,0,1,0,차대사람 - 횡단중,안전운전불이행,건조,맑음,교차로 - 교차로부근,승용,남,62세,상해없음,보행자,남,61세,경상
2015031500100424,2015년 3월 15일 18시,일요일,대구광역시 달성군 다사읍,중상사고,0,1,0,1,차대차 - 측면직각충돌,신호위반,건조,맑음,교차로 - 교차로안,승용,남,77세,부상신고,승용,남,31세,중상
2015031500100458,2015년 3월 15일 19시,일요일,대구광역시 수성구 황금동,부상신고사고,0,0,0,1,차대차 - 추돌 - 진행중,안전운전불이행,건조,맑음,교차로 - 교차로부근,이륜,남,20세,부상신고,승용,남,40세,상해없음
2015031500100459,2015년 3월 15일 19시,일요일,대구광역시 달성군 논공읍,경상사고,0,0,2,0,차대차 - 추돌 - 진행중,안전운전불이행,건조,맑음,교차로 - 교차로부근,승용,기타불명,기타불명,기타불명,승용,남,30세,경상
2015031500100460,2015년 3월 15일 19시,일요일,대구광역시 달서구 신당동,경상사고,0,0,1,0,차량단독 - 기타,기타,건조,맑음,단일로 - 기타,승합,남,55세,상해없음,,,,
2015031500100497,2015년 3월 15일 20시,일요일,대구광역시 동구 효목동,경상사고,0,0,1,0,차대차 - 측면직각충돌,안전거리미확보,건조,맑음,단일로 - 기타,승용,남,66세,상해없음,이륜,남,18세,경상
2015031500100526,2015년 3월 15일 21시,일요일,대구광역시 동구 지저동,경상사고,0,0,1,0,차대사람 - 기타,기타,건조,맑음,기타 - 기타,승용,남,42세,상해없음,보행자,남,64세,경상
2015031500100527,2015년 3월 15일 21시,일요일,대구광역시 달서구 장기동,경상사고,0,0,5,0,차대차 - 추돌 - 진행중,안전운전불이행,건조,맑음,교차로 - 교차로안,승용,남,51세,상해없음,승용,남,40세,경상
2015031500100541,2015년 3월 15일 22시,일요일,대구광역시 수성구 범어동,중상사고,0,2,0,0,차대차 - 추돌 - 주정차중,안전운전불이행,건조,맑음,단일로 - 기타,승용,남,50세,상해없음,승용,남,44세,중상
2015031500100542,2015년 3월 15일 22시,일요일,대구광역시 북구 복현동,경상사고,0,0,1,0,차대차 - 측면직각충돌,교차로운행방법위반,건조,맑음,교차로 - 교차로안,승용,남,26세,상해없음,이륜,남,22세,경상
2015031500100558,2015년 3월 15일 23시,일요일,대구광역시 동구 미곡동,사망사고,1,0,0,0,차량단독 - 공작물충돌,안전운전불이행,건조,맑음,단일로 - 기타,승용,남,27세,사망,,,,
2015031500100559,2015년 3월 15일 23시,일요일,대구광역시 수성구 수성동4가,경상사고,0,0,2,0,차대차 - 측면직각충돌,안전거리미확보,건조,맑음,단일로 - 기타,승용,남,55세,상해없음,승용,남,65세,경상
2015031600100011,2015년 3월 16일 00시,월요일,대구광역시 서구 중리동,경상사고,0,0,1,0,차대차 - 추돌 - 주정차중,안전운전불이행,건조,맑음,단일로 - 기타,승용,남,30세,상해없음,승용,여,27세,경상
2015031600100012,2015년 3월 16일 00시,월요일,대구광역시 중구 공평동,경상사고,0,0,1,0,차대차 - 추돌 - 진행중,교차로운행방법위반,건조,맑음,교차로 - 교차로안,승용,남,66세,상해없음,승용,남,51세,경상
2015031600100025,2015년 3월 16일 01시,월요일,대구광역시 남구 봉덕동,경상사고,0,0,1,0,차대차 - 기타,기타,건조,맑음,미분류 - 미분류,승용,남,18세,상해없음,승용,남,18세,상해없음
2015031600100026,2015년 3월 16일 01시,월요일,대구광역시 달서구 상인동,경상사고,0,0,2,0,차대차 - 기타,안전운전불이행,건조,맑음,교차로 - 교차로부근,승용,남,23세,상해없음,승용,남,35세,상해없음
2015031600100027,2015년 3월 16일 01시,월요일,대구광역시 북구 침산동,중상사고,0,1,0,0,차량단독 - 전도전복,안전운전불이행,건조,맑음,단일로 - 기타,이륜,남,18세,중상,,,,
2015031600100028,2015년 3월 16일 01시,월요일,대구광역시 중구 동인동2가,중상사고,0,1,0,0,차대차 - 측면직각충돌,교차로운행방법위반,건조,맑음,교차로 - 교차로안,승용,남,46세,상해없음,승용,남,51세,중상
2015031600100029,2015년 3월 16일 01시,월요일,대구광역시 달서구 이곡동,중상사고,0,1,0,0,차대차 - 측면직각충돌,과속,건조,맑음,교차로 - 교차로안,승용,남,27세,상해없음,이륜,남,17세,중상
2015031600100036,2015년 3월 16일 04시,월요일,대구광역시 달서구 본리동,경상사고,0,0,1,0,차대사람 - 기타,기타,건조,맑음,기타 - 기타,승용,남,18세,상해없음,보행자,남,20세,경상
2015031600100069,2015년 3월 16일 07시,월요일,대구광역시 동구 율하동,중상사고,0,1,1,0,차대차 - 측면직각충돌,신호위반,건조,맑음,교차로 - 교차로안,승용,남,52세,상해없음,승용,남,68세,중상
2015031600100070,2015년 3월 16일 07시,월요일,대구광역시 서구 비산동,중상사고,0,1,0,0,차대차 - 기타,안전운전불이행,건조,맑음,단일로 - 기타,화물,남,48세,상해없음,자전거,남,26세,중상
2015031600100071,2015년 3월 16일 07시,월요일,대구광역시 중구 대신동,부상신고사고,0,0,0,1,차대차 - 기타,안전운전불이행,건조,맑음,교차로 - 교차로부근,자전거,남,22세,부상신고,원동기,남,57세,상해없음
2015031600100135,2015년 3월 16일 09시,월요일,대구광역시 수성구 대흥동,경상사고,0,0,1,0,차대차 - 측면직각충돌,안전거리미확보,건조,맑음,단일로 - 기타,화물,남,23세,상해없음,승용,남,33세,상해없음
2015031600100136,2015년 3월 16일 09시,월요일,대구광역시 달성군 현풍면,중상사고,0,1,0,0,차대차 - 측면직각충돌,안전운전불이행,건조,맑음,단일로 - 기타,승용,남,53세,상해없음,이륜,남,56세,중상
2015031600100137,2015년 3월 16일 09시,월요일,대구광역시 달성군 논공읍,중상사고,0,1,0,0,차대사람 - 횡단중,안전운전불이행,건조,맑음,단일로 - 횡단보도상,화물,남,40세,상해없음,보행자,여,51세,중상
2015031600100205,2015년 3월 16일 11시,월요일,대구광역시 동구 효목동,경상사고,0,0,1,1,차대차 - 기타,교차로운행방법위반,건조,맑음,교차로 - 교차로부근,승용,남,38세,상해없음,원동기,남,17세,부상신고
2015031600100206,2015년 3월 16일 11시,월요일,대구광역시 달서구 대곡동,중상사고,0,1,0,0,차대차 - 기타,안전운전불이행,건조,맑음,단일로 - 기타,승용,기타불명,기타불명,기타불명,화물,남,65세,중상
2015031600100207,2015년 3월 16일 11시,월요일,대구광역시 달성군 다사읍,중상사고,0,1,0,0,차대사람 - 횡단중,보행자보호의무위반,건조,맑음,단일로 - 횡단보도상,화물,남,44세,상해없음,보행자,여,82세,중상
2015031600100208,2015년 3월 16일 11시,월요일,대구광역시 북구 복현동,경상사고,0,0,1,0,차대차 - 추돌 - 진행중,안전운전불이행,건조,맑음,교차로 - 교차로안,화물,남,31세,상해없음,승용,남,64세,경상
2015031600100239,2015년 3월 16일 12시,월요일,대구광역시 수성구 수성동2가,경상사고,0,0,1,0,차대차 - 측면직각충돌,신호위반,건조,맑음,교차로 - 교차로부근,이륜,남,54세,상해없음,자전거,남,20세,경상
2015031600100240,2015년 3월 16일 12시,월요일,대구광역시 달서구 대천동,경상사고,0,0,2,0,차대차 - 추돌 - 주정차중,안전운전불이행,건조,맑음,교차로 - 교차로부근,화물,여,56세,기타불명,승합,남,24세,경상
2015031600100271,2015년 3월 16일 13시,월요일,대구광역시 동구 용계동,경상사고,0,0,1,0,차대차 - 측면직각충돌,안전운전불이행,건조,맑음,단일로 - 기타,화물,남,29세,상해없음,승용,남,36세,경상
2015031600100299,2015년 3월 16일 14시,월요일,대구광역시 중구 남산동,경상사고,0,0,2,0,차대차 - 기타,교차로운행방법위반,건조,맑음,교차로 - 교차로안,승용,여,34세,상해없음,승용,남,70세,상해없음
2015031600100300,2015년 3월 16일 14시,월요일,대구광역시 북구 읍내동,경상사고,0,0,1,0,차대차 - 추돌 - 진행중,안전운전불이행,건조,맑음,교차로 - 교차로안,자전거,여,70세,경상,승용,남,39세,상해없음
2015031600100324,2015년 3월 16일 15시,월요일,대구광역시 수성구 사월동,경상사고,0,0,2,0,차대차 - 측면직각충돌,교차로운행방법위반,건조,맑음,교차로 - 교차로안,승용,남,79세,상해없음,승용,여,26세,경상
2015031600100325,2015년 3월 16일 15시,월요일,대구광역시 북구 칠성동1가,중상사고,0,1,0,0,차대차 - 측면직각충돌,교차로운행방법위반,건조,맑음,단일로 - 횡단보도부근,화물,남,53세,상해없음,자전거,남,90세 이상,중상
2015031600100326,2015년 3월 16일 15시,월요일,대구광역시 달서구 본리동,경상사고,0,0,1,0,차대사람 - 기타,안전운전불이행,건조,맑음,단일로 - 기타,화물,남,31세,상해없음,보행자,여,54세,경상
2015031600100358,2015년 3월 16일 16시,월요일,대구광역시 동구 신천동,경상사고,0,0,1,0,차대차 - 기타,불법유턴,건조,맑음,단일로 - 기타,이륜,남,73세,경상,승용,남,55세,상해없음
2015031600100359,2015년 3월 16일 16시,월요일,대구광역시 북구 서변동,경상사고,0,0,1,0,차대사람 - 횡단중,보행자보호의무위반,건조,맑음,단일로 - 횡단보도상,승용,여,35세,상해없음,보행자,남,23세,경상
2015031600100403,2015년 3월 16일 17시,월요일,대구광역시 북구 구암동,경상사고,0,0,1,1,차대사람 - 기타,안전운전불이행,건조,맑음,단일로 - 기타,자전거,남,6세,상해없음,보행자,여,28세,경상
2015031600100440,2015년 3월 16일 18시,월요일,대구광역시 중구 대봉동,경상사고,0,0,1,0,차대차 - 추돌 - 주정차중,안전거리미확보,건조,맑음,단일로 - 기타,승용,남,31세,상해없음,승용,여,51세,경상
2015031600100477,2015년 3월 16일 19시,월요일,대구광역시 달서구 상인동,경상사고,0,0,3,0,차대차 - 추돌 - 진행중,차로위반,건조,맑음,단일로 - 기타,승용,남,65세,경상,승용,남,55세,상해없음
2015031600100478,2015년 3월 16일 19시,월요일,대구광역시 북구 칠성동1가,중상사고,0,1,0,0,차대사람 - 횡단중,안전운전불이행,건조,맑음,단일로 - 횡단보도부근,승용,남,75세,상해없음,보행자,여,74세,중상
2015031600100479,2015년 3월 16일 19시,월요일,대구광역시 달서구 장동,경상사고,0,0,1,0,차대차 - 측면직각충돌,기타,건조,맑음,교차로 - 교차로부근,승용,남,28세,상해없음,승용,남,48세,경상
2015031600100480,2015년 3월 16일 19시,월요일,대구광역시 북구 태전동,경상사고,0,0,1,0,차대차 - 측면직각충돌,교차로운행방법위반,건조,맑음,교차로 - 교차로안,승용,남,76세,상해없음,이륜,남,44세,경상
2015031600100548,2015년 3월 16일 21시,월요일,대구광역시 중구 동산동,경상사고,0,0,3,0,차대차 - 추돌 - 진행중,안전운전불이행,건조,맑음,단일로 - 기타,승용,남,23세,상해없음,승용,여,45세,경상
2015031600100549,2015년 3월 16일 21시,월요일,대구광역시 달서구 장기동,경상사고,0,0,2,0,차대차 - 기타,안전운전불이행,건조,맑음,단일로 - 기타,승용,남,60세,상해없음,자전거,남,17세,경상
2015031600100550,2015년 3월 16일 21시,월요일,대구광역시 달서구 이곡동,부상신고사고,0,0,0,1,차대차 - 기타,안전운전불이행,건조,맑음,기타 - 기타,승용,여,32세,부상신고,화물,남,35세,상해없음
2015031600100551,2015년 3월 16일 21시,월요일,대구광역시 달서구 성당동,부상신고사고,0,0,0,1,차대차 - 측면직각충돌,교차로운행방법위반,건조,맑음,교차로 - 교차로부근,승용,남,49세,상해없음,이륜,남,19세,부상신고
2015031600100581,2015년 3월 16일 22시,월요일,대구광역시 달서구 갈산동,중상사고,0,1,1,0,차대차 - 기타,안전운전불이행,건조,맑음,교차로 - 교차로부근,승용,남,56세,중상,승용,남,34세,경상
2015031700100032,2015년 3월 17일 02시,화요일,대구광역시 수성구 범어동,중상사고,0,1,0,0,차량단독 - 도로외이탈 - 추락,안전운전불이행,건조,맑음,교차로 - 교차로부근,승용,남,62세,상해없음,,,,
2015031700100075,2015년 3월 17일 06시,화요일,대구광역시 수성구 만촌동,경상사고,0,0,1,0,차대차 - 추돌 - 진행중,중앙선침범,건조,맑음,교차로 - 교차로부근,승용,기타불명,기타불명,기타불명,이륜,남,35세,경상
2015031700100098,2015년 3월 17일 07시,화요일,대구광역시 달성군 화원읍,경상사고,0,0,1,0,차대차 - 측면직각충돌,신호위반,건조,맑음,교차로 - 교차로안,승용,남,55세,상해없음,승용,남,50세,경상
2015031700100099,2015년 3월 17일 07시,화요일,대구광역시 달서구 장동,중상사고,0,1,0,0,차대차 - 측면직각충돌,안전운전불이행,건조,맑음,교차로 - 교차로부근,건설기계,남,33세,상해없음,자전거,남,19세,중상
2015031700100139,2015년 3월 17일 08시,화요일,대구광역시 달서구 갈산동,중상사고,0,1,0,0,차대차 - 측면직각충돌,교차로운행방법위반,건조,맑음,교차로 - 교차로안,화물,남,34세,상해없음,이륜,남,43세,중상
2015031700100176,2015년 3월 17일 09시,화요일,대구광역시 북구 복현동,경상사고,0,0,2,0,차대차 - 기타,교차로운행방법위반,건조,맑음,교차로 - 교차로안,승용,여,33세,경상,승용,여,54세,경상
2015031700100209,2015년 3월 17일 10시,화요일,대구광역시 동구 신암동,경상사고,0,0,1,0,차대사람 - 횡단중,보행자보호의무위반,건조,맑음,교차로 - 교차로부근,승용,남,75세,상해없음,보행자,여,18세,경상
2015031700100210,2015년 3월 17일 10시,화요일,대구광역시 달서구 상인동,중상사고,0,1,0,0,차대차 - 측면직각충돌,차로위반,건조,맑음,단일로 - 기타,승용,남,62세,상해없음,승용,여,52세,중상
2015031700100211,2015년 3월 17일 10시,화요일,대구광역시 중구 덕산동,중상사고,0,1,0,1,차대차 - 측면직각충돌,안전운전불이행,건조,맑음,교차로 - 교차로부근,승용,남,27세,부상신고,이륜,남,27세,중상
2015031700100213,2015년 3월 17일 10시,화요일,대구광역시 북구 관음동,중상사고,0,2,1,0,차대차 - 측면직각충돌,신호위반,건조,맑음,교차로 - 교차로안,건설기계,남,49세,상해없음,승용,남,42세,중상
2015031700100253,2015년 3월 17일 12시,화요일,대구광역시 수성구 중동,경상사고,0,0,1,0,차대사람 - 보도통행중,안전운전불이행,건조,맑음,단일로 - 기타,승용,남,45세,상해없음,보행자,여,61세,경상
2015031700100254,2015년 3월 17일 12시,화요일,대구광역시 달서구 신당동,중상사고,0,1,0,0,차대차 - 측면직각충돌,안전운전불이행,건조,맑음,기타 - 기타,자전거,남,19세,상해없음,자전거,남,62세,중상
2015031700100255,2015년 3월 17일 12시,화요일,대구광역시 달서구 장기동,중상사고,0,1,0,0,차대사람 - 횡단중,보행자보호의무위반,건조,맑음,단일로 - 횡단보도상,원동기,기타불명,50세,기타불명,보행자,여,78세,중상
2015031700100319,2015년 3월 17일 14시,화요일,대구광역시 수성구 범어동,중상사고,0,1,0,0,차대차 - 추돌 - 진행중,안전운전불이행,건조,맑음,단일로 - 기타,승용,남,23세,상해없음,이륜,남,29세,중상
2015031700100320,2015년 3월 17일 14시,화요일,대구광역시 북구 칠성동1가,경상사고,0,0,1,0,차대차 - 기타,안전운전불이행,건조,맑음,단일로 - 기타,승용,여,54세,상해없음,승합,남,56세,경상
2015031700100321,2015년 3월 17일 14시,화요일,대구광역시 서구 내당동,중상사고,0,1,0,0,차대차 - 기타,안전운전불이행,건조,맑음,단일로 - 기타,화물,남,33세,상해없음,자전거,남,57세,중상
2015031700100348,2015년 3월 17일 15시,화요일,대구광역시 수성구 신매동,중상사고,0,1,0,0,차대차 - 기타,안전운전불이행,건조,맑음,교차로 - 교차로부근,승합,남,52세,상해없음,이륜,여,67세,중상
2015031700100349,2015년 3월 17일 15시,화요일,대구광역시 북구 노원동3가,중상사고,0,1,0,0,차대차 - 측면직각충돌,교차로운행방법위반,건조,맑음,교차로 - 교차로안,원동기,남,56세,중상,승용,남,54세,상해없음
2015031700100350,2015년 3월 17일 15시,화요일,대구광역시 북구 검단동,중상사고,0,1,0,0,차량단독 - 전도전복,안전운전불이행,건조,맑음,단일로 - 기타,이륜,남,70세,중상,,,,
2015031700100379,2015년 3월 17일 16시,화요일,대구광역시 서구 내당동,부상신고사고,0,0,0,1,차대차 - 측면직각충돌,교차로운행방법위반,건조,맑음,교차로 - 교차로안,이륜,남,13세,부상신고,승용,남,51세,상해없음
2015031700100408,2015년 3월 17일 17시,화요일,대구광역시 중구 남산동,중상사고,0,1,0,0,차대사람 - 횡단중,안전운전불이행,건조,맑음,단일로 - 기타,승용,남,61세,상해없음,보행자,남,8세,중상
2015031700100409,2015년 3월 17일 17시,화요일,대구광역시 달서구 본리동,부상신고사고,0,0,0,2,차대차 - 기타,중앙선침범,건조,맑음,교차로 - 교차로부근,승용,여,41세,상해없음,이륜,남,18세,부상신고
2015031700100452,2015년 3월 17일 18시,화요일,대구광역시 동구 서호동,중상사고,0,2,1,0,차대차 - 측면직각충돌,교차로운행방법위반,건조,맑음,교차로 - 교차로안,승용,여,27세,상해없음,승용,여,59세,경상
2015031700100454,2015년 3월 17일 18시,화요일,대구광역시 수성구 중동,중상사고,0,1,0,0,차대차 - 측면직각충돌,안전운전불이행,건조,맑음,교차로 - 교차로안,승용,남,57세,상해없음,자전거,남,47세,중상
2015031700100455,2015년 3월 17일 18시,화요일,대구광역시 달서구 갈산동,경상사고,0,0,1,0,차대차 - 측면직각충돌,직진우회전진행방해,건조,맑음,교차로 - 교차로안,화물,남,43세,상해없음,화물,남,51세,경상
2015031700100494,2015년 3월 17일 19시,화요일,대구광역시 동구 신암동,경상사고,0,0,1,0,차대사람 - 횡단중,보행자보호의무위반,건조,맑음,단일로 - 기타,승용,남,36세,상해없음,보행자,여,48세,경상
2015031700100495,2015년 3월 17일 19시,화요일,대구광역시 서구 중리동,중상사고,0,1,0,0,차량단독 - 기타,안전운전불이행,건조,맑음,단일로 - 기타,승합,남,60세,상해없음,,,,
2015031700100496,2015년 3월 17일 19시,화요일,대구광역시 달서구 갈산동,경상사고,0,0,1,0,차대차 - 기타,교차로운행방법위반,건조,맑음,교차로 - 교차로안,승용,여,51세,상해없음,이륜,남,29세,경상
2015031700100521,2015년 3월 17일 20시,화요일,대구광역시 북구 산격동,경상사고,0,0,1,0,차대차 - 기타,불법유턴,건조,맑음,단일로 - 기타,승용,남,64세,상해없음,원동기,남,61세,경상
2015031700100522,2015년 3월 17일 20시,화요일,대구광역시 달서구 장동,경상사고,0,0,1,0,차대차 - 측면직각충돌,교차로운행방법위반,건조,맑음,교차로 - 교차로부근,승용,남,37세,상해없음,이륜,남,41세,경상
2015031700100556,2015년 3월 17일 21시,화요일,대구광역시 달서구 상인동,경상사고,0,0,1,0,차대차 - 측면직각충돌,신호위반,건조,맑음,교차로 - 교차로안,원동기,남,50세,상해없음,승용,남,32세,경상
2015031700100557,2015년 3월 17일 21시,화요일,대구광역시 북구 칠성동1가,중상사고,0,1,2,0,차대차 - 측면직각충돌,안전거리미확보,건조,맑음,단일로 - 기타,화물,남,55세,상해없음,승용,남,32세,중상
2015031700100583,2015년 3월 17일 22시,화요일,대구광역시 수성구 이천동,경상사고,0,0,1,0,차대사람 - 차도통행중,안전운전불이행,건조,맑음,단일로 - 기타,이륜,기타불명,기타불명,기타불명,보행자,여,18세,경상
2015031700100606,2015년 3월 17일 23시,화요일,대구광역시 수성구 욱수동,경상사고,0,0,1,0,차량단독 - 기타,안전운전불이행,건조,맑음,교차로 - 교차로부근,승용,남,57세,상해없음,,,,
2015031700100607,2015년 3월 17일 23시,화요일,대구광역시 달서구 장동,경상사고,0,0,1,0,차대차 - 추돌 - 진행중,안전거리미확보,건조,맑음,단일로 - 기타,승용,남,56세,상해없음,승용,남,48세,경상
2015031800100026,2015년 3월 18일 01시,수요일,대구광역시 달서구 두류동,경상사고,0,0,1,0,차대차 - 추돌 - 주정차중,안전운전불이행,건조,맑음,단일로 - 기타,기타불명,기타불명,기타불명,기타불명,승용,남,45세,경상
2015031800100044,2015년 3월 18일 03시,수요일,대구광역시 달서구 두류동,중상사고,0,1,0,0,차대차 - 추돌 - 진행중,안전운전불이행,건조,맑음,단일로 - 기타,승용,남,27세,상해없음,승용,남,66세,중상
2015031800100081,2015년 3월 18일 06시,수요일,대구광역시 남구 대명동,경상사고,0,0,1,0,차대차 - 추돌 - 주정차중,안전운전불이행,건조,맑음,교차로 - 교차로부근,화물,남,38세,상해없음,승용,남,62세,경상