사고번호,사고일시,요일,시군구,사고내용,사망자수,중상자수,경상자수,부상신고자수,사고유형,법규위반,노면상태,기상상태,도로형태,가해운전자 차종,가해운전자 성별,가해운전자 연령,가해운전자 상해정도,피해운전자 차종,피해운전자 성별,피해운전자 연령,피해운전자 상해정도
2015031800100082,2015년 3월 18일 06시,수요일,대구광역시 북구 고성동3가,사망사고,1,1,0,0,차대사람 - 횡단중,신호위반,습기,비,교차로 - 교차로안,화물,남,67세,상해없음,보행자,여,72세,사망
2015031800100109,2015년 3월 18일 07시,수요일,대구광역시 동구 신기동,경상사고,0,0,1,0,차대사람 - 횡단중,안전운전불이행,건조,맑음,단일로 - 기타,승용,남,41세,상해없음,보행자,여,11세,경상
2015031800100110,2015년 3월 18일 07시,수요일,대구광역시 달서구 감삼동,경상사고,0,0,1,0,차대차 - 정면충돌,신호위반,습기,비,교차로 - 교차로안,승용,남,68세,상해없음,승용,여,56세,경상
2015031800100147,2015년 3월 18일 08시,수요일,대구광역시 달성군 다사읍,경상사고,0,0,1,0,차대차 - 측면직각충돌,교차로운행방법위반,습기,비,교차로 - 교차로안,건설기계,남,46세,상해없음,승용,남,68세,경상
2015031800100176,2015년 3월 18일 09시,수요일,대구광역시 중구 동산동,경상사고,0,0,1,0,차대차 - 측면직각충돌,안전운전불이행,습기,비,교차로 - 교차로부근,승용,남,40세,상해없음,승용,남,32세,경상
2015031800100193,2015년 3월 18일 10시,수요일,대구광역시 달성군 다사읍,경상사고,0,0,1,0,차대차 - 측면직각충돌,안전운전불이행,건조,맑음,교차로 - 교차로부근,이륜,남,16세,상해없음,승용,남,24세,경상
2015031800100194,2015년 3월 18일 10시,수요일,대구광역시 북구 동천동,경상사고,0,0,1,1,차대차 - 측면직각충돌,직진우회전진행방해,습기,비,교차로 - 교차로안,승용,남,32세,부상신고,승용,남,42세,경상
2015031800100216,2015년 3월 18일 11시,수요일,대구광역시 서구 비산동,중상사고,0,3,1,0,차대차 - 추돌 - 주정차중,안전운전불이행,습기,비,교차로 - 교차로부근,승용,남,58세,상해없음,승용,남,54세,중상
2015031800100243,2015년 3월 18일 12시,수요일,대구광역시 달서구 본동,경상사고,0,0,1,0,차대차 - 기타,차로위반,습기,비,교차로 - 교차로부근,승용,남,64세,상해없음,승합,남,51세,상해없음
2015031800100274,2015년 3월 18일 13시,수요일,대구광역시 중구 봉산동,중상사고,0,1,0,0,차대차 - 기타,신호위반,건조,맑음,교차로 - 교차로안,승용,여,41세,상해없음,이륜,남,54세,중상
2015031800100275,2015년 3월 18일 13시,수요일,대구광역시 중구 동인동2가,경상사고,0,0,1,0,차대차 - 추돌 - 주정차중,안전운전불이행,습기,비,단일로 - 기타,승용,여,55세,상해없음,승용,남,48세,경상
2015031800100309,2015년 3월 18일 14시,수요일,대구광역시 서구 상리동,경상사고,0,0,1,0,차대차 - 추돌 - 진행중,안전거리미확보,습기,비,단일로 - 기타,화물,남,54세,상해없음,승용,남,53세,경상
2015031800100310,2015년 3월 18일 14시,수요일,대구광역시 달서구 이곡동,경상사고,0,0,1,0,차대차 - 측면직각충돌,안전운전불이행,습기,비,단일로 - 기타,화물,여,46세,상해없음,승용,남,29세,경상
2015031800100311,2015년 3월 18일 14시,수요일,대구광역시 북구 서변동,경상사고,0,0,3,0,차대차 - 추돌 - 주정차중,직진우회전진행방해,습기,비,교차로 - 교차로안,화물,남,36세,경상,승용,여,36세,경상
2015031800100341,2015년 3월 18일 15시,수요일,대구광역시 동구 효목동,경상사고,0,0,2,0,차대차 - 측면직각충돌,교차로운행방법위반,습기,비,교차로 - 교차로안,승용,남,42세,상해없음,승용,여,52세,경상
2015031800100381,2015년 3월 18일 16시,수요일,대구광역시 서구 상리동,경상사고,0,0,3,0,차량단독 - 기타,안전운전불이행,습기,비,단일로 - 기타,승용,남,39세,상해없음,,,,
2015031800100383,2015년 3월 18일 16시,수요일,대구광역시 달서구 상인동,경상사고,0,0,2,0,차대차 - 추돌 - 주정차중,안전운전불이행,습기,비,단일로 - 기타,이륜,남,58세,상해없음,승용,여,33세,경상
2015031800100429,2015년 3월 18일 17시,수요일,대구광역시 수성구 범어동,중상사고,0,2,0,0,차대차 - 추돌 - 주정차중,안전운전불이행,습기,비,단일로 - 기타,승용,남,52세,상해없음,승용,여,35세,중상
2015031800100473,2015년 3월 18일 18시,수요일,대구광역시 서구 내당동,경상사고,0,0,1,0,차대차 - 추돌 - 주정차중,안전운전불이행,습기,비,교차로 - 교차로부근,승용,남,60세,상해없음,승용,여,55세,경상
2015031800100533,2015년 3월 18일 19시,수요일,대구광역시 수성구 상동,사망사고,1,0,0,0,차대차 - 기타,중앙선침범,습기,비,단일로 - 기타,자전거,남,74세,사망,승용,여,28세,상해없음
2015031800100534,2015년 3월 18일 19시,수요일,대구광역시 수성구 신매동,경상사고,0,0,1,0,차대사람 - 횡단중,교차로운행방법위반,습기,비,교차로 - 교차로안,승용,여,49세,상해없음,보행자,여,35세,경상
2015031800100535,2015년 3월 18일 19시,수요일,대구광역시 달서구 진천동,중상사고,0,2,0,0,차대차 - 추돌 - 주정차중,안전운전불이행,건조,맑음,단일로 - 기타,승용,남,51세,상해없음,승용,남,70세,중상
2015031800100536,2015년 3월 18일 19시,수요일,대구광역시 서구 비산동,경상사고,0,0,1,0,차대차 - 기타,신호위반,습기,비,단일로 - 횡단보도상,승용,여,50세,상해없음,이륜,남,57세,경상
2015031800100537,2015년 3월 18일 19시,수요일,대구광역시 달서구 신당동,경상사고,0,0,1,0,차대차 - 추돌 - 주정차중,안전거리미확보,습기,비,단일로 - 기타,화물,남,70세,상해없음,화물,여,54세,경상
2015031800100581,2015년 3월 18일 20시,수요일,대구광역시 달서구 상인동,중상사고,0,1,2,0,차대차 - 추돌 - 주정차중,안전운전불이행,건조,맑음,단일로 - 기타,승용,남,62세,상해없음,승용,남,52세,중상
2015031800100582,2015년 3월 18일 20시,수요일,대구광역시 북구 침산동,경상사고,0,0,1,0,차대차 - 기타,안전운전불이행,건조,맑음,단일로 - 기타,기타불명,기타불명,기타불명,기타불명,승용,남,24세,경상
2015031800100583,2015년 3월 18일 20시,수요일,대구광역시 서구 내당동,경상사고,0,0,4,0,차대차 - 기타,안전거리미확보,습기,비,교차로 - 교차로부근,승용,남,47세,상해없음,승용,남,63세,경상
2015031800100584,2015년 3월 18일 20시,수요일,대구광역시 북구 국우동,중상사고,0,4,0,0,차대차 - 측면직각충돌,안전거리미확보,습기,비,단일로 - 기타,승용,남,57세,상해없음,화물,남,48세,중상
2015031800100585,2015년 3월 18일 20시,수요일,대구광역시 북구 구암동,경상사고,0,0,1,0,차대사람 - 기타,보행자보호의무위반,습기,비,단일로 - 횡단보도상,승용,남,43세,상해없음,보행자,여,47세,경상
2015031800100628,2015년 3월 18일 21시,수요일,대구광역시 북구 복현동,경상사고,0,0,1,0,차대차 - 기타,안전운전불이행,건조,맑음,단일로 - 기타,승용,남,45세,상해없음,승용,여,51세,상해없음
2015031800100629,2015년 3월 18일 21시,수요일,대구광역시 중구 동인동2가,중상사고,0,1,3,0,차대차 - 추돌 - 진행중,안전운전불이행,습기,비,단일로 - 기타,승용,남,52세,상해없음,승용,남,48세,경상
2015031800100630,2015년 3월 18일 21시,수요일,대구광역시 북구 태전동,경상사고,0,0,1,0,차대차 - 측면직각충돌,불법유턴,건조,맑음,교차로 - 교차로안,승합,남,53세,상해없음,승용,남,21세,경상
2015031800100631,2015년 3월 18일 21시,수요일,대구광역시 북구 태전동,경상사고,0,0,1,0,차대차 - 추돌 - 진행중,안전운전불이행,습기,비,기타 - 기타,승용,남,50세,기타불명,승용,여,55세,경상
2015031800100662,2015년 3월 18일 22시,수요일,대구광역시 북구 태전동,사망사고,1,0,0,0,차대사람 - 기타,안전운전불이행,습기,비,단일로 - 횡단보도상,화물,남,54세,상해없음,보행자,남,59세,사망
2015031800100688,2015년 3월 18일 23시,수요일,대구광역시 동구 율하동,중상사고,0,2,1,0,차대차 - 측면직각충돌,안전운전불이행,습기,비,단일로 - 기타,화물,남,53세,중상,승용,남,50세,중상
2015031800100689,2015년 3월 18일 23시,수요일,대구광역시 수성구 만촌동,중상사고,0,2,2,0,차대차 - 측면직각충돌,중앙선침범,습기,비,교차로 - 교차로부근,승용,남,34세,상해없음,승용,여,44세,중상
2015031800100690,2015년 3월 18일 23시,수요일,대구광역시 달서구 도원동,경상사고,0,0,1,0,차대차 - 추돌 - 주정차중,안전운전불이행,습기,비,교차로 - 교차로안,승용,여,26세,기타불명,승용,여,29세,경상
2015031800100691,2015년 3월 18일 23시,수요일,대구광역시 달서구 호산동,중상사고,0,1,0,0,차대사람 - 기타,안전운전불이행,습기,비,단일로 - 기타,승용,남,31세,상해없음,보행자,남,28세,중상
2015031800100692,2015년 3월 18일 23시,수요일,대구광역시 달서구 장기동,경상사고,0,0,1,0,차대차 - 기타,안전운전불이행,습기,비,단일로 - 교량,특수,남,47세,상해없음,승용,여,43세,경상
2015031900100017,2015년 3월 19일 00시,목요일,대구광역시 북구 산격동,경상사고,0,0,1,0,차대사람 - 차도통행중,안전운전불이행,습기,흐림,단일로 - 기타,승용,남,45세,상해없음,보행자,남,17세,경상
2015031900100018,2015년 3월 19일 00시,목요일,대구광역시 서구 이현동,중상사고,0,1,0,0,차량단독 - 공작물충돌,안전운전불이행,습기,비,단일로 - 기타,승용,남,37세,상해없음,,,,
2015031900100019,2015년 3월 19일 00시,목요일,대구광역시 북구 태전동,중상사고,0,1,0,0,차대차 - 기타,중앙선침범,습기,비,단일로 - 기타,승용,남,41세,상해없음,승용,여,29세,중상
2015031900100042,2015년 3월 19일 01시,목요일,대구광역시 중구 대봉동,경상사고,0,0,1,0,차대차 - 추돌 - 주정차중,안전운전불이행,습기,비,단일로 - 기타,승용,남,28세,상해없음,승용,남,33세,경상
2015031900100055,2015년 3월 19일 02시,목요일,대구광역시 서구 내당동,중상사고,0,3,3,0,차대차 - 추돌 - 주정차중,안전운전불이행,습기,흐림,단일로 - 기타,승용,여,41세,중상,승용,남,45세,경상
2015031900100063,2015년 3월 19일 04시,목요일,대구광역시 중구 삼덕동2가,중상사고,0,1,2,0,차대차 - 추돌 - 주정차중,안전운전불이행,습기,비,단일로 - 기타,승용,남,29세,상해없음,승용,남,47세,중상
2015031900100085,2015년 3월 19일 06시,목요일,대구광역시 북구 관음동,경상사고,0,0,2,0,차대차 - 추돌 - 진행중,안전운전불이행,건조,흐림,기타 - 기타,화물,남,52세,경상,승용,남,56세,경상
2015031900100103,2015년 3월 19일 07시,목요일,대구광역시 북구 칠성동2가,경상사고,0,0,1,0,차대차 - 추돌 - 진행중,신호위반,건조,맑음,교차로 - 교차로안,승용,남,19세,상해없음,화물,남,47세,경상
2015031900100186,2015년 3월 19일 09시,목요일,대구광역시 동구 율하동,경상사고,0,0,1,0,차대사람 - 횡단중,안전운전불이행,건조,맑음,교차로 - 교차로부근,화물,남,57세,기타불명,보행자,여,52세,경상
2015031900100187,2015년 3월 19일 09시,목요일,대구광역시 수성구 두산동,중상사고,0,1,0,0,차대차 - 추돌 - 진행중,안전운전불이행,건조,맑음,단일로 - 기타,승용,남,73세,상해없음,승용,남,44세,중상
2015031900100188,2015년 3월 19일 09시,목요일,대구광역시 달서구 송현동,부상신고사고,0,0,0,2,차대차 - 기타,안전거리미확보,건조,맑음,단일로 - 기타,승용,여,39세,상해없음,원동기,남,17세,부상신고
2015031900100245,2015년 3월 19일 11시,목요일,대구광역시 남구 대명동,경상사고,0,0,1,0,차대차 - 측면직각충돌,안전운전불이행,건조,맑음,단일로 - 기타,기타불명,기타불명,기타불명,기타불명,화물,남,58세,경상
2015031900100271,2015년 3월 19일 12시,목요일,대구광역시 달서구 진천동,부상신고사고,0,0,0,1,차대사람 - 기타,보행자보호의무위반,건조,맑음,단일로 - 횡단보도상,원동기,남,44세,상해없음,보행자,남,7세,부상신고
2015031900100312,2015년 3월 19일 13시,목요일,대구광역시 동구 백안동,중상사고,0,1,1,0,차대차 - 기타,안전거리미확보,건조,맑음,단일로 - 기타,승용,여,29세,상해없음,원동기,남,44세,중상
2015031900100313,2015년 3월 19일 13시,목요일,대구광역시 동구 신천동,경상사고,0,0,1,0,차대차 - 측면직각충돌,신호위반,건조,맑음,교차로 - 교차로부근,승용,여,31세,상해없음,이륜,남,25세,경상
2015031900100314,2015년 3월 19일 13시,목요일,대구광역시 중구 동성로3가,중상사고,0,1,0,0,차량단독 - 기타,기타,건조,맑음,단일로 - 기타,승합,남,49세,상해없음,,,,
2015031900100315,2015년 3월 19일 13시,목요일,대구광역시 달서구 용산동,경상사고,0,0,1,0,차대사람 - 기타,안전운전불이행,건조,맑음,단일로 - 기타,화물,남,56세,상해없음,보행자,남,44세,경상
2015031900100353,2015년 3월 19일 14시,목요일,대구광역시 수성구 수성동2가,부상신고사고,0,0,0,1,차대차 - 측면직각충돌,차로위반,건조,맑음,교차로 - 교차로부근,원동기,남,28세,부상신고,화물,남,50세,상해없음
2015031900100386,2015년 3월 19일 15시,목요일,대구광역시 수성구 수성동1가,중상사고,0,1,0,0,차량단독 - 공작물충돌,기타,건조,맑음,단일로 - 기타,승합,남,53세,상해없음,,,,
2015031900100387,2015년 3월 19일 15시,목요일,대구광역시 서구 평리동,중상사고,0,2,0,0,차대차 - 기타,신호위반,건조,맑음,교차로 - 교차로부근,이륜,남,60세,중상,이륜,남,71세,중상
2015031900100388,2015년 3월 19일 15시,목요일,대구광역시 달서구 감삼동,경상사고,0,0,1,0,차대사람 - 기타,안전운전불이행,건조,맑음,단일로 - 기타,승용,여,39세,상해없음,보행자,남,12세,경상
2015031900100455,2015년 3월 19일 17시,목요일,대구광역시 달서구 유천동,부상신고사고,0,0,0,1,차대사람 - 기타,보행자보호의무위반,건조,맑음,교차로 - 교차로부근,승용,남,34세,상해없음,보행자,여,5세,부상신고
2015031900100456,2015년 3월 19일 17시,목요일,대구광역시 달서구 상인동,경상사고,0,0,1,0,차대차 - 기타,안전운전불이행,건조,맑음,단일로 - 기타,승용,여,48세,상해없음,승용,남,19세,경상
2015031900100457,2015년 3월 19일 17시,목요일,대구광역시 중구 공평동,부상신고사고,0,0,0,1,차대차 - 측면직각충돌,중앙선침범,건조,맑음,교차로 - 교차로부근,자전거,남,80세,부상신고,승용,여,51세,상해없음
2015031900100458,2015년 3월 19일 17시,목요일,대구광역시 달서구 신당동,경상사고,0,0,2,0,차대차 - 측면직각충돌,교차로운행방법위반,건조,맑음,교차로 - 교차로안,승용,남,61세,상해없음,이륜,남,16세,경상
2015031900100531,2015년 3월 19일 19시,목요일,대구광역시 수성구 만촌동,경상사고,0,0,1,0,차대차 - 추돌 - 진행중,안전운전불이행,습기,비,교차로 - 교차로부근,승용,남,54세,상해없음,승용,여,58세,경상
2015031900100532,2015년 3월 19일 19시,목요일,대구광역시 달서구 상인동,중상사고,0,1,1,0,차대차 - 기타,신호위반,건조,맑음,교차로 - 교차로안,이륜,남,19세,경상,승용,여,50세,중상
2015031900100533,2015년 3월 19일 19시,목요일,대구광역시 달서구 본리동,중상사고,0,1,0,1,차대차 - 측면직각충돌,교차로운행방법위반,건조,맑음,교차로 - 교차로안,이륜,남,61세,기타불명,승용,남,44세,부상신고
2015031900100564,2015년 3월 19일 20시,목요일,대구광역시 동구 동호동,경상사고,0,0,1,0,차대사람 - 차도통행중,안전운전불이행,건조,맑음,단일로 - 기타,승용,여,41세,상해없음,보행자,남,16세,경상
2015031900100565,2015년 3월 19일 20시,목요일,대구광역시 중구 수동,경상사고,0,0,1,0,차대차 - 측면직각충돌,안전운전불이행,건조,맑음,교차로 - 교차로안,기타불명,기타불명,기타불명,기타불명,자전거,남,25세,경상
2015031900100635,2015년 3월 19일 22시,목요일,대구광역시 달서구 본동,경상사고,0,0,1,0,차대차 - 정면충돌,안전운전불이행,건조,맑음,교차로 - 교차로안,승용,남,37세,상해없음,이륜,남,28세,경상
2015031900100655,2015년 3월 19일 23시,목요일,대구광역시 수성구 두산동,경상사고,0,0,1,0,차대차 - 기타,안전운전불이행,건조,맑음,단일로 - 기타,기타불명,기타불명,기타불명,기타불명,승용,남,56세,상해없음
2015031900100656,2015년 3월 19일 23시,목요일,대구광역시 달서구 대천동,경상사고,0,0,2,0,차대차 - 추돌 - 주정차중,안전거리미확보,건조,맑음,단일로 - 기타,화물,남,34세,상해없음,승용,남,50세,경상
2015032000100010,2015년 3월 20일 00시,금요일,대구광역시 달서구 장기동,경상사고,0,0,1,0,차대사람 - 기타,보행자보호의무위반,건조,맑음,단일로 - 횡단보도상,승용,남,28세,상해없음,보행자,남,28세,경상
2015032000100029,2015년 3월 20일 01시,금요일,대구광역시 달서구 용산동,경상사고,0,0,2,0,차대차 - 측면직각충돌,안전운전불이행,건조,맑음,단일로 - 기타,승용,남,56세,상해없음,이륜,남,18세,경상
2015032000100045,2015년 3월 20일 02시,금요일,대구광역시 북구 노원동1가,경상사고,0,0,1,0,차량단독 - 공작물충돌,안전운전불이행,건조,맑음,단일로 - 기타,승용,남,43세,경상,,,,
2015032000100072,2015년 3월 20일 05시,금요일,대구광역시 달서구 본동,경상사고,0,0,1,0,차대차 - 측면직각충돌,신호위반,건조,맑음,교차로 - 교차로안,이륜,남,18세,상해없음,승용,여,48세,경상
2015032000100088,2015년 3월 20일 06시,금요일,대구광역시 북구 팔달동,경상사고,0,0,1,0,차대차 - 측면직각충돌,안전운전불이행,건조,맑음,단일로 - 횡단보도부근,승용,남,63세,상해없음,승용,남,60세,경상
2015032000100111,2015년 3월 20일 07시,금요일,대구광역시 동구 신기동,부상신고사고,0,0,0,1,차대차 - 측면직각충돌,안전운전불이행,건조,맑음,교차로 - 교차로부근,이륜,남,58세,상해없음,승용,여,53세,부상신고
2015032000100112,2015년 3월 20일 07시,금요일,대구광역시 북구 칠성동2가,경상사고,0,0,2,0,차대차 - 측면직각충돌,신호위반,건조,맑음,교차로 - 교차로안,화물,남,34세,상해없음,승용,남,73세,경상
2015032000100113,2015년 3월 20일 07시,금요일,대구광역시 북구 국우동,경상사고,0,0,1,0,차대차 - 추돌 - 주정차중,안전운전불이행,건조,맑음,단일로 - 기타,승용,여,38세,경상,승합,남,60세,기타불명
2015032000100152,2015년 3월 20일 08시,금요일,대구광역시 북구 노원동2가,경상사고,0,0,2,0,차대차 - 기타,안전거리미확보,건조,맑음,단일로 - 기타,승용,여,54세,상해없음,승용,남,35세,경상
2015032000100153,2015년 3월 20일 08시,금요일,대구광역시 달서구 용산동,경상사고,0,0,1,0,차대차 - 추돌 - 주정차중,안전운전불이행,건조,맑음,단일로 - 기타,화물,남,55세,상해없음,승합,남,53세,상해없음
2015032000100175,2015년 3월 20일 09시,금요일,대구광역시 달서구 감삼동,중상사고,0,1,1,0,차대차 - 기타,안전거리미확보,건조,맑음,단일로 - 기타,승용,남,34세,상해없음,이륜,남,17세,중상
2015032000100208,2015년 3월 20일 10시,금요일,대구광역시 수성구 수성동4가,중상사고,0,1,0,0,차대차 - 측면직각충돌,안전운전불이행,건조,흐림,교차로 - 교차로안,승용,여,33세,상해없음,승용,남,39세,중상
2015032000100209,2015년 3월 20일 10시,금요일,대구광역시 달서구 상인동,경상사고,0,0,1,0,차량단독 - 공작물충돌,안전운전불이행,건조,맑음,단일로 - 기타,승용,여,53세,경상,,,,
2015032000100232,2015년 3월 20일 11시,금요일,대구광역시 동구 율하동,중상사고,0,1,1,0,차대차 - 기타,기타,건조,맑음,단일로 - 기타,화물,남,45세,경상,승용,남,72세,중상
2015032000100238,2015년 3월 20일 11시,금요일,대구광역시 서구 내당동,중상사고,0,1,0,0,차대사람 - 기타,안전운전불이행,건조,맑음,단일로 - 기타,승용,여,36세,상해없음,보행자,여,73세,중상
2015032000100260,2015년 3월 20일 12시,금요일,대구광역시 중구 대신동,중상사고,0,1,0,0,차대차 - 기타,안전거리미확보,건조,맑음,교차로 - 교차로부근,승용,여,63세,상해없음,승용,남,53세,중상
2015032000100261,2015년 3월 20일 12시,금요일,대구광역시 중구 태평로1가,경상사고,0,0,1,0,차대차 - 기타,안전운전불이행,건조,맑음,단일로 - 기타,화물,남,25세,상해없음,자전거,남,65세,경상
2015032000100262,2015년 3월 20일 12시,금요일,대구광역시 달서구 감삼동,경상사고,0,0,1,0,차대차 - 기타,교차로운행방법위반,건조,맑음,교차로 - 교차로안,원동기,남,15세,기타불명,승용,남,25세,경상
2015032000100327,2015년 3월 20일 14시,금요일,대구광역시 달성군 하빈면,중상사고,0,1,1,0,차대차 - 측면직각충돌,안전운전불이행,건조,맑음,교차로 - 교차로안,화물,남,56세,상해없음,승용,남,61세,경상
2015032000100328,2015년 3월 20일 14시,금요일,대구광역시 서구 이현동,경상사고,0,0,3,0,차대차 - 기타,안전거리미확보,건조,맑음,단일로 - 기타,승용,남,56세,경상,화물,남,29세,경상
2015032000100357,2015년 3월 20일 15시,금요일,대구광역시 북구 구암동,중상사고,0,1,0,0,차대차 - 측면직각충돌,교차로운행방법위반,건조,맑음,교차로 - 교차로안,승용,남,30세,상해없음,원동기,남,40세,중상
2015032000100358,2015년 3월 20일 15시,금요일,대구광역시 북구 구암동,중상사고,0,1,0,0,차대차 - 측면직각충돌,안전거리미확보,건조,맑음,단일로 - 기타,승용,여,39세,기타불명,원동기,남,70세,중상
2015032000100402,2015년 3월 20일 16시,금요일,대구광역시 남구 대명동,경상사고,0,0,1,0,차대차 - 기타,교차로운행방법위반,건조,맑음,교차로 - 교차로안,승용,남,56세,상해없음,이륜,남,22세,경상
2015032000100403,2015년 3월 20일 16시,금요일,대구광역시 수성구 신매동,경상사고,0,0,2,0,차대차 - 기타,안전운전불이행,건조,맑음,교차로 - 교차로부근,승용,여,38세,상해없음,승합,남,43세,상해없음
2015032000100404,2015년 3월 20일 16시,금요일,대구광역시 중구 태평로1가,경상사고,0,0,1,0,차대차 - 기타,안전운전불이행,건조,맑음,교차로 - 교차로부근,승합,남,61세,상해없음,승용,여,51세,경상
2015032000100405,2015년 3월 20일 16시,금요일,대구광역시 중구 대신동,경상사고,0,0,3,0,차대차 - 추돌 - 주정차중,안전운전불이행,건조,맑음,단일로 - 기타,승용,남,52세,상해없음,승용,여,32세,경상
2015032000100475,2015년 3월 20일 18시,금요일,대구광역시 동구 신서동,경상사고,0,0,3,0,차대차 - 추돌 - 주정차중,안전운전불이행,건조,맑음,단일로 - 기타,승용,남,56세,상해없음,승용,남,39세,경상
2015032000100476,2015년 3월 20일 18시,금요일,대구광역시 수성구 만촌동,부상신고사고,0,0,0,1,차대사람 - 길가장자리구역통행중,안전운전불이행,건조,맑음,교차로 - 교차로안,승용,여,28세,상해없음,보행자,남,45세,부상신고
2015032000100477,2015년 3월 20일 18시,금요일,대구광역시 달서구 월성동,경상사고,0,0,1,0,차대사람 - 기타,기타,건조,맑음,기타 - 기타,승용,남,35세,상해없음,보행자,남,37세,경상
2015032000100478,2015년 3월 20일 18시,금요일,대구광역시 북구 노원동3가,경상사고,0,0,1,0,차대차 - 기타,교차로운행방법위반,건조,맑음,교차로 - 교차로안,승용,남,62세,상해없음,원동기,남,67세,경상
2015032000100479,2015년 3월 20일 18시,금요일,대구광역시 북구 산격동,중상사고,0,1,0,0,차대차 - 기타,중앙선침범,건조,맑음,단일로 - 교량,원동기,남,80세,상해없음,원동기,남,57세,중상
2015032000100524,2015년 3월 20일 19시,금요일,대구광역시 달서구 대천동,중상사고,0,1,0,0,차대사람 - 횡단중,보행자보호의무위반,건조,맑음,교차로 - 교차로안,승용,여,52세,상해없음,보행자,남,46세,중상
2015032000100525,2015년 3월 20일 19시,금요일,대구광역시 달서구 대천동,경상사고,0,0,1,0,차대차 - 측면직각충돌,안전운전불이행,건조,맑음,단일로 - 기타,승용,남,23세,상해없음,승용,여,40세,경상
2015032000100526,2015년 3월 20일 19시,금요일,대구광역시 달서구 본동,경상사고,0,0,1,0,차대차 - 측면직각충돌,교차로운행방법위반,건조,맑음,교차로 - 교차로부근,화물,남,51세,상해없음,승용,여,38세,경상
2015032000100561,2015년 3월 20일 20시,금요일,대구광역시 달서구 대천동,경상사고,0,0,2,0,차대차 - 기타,안전운전불이행,건조,맑음,단일로 - 기타,승용,남,41세,상해없음,승용,남,31세,경상
2015032000100562,2015년 3월 20일 20시,금요일,대구광역시 달서구 상인동,경상사고,0,0,1,0,차대사람 - 차도통행중,기타,건조,맑음,단일로 - 기타,승용,여,36세,상해없음,보행자,여,8세,경상
2015032000100563,2015년 3월 20일 20시,금요일,대구광역시 북구 침산동,중상사고,0,1,0,0,차대차 - 기타,직진우회전진행방해,건조,맑음,교차로 - 교차로안,화물,남,53세,상해없음,이륜,남,71세,중상
2015032000100564,2015년 3월 20일 20시,금요일,대구광역시 북구 매천동,경상사고,0,0,1,0,차대차 - 기타,안전운전불이행,건조,맑음,단일로 - 기타,승용,남,67세,상해없음,이륜,남,24세,경상
2015032000100604,2015년 3월 20일 21시,금요일,대구광역시 북구 산격동,경상사고,0,0,1,0,차대사람 - 기타,안전운전불이행,건조,맑음,단일로 - 기타,승용,남,27세,상해없음,보행자,여,68세,경상
2015032000100638,2015년 3월 20일 22시,금요일,대구광역시 달서구 대곡동,경상사고,0,0,1,0,차대차 - 기타,안전운전불이행,건조,맑음,단일로 - 기타,승합,남,41세,상해없음,승용,남,50세,경상
2015032000100639,2015년 3월 20일 22시,금요일,대구광역시 북구 복현동,경상사고,0,0,1,0,차대사람 - 기타,안전운전불이행,건조,맑음,교차로 - 교차로안,승용,남,46세,상해없음,보행자,남,52세,경상
2015032100100036,2015년 3월 21일 01시,토요일,대구광역시 중구 삼덕동1가,부상신고사고,0,0,0,1,차대사람 - 길가장자리구역통행중,안전운전불이행,건조,맑음,단일로 - 기타,승용,남,30세,기타불명,보행자,남,19세,부상신고
2015032100100054,2015년 3월 21일 02시,토요일,대구광역시 남구 대명동,경상사고,0,0,1,0,차대차 - 기타,안전거리미확보,건조,맑음,단일로 - 기타,승용,남,60세,상해없음,승용,남,27세,상해없음
2015032100100087,2015년 3월 21일 05시,토요일,대구광역시 수성구 수성동4가,중상사고,0,2,0,0,차대사람 - 횡단중,안전운전불이행,건조,맑음,단일로 - 기타,화물,남,58세,상해없음,보행자,남,30세,중상
2015032100100088,2015년 3월 21일 05시,토요일,대구광역시 서구 평리동,중상사고,0,1,0,0,차대차 - 기타,신호위반,건조,맑음,교차로 - 교차로안,승용,남,66세,상해없음,승용,남,27세,중상
2015032100100089,2015년 3월 21일 05시,토요일,대구광역시 중구 동인동1가,경상사고,0,0,1,0,차대차 - 추돌 - 진행중,안전운전불이행,건조,맑음,교차로 - 교차로부근,기타불명,기타불명,기타불명,기타불명,승용,남,60세,상해없음
2015032100100110,2015년 3월 21일 07시,토요일,대구광역시 북구 산격동,경상사고,0,0,1,0,차대차 - 기타,안전운전불이행,건조,맑음,단일로 - 기타,화물,남,23세,상해없음,승용,남,35세,경상
2015032100100111,2015년 3월 21일 07시,토요일,대구광역시 달서구 성당동,경상사고,0,0,2,0,차대차 - 측면직각충돌,신호위반,건조,맑음,교차로 - 교차로안,승용,남,52세,상해없음,승용,남,62세,경상
2015032100100154,2015년 3월 21일 09시,토요일,대구광역시 동구 용계동,경상사고,0,0,1,0,차대차 - 기타,안전거리미확보,건조,맑음,단일로 - 기타,기타불명,기타불명,기타불명,기타불명,화물,남,34세,경상
2015032100100155,2015년 3월 21일 09시,토요일,대구광역시 동구 신암동,중상사고,0,1,0,0,차대사람 - 기타,안전운전불이행,건조,맑음,단일로 - 기타,승용,남,66세,상해없음,보행자,여,87세,중상