사고번호,사고일시,요일,시군구,사고내용,사망자수,중상자수,경상자수,부상신고자수,사고유형,법규위반,노면상태,기상상태,도로형태,가해운전자 차종,가해운전자 성별,가해운전자 연령,가해운전자 상해정도,피해운전자 차종,피해운전자 성별,피해운전자 연령,피해운전자 상해정도
2015032400100625,2015년 3월 24일 23시,화요일,대구광역시 동구 신천동,중상사고,0,2,1,0,차대차 - 기타,안전운전불이행,건조,맑음,단일로 - 기타,승용,남,35세,경상,승용,남,52세,기타불명
2015032400100626,2015년 3월 24일 23시,화요일,대구광역시 달서구 송현동,경상사고,0,0,3,0,차대차 - 기타,안전운전불이행,건조,맑음,교차로 - 교차로안,승합,남,35세,상해없음,승용,여,36세,상해없음
2015032500100018,2015년 3월 25일 00시,수요일,대구광역시 달서구 본리동,경상사고,0,0,2,0,차대차 - 추돌 - 진행중,교차로운행방법위반,건조,맑음,교차로 - 교차로안,승용,여,28세,상해없음,이륜,남,16세,경상
2015032500100028,2015년 3월 25일 01시,수요일,대구광역시 수성구 수성동4가,부상신고사고,0,0,0,1,차대사람 - 길가장자리구역통행중,기타,건조,맑음,단일로 - 기타,승용,남,49세,상해없음,보행자,남,52세,부상신고
2015032500100029,2015년 3월 25일 01시,수요일,대구광역시 서구 내당동,경상사고,0,0,2,0,차대차 - 기타,교차로운행방법위반,건조,맑음,교차로 - 교차로안,승용,여,54세,경상,승용,남,43세,상해없음
2015032500100037,2015년 3월 25일 02시,수요일,대구광역시 동구 능성동,경상사고,0,0,2,0,차대차 - 기타,안전운전불이행,건조,맑음,교차로 - 교차로부근,승용,남,56세,상해없음,승용,여,53세,경상
2015032500100053,2015년 3월 25일 04시,수요일,대구광역시 달서구 본동,중상사고,0,1,0,0,차대차 - 정면충돌,신호위반,건조,맑음,교차로 - 교차로안,승용,남,34세,상해없음,승용,여,55세,중상
2015032500100066,2015년 3월 25일 06시,수요일,대구광역시 달성군 하빈면,중상사고,0,1,0,0,차대차 - 측면직각충돌,안전운전불이행,건조,맑음,교차로 - 교차로안,건설기계,남,49세,상해없음,승용,남,56세,중상
2015032500100067,2015년 3월 25일 06시,수요일,대구광역시 달서구 용산동,중상사고,0,1,1,0,차대차 - 추돌 - 주정차중,안전운전불이행,건조,맑음,단일로 - 횡단보도부근,승용,남,27세,상해없음,승용,남,51세,경상
2015032500100086,2015년 3월 25일 07시,수요일,대구광역시 달서구 송현동,경상사고,0,0,1,0,차대차 - 측면직각충돌,교차로운행방법위반,건조,맑음,교차로 - 교차로안,승용,남,44세,상해없음,자전거,남,17세,경상
2015032500100087,2015년 3월 25일 07시,수요일,대구광역시 달성군 구지면,중상사고,0,1,0,0,차대차 - 추돌 - 진행중,안전거리미확보,건조,맑음,단일로 - 기타,승용,남,47세,중상,건설기계,남,55세,상해없음
2015032500100088,2015년 3월 25일 07시,수요일,대구광역시 달성군 논공읍,중상사고,0,1,1,0,차대차 - 측면직각충돌,안전운전불이행,건조,맑음,교차로 - 교차로안,승용,여,55세,중상,화물,여,49세,경상
2015032500100089,2015년 3월 25일 07시,수요일,대구광역시 북구 복현동,경상사고,0,0,1,0,차대사람 - 기타,안전운전불이행,건조,맑음,단일로 - 기타,승용,여,41세,상해없음,보행자,여,37세,경상
2015032500100090,2015년 3월 25일 07시,수요일,대구광역시 달서구 두류동,경상사고,0,0,2,0,차대차 - 기타,안전운전불이행,건조,맑음,교차로 - 교차로안,승용,남,38세,상해없음,승용,남,62세,경상
2015032500100132,2015년 3월 25일 08시,수요일,대구광역시 수성구 만촌동,경상사고,0,0,1,0,차대차 - 측면직각충돌,교차로운행방법위반,건조,맑음,교차로 - 교차로안,이륜,남,29세,경상,승용,여,48세,상해없음
2015032500100133,2015년 3월 25일 08시,수요일,대구광역시 중구 덕산동,중상사고,0,1,0,0,차대차 - 측면직각충돌,중앙선침범,건조,맑음,교차로 - 교차로부근,승용,여,34세,상해없음,승용,남,33세,중상
2015032500100134,2015년 3월 25일 08시,수요일,대구광역시 달서구 용산동,경상사고,0,0,1,0,차대차 - 기타,안전운전불이행,건조,맑음,단일로 - 기타,승용,남,55세,상해없음,승용,남,26세,경상
2015032500100171,2015년 3월 25일 09시,수요일,대구광역시 동구 신천동,중상사고,0,1,0,0,차량단독 - 기타,안전운전불이행,건조,맑음,단일로 - 기타,승용,남,63세,기타불명,,,,
2015032500100172,2015년 3월 25일 09시,수요일,대구광역시 달서구 월성동,경상사고,0,0,1,1,차대차 - 추돌 - 주정차중,안전운전불이행,건조,맑음,교차로 - 교차로부근,특수,남,30세,상해없음,화물,남,38세,부상신고
2015032500100209,2015년 3월 25일 10시,수요일,대구광역시 달서구 본동,경상사고,0,0,2,0,차대차 - 측면직각충돌,안전운전불이행,건조,맑음,교차로 - 교차로부근,승용,남,34세,경상,승용,남,38세,경상
2015032500100210,2015년 3월 25일 10시,수요일,대구광역시 달성군 다사읍,경상사고,0,0,1,0,차대차 - 측면직각충돌,안전운전불이행,건조,맑음,교차로 - 교차로안,승용,남,24세,상해없음,승합,여,52세,경상
2015032500100211,2015년 3월 25일 10시,수요일,대구광역시 북구 대현동,중상사고,0,1,0,0,차대사람 - 횡단중,신호위반,건조,맑음,단일로 - 횡단보도상,이륜,기타불명,기타불명,기타불명,보행자,여,67세,중상
2015032500100212,2015년 3월 25일 10시,수요일,대구광역시 달서구 갈산동,중상사고,0,1,0,0,차대차 - 정면충돌,직진우회전진행방해,건조,맑음,교차로 - 교차로안,승용,남,54세,상해없음,이륜,남,35세,중상
2015032500100213,2015년 3월 25일 10시,수요일,대구광역시 북구 태전동,경상사고,0,0,1,0,차대차 - 추돌 - 진행중,안전운전불이행,건조,맑음,기타 - 기타,승용,남,67세,상해없음,승용,남,39세,경상
2015032500100237,2015년 3월 25일 11시,수요일,대구광역시 서구 내당동,부상신고사고,0,0,0,1,차대차 - 측면직각충돌,안전거리미확보,건조,맑음,단일로 - 기타,승용,남,55세,기타불명,이륜,여,40세,부상신고
2015032500100238,2015년 3월 25일 11시,수요일,대구광역시 달서구 감삼동,중상사고,0,1,0,0,차대차 - 기타,안전운전불이행,건조,맑음,단일로 - 기타,승합,여,45세,상해없음,원동기,남,73세,중상
2015032500100239,2015년 3월 25일 11시,수요일,대구광역시 북구 태전동,중상사고,0,1,0,0,차대차 - 기타,안전운전불이행,건조,맑음,단일로 - 기타,승용,여,55세,상해없음,이륜,남,35세,중상
2015032500100277,2015년 3월 25일 12시,수요일,대구광역시 남구 대명동,경상사고,0,0,1,0,차대사람 - 횡단중,안전운전불이행,건조,맑음,단일로 - 횡단보도상,원동기,남,23세,상해없음,보행자,남,81세,경상
2015032500100278,2015년 3월 25일 12시,수요일,대구광역시 중구 대봉동,경상사고,0,0,1,0,차대차 - 측면직각충돌,안전거리미확보,건조,맑음,단일로 - 기타,승용,남,39세,상해없음,승용,여,60세,경상
2015032500100309,2015년 3월 25일 13시,수요일,대구광역시 수성구 범어동,경상사고,0,0,1,0,차대차 - 추돌 - 주정차중,안전운전불이행,건조,맑음,단일로 - 기타,승용,여,33세,상해없음,승용,남,57세,경상
2015032500100310,2015년 3월 25일 13시,수요일,대구광역시 달서구 본리동,경상사고,0,0,1,0,차대차 - 기타,안전운전불이행,건조,맑음,단일로 - 횡단보도상,승용,여,47세,상해없음,자전거,남,63세,경상
2015032500100343,2015년 3월 25일 14시,수요일,대구광역시 남구 대명동,중상사고,0,1,0,0,차량단독 - 전도전복,기타,건조,맑음,단일로 - 기타,승합,남,56세,상해없음,,,,
2015032500100378,2015년 3월 25일 15시,수요일,대구광역시 수성구 만촌동,중상사고,0,1,2,0,차대차 - 측면직각충돌,신호위반,건조,맑음,교차로 - 교차로안,승용,여,31세,상해없음,승용,남,32세,경상
2015032500100379,2015년 3월 25일 15시,수요일,대구광역시 수성구 만촌동,경상사고,0,0,1,0,차대차 - 측면직각충돌,안전운전불이행,습기,맑음,단일로 - 기타,승용,여,53세,상해없음,승용,여,45세,경상
2015032500100408,2015년 3월 25일 16시,수요일,대구광역시 북구 칠성동2가,중상사고,0,1,2,0,차대차 - 기타,교차로운행방법위반,건조,맑음,교차로 - 교차로안,승용,남,21세,경상,이륜,남,63세,중상
2015032500100443,2015년 3월 25일 17시,수요일,대구광역시 달서구 죽전동,경상사고,0,0,1,0,차대차 - 기타,안전운전불이행,건조,맑음,단일로 - 기타,승용,기타불명,기타불명,기타불명,자전거,남,26세,경상
2015032500100444,2015년 3월 25일 17시,수요일,대구광역시 북구 금호동,경상사고,0,0,1,0,차대차 - 추돌 - 진행중,안전운전불이행,건조,맑음,기타 - 기타,화물,남,58세,상해없음,화물,남,57세,경상
2015032500100489,2015년 3월 25일 18시,수요일,대구광역시 달서구 도원동,중상사고,0,1,1,0,차대차 - 기타,중앙선침범,건조,맑음,교차로 - 교차로부근,승용,남,66세,상해없음,승용,남,62세,경상
2015032500100490,2015년 3월 25일 18시,수요일,대구광역시 북구 읍내동,부상신고사고,0,0,0,1,차대차 - 측면직각충돌,안전운전불이행,건조,맑음,단일로 - 기타,자전거,남,13세,부상신고,승용,남,50세,기타불명
2015032500100536,2015년 3월 25일 19시,수요일,대구광역시 동구 신기동,부상신고사고,0,0,0,2,차대차 - 기타,안전운전불이행,건조,맑음,단일로 - 기타,승용,남,50세,상해없음,이륜,남,17세,부상신고
2015032500100537,2015년 3월 25일 19시,수요일,대구광역시 서구 평리동,경상사고,0,0,1,0,차대사람 - 기타,안전운전불이행,건조,맑음,단일로 - 기타,승용,남,40세,상해없음,보행자,남,54세,경상
2015032500100538,2015년 3월 25일 19시,수요일,대구광역시 달서구 이곡동,경상사고,0,0,3,0,차대차 - 측면직각충돌,안전거리미확보,건조,흐림,교차로 - 교차로부근,승용,남,29세,상해없음,승용,남,61세,경상
2015032500100539,2015년 3월 25일 19시,수요일,대구광역시 북구 동천동,경상사고,0,0,1,0,차대차 - 측면직각충돌,안전운전불이행,건조,맑음,단일로 - 기타,승용,여,51세,상해없음,화물,남,66세,경상
2015032500100571,2015년 3월 25일 20시,수요일,대구광역시 수성구 수성동2가,부상신고사고,0,0,0,1,차량단독 - 전도전복,안전운전불이행,건조,맑음,단일로 - 기타,이륜,남,40세,부상신고,,,,
2015032500100572,2015년 3월 25일 20시,수요일,대구광역시 달서구 진천동,중상사고,0,1,0,0,차대차 - 기타,안전운전불이행,건조,맑음,단일로 - 기타,승용,남,57세,상해없음,이륜,남,61세,중상
2015032500100598,2015년 3월 25일 21시,수요일,대구광역시 서구 비산동,경상사고,0,0,1,0,차대사람 - 횡단중,보행자보호의무위반,건조,맑음,단일로 - 횡단보도상,승용,남,54세,상해없음,보행자,남,46세,경상
2015032500100599,2015년 3월 25일 21시,수요일,대구광역시 달서구 장동,경상사고,0,0,2,0,차대차 - 측면직각충돌,교차로운행방법위반,건조,맑음,교차로 - 교차로안,승용,남,32세,상해없음,승용,남,50세,경상
2015032500100632,2015년 3월 25일 22시,수요일,대구광역시 동구 신천동,부상신고사고,0,0,0,1,차대사람 - 기타,안전운전불이행,건조,맑음,기타 - 기타,승용,여,33세,기타불명,보행자,남,57세,부상신고
2015032500100655,2015년 3월 25일 23시,수요일,대구광역시 달서구 월성동,경상사고,0,0,2,0,차대차 - 추돌 - 주정차중,안전운전불이행,건조,맑음,교차로 - 교차로부근,화물,남,42세,상해없음,승용,남,73세,경상
2015032500100656,2015년 3월 25일 23시,수요일,대구광역시 달서구 송현동,중상사고,0,1,0,0,차대사람 - 기타,안전운전불이행,건조,맑음,교차로 - 교차로안,승용,남,52세,상해없음,보행자,남,45세,중상
2015032500100657,2015년 3월 25일 23시,수요일,대구광역시 서구 원대동3가,경상사고,0,0,1,0,차량단독 - 기타,기타,건조,맑음,기타 - 기타,이륜,남,49세,경상,,,,
2015032500100658,2015년 3월 25일 23시,수요일,대구광역시 북구 동호동,중상사고,0,2,0,0,차대차 - 추돌 - 주정차중,안전운전불이행,건조,맑음,교차로 - 교차로부근,승용,남,55세,상해없음,승용,남,64세,중상
2015032600100013,2015년 3월 26일 00시,목요일,대구광역시 달서구 감삼동,경상사고,0,0,1,0,차대사람 - 차도통행중,안전운전불이행,건조,맑음,교차로 - 교차로부근,승용,남,42세,상해없음,보행자,남,25세,경상
2015032600100049,2015년 3월 26일 03시,목요일,대구광역시 북구 산격동,중상사고,0,1,0,0,차대차 - 측면직각충돌,안전거리미확보,건조,맑음,단일로 - 기타,승용,남,19세,상해없음,원동기,남,37세,중상
2015032600100057,2015년 3월 26일 04시,목요일,대구광역시 북구 칠성동1가,경상사고,0,0,1,0,차대차 - 추돌 - 진행중,안전운전불이행,건조,맑음,단일로 - 기타,승용,남,28세,상해없음,화물,남,65세,경상
2015032600100069,2015년 3월 26일 05시,목요일,대구광역시 달서구 본동,경상사고,0,0,1,0,차대차 - 추돌 - 주정차중,안전운전불이행,건조,맑음,교차로 - 교차로부근,승용,남,27세,상해없음,승용,여,58세,경상
2015032600100085,2015년 3월 26일 06시,목요일,대구광역시 중구 대신동,경상사고,0,0,3,0,차대차 - 추돌 - 진행중,차로위반,건조,맑음,교차로 - 교차로부근,승용,남,61세,상해없음,승합,남,40세,경상
2015032600100115,2015년 3월 26일 07시,목요일,대구광역시 달서구 진천동,중상사고,0,1,2,0,차대차 - 측면직각충돌,중앙선침범,건조,맑음,단일로 - 기타,승용,남,62세,경상,승용,남,27세,중상
2015032600100116,2015년 3월 26일 07시,목요일,대구광역시 달서구 상인동,경상사고,0,0,1,0,차대차 - 측면직각충돌,안전거리미확보,건조,맑음,단일로 - 기타,승용,여,25세,상해없음,승용,남,50세,경상
2015032600100117,2015년 3월 26일 07시,목요일,대구광역시 중구 대봉동,중상사고,0,1,1,1,차대차 - 측면직각충돌,차로위반,건조,맑음,교차로 - 교차로부근,승용,남,35세,상해없음,승용,남,52세,중상
2015032600100157,2015년 3월 26일 08시,목요일,대구광역시 수성구 대흥동,중상사고,0,1,0,0,차대차 - 추돌 - 진행중,안전거리미확보,건조,맑음,단일로 - 기타,승용,여,28세,상해없음,승용,남,50세,중상
2015032600100158,2015년 3월 26일 08시,목요일,대구광역시 수성구 만촌동,경상사고,0,0,1,0,차대사람 - 보도통행중,기타,건조,맑음,단일로 - 기타,승용,여,53세,상해없음,보행자,여,22세,경상
2015032600100159,2015년 3월 26일 08시,목요일,대구광역시 달서구 월암동,중상사고,0,1,0,0,차대차 - 기타,안전운전불이행,건조,맑음,단일로 - 기타,화물,남,58세,상해없음,이륜,남,18세,중상
2015032600100160,2015년 3월 26일 08시,목요일,대구광역시 달서구 월성동,중상사고,0,1,0,0,차대사람 - 차도통행중,안전운전불이행,건조,맑음,단일로 - 기타,기타불명,기타불명,기타불명,기타불명,보행자,여,56세,중상
2015032600100161,2015년 3월 26일 08시,목요일,대구광역시 달서구 상인동,중상사고,0,1,1,0,차대차 - 기타,안전거리미확보,건조,맑음,단일로 - 기타,승용,남,43세,상해없음,승용,여,46세,중상
2015032600100162,2015년 3월 26일 08시,목요일,대구광역시 서구 내당동,중상사고,0,1,0,0,차대사람 - 기타,안전운전불이행,건조,맑음,단일로 - 기타,승용,여,53세,상해없음,보행자,여,66세,중상
2015032600100201,2015년 3월 26일 09시,목요일,대구광역시 동구 동호동,경상사고,0,0,1,0,차대사람 - 기타,안전운전불이행,건조,맑음,기타 - 기타,승용,남,35세,상해없음,보행자,남,3세,경상
2015032600100202,2015년 3월 26일 09시,목요일,대구광역시 수성구 수성동1가,사망사고,1,0,0,0,차대차 - 측면직각충돌,안전운전불이행,건조,맑음,단일로 - 기타,승용,남,59세,상해없음,이륜,남,56세,사망
2015032600100203,2015년 3월 26일 09시,목요일,대구광역시 달서구 송현동,경상사고,0,0,1,0,차대차 - 측면직각충돌,직진우회전진행방해,건조,맑음,교차로 - 교차로안,승용,여,34세,상해없음,자전거,여,45세,경상
2015032600100232,2015년 3월 26일 10시,목요일,대구광역시 북구 노원동1가,중상사고,0,1,0,0,차대사람 - 횡단중,안전운전불이행,건조,맑음,기타 - 기타,승용,남,41세,상해없음,보행자,남,66세,중상
2015032600100257,2015년 3월 26일 11시,목요일,대구광역시 동구 불로동,경상사고,0,0,1,0,차대차 - 기타,안전운전불이행,건조,맑음,단일로 - 기타,승용,여,68세,상해없음,자전거,남,67세,경상
2015032600100258,2015년 3월 26일 11시,목요일,대구광역시 수성구 지산동,부상신고사고,0,0,0,1,차대차 - 측면직각충돌,안전운전불이행,건조,맑음,단일로 - 기타,자전거,여,65세,부상신고,승용,남,31세,상해없음
2015032600100286,2015년 3월 26일 12시,목요일,대구광역시 동구 동호동,경상사고,0,0,2,0,차대차 - 측면직각충돌,교차로운행방법위반,건조,맑음,교차로 - 교차로안,승용,여,43세,경상,승용,남,55세,경상
2015032600100287,2015년 3월 26일 12시,목요일,대구광역시 수성구 시지동,경상사고,0,0,1,0,차대차 - 측면직각충돌,신호위반,건조,맑음,교차로 - 교차로부근,승합,남,47세,상해없음,승용,여,35세,경상
2015032600100322,2015년 3월 26일 13시,목요일,대구광역시 남구 대명동,경상사고,0,0,1,0,차대차 - 추돌 - 주정차중,안전운전불이행,건조,맑음,단일로 - 기타,화물,남,44세,상해없음,승용,남,68세,경상
2015032600100323,2015년 3월 26일 13시,목요일,대구광역시 동구 방촌동,중상사고,0,1,0,0,차대사람 - 기타,안전운전불이행,건조,맑음,기타 - 기타,이륜,남,75세,상해없음,보행자,남,73세,중상
2015032600100324,2015년 3월 26일 13시,목요일,대구광역시 수성구 황금동,경상사고,0,0,1,0,차대차 - 기타,안전운전불이행,건조,맑음,단일로 - 기타,자전거,남,59세,경상,승용,여,41세,상해없음
2015032600100325,2015년 3월 26일 13시,목요일,대구광역시 달서구 송현동,경상사고,0,0,3,0,차대차 - 기타,안전거리미확보,건조,맑음,단일로 - 기타,승용,여,41세,경상,승용,여,48세,경상
2015032600100353,2015년 3월 26일 14시,목요일,대구광역시 달서구 상인동,경상사고,0,0,1,0,차대차 - 측면직각충돌,교차로운행방법위반,건조,맑음,교차로 - 교차로안,승용,남,45세,상해없음,원동기,남,50세,경상
2015032600100354,2015년 3월 26일 14시,목요일,대구광역시 중구 동문동,경상사고,0,0,1,0,차대차 - 측면직각충돌,직진우회전진행방해,건조,맑음,교차로 - 교차로안,승용,남,37세,상해없음,승용,여,39세,경상
2015032600100355,2015년 3월 26일 14시,목요일,대구광역시 달서구 감삼동,경상사고,0,0,1,0,차대차 - 측면직각충돌,안전운전불이행,건조,맑음,단일로 - 기타,승용,여,55세,상해없음,자전거,남,29세,경상
2015032600100394,2015년 3월 26일 15시,목요일,대구광역시 달성군 현풍면,중상사고,0,1,0,0,차대차 - 추돌 - 진행중,안전운전불이행,건조,맑음,교차로 - 교차로부근,승용,여,51세,상해없음,이륜,여,54세,중상
2015032600100395,2015년 3월 26일 15시,목요일,대구광역시 남구 대명동,경상사고,0,0,2,0,차대차 - 측면직각충돌,안전거리미확보,건조,맑음,단일로 - 기타,승용,남,62세,상해없음,승용,남,49세,경상
2015032600100426,2015년 3월 26일 16시,목요일,대구광역시 서구 비산동,중상사고,0,1,0,0,차대사람 - 기타,기타,건조,맑음,기타 - 기타,승합,남,59세,상해없음,보행자,남,79세,중상
2015032600100427,2015년 3월 26일 16시,목요일,대구광역시 달서구 감삼동,중상사고,0,1,0,0,차대사람 - 기타,안전운전불이행,건조,맑음,단일로 - 기타,승용,남,73세,상해없음,보행자,여,74세,중상
2015032600100458,2015년 3월 26일 17시,목요일,대구광역시 달서구 상인동,경상사고,0,0,1,0,차대차 - 기타,안전운전불이행,건조,맑음,단일로 - 기타,화물,남,48세,상해없음,승용,남,59세,경상
2015032600100459,2015년 3월 26일 17시,목요일,대구광역시 중구 동산동,경상사고,0,0,1,0,차대사람 - 길가장자리구역통행중,안전운전불이행,건조,맑음,단일로 - 기타,승용,기타불명,기타불명,기타불명,보행자,여,31세,경상
2015032600100496,2015년 3월 26일 18시,목요일,대구광역시 달성군 화원읍,경상사고,0,0,1,0,차대사람 - 횡단중,안전운전불이행,건조,맑음,단일로 - 기타,승용,남,28세,상해없음,보행자,여,58세,경상
2015032600100497,2015년 3월 26일 18시,목요일,대구광역시 달서구 이곡동,경상사고,0,0,1,0,차대차 - 측면직각충돌,안전운전불이행,건조,맑음,교차로 - 교차로안,승용,여,54세,상해없음,이륜,남,24세,상해없음
2015032600100542,2015년 3월 26일 19시,목요일,대구광역시 수성구 신매동,중상사고,0,1,0,0,차대사람 - 보도통행중,안전운전불이행,건조,맑음,단일로 - 기타,화물,여,56세,상해없음,보행자,여,51세,중상
2015032600100543,2015년 3월 26일 19시,목요일,대구광역시 달서구 유천동,경상사고,0,0,1,0,차대차 - 측면직각충돌,중앙선침범,건조,맑음,교차로 - 교차로부근,승용,남,47세,상해없음,승용,남,43세,경상
2015032600100544,2015년 3월 26일 19시,목요일,대구광역시 달성군 가창면,사망사고,1,0,0,0,차대차 - 정면충돌,중앙선침범,건조,맑음,단일로 - 기타,승용,남,67세,상해없음,이륜,남,26세,사망
2015032600100545,2015년 3월 26일 19시,목요일,대구광역시 북구 노원동3가,경상사고,0,0,1,0,차대차 - 기타,안전운전불이행,건조,맑음,단일로 - 기타,승용,남,61세,상해없음,자전거,여,70세,경상
2015032600100546,2015년 3월 26일 19시,목요일,대구광역시 서구 비산동,경상사고,0,0,1,0,차대차 - 기타,안전거리미확보,건조,맑음,교차로 - 교차로안,승용,남,56세,상해없음,승용,남,56세,경상
2015032600100547,2015년 3월 26일 19시,목요일,대구광역시 달서구 두류동,부상신고사고,0,0,0,1,차대사람 - 기타,안전운전불이행,건조,맑음,단일로 - 기타,승용,남,48세,상해없음,보행자,남,49세,부상신고
2015032600100587,2015년 3월 26일 20시,목요일,대구광역시 서구 평리동,경상사고,0,0,1,0,차대차 - 추돌 - 주정차중,기타,건조,맑음,단일로 - 기타,승합,남,42세,상해없음,이륜,남,33세,경상
2015032600100588,2015년 3월 26일 20시,목요일,대구광역시 서구 비산동,경상사고,0,0,2,0,차대차 - 기타,안전운전불이행,건조,맑음,단일로 - 기타,자전거,남,16세,경상,승용,남,32세,상해없음
2015032600100589,2015년 3월 26일 20시,목요일,대구광역시 서구 비산동,경상사고,0,0,2,0,차대차 - 측면직각충돌,중앙선침범,건조,맑음,단일로 - 기타,승용,남,48세,상해없음,승용,남,55세,경상
2015032600100620,2015년 3월 26일 21시,목요일,대구광역시 동구 신기동,경상사고,0,0,1,0,차대사람 - 보도통행중,기타,건조,맑음,교차로 - 교차로부근,이륜,남,35세,상해없음,보행자,남,22세,경상
2015032600100676,2015년 3월 26일 23시,목요일,대구광역시 동구 신암동,경상사고,0,0,3,0,차대차 - 추돌 - 진행중,안전운전불이행,건조,맑음,단일로 - 기타,승용,남,27세,상해없음,화물,남,55세,경상
2015032600100677,2015년 3월 26일 23시,목요일,대구광역시 수성구 두산동,경상사고,0,0,1,0,차대차 - 추돌 - 진행중,교차로운행방법위반,건조,맑음,교차로 - 교차로부근,승용,여,44세,상해없음,이륜,남,17세,상해없음
2015032700100016,2015년 3월 27일 00시,금요일,대구광역시 남구 대명동,경상사고,0,0,4,0,차대차 - 측면직각충돌,교차로운행방법위반,건조,맑음,교차로 - 교차로안,승용,남,54세,경상,승용,남,67세,경상
2015032700100017,2015년 3월 27일 00시,금요일,대구광역시 달서구 상인동,경상사고,0,0,1,0,차대차 - 기타,안전운전불이행,건조,맑음,단일로 - 기타,이륜,남,19세,경상,승용,여,51세,기타불명
2015032700100028,2015년 3월 27일 01시,금요일,대구광역시 동구 미곡동,중상사고,0,1,2,0,차량단독 - 공작물충돌,안전운전불이행,건조,맑음,단일로 - 기타,승용,남,29세,경상,,,,
2015032700100029,2015년 3월 27일 01시,금요일,대구광역시 동구 신천동,중상사고,0,1,1,0,차대차 - 측면직각충돌,신호위반,건조,맑음,교차로 - 교차로안,승용,여,24세,상해없음,승용,남,57세,경상
2015032700100030,2015년 3월 27일 01시,금요일,대구광역시 중구 교동,경상사고,0,0,2,0,차대차 - 추돌 - 진행중,안전운전불이행,건조,맑음,교차로 - 교차로부근,승용,남,67세,상해없음,승용,남,43세,경상
2015032700100042,2015년 3월 27일 02시,금요일,대구광역시 동구 율하동,중상사고,0,1,5,0,차대차 - 측면직각충돌,신호위반,건조,맑음,교차로 - 교차로안,승용,남,18세,경상,승용,여,49세,중상
2015032700100044,2015년 3월 27일 03시,금요일,대구광역시 달서구 이곡동,경상사고,0,0,1,0,차대차 - 기타,안전운전불이행,건조,맑음,단일로 - 기타,승용,남,34세,상해없음,승용,남,36세,경상
2015032700100138,2015년 3월 27일 08시,금요일,대구광역시 남구 봉덕동,경상사고,0,0,1,0,차대차 - 기타,안전거리미확보,건조,맑음,단일로 - 기타,승용,남,63세,상해없음,승용,남,38세,상해없음
2015032700100139,2015년 3월 27일 08시,금요일,대구광역시 수성구 수성동4가,경상사고,0,0,3,0,차대차 - 측면직각충돌,안전거리미확보,건조,맑음,단일로 - 기타,승용,여,47세,경상,승용,남,24세,경상
2015032700100167,2015년 3월 27일 09시,금요일,대구광역시 달성군 논공읍,중상사고,0,1,1,0,차대차 - 측면직각충돌,안전운전불이행,건조,맑음,단일로 - 기타,승용,남,42세,경상,승용,여,51세,중상
2015032700100190,2015년 3월 27일 10시,금요일,대구광역시 북구 사수동,경상사고,0,0,1,0,차대차 - 추돌 - 주정차중,안전거리미확보,건조,맑음,교차로 - 교차로부근,화물,남,61세,상해없음,승용,여,51세,경상
2015032700100235,2015년 3월 27일 12시,금요일,대구광역시 남구 봉덕동,경상사고,0,0,2,0,차대차 - 측면직각충돌,교차로운행방법위반,건조,맑음,교차로 - 교차로안,승용,남,54세,경상,이륜,남,49세,경상
2015032700100236,2015년 3월 27일 12시,금요일,대구광역시 동구 신암동,중상사고,0,1,0,0,차대사람 - 기타,안전운전불이행,건조,맑음,단일로 - 기타,승용,남,73세,상해없음,보행자,남,80세,중상
2015032700100237,2015년 3월 27일 12시,금요일,대구광역시 북구 대현동,경상사고,0,0,1,0,차대차 - 측면직각충돌,교차로운행방법위반,건조,맑음,교차로 - 교차로안,승용,남,64세,상해없음,원동기,남,29세,경상
2015032700100263,2015년 3월 27일 13시,금요일,대구광역시 달서구 송현동,경상사고,0,0,2,0,차대차 - 측면직각충돌,교차로운행방법위반,건조,맑음,교차로 - 교차로부근,승용,남,22세,상해없음,화물,남,55세,경상
2015032700100264,2015년 3월 27일 13시,금요일,대구광역시 달성군 옥포면,중상사고,0,1,0,0,차대차 - 추돌 - 진행중,안전거리미확보,건조,맑음,교차로 - 교차로안,승용,남,47세,상해없음,승용,여,29세,중상
2015032700100265,2015년 3월 27일 13시,금요일,대구광역시 달서구 죽전동,경상사고,0,0,1,0,차대차 - 측면직각충돌,신호위반,건조,맑음,단일로 - 기타,자전거,남,60세,경상,승용,남,20세,상해없음
2015032700100303,2015년 3월 27일 14시,금요일,대구광역시 수성구 범물동,부상신고사고,0,0,0,1,차대차 - 측면직각충돌,안전운전불이행,건조,맑음,교차로 - 교차로부근,이륜,남,78세,부상신고,승용,여,60세,상해없음
2015032700100304,2015년 3월 27일 14시,금요일,대구광역시 서구 이현동,경상사고,0,0,1,0,차대차 - 추돌 - 진행중,안전운전불이행,건조,맑음,교차로 - 교차로부근,승용,남,37세,상해없음,화물,남,43세,경상
2015032700100305,2015년 3월 27일 14시,금요일,대구광역시 달서구 성당동,경상사고,0,0,1,0,차대차 - 기타,안전거리미확보,건조,맑음,단일로 - 기타,승용,남,53세,상해없음,승합,여,42세,경상
2015032700100375,2015년 3월 27일 16시,금요일,대구광역시 동구 신천동,중상사고,0,1,0,0,차대사람 - 기타,안전운전불이행,건조,맑음,단일로 - 기타,승용,남,27세,상해없음,보행자,남,52세,중상
2015032700100376,2015년 3월 27일 16시,금요일,대구광역시 달서구 상인동,경상사고,0,0,2,0,차대차 - 기타,중앙선침범,건조,맑음,단일로 - 기타,이륜,남,27세,상해없음,화물,남,44세,경상