사고번호,사고일시,요일,시군구,사고내용,사망자수,중상자수,경상자수,부상신고자수,사고유형,법규위반,노면상태,기상상태,도로형태,가해운전자 차종,가해운전자 성별,가해운전자 연령,가해운전자 상해정도,피해운전자 차종,피해운전자 성별,피해운전자 연령,피해운전자 상해정도
2015033000100555,2015년 3월 30일 20시,월요일,대구광역시 수성구 범어동,부상신고사고,0,0,0,1,차대차 - 측면직각충돌,신호위반,건조,맑음,단일로 - 횡단보도부근,원동기,남,49세,부상신고,승용,남,56세,상해없음
2015033000100556,2015년 3월 30일 20시,월요일,대구광역시 서구 내당동,경상사고,0,0,1,0,차대차 - 측면직각충돌,안전운전불이행,건조,맑음,교차로 - 교차로안,승용,남,55세,상해없음,원동기,남,33세,경상
2015033000100557,2015년 3월 30일 20시,월요일,대구광역시 중구 계산동2가,부상신고사고,0,0,0,1,차대차 - 측면직각충돌,중앙선침범,건조,맑음,단일로 - 횡단보도상,자전거,남,55세,부상신고,승용,여,53세,상해없음
2015033000100586,2015년 3월 30일 21시,월요일,대구광역시 수성구 상동,경상사고,0,0,3,0,차대차 - 측면직각충돌,교차로운행방법위반,건조,맑음,교차로 - 교차로안,이륜,남,44세,경상,승용,남,41세,경상
2015033000100622,2015년 3월 30일 23시,월요일,대구광역시 서구 평리동,경상사고,0,0,1,0,차대사람 - 기타,보행자보호의무위반,건조,맑음,단일로 - 횡단보도상,승용,남,43세,상해없음,보행자,남,49세,경상
2015033000100623,2015년 3월 30일 23시,월요일,대구광역시 달서구 감삼동,경상사고,0,0,1,0,차대차 - 추돌 - 진행중,안전거리미확보,건조,맑음,교차로 - 교차로부근,승용,남,47세,상해없음,승용,여,57세,경상
2015033000100624,2015년 3월 30일 23시,월요일,대구광역시 북구 구암동,경상사고,0,0,1,1,차량단독 - 공작물충돌,안전운전불이행,건조,맑음,단일로 - 기타,이륜,남,19세,부상신고,,,,
2015033100100016,2015년 3월 31일 00시,화요일,대구광역시 중구 대봉동,경상사고,0,0,2,0,차대차 - 추돌 - 진행중,안전거리미확보,건조,맑음,단일로 - 기타,승합,남,53세,상해없음,승용,남,27세,경상
2015033100100017,2015년 3월 31일 00시,화요일,대구광역시 달서구 신당동,경상사고,0,0,1,0,차대사람 - 기타,안전운전불이행,건조,맑음,단일로 - 기타,승용,남,45세,상해없음,보행자,여,18세,경상
2015033100100018,2015년 3월 31일 00시,화요일,대구광역시 달서구 성당동,경상사고,0,0,1,0,차대차 - 추돌 - 주정차중,안전운전불이행,건조,맑음,단일로 - 기타,승용,남,44세,상해없음,승용,남,42세,경상
2015033100100030,2015년 3월 31일 01시,화요일,대구광역시 수성구 범어동,중상사고,0,1,0,0,차대사람 - 기타,안전운전불이행,건조,맑음,교차로 - 교차로안,이륜,남,48세,상해없음,보행자,남,47세,중상
2015033100100031,2015년 3월 31일 01시,화요일,대구광역시 달서구 장기동,중상사고,0,2,2,0,차대차 - 측면직각충돌,교차로운행방법위반,건조,맑음,교차로 - 교차로안,승용,남,31세,경상,승용,남,37세,경상
2015033100100050,2015년 3월 31일 03시,화요일,대구광역시 수성구 범어동,중상사고,0,1,0,0,차대차 - 측면직각충돌,안전운전불이행,건조,맑음,단일로 - 기타,승용,남,23세,상해없음,승용,여,37세,중상
2015033100100064,2015년 3월 31일 05시,화요일,대구광역시 수성구 범물동,중상사고,0,1,0,0,차대차 - 측면직각충돌,안전운전불이행,건조,맑음,단일로 - 기타,승합,남,57세,상해없음,승용,남,55세,중상
2015033100100096,2015년 3월 31일 07시,화요일,대구광역시 달서구 신당동,경상사고,0,0,1,0,차대사람 - 기타,안전운전불이행,건조,맑음,단일로 - 기타,이륜,남,35세,상해없음,보행자,여,16세,경상
2015033100100126,2015년 3월 31일 08시,화요일,대구광역시 동구 율하동,경상사고,0,0,1,0,차대차 - 추돌 - 주정차중,안전거리미확보,건조,맑음,단일로 - 기타,승용,남,38세,상해없음,승용,남,40세,경상
2015033100100127,2015년 3월 31일 08시,화요일,대구광역시 북구 침산동,경상사고,0,0,1,0,차대사람 - 기타,안전운전불이행,건조,맑음,교차로 - 교차로부근,건설기계,남,59세,상해없음,보행자,여,40세,경상
2015033100100128,2015년 3월 31일 08시,화요일,대구광역시 중구 태평로2가,경상사고,0,0,1,1,차대차 - 추돌 - 진행중,안전운전불이행,건조,맑음,단일로 - 교량,승용,남,58세,기타불명,승용,남,53세,상해없음
2015033100100148,2015년 3월 31일 09시,화요일,대구광역시 수성구 만촌동,중상사고,0,1,0,0,차대차 - 정면충돌,중앙선침범,건조,맑음,단일로 - 기타,승용,남,63세,상해없음,승용,남,26세,중상
2015033100100170,2015년 3월 31일 10시,화요일,대구광역시 달성군 현풍면,경상사고,0,0,1,0,차대차 - 측면직각충돌,안전운전불이행,건조,맑음,교차로 - 교차로안,승용,남,57세,상해없음,승용,여,39세,경상
2015033100100171,2015년 3월 31일 10시,화요일,대구광역시 북구 복현동,경상사고,0,0,1,0,차대사람 - 횡단중,안전운전불이행,건조,맑음,교차로 - 교차로안,승용,남,69세,상해없음,보행자,남,68세,경상
2015033100100172,2015년 3월 31일 10시,화요일,대구광역시 달서구 용산동,경상사고,0,0,1,0,차대사람 - 보도통행중,기타,건조,맑음,단일로 - 기타,이륜,남,64세,상해없음,보행자,여,51세,경상
2015033100100193,2015년 3월 31일 11시,화요일,대구광역시 달서구 송현동,경상사고,0,0,1,0,차대차 - 기타,직진우회전진행방해,습기,비,교차로 - 교차로안,승용,여,51세,상해없음,원동기,남,42세,경상
2015033100100194,2015년 3월 31일 11시,화요일,대구광역시 달서구 진천동,경상사고,0,0,2,0,차대차 - 기타,안전거리미확보,건조,맑음,교차로 - 교차로부근,승용,여,40세,상해없음,승용,남,61세,상해없음
2015033100100195,2015년 3월 31일 11시,화요일,대구광역시 서구 내당동,중상사고,0,1,0,0,차대사람 - 길가장자리구역통행중,안전운전불이행,습기,비,단일로 - 기타,승용,남,68세,상해없음,보행자,여,65세,중상
2015033100100253,2015년 3월 31일 13시,화요일,대구광역시 동구 각산동,경상사고,0,0,1,0,차대차 - 측면직각충돌,안전운전불이행,건조,맑음,교차로 - 교차로안,승용,남,63세,기타불명,승용,남,27세,경상
2015033100100254,2015년 3월 31일 13시,화요일,대구광역시 달서구 송현동,경상사고,0,0,1,0,차대차 - 측면직각충돌,교차로운행방법위반,건조,맑음,교차로 - 교차로안,원동기,남,66세,경상,승용,남,38세,상해없음
2015033100100255,2015년 3월 31일 13시,화요일,대구광역시 달성군 현풍면,부상신고사고,0,0,0,1,차대사람 - 길가장자리구역통행중,안전운전불이행,습기,비,단일로 - 기타,이륜,기타불명,기타불명,기타불명,보행자,여,9세,부상신고
2015033100100256,2015년 3월 31일 13시,화요일,대구광역시 북구 구암동,중상사고,0,1,2,0,차대차 - 추돌 - 진행중,안전거리미확보,습기,흐림,교차로 - 교차로부근,승합,남,49세,상해없음,승용,남,37세,경상
2015033100100294,2015년 3월 31일 14시,화요일,대구광역시 동구 신암동,경상사고,0,0,1,0,차대사람 - 기타,안전운전불이행,건조,맑음,단일로 - 기타,승용,여,43세,상해없음,보행자,남,16세,경상
2015033100100295,2015년 3월 31일 14시,화요일,대구광역시 달서구 유천동,경상사고,0,0,2,0,차대차 - 기타,신호위반,건조,맑음,교차로 - 교차로안,승합,남,37세,상해없음,승용,여,43세,경상
2015033100100296,2015년 3월 31일 14시,화요일,대구광역시 달성군 옥포면,중상사고,0,1,0,1,차대차 - 측면직각충돌,안전운전불이행,건조,맑음,교차로 - 교차로부근,승용,여,42세,부상신고,승용,남,55세,상해없음
2015033100100297,2015년 3월 31일 14시,화요일,대구광역시 달서구 장동,경상사고,0,0,3,0,차대차 - 추돌 - 진행중,안전운전불이행,건조,맑음,단일로 - 기타,화물,남,27세,상해없음,화물,남,31세,상해없음
2015033100100349,2015년 3월 31일 16시,화요일,대구광역시 서구 평리동,중상사고,0,1,0,0,차대사람 - 횡단중,안전운전불이행,습기,흐림,단일로 - 횡단보도부근,승용,남,72세,상해없음,보행자,남,10세,중상
2015033100100387,2015년 3월 31일 17시,화요일,대구광역시 달성군 유가면,중상사고,0,2,0,1,차대차 - 측면직각충돌,교차로운행방법위반,습기,비,교차로 - 교차로안,승용,남,54세,부상신고,승용,남,32세,중상
2015033100100388,2015년 3월 31일 17시,화요일,대구광역시 북구 산격동,중상사고,0,1,0,0,차대사람 - 기타,기타,건조,맑음,단일로 - 기타,승합,남,56세,기타불명,보행자,여,73세,중상
2015033100100421,2015년 3월 31일 18시,화요일,대구광역시 수성구 상동,중상사고,0,1,0,0,차대사람 - 횡단중,보행자보호의무위반,습기,흐림,교차로 - 교차로부근,승용,남,41세,상해없음,보행자,남,44세,중상
2015033100100422,2015년 3월 31일 18시,화요일,대구광역시 달서구 성당동,경상사고,0,0,3,0,차대차 - 기타,안전운전불이행,습기,비,기타 - 기타,승용,남,58세,상해없음,승합,남,65세,경상
2015033100100475,2015년 3월 31일 19시,화요일,대구광역시 동구 방촌동,경상사고,0,0,1,0,차대차 - 측면직각충돌,차로위반,건조,흐림,단일로 - 기타,승용,기타불명,기타불명,기타불명,승합,남,46세,상해없음
2015033100100476,2015년 3월 31일 19시,화요일,대구광역시 달서구 상인동,중상사고,0,1,0,0,차대사람 - 기타,기타,건조,맑음,단일로 - 기타,승용,남,64세,상해없음,보행자,남,33세,중상
2015033100100477,2015년 3월 31일 19시,화요일,대구광역시 중구 동인동4가,중상사고,0,1,0,0,차대차 - 측면직각충돌,직진우회전진행방해,습기,흐림,교차로 - 교차로안,승합,남,47세,상해없음,이륜,남,23세,중상
2015033100100527,2015년 3월 31일 20시,화요일,대구광역시 수성구 범어동,경상사고,0,0,1,0,차대차 - 추돌 - 진행중,안전운전불이행,건조,맑음,단일로 - 기타,승용,여,59세,상해없음,이륜,남,16세,경상
2015033100100578,2015년 3월 31일 21시,화요일,대구광역시 동구 신암동,경상사고,0,0,1,0,차대사람 - 기타,안전운전불이행,건조,맑음,단일로 - 기타,승용,남,60세,상해없음,보행자,남,46세,경상
2015033100100579,2015년 3월 31일 21시,화요일,대구광역시 달서구 송현동,경상사고,0,0,2,0,차대사람 - 기타,안전운전불이행,건조,맑음,교차로 - 교차로부근,승용,남,44세,상해없음,보행자,여,50세,경상
2015033100100580,2015년 3월 31일 21시,화요일,대구광역시 중구 서야동,중상사고,0,1,2,0,차대차 - 추돌 - 진행중,직진우회전진행방해,건조,맑음,교차로 - 교차로안,승용,남,57세,상해없음,승용,남,49세,상해없음
2015033100100629,2015년 3월 31일 22시,화요일,대구광역시 수성구 지산동,중상사고,0,1,0,0,차대사람 - 횡단중,안전운전불이행,건조,맑음,단일로 - 횡단보도부근,승용,남,33세,상해없음,보행자,남,67세,중상
2015033100100630,2015년 3월 31일 22시,화요일,대구광역시 달서구 이곡동,경상사고,0,0,1,0,차대차 - 측면직각충돌,교차로운행방법위반,건조,맑음,교차로 - 교차로안,이륜,남,16세,상해없음,이륜,남,21세,경상
2015033100100631,2015년 3월 31일 22시,화요일,대구광역시 북구 태전동,중상사고,0,1,0,0,차대사람 - 차도통행중,안전운전불이행,습기,비,기타 - 기타,승용,여,48세,상해없음,보행자,남,47세,중상
2015033100100662,2015년 3월 31일 23시,화요일,대구광역시 남구 대명동,사망사고,1,0,0,0,차대사람 - 횡단중,안전운전불이행,건조,맑음,단일로 - 횡단보도상,승합,남,24세,상해없음,보행자,남,66세,사망
2015033100100663,2015년 3월 31일 23시,화요일,대구광역시 달서구 본리동,경상사고,0,0,1,0,차대차 - 추돌 - 주정차중,안전운전불이행,건조,맑음,단일로 - 기타,승용,남,35세,상해없음,승용,여,33세,경상
2015040100100023,2015년 4월 1일 00시,수요일,대구광역시 동구 신천동,경상사고,0,0,1,0,차대차 - 측면직각충돌,안전운전불이행,건조,맑음,단일로 - 기타,승용,남,33세,상해없음,승용,남,71세,경상
2015040100100040,2015년 4월 1일 01시,수요일,대구광역시 남구 이천동,경상사고,0,0,1,0,차대차 - 추돌 - 진행중,안전운전불이행,건조,맑음,단일로 - 기타,승용,남,41세,상해없음,승용,남,51세,경상
2015040100100041,2015년 4월 1일 01시,수요일,대구광역시 달서구 이곡동,경상사고,0,0,2,0,차대차 - 측면직각충돌,신호위반,건조,맑음,교차로 - 교차로안,승용,여,19세,상해없음,승용,남,63세,경상
2015040100100118,2015년 4월 1일 07시,수요일,대구광역시 서구 비산동,경상사고,0,0,1,0,차대차 - 측면직각충돌,안전거리미확보,건조,맑음,단일로 - 기타,승용,남,57세,상해없음,승용,남,28세,경상
2015040100100119,2015년 4월 1일 07시,수요일,대구광역시 중구 대신동,중상사고,0,1,0,0,차대차 - 기타,안전거리미확보,습기,비,단일로 - 기타,승용,남,38세,기타불명,승용,남,52세,중상
2015040100100154,2015년 4월 1일 08시,수요일,대구광역시 달서구 감삼동,중상사고,0,1,0,0,차대차 - 추돌 - 진행중,안전운전불이행,건조,맑음,단일로 - 기타,이륜,남,17세,상해없음,자전거,남,14세,중상
2015040100100181,2015년 4월 1일 09시,수요일,대구광역시 달성군 현풍면,중상사고,0,1,0,0,차대사람 - 횡단중,기타,건조,맑음,단일로 - 기타,승합,남,33세,상해없음,보행자,여,61세,중상
2015040100100268,2015년 4월 1일 12시,수요일,대구광역시 수성구 범어동,중상사고,0,1,0,0,차대차 - 측면직각충돌,신호위반,건조,맑음,단일로 - 기타,승용,여,56세,상해없음,이륜,남,34세,중상
2015040100100301,2015년 4월 1일 13시,수요일,대구광역시 동구 신천동,경상사고,0,0,1,0,차대차 - 추돌 - 주정차중,안전운전불이행,건조,맑음,교차로 - 교차로부근,승용,남,67세,상해없음,승용,남,61세,경상
2015040100100302,2015년 4월 1일 13시,수요일,대구광역시 북구 산격동,경상사고,0,0,1,0,차대차 - 측면직각충돌,신호위반,건조,흐림,교차로 - 교차로안,승용,남,49세,상해없음,승용,남,38세,경상
2015040100100303,2015년 4월 1일 13시,수요일,대구광역시 북구 산격동,중상사고,0,1,0,0,차대차 - 측면직각충돌,안전거리미확보,건조,맑음,단일로 - 횡단보도상,승용,남,78세,상해없음,원동기,남,44세,중상
2015040100100304,2015년 4월 1일 13시,수요일,대구광역시 달서구 성당동,경상사고,0,0,1,0,차대차 - 기타,교차로운행방법위반,건조,흐림,교차로 - 교차로부근,이륜,남,80세,경상,화물,남,53세,상해없음
2015040100100330,2015년 4월 1일 14시,수요일,대구광역시 수성구 신매동,중상사고,0,1,0,0,차대사람 - 기타,기타,건조,맑음,단일로 - 기타,승용,여,48세,상해없음,보행자,여,76세,중상
2015040100100331,2015년 4월 1일 14시,수요일,대구광역시 달서구 상인동,경상사고,0,0,1,0,차대차 - 기타,안전운전불이행,건조,맑음,단일로 - 기타,승용,남,68세,상해없음,이륜,남,25세,경상
2015040100100332,2015년 4월 1일 14시,수요일,대구광역시 서구 내당동,중상사고,0,1,0,0,차대사람 - 횡단중,안전운전불이행,건조,흐림,단일로 - 기타,승용,남,51세,상해없음,보행자,여,6세,중상
2015040100100374,2015년 4월 1일 15시,수요일,대구광역시 중구 태평로1가,중상사고,0,1,0,0,차량단독 - 기타,안전운전불이행,건조,맑음,단일로 - 기타,승합,남,55세,상해없음,,,,
2015040100100375,2015년 4월 1일 15시,수요일,대구광역시 달서구 상인동,중상사고,0,1,0,0,차대사람 - 횡단중,안전운전불이행,건조,맑음,교차로 - 교차로안,승용,남,43세,상해없음,보행자,남,7세,중상
2015040100100405,2015년 4월 1일 16시,수요일,대구광역시 동구 율하동,경상사고,0,0,1,0,차대차 - 추돌 - 진행중,안전거리미확보,건조,맑음,단일로 - 기타,화물,남,57세,상해없음,이륜,남,28세,경상
2015040100100406,2015년 4월 1일 16시,수요일,대구광역시 서구 이현동,경상사고,0,0,2,0,차대차 - 추돌 - 진행중,안전거리미확보,습기,흐림,단일로 - 기타,승용,남,49세,상해없음,승용,남,42세,경상
2015040100100407,2015년 4월 1일 16시,수요일,대구광역시 달서구 두류동,경상사고,0,0,1,0,차대사람 - 횡단중,안전운전불이행,건조,맑음,단일로 - 기타,화물,남,22세,상해없음,보행자,남,8세,경상
2015040100100408,2015년 4월 1일 16시,수요일,대구광역시 달서구 성당동,경상사고,0,0,1,0,차대차 - 기타,안전운전불이행,건조,맑음,교차로 - 교차로부근,승용,여,50세,상해없음,승용,여,50세,경상
2015040100100409,2015년 4월 1일 16시,수요일,대구광역시 달서구 감삼동,경상사고,0,0,1,0,차대차 - 기타,안전운전불이행,건조,맑음,단일로 - 기타,승합,남,60세,기타불명,승용,남,48세,상해없음
2015040100100471,2015년 4월 1일 18시,수요일,대구광역시 달서구 송현동,경상사고,0,0,1,0,차대사람 - 기타,안전운전불이행,건조,맑음,단일로 - 기타,승용,남,25세,상해없음,보행자,남,32세,경상
2015040100100508,2015년 4월 1일 19시,수요일,대구광역시 서구 상리동,경상사고,0,0,1,0,차대차 - 추돌 - 진행중,안전운전불이행,건조,맑음,단일로 - 기타,승용,남,42세,상해없음,승용,남,50세,경상
2015040100100540,2015년 4월 1일 20시,수요일,대구광역시 달서구 송현동,경상사고,0,0,1,0,차대사람 - 기타,안전운전불이행,건조,맑음,교차로 - 교차로부근,화물,남,43세,상해없음,보행자,여,54세,경상
2015040100100542,2015년 4월 1일 20시,수요일,대구광역시 달서구 이곡동,중상사고,0,1,0,0,차대사람 - 기타,안전운전불이행,건조,흐림,단일로 - 횡단보도부근,승용,여,47세,상해없음,보행자,여,71세,중상
2015040100100628,2015년 4월 1일 23시,수요일,대구광역시 수성구 만촌동,부상신고사고,0,0,0,1,차량단독 - 공작물충돌,안전운전불이행,건조,맑음,단일로 - 기타,자전거,남,63세,부상신고,,,,
2015040200100022,2015년 4월 2일 00시,목요일,대구광역시 북구 침산동,중상사고,0,2,3,0,차대차 - 기타,안전운전불이행,건조,맑음,교차로 - 교차로안,승용,남,59세,상해없음,승용,남,58세,중상
2015040200100049,2015년 4월 2일 02시,목요일,대구광역시 남구 봉덕동,중상사고,0,1,1,0,차량단독 - 전도전복,안전운전불이행,건조,흐림,단일로 - 기타,승용,남,32세,중상,,,,
2015040200100055,2015년 4월 2일 03시,목요일,대구광역시 서구 내당동,경상사고,0,0,3,0,차대차 - 기타,교차로운행방법위반,건조,맑음,교차로 - 교차로부근,승용,남,67세,상해없음,승용,남,52세,경상
2015040200100064,2015년 4월 2일 04시,목요일,대구광역시 동구 지저동,경상사고,0,0,3,0,차대차 - 기타,안전운전불이행,건조,맑음,교차로 - 교차로안,승용,남,51세,상해없음,원동기,남,20세,경상
2015040200100086,2015년 4월 2일 06시,목요일,대구광역시 달성군 화원읍,경상사고,0,0,1,0,차대차 - 측면직각충돌,안전거리미확보,건조,맑음,단일로 - 기타,화물,남,54세,상해없음,승용,남,33세,경상
2015040200100087,2015년 4월 2일 06시,목요일,대구광역시 북구 사수동,중상사고,0,1,1,0,차대차 - 측면직각충돌,교차로운행방법위반,건조,흐림,교차로 - 교차로안,화물,남,56세,중상,화물,남,53세,상해없음
2015040200100105,2015년 4월 2일 07시,목요일,대구광역시 달성군 옥포면,중상사고,0,1,0,0,차량단독 - 기타,안전운전불이행,건조,맑음,단일로 - 기타,화물,남,42세,상해없음,,,,
2015040200100108,2015년 4월 2일 07시,목요일,대구광역시 남구 대명동,중상사고,0,1,0,0,차대사람 - 기타,보행자보호의무위반,건조,맑음,단일로 - 기타,승용,여,53세,상해없음,보행자,여,25세,중상
2015040200100133,2015년 4월 2일 08시,목요일,대구광역시 남구 대명동,경상사고,0,0,2,0,차대사람 - 기타,보행자보호의무위반,건조,맑음,교차로 - 교차로부근,승용,남,71세,상해없음,보행자,여,14세,경상
2015040200100134,2015년 4월 2일 08시,목요일,대구광역시 북구 관음동,중상사고,0,1,0,0,차대차 - 측면직각충돌,안전운전불이행,건조,맑음,기타 - 기타,승용,여,41세,상해없음,자전거,여,45세,중상
2015040200100160,2015년 4월 2일 09시,목요일,대구광역시 달서구 신당동,경상사고,0,0,1,0,차대차 - 기타,안전거리미확보,건조,맑음,단일로 - 기타,화물,남,63세,상해없음,승용,여,53세,경상
2015040200100189,2015년 4월 2일 10시,목요일,대구광역시 수성구 노변동,경상사고,0,0,1,0,차대사람 - 차도통행중,안전운전불이행,건조,맑음,단일로 - 기타,승용,여,44세,상해없음,보행자,여,24세,경상
2015040200100190,2015년 4월 2일 10시,목요일,대구광역시 달서구 진천동,경상사고,0,0,1,0,차대차 - 기타,보행자보호의무위반,건조,맑음,교차로 - 교차로안,승용,남,68세,상해없음,자전거,남,61세,경상
2015040200100221,2015년 4월 2일 11시,목요일,대구광역시 북구 태전동,중상사고,0,1,0,0,차대차 - 기타,안전운전불이행,건조,흐림,단일로 - 기타,승용,남,58세,상해없음,이륜,남,24세,중상
2015040200100247,2015년 4월 2일 12시,목요일,대구광역시 동구 신암동,경상사고,0,0,1,1,차대차 - 측면직각충돌,안전거리미확보,건조,맑음,단일로 - 기타,승용,남,47세,부상신고,승용,남,52세,경상
2015040200100270,2015년 4월 2일 13시,목요일,대구광역시 서구 원대동3가,중상사고,0,1,0,0,차대차 - 기타,안전운전불이행,건조,맑음,교차로 - 교차로안,이륜,남,47세,상해없음,이륜,여,66세,중상
2015040200100271,2015년 4월 2일 13시,목요일,대구광역시 서구 평리동,경상사고,0,0,1,0,차대차 - 측면직각충돌,안전거리미확보,건조,맑음,단일로 - 기타,화물,남,65세,상해없음,승용,남,43세,경상
2015040200100272,2015년 4월 2일 13시,목요일,대구광역시 중구 동인동4가,중상사고,0,1,0,0,차대차 - 측면직각충돌,안전운전불이행,건조,맑음,단일로 - 기타,승용,남,52세,상해없음,이륜,남,33세,중상
2015040200100300,2015년 4월 2일 14시,목요일,대구광역시 북구 칠성동1가,경상사고,0,0,1,0,차대사람 - 기타,안전운전불이행,건조,맑음,단일로 - 기타,승용,여,68세,상해없음,보행자,여,84세,경상
2015040200100301,2015년 4월 2일 14시,목요일,대구광역시 북구 검단동,경상사고,0,0,1,0,차대차 - 기타,안전거리미확보,건조,맑음,단일로 - 기타,승용,남,21세,상해없음,승합,남,54세,상해없음
2015040200100327,2015년 4월 2일 15시,목요일,대구광역시 중구 대신동,부상신고사고,0,0,0,1,차대차 - 측면직각충돌,신호위반,건조,흐림,교차로 - 교차로안,이륜,남,27세,부상신고,승용,남,46세,상해없음
2015040200100358,2015년 4월 2일 16시,목요일,대구광역시 남구 대명동,경상사고,0,0,2,0,차대차 - 측면직각충돌,안전운전불이행,건조,맑음,단일로 - 기타,승용,남,25세,경상,승용,남,43세,상해없음
2015040200100359,2015년 4월 2일 16시,목요일,대구광역시 동구 신암동,경상사고,0,0,1,0,차대차 - 기타,교차로운행방법위반,건조,맑음,교차로 - 교차로안,승용,남,50세,상해없음,승용,남,66세,경상
2015040200100396,2015년 4월 2일 17시,목요일,대구광역시 남구 봉덕동,경상사고,0,0,1,0,차대차 - 기타,안전운전불이행,건조,맑음,교차로 - 교차로안,승용,남,20세,상해없음,승용,남,63세,경상
2015040200100397,2015년 4월 2일 17시,목요일,대구광역시 수성구 만촌동,중상사고,0,1,0,0,차대차 - 측면직각충돌,안전거리미확보,건조,맑음,단일로 - 기타,승용,남,69세,상해없음,이륜,남,41세,중상
2015040200100398,2015년 4월 2일 17시,목요일,대구광역시 북구 침산동,중상사고,0,1,0,0,차대차 - 기타,안전운전불이행,건조,맑음,단일로 - 기타,승용,남,51세,상해없음,원동기,남,36세,중상
2015040200100399,2015년 4월 2일 17시,목요일,대구광역시 서구 내당동,경상사고,0,0,2,0,차대차 - 측면직각충돌,안전운전불이행,건조,맑음,단일로 - 기타,승용,남,53세,상해없음,승용,남,23세,경상
2015040200100450,2015년 4월 2일 18시,목요일,대구광역시 수성구 매호동,부상신고사고,0,0,0,1,차대차 - 추돌 - 진행중,안전운전불이행,습기,비,단일로 - 기타,승용,여,39세,상해없음,이륜,남,61세,부상신고
2015040200100451,2015년 4월 2일 18시,목요일,대구광역시 달서구 진천동,중상사고,0,1,0,0,차대차 - 측면직각충돌,안전운전불이행,습기,비,단일로 - 기타,승용,여,48세,상해없음,이륜,남,56세,중상
2015040200100452,2015년 4월 2일 18시,목요일,대구광역시 서구 내당동,중상사고,0,1,0,0,차대차 - 측면직각충돌,안전운전불이행,건조,맑음,단일로 - 기타,화물,남,50세,상해없음,원동기,남,34세,중상
2015040200100453,2015년 4월 2일 18시,목요일,대구광역시 달서구 감삼동,경상사고,0,0,2,2,차대차 - 추돌 - 진행중,안전거리미확보,건조,맑음,단일로 - 기타,승용,여,42세,경상,승용,남,39세,상해없음
2015040200100491,2015년 4월 2일 19시,목요일,대구광역시 달서구 상인동,경상사고,0,0,1,0,차대차 - 측면직각충돌,안전거리미확보,건조,맑음,단일로 - 기타,승용,남,49세,상해없음,자전거,남,14세,경상
2015040200100492,2015년 4월 2일 19시,목요일,대구광역시 중구 인교동,부상신고사고,0,0,0,1,차대차 - 기타,안전운전불이행,건조,맑음,단일로 - 횡단보도부근,승용,기타불명,기타불명,기타불명,자전거,남,20세,부상신고
2015040200100493,2015년 4월 2일 19시,목요일,대구광역시 달서구 죽전동,중상사고,0,1,1,0,차대차 - 측면직각충돌,안전운전불이행,건조,맑음,단일로 - 기타,화물,남,26세,경상,승용,남,52세,중상
2015040200100543,2015년 4월 2일 20시,목요일,대구광역시 수성구 황금동,중상사고,0,1,0,0,차대차 - 추돌 - 진행중,안전운전불이행,건조,맑음,단일로 - 기타,승용,여,32세,상해없음,자전거,남,66세,중상
2015040200100544,2015년 4월 2일 20시,목요일,대구광역시 달서구 월성동,경상사고,0,0,1,0,차대차 - 측면직각충돌,안전운전불이행,건조,맑음,교차로 - 교차로안,화물,남,75세,상해없음,승용,여,38세,경상
2015040200100597,2015년 4월 2일 21시,목요일,대구광역시 동구 효목동,경상사고,0,0,1,0,차대사람 - 기타,안전운전불이행,건조,맑음,교차로 - 교차로안,승용,남,61세,상해없음,보행자,남,48세,경상
2015040200100598,2015년 4월 2일 21시,목요일,대구광역시 달서구 본리동,경상사고,0,0,1,0,차대차 - 기타,안전운전불이행,건조,맑음,교차로 - 교차로안,승용,여,46세,상해없음,승용,남,43세,경상
2015040200100599,2015년 4월 2일 21시,목요일,대구광역시 달서구 감삼동,중상사고,0,1,0,0,차대사람 - 기타,안전운전불이행,습기,비,단일로 - 기타,승용,여,37세,상해없음,보행자,남,15세,중상
2015040200100703,2015년 4월 2일 23시,목요일,대구광역시 수성구 신매동,경상사고,0,0,2,0,차대차 - 추돌 - 진행중,안전거리미확보,습기,비,교차로 - 교차로부근,승용,남,60세,상해없음,승용,남,22세,경상
2015040300100038,2015년 4월 3일 00시,금요일,대구광역시 수성구 사월동,중상사고,0,1,0,0,차대사람 - 횡단중,신호위반,건조,맑음,교차로 - 교차로안,승용,남,52세,상해없음,보행자,남,17세,중상
2015040300100039,2015년 4월 3일 00시,금요일,대구광역시 북구 복현동,중상사고,0,1,4,0,차대차 - 추돌 - 진행중,안전거리미확보,습기,흐림,단일로 - 기타,승용,남,66세,상해없음,승용,남,53세,경상
2015040300100063,2015년 4월 3일 01시,금요일,대구광역시 동구 신천동,경상사고,0,0,1,0,차대차 - 기타,중앙선침범,습기,비,단일로 - 기타,승용,남,56세,상해없음,이륜,남,41세,경상
2015040300100064,2015년 4월 3일 01시,금요일,대구광역시 북구 침산동,경상사고,0,0,1,0,차대차 - 측면직각충돌,신호위반,건조,흐림,단일로 - 기타,승용,남,51세,상해없음,승용,여,27세,경상
2015040300100065,2015년 4월 3일 01시,금요일,대구광역시 달서구 두류동,중상사고,0,1,0,0,차대사람 - 기타,안전운전불이행,습기,비,단일로 - 기타,승용,남,48세,상해없음,보행자,남,25세,중상
2015040300100078,2015년 4월 3일 02시,금요일,대구광역시 동구 효목동,경상사고,0,0,1,0,차대차 - 측면직각충돌,안전운전불이행,습기,비,교차로 - 교차로안,승용,남,55세,상해없음,이륜,남,19세,경상
2015040300100079,2015년 4월 3일 02시,금요일,대구광역시 수성구 두산동,경상사고,0,0,1,0,차대사람 - 길가장자리구역통행중,안전운전불이행,습기,비,단일로 - 기타,승용,기타불명,기타불명,기타불명,보행자,남,23세,경상