사고번호,사고일시,요일,시군구,사고내용,사망자수,중상자수,경상자수,부상신고자수,사고유형,법규위반,노면상태,기상상태,도로형태,가해운전자 차종,가해운전자 성별,가해운전자 연령,가해운전자 상해정도,피해운전자 차종,피해운전자 성별,피해운전자 연령,피해운전자 상해정도
2015040300100127,2015년 4월 3일 06시,금요일,대구광역시 북구 칠성동1가,중상사고,0,1,1,0,차대차 - 추돌 - 진행중,교차로운행방법위반,건조,맑음,교차로 - 교차로안,승합,남,59세,중상,화물,남,33세,경상
2015040300100190,2015년 4월 3일 08시,금요일,대구광역시 수성구 만촌동,중상사고,0,1,0,0,차대차 - 기타,교차로운행방법위반,건조,맑음,교차로 - 교차로안,승용,여,46세,상해없음,자전거,남,12세,중상
2015040300100230,2015년 4월 3일 10시,금요일,대구광역시 수성구 만촌동,부상신고사고,0,0,0,1,차대차 - 기타,안전운전불이행,건조,맑음,단일로 - 기타,승용,여,27세,부상신고,승용,여,34세,상해없음
2015040300100264,2015년 4월 3일 11시,금요일,대구광역시 북구 노원동2가,경상사고,0,0,1,0,차대사람 - 횡단중,신호위반,건조,맑음,단일로 - 횡단보도상,승용,여,53세,상해없음,보행자,여,43세,경상
2015040300100265,2015년 4월 3일 11시,금요일,대구광역시 달서구 죽전동,경상사고,0,0,1,0,차대사람 - 차도통행중,안전운전불이행,건조,맑음,단일로 - 기타,승용,남,40세,상해없음,보행자,여,43세,경상
2015040300100266,2015년 4월 3일 11시,금요일,대구광역시 북구 태전동,경상사고,0,0,1,0,차대차 - 기타,안전운전불이행,건조,맑음,단일로 - 기타,승용,남,46세,상해없음,화물,남,42세,경상
2015040300100300,2015년 4월 3일 12시,금요일,대구광역시 달서구 본동,경상사고,0,0,1,1,차대차 - 측면직각충돌,안전운전불이행,건조,맑음,교차로 - 교차로부근,승합,여,36세,상해없음,승용,남,37세,경상
2015040300100325,2015년 4월 3일 13시,금요일,대구광역시 중구 동성로2가,중상사고,0,1,0,0,차대사람 - 차도통행중,안전운전불이행,건조,맑음,교차로 - 교차로부근,승용,남,40세,상해없음,보행자,남,87세,중상
2015040300100326,2015년 4월 3일 13시,금요일,대구광역시 북구 태전동,경상사고,0,0,2,0,차대차 - 추돌 - 진행중,안전거리미확보,건조,맑음,교차로 - 교차로부근,승용,남,58세,상해없음,화물,남,39세,경상
2015040300100356,2015년 4월 3일 14시,금요일,대구광역시 달서구 이곡동,경상사고,0,0,1,0,차대차 - 측면직각충돌,안전운전불이행,건조,맑음,단일로 - 기타,이륜,남,20세,경상,승용,남,43세,상해없음
2015040300100386,2015년 4월 3일 15시,금요일,대구광역시 북구 대현동,경상사고,0,0,1,0,차대사람 - 기타,안전운전불이행,건조,맑음,단일로 - 기타,기타불명,기타불명,기타불명,기타불명,보행자,여,20세,경상
2015040300100422,2015년 4월 3일 16시,금요일,대구광역시 남구 봉덕동,경상사고,0,0,1,0,차대차 - 추돌 - 주정차중,안전운전불이행,건조,맑음,교차로 - 교차로부근,승용,여,54세,상해없음,승용,여,32세,경상
2015040300100423,2015년 4월 3일 16시,금요일,대구광역시 서구 평리동,중상사고,0,1,0,0,차대차 - 기타,안전운전불이행,건조,맑음,단일로 - 기타,화물,남,51세,상해없음,자전거,남,71세,중상
2015040300100424,2015년 4월 3일 16시,금요일,대구광역시 북구 관음동,경상사고,0,0,2,0,차대차 - 기타,안전운전불이행,건조,맑음,교차로 - 교차로안,승용,여,59세,상해없음,승용,남,54세,경상
2015040300100468,2015년 4월 3일 17시,금요일,대구광역시 동구 효목동,경상사고,0,0,1,0,차대차 - 기타,안전운전불이행,건조,맑음,단일로 - 기타,승용,여,30세,상해없음,원동기,남,49세,경상
2015040300100469,2015년 4월 3일 17시,금요일,대구광역시 달서구 송현동,경상사고,0,0,1,0,차대사람 - 기타,안전운전불이행,건조,맑음,단일로 - 기타,승용,남,71세,상해없음,보행자,남,8세,경상
2015040300100470,2015년 4월 3일 17시,금요일,대구광역시 북구 국우동,경상사고,0,0,3,0,차대차 - 측면직각충돌,안전거리미확보,건조,기타,단일로 - 횡단보도부근,승용,남,44세,경상,승용,남,19세,경상
2015040300100513,2015년 4월 3일 18시,금요일,대구광역시 동구 율하동,중상사고,0,1,1,0,차대차 - 기타,안전거리미확보,건조,맑음,단일로 - 기타,화물,남,48세,상해없음,승용,남,35세,경상
2015040300100514,2015년 4월 3일 18시,금요일,대구광역시 달성군 다사읍,경상사고,0,0,1,0,차대차 - 측면직각충돌,안전운전불이행,건조,맑음,교차로 - 교차로부근,화물,남,42세,상해없음,승용,여,43세,경상
2015040300100515,2015년 4월 3일 18시,금요일,대구광역시 달성군 화원읍,경상사고,0,0,3,0,차대차 - 추돌 - 진행중,안전운전불이행,건조,맑음,단일로 - 기타,승용,남,28세,상해없음,승용,남,27세,경상
2015040300100516,2015년 4월 3일 18시,금요일,대구광역시 북구 침산동,중상사고,0,1,0,0,차대사람 - 기타,안전운전불이행,건조,맑음,단일로 - 기타,기타불명,기타불명,기타불명,기타불명,보행자,남,15세,중상
2015040300100517,2015년 4월 3일 18시,금요일,대구광역시 중구 대봉동,경상사고,0,0,1,0,차대차 - 추돌 - 주정차중,안전운전불이행,건조,맑음,교차로 - 교차로부근,승용,남,27세,기타불명,승용,남,52세,경상
2015040300100557,2015년 4월 3일 19시,금요일,대구광역시 달서구 진천동,중상사고,0,1,0,0,차대차 - 기타,안전운전불이행,건조,맑음,단일로 - 기타,승용,남,27세,상해없음,원동기,남,17세,중상
2015040300100593,2015년 4월 3일 20시,금요일,대구광역시 남구 대명동,경상사고,0,0,6,0,차대차 - 추돌 - 주정차중,안전거리미확보,건조,맑음,단일로 - 기타,승용,남,27세,상해없음,승용,남,42세,경상
2015040300100594,2015년 4월 3일 20시,금요일,대구광역시 남구 봉덕동,경상사고,0,0,1,0,차대차 - 기타,안전운전불이행,건조,맑음,교차로 - 교차로부근,자전거,남,22세,경상,승용,남,56세,상해없음
2015040300100595,2015년 4월 3일 20시,금요일,대구광역시 달서구 이곡동,부상신고사고,0,0,0,1,차대사람 - 기타,안전운전불이행,건조,맑음,단일로 - 기타,자전거,남,27세,상해없음,보행자,여,4세,부상신고
2015040300100596,2015년 4월 3일 20시,금요일,대구광역시 북구 태전동,경상사고,0,0,1,0,차대차 - 기타,직진우회전진행방해,건조,맑음,교차로 - 교차로안,이륜,남,64세,상해없음,자전거,여,65세,경상
2015040300100631,2015년 4월 3일 21시,금요일,대구광역시 달서구 송현동,경상사고,0,0,1,0,차대사람 - 기타,기타,건조,맑음,단일로 - 기타,원동기,남,60세,상해없음,보행자,여,41세,경상
2015040300100672,2015년 4월 3일 22시,금요일,대구광역시 수성구 지산동,경상사고,0,0,1,0,차대차 - 기타,안전운전불이행,건조,맑음,교차로 - 교차로부근,자전거,남,19세,경상,승용,남,48세,상해없음
2015040300100673,2015년 4월 3일 22시,금요일,대구광역시 북구 복현동,경상사고,0,0,1,0,차대사람 - 길가장자리구역통행중,안전운전불이행,건조,맑음,교차로 - 교차로부근,승용,남,34세,상해없음,보행자,남,31세,경상
2015040300100674,2015년 4월 3일 22시,금요일,대구광역시 서구 평리동,중상사고,0,1,0,0,차대차 - 기타,안전운전불이행,건조,맑음,단일로 - 기타,승용,남,37세,상해없음,이륜,남,24세,중상
2015040300100708,2015년 4월 3일 23시,금요일,대구광역시 서구 평리동,경상사고,0,0,7,0,차대차 - 추돌 - 주정차중,안전거리미확보,건조,맑음,단일로 - 기타,승용,남,45세,경상,승용,남,26세,경상
2015040400100025,2015년 4월 4일 00시,토요일,대구광역시 수성구 두산동,중상사고,0,1,1,0,차대차 - 측면직각충돌,안전운전불이행,건조,맑음,교차로 - 교차로부근,승용,남,30세,상해없음,승용,남,59세,경상
2015040400100045,2015년 4월 4일 01시,토요일,대구광역시 수성구 두산동,경상사고,0,0,1,0,차대차 - 측면직각충돌,안전운전불이행,건조,맑음,단일로 - 기타,승용,여,33세,상해없음,승용,여,53세,경상
2015040400100065,2015년 4월 4일 02시,토요일,대구광역시 중구 계산동2가,부상신고사고,0,0,0,1,차대사람 - 횡단중,안전운전불이행,건조,맑음,단일로 - 횡단보도상,승용,기타불명,기타불명,기타불명,보행자,남,18세,부상신고
2015040400100066,2015년 4월 4일 02시,토요일,대구광역시 달서구 죽전동,중상사고,0,1,0,0,차대사람 - 차도통행중,안전운전불이행,건조,흐림,단일로 - 기타,승용,남,58세,상해없음,보행자,남,54세,중상
2015040400100087,2015년 4월 4일 03시,토요일,대구광역시 수성구 범어동,경상사고,0,0,2,0,차대차 - 추돌 - 진행중,신호위반,건조,맑음,단일로 - 기타,승용,남,48세,상해없음,이륜,남,17세,경상
2015040400100088,2015년 4월 4일 03시,토요일,대구광역시 서구 내당동,경상사고,0,0,1,0,차대차 - 측면직각충돌,신호위반,건조,맑음,교차로 - 교차로안,승용,여,52세,상해없음,승용,남,43세,경상
2015040400100098,2015년 4월 4일 04시,토요일,대구광역시 중구 동인동4가,경상사고,0,0,1,1,차대차 - 측면직각충돌,신호위반,건조,맑음,교차로 - 교차로안,승용,남,61세,부상신고,승용,남,33세,경상
2015040400100155,2015년 4월 4일 08시,토요일,대구광역시 달성군 논공읍,중상사고,0,1,2,0,차대차 - 측면직각충돌,중앙선침범,건조,맑음,교차로 - 교차로부근,승용,여,42세,경상,승용,남,29세,경상
2015040400100182,2015년 4월 4일 09시,토요일,대구광역시 중구 동인동4가,경상사고,0,0,1,0,차대차 - 측면직각충돌,안전운전불이행,건조,맑음,단일로 - 기타,승용,남,28세,상해없음,자전거,여,74세,경상
2015040400100221,2015년 4월 4일 10시,토요일,대구광역시 달서구 송현동,경상사고,0,0,1,0,차대차 - 측면직각충돌,안전운전불이행,건조,맑음,교차로 - 교차로부근,이륜,여,67세,경상,화물,남,34세,상해없음
2015040400100254,2015년 4월 4일 11시,토요일,대구광역시 중구 인교동,중상사고,0,1,0,0,차대차 - 추돌 - 진행중,안전운전불이행,건조,맑음,단일로 - 기타,승용,남,60세,상해없음,승용,여,26세,상해없음
2015040400100290,2015년 4월 4일 12시,토요일,대구광역시 수성구 수성동2가,중상사고,0,1,0,0,차대사람 - 횡단중,안전운전불이행,건조,맑음,단일로 - 기타,승용,남,29세,상해없음,보행자,여,42세,중상
2015040400100291,2015년 4월 4일 12시,토요일,대구광역시 중구 동성로2가,경상사고,0,0,1,0,차대사람 - 길가장자리구역통행중,안전운전불이행,건조,맑음,단일로 - 기타,화물,남,54세,상해없음,보행자,여,13세,경상
2015040400100321,2015년 4월 4일 13시,토요일,대구광역시 동구 신암동,경상사고,0,0,1,0,차대차 - 측면직각충돌,안전거리미확보,건조,맑음,단일로 - 기타,승용,남,27세,상해없음,승용,남,55세,경상
2015040400100358,2015년 4월 4일 14시,토요일,대구광역시 동구 신암동,경상사고,0,0,1,0,차대사람 - 보도통행중,보행자보호의무위반,건조,흐림,단일로 - 횡단보도상,화물,남,33세,상해없음,보행자,남,10세,경상
2015040400100359,2015년 4월 4일 14시,토요일,대구광역시 수성구 만촌동,중상사고,0,1,4,0,차대차 - 추돌 - 진행중,차로위반,건조,맑음,미분류 - 미분류,승용,남,53세,상해없음,화물,남,54세,중상
2015040400100360,2015년 4월 4일 14시,토요일,대구광역시 수성구 신매동,경상사고,0,0,1,0,차대사람 - 기타,안전운전불이행,건조,맑음,단일로 - 기타,승합,여,56세,상해없음,보행자,남,28세,경상
2015040400100361,2015년 4월 4일 14시,토요일,대구광역시 달서구 유천동,경상사고,0,0,2,0,차대차 - 기타,안전거리미확보,건조,맑음,단일로 - 기타,승용,여,54세,경상,승용,남,35세,경상
2015040400100362,2015년 4월 4일 14시,토요일,대구광역시 달서구 파호동,경상사고,0,0,2,0,차대차 - 추돌 - 주정차중,안전운전불이행,건조,흐림,교차로 - 교차로부근,승용,남,60세,상해없음,승용,남,54세,경상
2015040400100390,2015년 4월 4일 15시,토요일,대구광역시 동구 율하동,경상사고,0,0,2,0,차대차 - 기타,교차로운행방법위반,건조,맑음,교차로 - 교차로안,승용,여,44세,상해없음,승용,여,51세,경상
2015040400100391,2015년 4월 4일 15시,토요일,대구광역시 달서구 대천동,중상사고,0,3,0,0,차대차 - 추돌 - 주정차중,교차로운행방법위반,습기,비,교차로 - 교차로안,승용,여,33세,상해없음,승용,남,29세,중상
2015040400100429,2015년 4월 4일 16시,토요일,대구광역시 서구 내당동,경상사고,0,0,1,0,차대차 - 추돌 - 진행중,안전운전불이행,습기,비,교차로 - 교차로부근,승용,남,25세,상해없음,승용,남,56세,경상
2015040400100469,2015년 4월 4일 17시,토요일,대구광역시 수성구 노변동,경상사고,0,0,1,0,차량단독 - 기타,안전운전불이행,습기,비,단일로 - 기타,승용,여,40세,상해없음,,,,
2015040400100470,2015년 4월 4일 17시,토요일,대구광역시 서구 내당동,경상사고,0,0,1,0,차대차 - 기타,안전운전불이행,습기,비,단일로 - 기타,승용,여,51세,상해없음,이륜,남,22세,경상
2015040400100471,2015년 4월 4일 17시,토요일,대구광역시 달서구 두류동,경상사고,0,0,1,0,차대차 - 기타,안전운전불이행,습기,비,단일로 - 기타,승용,남,61세,상해없음,승용,남,58세,경상
2015040400100506,2015년 4월 4일 18시,토요일,대구광역시 서구 상리동,중상사고,0,1,0,0,차량단독 - 기타,기타,건조,맑음,단일로 - 기타,승합,남,50세,상해없음,,,,
2015040400100511,2015년 4월 4일 18시,토요일,대구광역시 달서구 상인동,경상사고,0,0,1,0,차대차 - 기타,교차로운행방법위반,습기,비,교차로 - 교차로안,승용,남,30세,상해없음,이륜,남,18세,경상
2015040400100512,2015년 4월 4일 18시,토요일,대구광역시 중구 삼덕동1가,경상사고,0,0,1,0,차대사람 - 보도통행중,안전운전불이행,습기,비,단일로 - 기타,승용,남,26세,기타불명,보행자,남,30세,경상
2015040400100513,2015년 4월 4일 18시,토요일,대구광역시 달서구 성당동,사망사고,1,0,0,0,차대사람 - 횡단중,보행자보호의무위반,습기,비,교차로 - 교차로부근,승용,여,60세,상해없음,보행자,여,58세,사망
2015040400100558,2015년 4월 4일 19시,토요일,대구광역시 동구 신암동,경상사고,0,0,1,0,차대사람 - 기타,안전운전불이행,습기,맑음,단일로 - 기타,승용,남,66세,상해없음,보행자,여,51세,경상
2015040400100559,2015년 4월 4일 19시,토요일,대구광역시 동구 율하동,경상사고,0,0,1,0,차대차 - 측면직각충돌,안전운전불이행,습기,비,교차로 - 교차로안,승용,기타불명,기타불명,기타불명,이륜,남,41세,경상
2015040400100560,2015년 4월 4일 19시,토요일,대구광역시 수성구 황금동,경상사고,0,0,1,0,차대차 - 측면직각충돌,안전거리미확보,습기,비,단일로 - 기타,승용,여,34세,상해없음,승용,남,52세,경상
2015040400100561,2015년 4월 4일 19시,토요일,대구광역시 달서구 진천동,경상사고,0,0,1,0,차대사람 - 기타,안전운전불이행,습기,비,단일로 - 기타,승용,남,62세,상해없음,보행자,남,56세,경상
2015040400100562,2015년 4월 4일 19시,토요일,대구광역시 달성군 다사읍,부상신고사고,0,0,0,1,차대차 - 측면직각충돌,안전운전불이행,습기,비,단일로 - 기타,이륜,남,17세,부상신고,화물,남,45세,상해없음
2015040400100563,2015년 4월 4일 19시,토요일,대구광역시 북구 학정동,경상사고,0,0,3,0,차대차 - 추돌 - 진행중,안전운전불이행,습기,비,단일로 - 기타,원동기,남,18세,기타불명,승용,여,34세,경상
2015040400100564,2015년 4월 4일 19시,토요일,대구광역시 북구 태전동,경상사고,0,0,1,0,차대사람 - 횡단중,보행자보호의무위반,습기,비,단일로 - 횡단보도상,승용,여,29세,상해없음,보행자,남,23세,경상
2015040400100610,2015년 4월 4일 20시,토요일,대구광역시 동구 신천동,경상사고,0,0,1,0,차대차 - 측면직각충돌,안전운전불이행,건조,맑음,기타 - 기타,승용,여,60세,상해없음,승용,여,59세,경상
2015040400100611,2015년 4월 4일 20시,토요일,대구광역시 서구 비산동,중상사고,0,1,0,0,차대차 - 측면직각충돌,교차로운행방법위반,습기,비,교차로 - 교차로안,승용,남,23세,기타불명,이륜,남,54세,중상
2015040400100612,2015년 4월 4일 20시,토요일,대구광역시 북구 읍내동,경상사고,0,0,1,0,차대차 - 측면직각충돌,불법유턴,습기,비,교차로 - 교차로안,이륜,남,19세,경상,승용,남,36세,상해없음
2015040400100658,2015년 4월 4일 21시,토요일,대구광역시 남구 대명동,중상사고,0,1,0,0,차대차 - 기타,안전운전불이행,습기,흐림,단일로 - 기타,승용,남,25세,상해없음,이륜,남,27세,중상
2015040400100659,2015년 4월 4일 21시,토요일,대구광역시 남구 대명동,경상사고,0,0,1,0,차대차 - 기타,교차로운행방법위반,습기,비,교차로 - 교차로안,승용,남,58세,상해없음,승용,여,30세,경상
2015040400100660,2015년 4월 4일 21시,토요일,대구광역시 달서구 송현동,경상사고,0,0,1,0,차대사람 - 기타,신호위반,습기,비,교차로 - 교차로안,이륜,남,52세,상해없음,보행자,남,34세,경상
2015040400100661,2015년 4월 4일 21시,토요일,대구광역시 달서구 상인동,경상사고,0,0,1,0,차대차 - 추돌 - 주정차중,안전거리미확보,건조,맑음,교차로 - 교차로부근,승용,여,36세,상해없음,승용,남,57세,경상
2015040400100662,2015년 4월 4일 21시,토요일,대구광역시 북구 산격동,중상사고,0,1,6,0,차대차 - 추돌 - 주정차중,안전운전불이행,습기,비,교차로 - 교차로부근,승용,남,26세,상해없음,이륜,남,35세,중상
2015040400100663,2015년 4월 4일 21시,토요일,대구광역시 서구 평리동,경상사고,0,0,1,0,차대차 - 측면직각충돌,안전거리미확보,건조,맑음,단일로 - 기타,화물,남,21세,상해없음,이륜,남,17세,경상
2015040400100664,2015년 4월 4일 21시,토요일,대구광역시 북구 태전동,부상신고사고,0,0,0,1,차대차 - 측면직각충돌,안전운전불이행,건조,맑음,단일로 - 기타,승용,남,53세,상해없음,원동기,남,24세,부상신고
2015040400100665,2015년 4월 4일 21시,토요일,대구광역시 북구 매천동,경상사고,0,0,3,0,차대차 - 측면직각충돌,안전거리미확보,습기,비,단일로 - 기타,승용,여,56세,경상,승용,남,54세,경상
2015040400100695,2015년 4월 4일 22시,토요일,대구광역시 남구 봉덕동,경상사고,0,0,1,0,차대차 - 추돌 - 진행중,안전거리미확보,습기,비,교차로 - 교차로부근,승용,남,40세,상해없음,승용,남,31세,경상
2015040400100696,2015년 4월 4일 22시,토요일,대구광역시 동구 봉무동,중상사고,0,1,0,0,차대사람 - 기타,안전운전불이행,습기,비,교차로 - 교차로부근,승용,여,53세,상해없음,보행자,남,55세,중상
2015040400100697,2015년 4월 4일 22시,토요일,대구광역시 달서구 상인동,경상사고,0,0,1,0,차대차 - 추돌 - 주정차중,안전운전불이행,습기,비,단일로 - 기타,승용,남,51세,상해없음,승용,남,27세,상해없음
2015040400100698,2015년 4월 4일 22시,토요일,대구광역시 달서구 본동,경상사고,0,0,1,0,차대사람 - 횡단중,보행자보호의무위반,습기,비,단일로 - 기타,이륜,남,17세,상해없음,보행자,여,68세,경상
2015040400100699,2015년 4월 4일 22시,토요일,대구광역시 달서구 월암동,경상사고,0,0,1,0,차대차 - 기타,안전운전불이행,건조,맑음,단일로 - 기타,승용,남,40세,상해없음,승용,남,29세,경상
2015040400100725,2015년 4월 4일 23시,토요일,대구광역시 남구 대명동,경상사고,0,0,1,0,차대차 - 기타,기타,습기,비,단일로 - 기타,승용,남,56세,상해없음,이륜,남,50세,경상
2015040400100726,2015년 4월 4일 23시,토요일,대구광역시 동구 효목동,경상사고,0,0,3,0,차대차 - 기타,안전운전불이행,습기,비,교차로 - 교차로부근,승용,여,50세,상해없음,이륜,남,21세,경상
2015040400100727,2015년 4월 4일 23시,토요일,대구광역시 수성구 황금동,중상사고,0,1,0,0,차대사람 - 횡단중,보행자보호의무위반,습기,비,단일로 - 기타,승용,남,60세,상해없음,보행자,여,21세,중상
2015040400100728,2015년 4월 4일 23시,토요일,대구광역시 달성군 다사읍,부상신고사고,0,0,0,1,차량단독 - 전도전복,안전운전불이행,습기,비,단일로 - 기타,승합,남,29세,부상신고,,,,
2015040400100729,2015년 4월 4일 23시,토요일,대구광역시 북구 대현동,경상사고,0,0,3,0,차대차 - 기타,안전거리미확보,습기,비,단일로 - 기타,승용,남,51세,상해없음,승용,남,61세,경상
2015040400100730,2015년 4월 4일 23시,토요일,대구광역시 북구 복현동,경상사고,0,0,2,0,차대차 - 측면직각충돌,안전거리미확보,습기,비,교차로 - 교차로안,승용,남,52세,상해없음,승용,남,60세,경상
2015040400100731,2015년 4월 4일 23시,토요일,대구광역시 서구 비산동,중상사고,0,1,0,0,차대사람 - 차도통행중,안전운전불이행,습기,비,단일로 - 기타,승용,남,56세,상해없음,보행자,남,29세,중상
2015040500100024,2015년 4월 5일 00시,일요일,대구광역시 수성구 지산동,중상사고,0,1,2,0,차대차 - 측면직각충돌,교차로운행방법위반,습기,비,단일로 - 기타,승용,남,28세,상해없음,승용,남,24세,중상
2015040500100025,2015년 4월 5일 00시,일요일,대구광역시 수성구 중동,중상사고,0,3,0,0,차대차 - 정면충돌,신호위반,습기,비,단일로 - 기타,승용,남,50세,중상,승용,남,42세,중상
2015040500100043,2015년 4월 5일 01시,일요일,대구광역시 수성구 두산동,중상사고,0,1,0,0,차대사람 - 횡단중,안전운전불이행,건조,맑음,교차로 - 교차로안,승용,남,53세,상해없음,보행자,남,55세,중상
2015040500100044,2015년 4월 5일 01시,일요일,대구광역시 중구 대신동,중상사고,0,1,2,0,차대차 - 측면직각충돌,직진우회전진행방해,습기,비,단일로 - 기타,승용,남,52세,상해없음,승용,남,30세,경상
2015040500100065,2015년 4월 5일 02시,일요일,대구광역시 남구 대명동,경상사고,0,0,1,0,차대사람 - 횡단중,안전운전불이행,습기,비,단일로 - 기타,승용,남,30세,상해없음,보행자,여,22세,경상
2015040500100066,2015년 4월 5일 02시,일요일,대구광역시 중구 교동,경상사고,0,0,2,0,차대차 - 기타,중앙선침범,습기,비,단일로 - 기타,승용,남,30세,상해없음,승용,남,42세,경상
2015040500100067,2015년 4월 5일 02시,일요일,대구광역시 달서구 용산동,중상사고,0,1,2,0,차대차 - 추돌 - 주정차중,안전운전불이행,건조,맑음,교차로 - 교차로부근,승용,남,49세,상해없음,승용,남,55세,중상
2015040500100081,2015년 4월 5일 03시,일요일,대구광역시 북구 침산동,중상사고,0,2,1,0,차대차 - 측면직각충돌,안전운전불이행,건조,맑음,단일로 - 기타,승용,여,50세,중상,승용,남,40세,중상
2015040500100094,2015년 4월 5일 04시,일요일,대구광역시 수성구 신매동,경상사고,0,0,2,0,차대차 - 추돌 - 진행중,안전운전불이행,습기,비,교차로 - 교차로부근,승용,남,25세,상해없음,승용,남,56세,경상
2015040500100095,2015년 4월 5일 04시,일요일,대구광역시 수성구 두산동,경상사고,0,0,1,0,차대사람 - 길가장자리구역통행중,안전운전불이행,습기,비,단일로 - 기타,승용,남,28세,상해없음,보행자,남,51세,경상
2015040500100096,2015년 4월 5일 04시,일요일,대구광역시 북구 복현동,경상사고,0,0,2,0,차대차 - 추돌 - 주정차중,안전운전불이행,습기,비,단일로 - 기타,승용,남,32세,경상,승용,남,48세,경상
2015040500100097,2015년 4월 5일 04시,일요일,대구광역시 서구 내당동,경상사고,0,0,1,0,차대차 - 측면직각충돌,안전거리미확보,건조,맑음,단일로 - 기타,승용,남,25세,상해없음,승용,남,59세,상해없음
2015040500100166,2015년 4월 5일 09시,일요일,대구광역시 북구 고성동1가,경상사고,0,0,1,0,차대사람 - 횡단중,보행자보호의무위반,건조,흐림,단일로 - 기타,승용,여,38세,상해없음,보행자,남,70세,경상
2015040500100214,2015년 4월 5일 12시,일요일,대구광역시 중구 삼덕동1가,중상사고,0,1,0,0,차대차 - 측면직각충돌,중앙선침범,건조,맑음,단일로 - 기타,승용,남,31세,상해없음,화물,남,41세,중상
2015040500100237,2015년 4월 5일 13시,일요일,대구광역시 달서구 상인동,부상신고사고,0,0,0,1,차대사람 - 기타,안전운전불이행,건조,맑음,단일로 - 기타,승용,여,55세,상해없음,보행자,남,42세,부상신고
2015040500100238,2015년 4월 5일 13시,일요일,대구광역시 달서구 본리동,경상사고,0,0,1,0,차대차 - 기타,안전거리미확보,건조,흐림,단일로 - 기타,승용,남,62세,상해없음,승용,여,53세,경상
2015040500100269,2015년 4월 5일 14시,일요일,대구광역시 달성군 옥포면,중상사고,0,1,0,0,차량단독 - 공작물충돌,안전운전불이행,건조,흐림,단일로 - 기타,화물,남,63세,중상,,,,
2015040500100300,2015년 4월 5일 15시,일요일,대구광역시 남구 대명동,경상사고,0,0,1,0,차대차 - 기타,안전운전불이행,건조,흐림,단일로 - 기타,승용,여,33세,상해없음,이륜,남,34세,경상
2015040500100301,2015년 4월 5일 15시,일요일,대구광역시 수성구 두산동,경상사고,0,0,1,0,차대차 - 추돌 - 진행중,안전운전불이행,건조,맑음,교차로 - 교차로부근,화물,남,56세,상해없음,승용,여,40세,경상
2015040500100302,2015년 4월 5일 15시,일요일,대구광역시 수성구 파동,경상사고,0,0,1,0,차대차 - 측면직각충돌,신호위반,건조,맑음,교차로 - 교차로안,승용,남,68세,상해없음,승용,여,47세,경상
2015040500100303,2015년 4월 5일 15시,일요일,대구광역시 달서구 월성동,경상사고,0,0,1,0,차대차 - 측면직각충돌,안전운전불이행,습기,흐림,단일로 - 기타,승용,여,37세,상해없음,이륜,남,25세,경상
2015040500100304,2015년 4월 5일 15시,일요일,대구광역시 북구 노원동3가,중상사고,0,1,0,0,차대차 - 기타,안전거리미확보,건조,맑음,단일로 - 기타,승용,여,52세,상해없음,승합,남,52세,상해없음
2015040500100333,2015년 4월 5일 16시,일요일,대구광역시 중구 동인동3가,경상사고,0,0,2,0,차대차 - 추돌 - 진행중,안전운전불이행,건조,맑음,단일로 - 기타,승용,남,46세,상해없음,승합,남,46세,경상
2015040500100392,2015년 4월 5일 18시,일요일,대구광역시 달서구 용산동,경상사고,0,0,2,0,차대차 - 추돌 - 진행중,안전거리미확보,건조,맑음,교차로 - 교차로안,승용,남,51세,상해없음,승용,남,47세,경상
2015040500100425,2015년 4월 5일 19시,일요일,대구광역시 동구 신암동,부상신고사고,0,0,0,1,차대차 - 기타,안전운전불이행,건조,맑음,교차로 - 교차로안,원동기,남,45세,부상신고,승용,남,76세,상해없음
2015040500100426,2015년 4월 5일 19시,일요일,대구광역시 북구 산격동,중상사고,0,1,0,0,차대사람 - 기타,안전운전불이행,건조,흐림,단일로 - 횡단보도부근,승용,여,31세,상해없음,보행자,남,8세,중상
2015040500100427,2015년 4월 5일 19시,일요일,대구광역시 북구 노원동3가,경상사고,0,0,1,0,차대사람 - 기타,안전운전불이행,건조,흐림,기타 - 기타,승합,여,56세,상해없음,보행자,여,27세,경상
2015040500100467,2015년 4월 5일 20시,일요일,대구광역시 달서구 상인동,경상사고,0,0,1,0,차대사람 - 횡단중,보행자보호의무위반,습기,흐림,단일로 - 횡단보도상,화물,남,52세,상해없음,보행자,여,49세,경상
2015040500100468,2015년 4월 5일 20시,일요일,대구광역시 달서구 감삼동,경상사고,0,0,1,0,차대차 - 측면직각충돌,안전운전불이행,습기,비,단일로 - 기타,승용,남,47세,상해없음,자전거,남,64세,경상
2015040500100504,2015년 4월 5일 21시,일요일,대구광역시 달서구 송현동,경상사고,0,0,5,0,차대차 - 기타,교차로운행방법위반,습기,비,교차로 - 교차로안,승용,남,51세,경상,승용,여,47세,경상
2015040500100526,2015년 4월 5일 22시,일요일,대구광역시 북구 노원동2가,경상사고,0,0,3,0,차대차 - 기타,안전운전불이행,습기,비,단일로 - 기타,승용,남,30세,상해없음,승용,남,52세,경상
2015040500100546,2015년 4월 5일 23시,일요일,대구광역시 달서구 본리동,경상사고,0,0,4,0,차대차 - 기타,안전운전불이행,습기,비,단일로 - 기타,승용,남,61세,상해없음,승용,남,33세,경상