사고번호,사고일시,요일,시군구,사고내용,사망자수,중상자수,경상자수,부상신고자수,사고유형,법규위반,노면상태,기상상태,도로형태,가해운전자 차종,가해운전자 성별,가해운전자 연령,가해운전자 상해정도,피해운전자 차종,피해운전자 성별,피해운전자 연령,피해운전자 상해정도
2015040500100547,2015년 4월 5일 23시,일요일,대구광역시 북구 서변동,경상사고,0,0,1,0,차대차 - 추돌 - 진행중,안전거리미확보,습기,비,단일로 - 기타,승용,남,33세,상해없음,승용,여,40세,경상
2015040600100012,2015년 4월 6일 00시,월요일,대구광역시 달서구 송현동,부상신고사고,0,0,0,1,차대차 - 기타,안전운전불이행,습기,비,교차로 - 교차로부근,이륜,남,19세,부상신고,승용,여,25세,상해없음
2015040600100013,2015년 4월 6일 00시,월요일,대구광역시 서구 평리동,경상사고,0,0,3,0,차대차 - 측면직각충돌,교차로운행방법위반,습기,흐림,교차로 - 교차로안,승용,남,39세,경상,승용,남,63세,경상
2015040600100051,2015년 4월 6일 04시,월요일,대구광역시 달서구 송현동,경상사고,0,0,3,0,차대차 - 측면직각충돌,중앙선침범,습기,비,단일로 - 기타,승용,남,69세,상해없음,승용,남,39세,경상
2015040600100052,2015년 4월 6일 04시,월요일,대구광역시 북구 칠성동1가,경상사고,0,0,2,0,차대차 - 측면직각충돌,직진우회전진행방해,건조,맑음,교차로 - 교차로안,승용,여,38세,상해없음,승용,남,54세,경상
2015040600100064,2015년 4월 6일 05시,월요일,대구광역시 남구 대명동,경상사고,0,0,3,0,차량단독 - 공작물충돌,안전운전불이행,습기,비,단일로 - 기타,승용,남,25세,상해없음,,,,
2015040600100096,2015년 4월 6일 07시,월요일,대구광역시 동구 입석동,경상사고,0,0,1,0,차대차 - 기타,교차로운행방법위반,건조,맑음,교차로 - 교차로안,화물,남,59세,상해없음,승용,여,29세,경상
2015040600100097,2015년 4월 6일 07시,월요일,대구광역시 북구 침산동,경상사고,0,0,3,0,차대차 - 측면직각충돌,안전운전불이행,건조,맑음,교차로 - 교차로안,승용,남,56세,상해없음,화물,남,33세,경상
2015040600100098,2015년 4월 6일 07시,월요일,대구광역시 서구 비산동,경상사고,0,0,1,0,차대차 - 측면직각충돌,교차로운행방법위반,건조,맑음,교차로 - 교차로안,승용,남,56세,상해없음,자전거,남,59세,경상
2015040600100099,2015년 4월 6일 07시,월요일,대구광역시 달서구 용산동,중상사고,0,1,0,0,차대차 - 기타,안전운전불이행,건조,맑음,기타 - 기타,승합,남,61세,상해없음,승용,남,32세,상해없음
2015040600100100,2015년 4월 6일 07시,월요일,대구광역시 북구 관음동,경상사고,0,0,2,0,차대차 - 측면직각충돌,중앙선침범,건조,맑음,교차로 - 교차로부근,화물,남,53세,경상,화물,남,33세,경상
2015040600100144,2015년 4월 6일 08시,월요일,대구광역시 동구 능성동,경상사고,0,0,1,0,차대차 - 기타,차로위반,건조,맑음,교차로 - 교차로안,승용,남,26세,상해없음,승용,남,42세,경상
2015040600100145,2015년 4월 6일 08시,월요일,대구광역시 북구 칠성동2가,중상사고,0,1,0,0,차대차 - 기타,안전운전불이행,습기,비,단일로 - 횡단보도상,자전거,남,13세,중상,승용,여,38세,상해없음
2015040600100146,2015년 4월 6일 08시,월요일,대구광역시 중구 남일동,중상사고,0,1,0,0,차대사람 - 보도통행중,보행자보호의무위반,습기,비,단일로 - 기타,승용,남,62세,상해없음,보행자,여,22세,중상
2015040600100147,2015년 4월 6일 08시,월요일,대구광역시 북구 매천동,중상사고,0,1,1,0,차대차 - 기타,안전운전불이행,습기,비,단일로 - 기타,승용,여,31세,상해없음,승용,남,75세,경상
2015040600100181,2015년 4월 6일 09시,월요일,대구광역시 달서구 송현동,중상사고,0,1,0,0,차량단독 - 기타,안전운전불이행,습기,비,단일로 - 기타,승합,남,62세,상해없음,,,,
2015040600100182,2015년 4월 6일 09시,월요일,대구광역시 달성군 다사읍,경상사고,0,0,2,0,차대차 - 추돌 - 진행중,안전운전불이행,건조,맑음,단일로 - 기타,건설기계,남,55세,상해없음,승용,여,34세,경상
2015040600100183,2015년 4월 6일 09시,월요일,대구광역시 중구 덕산동,경상사고,0,0,1,0,차대차 - 측면직각충돌,안전운전불이행,습기,비,교차로 - 교차로부근,승용,남,19세,상해없음,승용,남,37세,경상
2015040600100213,2015년 4월 6일 10시,월요일,대구광역시 남구 대명동,경상사고,0,0,1,0,차대사람 - 기타,안전운전불이행,습기,비,단일로 - 기타,승용,여,64세,상해없음,보행자,여,53세,경상
2015040600100214,2015년 4월 6일 10시,월요일,대구광역시 남구 봉덕동,중상사고,0,1,0,0,차대차 - 추돌 - 진행중,안전거리미확보,습기,비,단일로 - 기타,화물,남,46세,상해없음,승용,여,32세,상해없음
2015040600100216,2015년 4월 6일 10시,월요일,대구광역시 중구 삼덕동2가,중상사고,0,1,0,0,차대차 - 측면직각충돌,신호위반,건조,맑음,단일로 - 횡단보도상,승용,남,52세,상해없음,이륜,남,78세,중상
2015040600100248,2015년 4월 6일 11시,월요일,대구광역시 달성군 논공읍,부상신고사고,0,0,0,1,차대차 - 정면충돌,중앙선침범,습기,비,교차로 - 교차로부근,원동기,남,74세,부상신고,승용,여,60세,상해없음
2015040600100249,2015년 4월 6일 11시,월요일,대구광역시 중구 동인동1가,경상사고,0,0,1,0,차대사람 - 기타,보행자보호의무위반,건조,맑음,교차로 - 교차로안,승용,남,46세,상해없음,보행자,여,63세,경상
2015040600100275,2015년 4월 6일 12시,월요일,대구광역시 수성구 수성동1가,경상사고,0,0,1,0,차대차 - 추돌 - 진행중,안전운전불이행,습기,비,단일로 - 기타,화물,남,29세,기타불명,승용,여,67세,경상
2015040600100276,2015년 4월 6일 12시,월요일,대구광역시 북구 복현동,중상사고,0,1,0,0,차대차 - 추돌 - 주정차중,안전운전불이행,습기,비,교차로 - 교차로부근,승용,남,45세,상해없음,승용,남,40세,중상
2015040600100277,2015년 4월 6일 12시,월요일,대구광역시 북구 구암동,부상신고사고,0,0,0,1,차대차 - 측면직각충돌,신호위반,습기,비,교차로 - 교차로안,원동기,남,17세,부상신고,승용,여,38세,상해없음
2015040600100310,2015년 4월 6일 13시,월요일,대구광역시 북구 복현동,경상사고,0,0,1,0,차대차 - 기타,안전거리미확보,기타,맑음,단일로 - 기타,승용,남,60세,기타불명,승용,여,35세,경상
2015040600100346,2015년 4월 6일 14시,월요일,대구광역시 동구 신기동,중상사고,0,1,0,0,차대차 - 측면직각충돌,안전운전불이행,습기,비,단일로 - 기타,화물,남,47세,상해없음,이륜,남,40세,중상
2015040600100347,2015년 4월 6일 14시,월요일,대구광역시 수성구 황금동,중상사고,0,1,0,0,차량단독 - 공작물충돌,안전운전불이행,습기,비,단일로 - 기타,승용,남,35세,중상,,,,
2015040600100348,2015년 4월 6일 14시,월요일,대구광역시 달서구 유천동,경상사고,0,0,5,0,차대차 - 추돌 - 진행중,안전거리미확보,건조,맑음,교차로 - 교차로부근,승용,여,48세,경상,승용,여,29세,경상
2015040600100349,2015년 4월 6일 14시,월요일,대구광역시 북구 복현동,부상신고사고,0,0,0,1,차대차 - 측면직각충돌,신호위반,건조,맑음,교차로 - 교차로안,원동기,여,55세,부상신고,승용,남,63세,상해없음
2015040600100389,2015년 4월 6일 15시,월요일,대구광역시 동구 효목동,경상사고,0,0,1,0,차대차 - 기타,안전거리미확보,건조,맑음,단일로 - 교량,화물,남,66세,기타불명,승용,남,66세,경상
2015040600100464,2015년 4월 6일 17시,월요일,대구광역시 동구 신서동,경상사고,0,0,1,0,차대차 - 추돌 - 진행중,안전거리미확보,습기,비,교차로 - 교차로안,승용,남,27세,상해없음,승용,여,26세,경상
2015040600100465,2015년 4월 6일 17시,월요일,대구광역시 달서구 송현동,경상사고,0,0,1,0,차대사람 - 기타,신호위반,건조,맑음,교차로 - 교차로안,승용,남,55세,상해없음,보행자,여,66세,경상
2015040600100495,2015년 4월 6일 18시,월요일,대구광역시 수성구 중동,경상사고,0,0,1,0,차대차 - 기타,안전운전불이행,건조,맑음,단일로 - 기타,승용,여,31세,상해없음,승용,남,35세,경상
2015040600100496,2015년 4월 6일 18시,월요일,대구광역시 서구 평리동,중상사고,0,1,2,0,차대차 - 추돌 - 주정차중,안전거리미확보,건조,맑음,교차로 - 교차로부근,승용,남,58세,상해없음,승용,남,29세,중상
2015040600100497,2015년 4월 6일 18시,월요일,대구광역시 중구 남산동,경상사고,0,0,1,0,차대사람 - 횡단중,보행자보호의무위반,건조,맑음,단일로 - 기타,이륜,남,15세,상해없음,보행자,남,16세,경상
2015040600100529,2015년 4월 6일 19시,월요일,대구광역시 달서구 유천동,중상사고,0,1,0,0,차대차 - 기타,불법유턴,건조,맑음,단일로 - 기타,승용,여,28세,상해없음,승합,남,46세,상해없음
2015040600100568,2015년 4월 6일 20시,월요일,대구광역시 북구 산격동,경상사고,0,0,1,0,차대사람 - 기타,안전운전불이행,건조,맑음,단일로 - 기타,승용,남,38세,상해없음,보행자,여,72세,경상
2015040600100606,2015년 4월 6일 21시,월요일,대구광역시 동구 각산동,경상사고,0,0,1,1,차대차 - 측면직각충돌,직진우회전진행방해,건조,맑음,교차로 - 교차로안,승용,남,42세,부상신고,화물,남,58세,경상
2015040600100607,2015년 4월 6일 21시,월요일,대구광역시 수성구 황금동,중상사고,0,1,0,0,차대차 - 측면직각충돌,차로위반,건조,맑음,단일로 - 기타,승용,여,57세,상해없음,승합,남,51세,상해없음
2015040600100608,2015년 4월 6일 21시,월요일,대구광역시 달서구 상인동,중상사고,0,1,0,0,차대사람 - 횡단중,보행자보호의무위반,건조,맑음,단일로 - 횡단보도상,화물,남,49세,상해없음,보행자,여,57세,중상
2015040600100609,2015년 4월 6일 21시,월요일,대구광역시 달서구 상인동,중상사고,0,1,0,0,차대차 - 기타,안전운전불이행,습기,맑음,교차로 - 교차로안,승용,남,45세,상해없음,자전거,남,38세,중상
2015040600100610,2015년 4월 6일 21시,월요일,대구광역시 달서구 진천동,경상사고,0,0,1,0,차대차 - 추돌 - 주정차중,안전운전불이행,건조,맑음,단일로 - 기타,승용,남,35세,상해없음,승용,남,26세,경상
2015040600100611,2015년 4월 6일 21시,월요일,대구광역시 달서구 용산동,경상사고,0,0,1,0,차대차 - 기타,안전거리미확보,건조,흐림,교차로 - 교차로부근,승용,남,47세,상해없음,이륜,남,45세,경상
2015040600100656,2015년 4월 6일 23시,월요일,대구광역시 달서구 송현동,중상사고,0,1,2,0,차대차 - 측면직각충돌,신호위반,건조,맑음,교차로 - 교차로안,승합,남,65세,상해없음,승합,남,58세,상해없음
2015040600100657,2015년 4월 6일 23시,월요일,대구광역시 달성군 다사읍,중상사고,0,1,0,0,차대사람 - 횡단중,안전운전불이행,건조,맑음,단일로 - 기타,승용,남,46세,상해없음,보행자,남,23세,중상
2015040700100014,2015년 4월 7일 00시,화요일,대구광역시 수성구 수성동1가,경상사고,0,0,1,0,차대차 - 측면직각충돌,신호위반,건조,맑음,교차로 - 교차로안,승용,여,50세,상해없음,승용,남,51세,경상
2015040700100015,2015년 4월 7일 00시,화요일,대구광역시 달성군 하빈면,중상사고,0,1,2,0,차대차 - 추돌 - 진행중,안전운전불이행,건조,맑음,단일로 - 기타,승용,남,21세,상해없음,승용,남,39세,경상
2015040700100031,2015년 4월 7일 01시,화요일,대구광역시 수성구 범어동,부상신고사고,0,0,0,1,차대차 - 측면직각충돌,신호위반,건조,맑음,교차로 - 교차로부근,자전거,남,24세,부상신고,승용,남,54세,상해없음
2015040700100048,2015년 4월 7일 03시,화요일,대구광역시 달서구 용산동,경상사고,0,0,1,0,차대사람 - 길가장자리구역통행중,안전운전불이행,건조,맑음,단일로 - 기타,승용,남,26세,상해없음,보행자,남,41세,경상
2015040700100054,2015년 4월 7일 04시,화요일,대구광역시 달서구 신당동,중상사고,0,1,0,0,차대차 - 기타,안전운전불이행,건조,맑음,단일로 - 기타,이륜,남,33세,중상,화물,남,42세,기타불명
2015040700100067,2015년 4월 7일 05시,화요일,대구광역시 수성구 범어동,사망사고,1,0,0,0,차대사람 - 횡단중,안전운전불이행,건조,맑음,교차로 - 교차로안,화물,남,49세,상해없음,보행자,남,89세,사망
2015040700100068,2015년 4월 7일 05시,화요일,대구광역시 중구 삼덕동1가,중상사고,0,1,0,0,차대차 - 측면직각충돌,중앙선침범,건조,맑음,단일로 - 기타,승용,여,62세,상해없음,이륜,남,32세,중상
2015040700100097,2015년 4월 7일 07시,화요일,대구광역시 남구 이천동,중상사고,0,1,0,0,차대차 - 측면직각충돌,안전운전불이행,건조,맑음,교차로 - 교차로안,이륜,남,65세,중상,승용,남,39세,상해없음
2015040700100140,2015년 4월 7일 08시,화요일,대구광역시 남구 대명동,경상사고,0,0,1,0,차대차 - 기타,안전운전불이행,건조,맑음,단일로 - 기타,자전거,남,70세,경상,승용,여,42세,상해없음
2015040700100141,2015년 4월 7일 08시,화요일,대구광역시 남구 이천동,경상사고,0,0,1,0,차대사람 - 기타,기타,건조,맑음,단일로 - 기타,승용,남,41세,상해없음,보행자,남,8세,경상
2015040700100142,2015년 4월 7일 08시,화요일,대구광역시 북구 학정동,경상사고,0,0,2,0,차대차 - 추돌 - 주정차중,불법유턴,건조,맑음,단일로 - 기타,승합,남,40세,상해없음,승용,여,41세,경상
2015040700100177,2015년 4월 7일 09시,화요일,대구광역시 동구 신천동,중상사고,0,1,0,0,차대차 - 기타,안전거리미확보,건조,맑음,단일로 - 기타,승용,남,48세,상해없음,이륜,남,23세,중상
2015040700100178,2015년 4월 7일 09시,화요일,대구광역시 수성구 신매동,경상사고,0,0,1,0,차대차 - 측면직각충돌,안전운전불이행,건조,맑음,단일로 - 기타,승용,남,61세,기타불명,자전거,남,21세,경상
2015040700100179,2015년 4월 7일 09시,화요일,대구광역시 서구 이현동,경상사고,0,0,1,0,차대차 - 기타,차로위반,건조,맑음,단일로 - 기타,화물,남,55세,상해없음,승용,남,29세,경상
2015040700100234,2015년 4월 7일 11시,화요일,대구광역시 남구 봉덕동,경상사고,0,0,1,0,차대차 - 기타,중앙선침범,건조,맑음,교차로 - 교차로안,자전거,여,73세,경상,승합,남,42세,상해없음
2015040700100258,2015년 4월 7일 12시,화요일,대구광역시 북구 복현동,경상사고,0,0,1,0,차대차 - 기타,교차로운행방법위반,건조,맑음,교차로 - 교차로안,승용,여,38세,상해없음,승용,여,37세,경상
2015040700100259,2015년 4월 7일 12시,화요일,대구광역시 서구 평리동,중상사고,0,1,0,0,차대사람 - 기타,기타,건조,맑음,단일로 - 기타,승합,남,47세,상해없음,보행자,남,80세,중상
2015040700100287,2015년 4월 7일 13시,화요일,대구광역시 수성구 중동,중상사고,0,1,1,0,차대차 - 측면직각충돌,차로위반,건조,맑음,교차로 - 교차로부근,승용,남,24세,경상,승용,남,65세,중상
2015040700100288,2015년 4월 7일 13시,화요일,대구광역시 수성구 두산동,경상사고,0,0,3,0,차대차 - 기타,안전운전불이행,건조,맑음,단일로 - 기타,승용,남,34세,상해없음,승용,남,26세,경상
2015040700100317,2015년 4월 7일 14시,화요일,대구광역시 수성구 대흥동,경상사고,0,0,2,0,차대차 - 추돌 - 주정차중,안전운전불이행,건조,흐림,교차로 - 교차로부근,건설기계,남,53세,상해없음,승용,남,46세,경상
2015040700100346,2015년 4월 7일 15시,화요일,대구광역시 남구 대명동,중상사고,0,1,0,0,차대사람 - 기타,기타,건조,맑음,단일로 - 기타,화물,남,65세,상해없음,보행자,여,47세,중상
2015040700100347,2015년 4월 7일 15시,화요일,대구광역시 수성구 황금동,경상사고,0,0,1,0,차대사람 - 기타,기타,건조,맑음,기타 - 기타,승용,남,59세,상해없음,보행자,여,61세,경상
2015040700100377,2015년 4월 7일 16시,화요일,대구광역시 수성구 범어동,경상사고,0,0,1,0,차대사람 - 횡단중,기타,건조,맑음,단일로 - 기타,승용,여,32세,상해없음,보행자,남,9세,경상
2015040700100378,2015년 4월 7일 16시,화요일,대구광역시 북구 칠성동1가,중상사고,0,1,0,0,차대사람 - 횡단중,안전운전불이행,건조,맑음,교차로 - 교차로안,화물,남,36세,상해없음,보행자,여,54세,중상
2015040700100379,2015년 4월 7일 16시,화요일,대구광역시 북구 매천동,경상사고,0,0,1,0,차대차 - 측면직각충돌,안전거리미확보,건조,맑음,단일로 - 기타,승용,남,71세,상해없음,승용,남,50세,경상
2015040700100401,2015년 4월 7일 17시,화요일,대구광역시 달서구 송현동,경상사고,0,0,2,0,차대차 - 측면직각충돌,안전운전불이행,건조,맑음,교차로 - 교차로안,승용,남,43세,상해없음,승용,남,30세,경상
2015040700100402,2015년 4월 7일 17시,화요일,대구광역시 달서구 용산동,경상사고,0,0,1,0,차대사람 - 기타,안전운전불이행,건조,맑음,단일로 - 기타,이륜,남,49세,상해없음,보행자,여,35세,경상
2015040700100441,2015년 4월 7일 18시,화요일,대구광역시 북구 복현동,경상사고,0,0,1,0,차대차 - 추돌 - 주정차중,안전운전불이행,건조,맑음,단일로 - 기타,화물,남,56세,상해없음,승용,남,41세,경상
2015040700100442,2015년 4월 7일 18시,화요일,대구광역시 북구 동천동,경상사고,0,0,2,0,차대사람 - 횡단중,안전운전불이행,건조,맑음,단일로 - 기타,이륜,남,19세,경상,보행자,남,15세,경상
2015040700100507,2015년 4월 7일 20시,화요일,대구광역시 달서구 본동,경상사고,0,0,1,0,차대차 - 기타,안전운전불이행,건조,맑음,교차로 - 교차로부근,승용,남,30세,상해없음,승용,남,54세,경상
2015040700100562,2015년 4월 7일 22시,화요일,대구광역시 동구 용계동,경상사고,0,0,1,0,차대차 - 추돌 - 주정차중,안전운전불이행,건조,맑음,단일로 - 기타,화물,남,30세,상해없음,승용,남,22세,경상
2015040700100563,2015년 4월 7일 22시,화요일,대구광역시 동구 입석동,중상사고,0,1,0,0,차대차 - 측면직각충돌,불법유턴,건조,맑음,교차로 - 교차로부근,이륜,남,64세,중상,승합,남,58세,상해없음
2015040700100564,2015년 4월 7일 22시,화요일,대구광역시 동구 중대동,경상사고,0,0,3,0,차대차 - 측면직각충돌,신호위반,건조,맑음,교차로 - 교차로안,승용,여,52세,경상,화물,남,60세,경상
2015040700100565,2015년 4월 7일 22시,화요일,대구광역시 수성구 범어동,중상사고,0,1,0,0,차대차 - 측면직각충돌,신호위반,건조,맑음,교차로 - 교차로안,승용,남,26세,상해없음,승용,남,28세,중상
2015040700100586,2015년 4월 7일 23시,화요일,대구광역시 남구 대명동,경상사고,0,0,1,0,차대차 - 측면직각충돌,차로위반,건조,맑음,단일로 - 기타,이륜,남,37세,경상,승용,남,52세,상해없음
2015040700100587,2015년 4월 7일 23시,화요일,대구광역시 북구 노원동2가,경상사고,0,0,1,0,차대차 - 추돌 - 주정차중,안전운전불이행,습기,흐림,단일로 - 기타,승용,남,40세,상해없음,화물,남,52세,상해없음
2015040800100029,2015년 4월 8일 01시,수요일,대구광역시 달서구 두류동,중상사고,0,1,2,0,차대차 - 측면직각충돌,신호위반,건조,맑음,교차로 - 교차로안,승용,남,24세,상해없음,승용,남,49세,경상
2015040800100071,2015년 4월 8일 06시,수요일,대구광역시 북구 노원동3가,경상사고,0,0,1,1,차대차 - 기타,안전운전불이행,건조,맑음,단일로 - 기타,원동기,남,28세,부상신고,원동기,남,44세,경상
2015040800100087,2015년 4월 8일 07시,수요일,대구광역시 달성군 논공읍,경상사고,0,0,1,0,차대차 - 측면직각충돌,안전운전불이행,건조,맑음,교차로 - 교차로안,승용,여,36세,기타불명,승합,남,43세,경상
2015040800100088,2015년 4월 8일 07시,수요일,대구광역시 서구 비산동,경상사고,0,0,3,0,차대차 - 추돌 - 주정차중,안전거리미확보,건조,맑음,단일로 - 기타,화물,남,51세,상해없음,화물,남,37세,경상
2015040800100089,2015년 4월 8일 07시,수요일,대구광역시 달서구 용산동,경상사고,0,0,1,0,차대차 - 기타,안전거리미확보,건조,맑음,단일로 - 기타,승용,남,37세,상해없음,승합,남,59세,경상
2015040800100090,2015년 4월 8일 07시,수요일,대구광역시 달서구 갈산동,경상사고,0,0,1,0,차대차 - 측면직각충돌,교차로운행방법위반,건조,맑음,단일로 - 기타,승용,남,62세,상해없음,자전거,남,19세,경상
2015040800100130,2015년 4월 8일 08시,수요일,대구광역시 달서구 대천동,사망사고,1,0,0,0,차대차 - 측면직각충돌,안전운전불이행,건조,맑음,단일로 - 기타,승용,남,42세,상해없음,원동기,남,52세,사망
2015040800100131,2015년 4월 8일 08시,수요일,대구광역시 달서구 이곡동,경상사고,0,0,1,0,차대사람 - 기타,보행자보호의무위반,건조,맑음,교차로 - 교차로안,승합,남,50세,상해없음,보행자,남,35세,경상
2015040800100160,2015년 4월 8일 09시,수요일,대구광역시 달서구 용산동,중상사고,0,1,0,0,차대사람 - 기타,안전운전불이행,건조,맑음,단일로 - 기타,승용,남,43세,상해없음,보행자,남,40세,중상
2015040800100181,2015년 4월 8일 10시,수요일,대구광역시 달서구 상인동,경상사고,0,0,1,0,차대사람 - 횡단중,보행자보호의무위반,건조,맑음,교차로 - 교차로안,승용,여,32세,상해없음,보행자,남,37세,경상
2015040800100182,2015년 4월 8일 10시,수요일,대구광역시 북구 대현동,경상사고,0,0,1,0,차대사람 - 길가장자리구역통행중,안전운전불이행,건조,맑음,단일로 - 기타,승용,남,68세,상해없음,보행자,여,50세,경상
2015040800100213,2015년 4월 8일 11시,수요일,대구광역시 남구 대명동,중상사고,0,1,0,0,차대차 - 기타,안전운전불이행,건조,맑음,교차로 - 교차로부근,이륜,남,19세,중상,승용,남,64세,상해없음
2015040800100214,2015년 4월 8일 11시,수요일,대구광역시 북구 노원동3가,경상사고,0,0,1,0,차대차 - 기타,직진우회전진행방해,건조,맑음,교차로 - 교차로안,승용,남,42세,상해없음,원동기,남,43세,경상
2015040800100244,2015년 4월 8일 12시,수요일,대구광역시 달서구 대곡동,경상사고,0,0,1,0,차대사람 - 기타,안전운전불이행,건조,맑음,단일로 - 기타,승용,남,49세,상해없음,보행자,여,51세,경상
2015040800100268,2015년 4월 8일 13시,수요일,대구광역시 북구 노원동3가,경상사고,0,0,1,0,차대차 - 기타,직진우회전진행방해,건조,맑음,교차로 - 교차로안,원동기,남,47세,경상,화물,남,24세,상해없음
2015040800100307,2015년 4월 8일 14시,수요일,대구광역시 달서구 유천동,경상사고,0,0,1,0,차대차 - 기타,차로위반,건조,맑음,교차로 - 교차로부근,이륜,남,29세,경상,승용,여,47세,상해없음
2015040800100340,2015년 4월 8일 15시,수요일,대구광역시 남구 대명동,중상사고,0,1,0,6,차대차 - 추돌 - 주정차중,안전운전불이행,건조,맑음,단일로 - 기타,승합,남,54세,상해없음,승합,여,35세,부상신고
2015040800100368,2015년 4월 8일 16시,수요일,대구광역시 달서구 대곡동,경상사고,0,0,1,0,차대차 - 기타,안전운전불이행,건조,맑음,교차로 - 교차로부근,승용,남,33세,상해없음,승용,남,58세,경상
2015040800100369,2015년 4월 8일 16시,수요일,대구광역시 북구 매천동,경상사고,0,0,1,0,차대차 - 측면직각충돌,안전거리미확보,건조,맑음,단일로 - 기타,승용,남,44세,상해없음,이륜,남,16세,경상
2015040800100397,2015년 4월 8일 17시,수요일,대구광역시 남구 대명동,경상사고,0,0,1,0,차대차 - 기타,중앙선침범,건조,맑음,교차로 - 교차로안,자전거,남,78세,경상,승용,남,54세,상해없음
2015040800100398,2015년 4월 8일 17시,수요일,대구광역시 달서구 감삼동,중상사고,0,1,0,0,차대사람 - 기타,안전운전불이행,건조,맑음,기타 - 기타,승합,남,61세,상해없음,보행자,여,45세,중상
2015040800100422,2015년 4월 8일 18시,수요일,대구광역시 남구 이천동,경상사고,0,0,2,0,차대차 - 기타,안전거리미확보,건조,맑음,단일로 - 기타,승용,남,27세,상해없음,승용,남,36세,경상
2015040800100423,2015년 4월 8일 18시,수요일,대구광역시 중구 남산동,부상신고사고,0,0,0,1,차대차 - 기타,안전거리미확보,건조,맑음,단일로 - 기타,승합,남,43세,부상신고,승용,기타불명,기타불명,기타불명
2015040800100457,2015년 4월 8일 19시,수요일,대구광역시 동구 도동,중상사고,0,1,0,0,차대사람 - 기타,안전운전불이행,건조,맑음,기타 - 기타,승용,여,61세,상해없음,보행자,남,58세,중상
2015040800100458,2015년 4월 8일 19시,수요일,대구광역시 달서구 월성동,경상사고,0,0,1,0,차대차 - 기타,차로위반,건조,맑음,교차로 - 교차로부근,승용,남,26세,기타불명,이륜,남,23세,경상
2015040800100459,2015년 4월 8일 19시,수요일,대구광역시 북구 학정동,중상사고,0,1,0,0,차대차 - 정면충돌,안전운전불이행,건조,맑음,교차로 - 교차로안,승용,남,30세,상해없음,이륜,남,28세,중상
2015040800100493,2015년 4월 8일 20시,수요일,대구광역시 수성구 두산동,경상사고,0,0,2,0,차대사람 - 보도통행중,보행자보호의무위반,건조,맑음,교차로 - 교차로부근,화물,남,72세,상해없음,보행자,여,63세,경상
2015040800100534,2015년 4월 8일 21시,수요일,대구광역시 달서구 갈산동,경상사고,0,0,4,0,차대차 - 측면직각충돌,신호위반,건조,맑음,교차로 - 교차로안,승용,남,41세,경상,승용,남,46세,상해없음
2015040800100558,2015년 4월 8일 22시,수요일,대구광역시 동구 율하동,경상사고,0,0,1,0,차대사람 - 기타,안전운전불이행,건조,맑음,기타 - 기타,화물,남,29세,상해없음,보행자,여,52세,경상
2015040800100559,2015년 4월 8일 22시,수요일,대구광역시 수성구 시지동,경상사고,0,0,2,0,차대차 - 측면직각충돌,안전거리미확보,건조,맑음,단일로 - 기타,승합,남,37세,상해없음,승용,남,57세,경상
2015040800100560,2015년 4월 8일 22시,수요일,대구광역시 북구 칠성동2가,경상사고,0,0,1,0,차대차 - 측면직각충돌,안전거리미확보,건조,맑음,단일로 - 기타,승용,남,37세,상해없음,이륜,남,17세,경상
2015040800100561,2015년 4월 8일 22시,수요일,대구광역시 달서구 본리동,중상사고,0,1,0,0,차대차 - 측면직각충돌,안전거리미확보,건조,맑음,단일로 - 기타,승용,남,42세,상해없음,이륜,남,36세,중상
2015040800100598,2015년 4월 8일 23시,수요일,대구광역시 수성구 중동,경상사고,0,0,4,0,차대차 - 추돌 - 주정차중,안전운전불이행,건조,맑음,교차로 - 교차로부근,승용,남,47세,상해없음,승용,여,20세,경상
2015040800100599,2015년 4월 8일 23시,수요일,대구광역시 중구 동인동1가,경상사고,0,0,1,0,차대차 - 측면직각충돌,안전운전불이행,건조,맑음,교차로 - 교차로부근,원동기,남,25세,상해없음,승용,남,52세,경상
2015040800100600,2015년 4월 8일 23시,수요일,대구광역시 달서구 호림동,경상사고,0,0,2,0,차대차 - 측면직각충돌,신호위반,건조,맑음,교차로 - 교차로안,승용,남,33세,상해없음,승용,남,44세,경상
2015040800100601,2015년 4월 8일 23시,수요일,대구광역시 북구 서변동,경상사고,0,0,1,0,차대차 - 측면직각충돌,직진우회전진행방해,건조,맑음,교차로 - 교차로안,승용,남,35세,상해없음,원동기,남,23세,경상
2015040900100013,2015년 4월 9일 00시,목요일,대구광역시 동구 용계동,경상사고,0,0,3,0,차대차 - 기타,신호위반,건조,맑음,교차로 - 교차로안,승용,남,70세,상해없음,승용,여,35세,경상
2015040900100014,2015년 4월 9일 00시,목요일,대구광역시 달서구 두류동,경상사고,0,0,1,0,차대사람 - 차도통행중,불법유턴,건조,맑음,단일로 - 기타,승합,남,36세,상해없음,보행자,남,39세,경상
2015040900100064,2015년 4월 9일 05시,목요일,대구광역시 중구 북성로1가,사망사고,1,0,0,0,차대사람 - 횡단중,안전운전불이행,건조,맑음,교차로 - 교차로부근,승합,남,54세,상해없음,보행자,남,73세,사망
2015040900100106,2015년 4월 9일 07시,목요일,대구광역시 달서구 유천동,경상사고,0,0,1,0,차대차 - 기타,안전운전불이행,건조,맑음,단일로 - 기타,화물,남,58세,상해없음,승용,남,35세,경상
2015040900100153,2015년 4월 9일 08시,목요일,대구광역시 달서구 월성동,경상사고,0,0,1,0,차대차 - 정면충돌,안전운전불이행,건조,맑음,단일로 - 기타,화물,남,53세,상해없음,승용,남,28세,경상