사고번호,사고일시,요일,시군구,사고내용,사망자수,중상자수,경상자수,부상신고자수,사고유형,법규위반,노면상태,기상상태,도로형태,가해운전자 차종,가해운전자 성별,가해운전자 연령,가해운전자 상해정도,피해운전자 차종,피해운전자 성별,피해운전자 연령,피해운전자 상해정도
2015040900100168,2015년 4월 9일 09시,목요일,대구광역시 동구 효목동,부상신고사고,0,0,0,1,차대차 - 측면직각충돌,신호위반,건조,맑음,교차로 - 교차로안,자전거,여,56세,부상신고,승용,남,46세,상해없음
2015040900100169,2015년 4월 9일 09시,목요일,대구광역시 달서구 상인동,경상사고,0,0,1,0,차대차 - 측면직각충돌,안전운전불이행,건조,맑음,단일로 - 기타,승합,남,59세,상해없음,승용,여,39세,상해없음
2015040900100170,2015년 4월 9일 09시,목요일,대구광역시 북구 침산동,중상사고,0,1,3,0,차대차 - 측면직각충돌,신호위반,건조,맑음,교차로 - 교차로안,승용,남,60세,경상,승용,남,28세,중상
2015040900100171,2015년 4월 9일 09시,목요일,대구광역시 서구 중리동,중상사고,0,1,0,0,차대차 - 측면직각충돌,안전거리미확보,건조,맑음,단일로 - 기타,승용,남,26세,상해없음,승용,남,36세,중상
2015040900100172,2015년 4월 9일 09시,목요일,대구광역시 달서구 죽전동,경상사고,0,0,1,0,차대차 - 측면직각충돌,안전운전불이행,건조,맑음,단일로 - 기타,승용,여,41세,상해없음,승용,여,65세,경상
2015040900100196,2015년 4월 9일 10시,목요일,대구광역시 남구 봉덕동,중상사고,0,1,3,0,차대차 - 측면직각충돌,신호위반,건조,맑음,교차로 - 교차로안,원동기,남,24세,중상,승용,남,32세,경상
2015040900100256,2015년 4월 9일 12시,목요일,대구광역시 달서구 송현동,경상사고,0,0,1,0,차대차 - 측면직각충돌,신호위반,건조,맑음,교차로 - 교차로안,승용,여,70세,상해없음,이륜,남,72세,상해없음
2015040900100257,2015년 4월 9일 12시,목요일,대구광역시 달서구 본동,경상사고,0,0,2,0,차대차 - 추돌 - 주정차중,안전운전불이행,건조,맑음,단일로 - 기타,승용,남,49세,상해없음,승용,남,48세,경상
2015040900100282,2015년 4월 9일 13시,목요일,대구광역시 남구 대명동,경상사고,0,0,1,0,차대사람 - 기타,안전운전불이행,건조,맑음,단일로 - 기타,승합,남,50세,상해없음,보행자,여,55세,경상
2015040900100283,2015년 4월 9일 13시,목요일,대구광역시 남구 이천동,중상사고,0,1,0,0,차대차 - 측면직각충돌,중앙선침범,건조,맑음,단일로 - 기타,자전거,여,69세,중상,승용,여,44세,상해없음
2015040900100305,2015년 4월 9일 14시,목요일,대구광역시 동구 신천동,경상사고,0,0,1,0,차대사람 - 기타,안전운전불이행,건조,맑음,기타 - 기타,승용,여,49세,상해없음,보행자,남,62세,경상
2015040900100338,2015년 4월 9일 15시,목요일,대구광역시 중구 동인동1가,중상사고,0,1,1,0,차대차 - 추돌 - 진행중,불법유턴,건조,맑음,단일로 - 기타,승용,남,68세,상해없음,승용,여,26세,상해없음
2015040900100378,2015년 4월 9일 16시,목요일,대구광역시 달서구 송현동,경상사고,0,0,1,0,차량단독 - 기타,안전운전불이행,건조,맑음,단일로 - 기타,승용,남,60세,상해없음,,,,
2015040900100400,2015년 4월 9일 17시,목요일,대구광역시 동구 효목동,경상사고,0,0,1,0,차대사람 - 기타,안전운전불이행,건조,맑음,단일로 - 기타,승용,여,35세,상해없음,보행자,여,24세,경상
2015040900100430,2015년 4월 9일 18시,목요일,대구광역시 달서구 본동,경상사고,0,0,1,0,차대사람 - 기타,안전운전불이행,건조,맑음,단일로 - 기타,원동기,남,57세,상해없음,보행자,남,23세,경상
2015040900100431,2015년 4월 9일 18시,목요일,대구광역시 달성군 화원읍,경상사고,0,0,1,0,차대사람 - 보도통행중,안전운전불이행,건조,맑음,단일로 - 기타,자전거,남,63세,상해없음,보행자,여,59세,경상
2015040900100432,2015년 4월 9일 18시,목요일,대구광역시 달서구 죽전동,중상사고,0,1,0,0,차대차 - 측면직각충돌,신호위반,건조,맑음,단일로 - 횡단보도상,이륜,남,27세,상해없음,자전거,여,7세,중상
2015040900100433,2015년 4월 9일 18시,목요일,대구광역시 달서구 본리동,부상신고사고,0,0,0,1,차대차 - 기타,안전거리미확보,건조,맑음,단일로 - 기타,이륜,남,40세,부상신고,승용,남,35세,상해없음
2015040900100466,2015년 4월 9일 19시,목요일,대구광역시 동구 백안동,경상사고,0,0,1,0,차대차 - 기타,신호위반,건조,맑음,교차로 - 교차로안,승용,남,32세,상해없음,승용,여,51세,경상
2015040900100467,2015년 4월 9일 19시,목요일,대구광역시 수성구 노변동,경상사고,0,0,2,1,차대차 - 측면직각충돌,신호위반,건조,맑음,교차로 - 교차로안,승용,남,27세,부상신고,승용,남,46세,경상
2015040900100468,2015년 4월 9일 19시,목요일,대구광역시 달성군 논공읍,중상사고,0,2,0,0,차대사람 - 횡단중,안전운전불이행,건조,맑음,단일로 - 기타,이륜,남,20세,중상,보행자,남,42세,중상
2015040900100469,2015년 4월 9일 19시,목요일,대구광역시 북구 칠성동2가,중상사고,0,1,0,0,차대차 - 측면직각충돌,신호위반,건조,맑음,교차로 - 교차로안,원동기,남,55세,상해없음,자전거,남,19세,중상
2015040900100500,2015년 4월 9일 20시,목요일,대구광역시 수성구 수성동4가,경상사고,0,0,1,0,차대차 - 측면직각충돌,안전거리미확보,건조,맑음,단일로 - 기타,승용,여,41세,상해없음,이륜,남,49세,경상
2015040900100501,2015년 4월 9일 20시,목요일,대구광역시 달서구 진천동,경상사고,0,0,2,0,차대차 - 기타,교차로운행방법위반,건조,맑음,교차로 - 교차로안,승용,남,66세,상해없음,승용,남,50세,경상
2015040900100502,2015년 4월 9일 20시,목요일,대구광역시 달서구 월성동,경상사고,0,0,1,0,차대차 - 기타,안전운전불이행,건조,맑음,교차로 - 교차로안,승용,기타불명,기타불명,기타불명,이륜,남,18세,경상
2015040900100503,2015년 4월 9일 20시,목요일,대구광역시 서구 평리동,경상사고,0,0,1,0,차대사람 - 횡단중,안전운전불이행,건조,맑음,단일로 - 기타,원동기,남,24세,상해없음,보행자,여,36세,경상
2015040900100504,2015년 4월 9일 20시,목요일,대구광역시 중구 동인동1가,중상사고,0,1,0,0,차대차 - 추돌 - 진행중,안전운전불이행,건조,맑음,단일로 - 기타,승용,남,25세,상해없음,승용,남,29세,중상
2015040900100505,2015년 4월 9일 20시,목요일,대구광역시 달서구 용산동,중상사고,0,2,0,0,차대사람 - 기타,안전운전불이행,건조,맑음,교차로 - 교차로부근,원동기,남,18세,중상,보행자,여,18세,중상
2015040900100524,2015년 4월 9일 21시,목요일,대구광역시 남구 대명동,경상사고,0,0,2,0,차대차 - 추돌 - 주정차중,안전운전불이행,건조,맑음,교차로 - 교차로부근,승용,남,54세,상해없음,승용,남,66세,경상
2015040900100525,2015년 4월 9일 21시,목요일,대구광역시 동구 불로동,경상사고,0,0,1,0,차대차 - 기타,신호위반,건조,맑음,교차로 - 교차로안,승용,여,46세,상해없음,자전거,남,15세,경상
2015040900100526,2015년 4월 9일 21시,목요일,대구광역시 서구 내당동,중상사고,0,1,0,0,차대차 - 기타,안전운전불이행,건조,맑음,단일로 - 기타,승용,남,22세,상해없음,승용,남,57세,상해없음
2015040900100527,2015년 4월 9일 21시,목요일,대구광역시 달서구 신당동,부상신고사고,0,0,0,1,차대차 - 기타,안전운전불이행,건조,맑음,단일로 - 기타,원동기,남,30세,부상신고,승용,여,42세,상해없음
2015040900100528,2015년 4월 9일 21시,목요일,대구광역시 북구 태전동,경상사고,0,0,1,0,차대차 - 측면직각충돌,안전운전불이행,건조,맑음,교차로 - 교차로부근,승용,남,34세,상해없음,자전거,여,53세,경상
2015040900100549,2015년 4월 9일 22시,목요일,대구광역시 수성구 범어동,부상신고사고,0,0,0,1,차량단독 - 기타,안전거리미확보,건조,맑음,단일로 - 기타,승용,남,60세,상해없음,,,,
2015040900100550,2015년 4월 9일 22시,목요일,대구광역시 서구 비산동,경상사고,0,0,2,0,차대차 - 기타,안전운전불이행,건조,맑음,단일로 - 기타,화물,남,37세,상해없음,이륜,남,19세,경상
2015040900100551,2015년 4월 9일 22시,목요일,대구광역시 달서구 두류동,경상사고,0,0,1,0,차대차 - 기타,안전운전불이행,건조,맑음,단일로 - 기타,승용,여,38세,상해없음,승합,남,44세,경상
2015040900100577,2015년 4월 9일 23시,목요일,대구광역시 달서구 상인동,부상신고사고,0,0,0,1,차대사람 - 기타,안전운전불이행,건조,맑음,단일로 - 기타,승용,기타불명,기타불명,기타불명,보행자,남,19세,부상신고
2015040900100578,2015년 4월 9일 23시,목요일,대구광역시 달서구 신당동,경상사고,0,0,1,0,차대차 - 측면직각충돌,안전운전불이행,건조,맑음,단일로 - 기타,화물,남,47세,상해없음,이륜,남,27세,경상
2015041000100019,2015년 4월 10일 00시,금요일,대구광역시 중구 태평로3가,경상사고,0,0,1,1,차대차 - 추돌 - 진행중,안전운전불이행,건조,맑음,교차로 - 교차로부근,승용,남,65세,상해없음,승용,남,53세,경상
2015041000100104,2015년 4월 10일 07시,금요일,대구광역시 남구 대명동,중상사고,0,1,0,0,차대차 - 기타,안전거리미확보,건조,맑음,단일로 - 기타,승용,남,54세,상해없음,이륜,남,60세,중상
2015041000100105,2015년 4월 10일 07시,금요일,대구광역시 북구 구암동,경상사고,0,0,1,0,차대차 - 측면직각충돌,안전운전불이행,건조,맑음,단일로 - 기타,승용,남,40세,상해없음,자전거,남,15세,경상
2015041000100177,2015년 4월 10일 09시,금요일,대구광역시 동구 입석동,중상사고,0,1,0,0,차대차 - 기타,교차로운행방법위반,건조,맑음,교차로 - 교차로안,화물,남,26세,상해없음,이륜,남,58세,중상
2015041000100178,2015년 4월 10일 09시,금요일,대구광역시 수성구 황금동,경상사고,0,0,2,0,차대차 - 측면직각충돌,안전운전불이행,건조,맑음,단일로 - 기타,승용,여,31세,상해없음,승합,남,41세,상해없음
2015041000100179,2015년 4월 10일 09시,금요일,대구광역시 수성구 수성동2가,경상사고,0,0,1,0,차대차 - 측면직각충돌,안전거리미확보,건조,맑음,단일로 - 기타,이륜,남,78세,경상,승용,여,72세,상해없음
2015041000100180,2015년 4월 10일 09시,금요일,대구광역시 북구 산격동,중상사고,0,1,0,0,차대차 - 기타,안전운전불이행,건조,맑음,교차로 - 교차로안,승합,남,42세,상해없음,자전거,여,35세,중상
2015041000100198,2015년 4월 10일 10시,금요일,대구광역시 남구 이천동,경상사고,0,0,1,0,차대사람 - 횡단중,안전운전불이행,건조,맑음,단일로 - 기타,승용,여,61세,상해없음,보행자,여,76세,경상
2015041000100199,2015년 4월 10일 10시,금요일,대구광역시 달서구 갈산동,경상사고,0,0,1,0,차대차 - 기타,안전운전불이행,건조,맑음,교차로 - 교차로부근,화물,남,39세,기타불명,승용,여,44세,경상
2015041000100220,2015년 4월 10일 11시,금요일,대구광역시 달서구 상인동,중상사고,0,1,0,0,차대사람 - 횡단중,보행자보호의무위반,건조,맑음,교차로 - 교차로안,화물,남,62세,상해없음,보행자,여,74세,중상
2015041000100221,2015년 4월 10일 11시,금요일,대구광역시 달성군 현풍면,경상사고,0,0,1,0,차대차 - 측면직각충돌,중앙선침범,건조,맑음,단일로 - 기타,자전거,남,60세,경상,승용,남,55세,상해없음
2015041000100222,2015년 4월 10일 11시,금요일,대구광역시 중구 장관동,중상사고,0,1,0,0,차대차 - 측면직각충돌,안전운전불이행,건조,맑음,교차로 - 교차로부근,승용,여,49세,상해없음,자전거,남,74세,중상
2015041000100248,2015년 4월 10일 12시,금요일,대구광역시 동구 방촌동,경상사고,0,0,1,0,차대사람 - 기타,안전운전불이행,건조,맑음,단일로 - 기타,승용,여,52세,상해없음,보행자,남,39세,경상
2015041000100249,2015년 4월 10일 12시,금요일,대구광역시 동구 용계동,경상사고,0,0,1,0,차대차 - 추돌 - 진행중,중앙선침범,건조,맑음,교차로 - 교차로안,승용,여,31세,기타불명,승용,여,65세,경상
2015041000100250,2015년 4월 10일 12시,금요일,대구광역시 수성구 고모동,경상사고,0,0,1,0,차대사람 - 기타,안전운전불이행,건조,맑음,단일로 - 기타,승용,여,55세,상해없음,보행자,남,78세,경상
2015041000100251,2015년 4월 10일 12시,금요일,대구광역시 중구 태평로1가,부상신고사고,0,0,0,1,차대차 - 측면직각충돌,중앙선침범,건조,맑음,단일로 - 기타,자전거,남,75세,부상신고,승합,남,33세,상해없음
2015041000100318,2015년 4월 10일 14시,금요일,대구광역시 달서구 본리동,경상사고,0,0,1,0,차대사람 - 기타,안전운전불이행,건조,맑음,기타 - 기타,승용,여,43세,상해없음,보행자,남,33세,경상
2015041000100357,2015년 4월 10일 15시,금요일,대구광역시 수성구 만촌동,경상사고,0,0,3,0,차대차 - 기타,안전운전불이행,건조,맑음,단일로 - 기타,승용,남,72세,상해없음,승용,여,40세,경상
2015041000100399,2015년 4월 10일 16시,금요일,대구광역시 동구 신암동,경상사고,0,0,1,0,차대사람 - 횡단중,보행자보호의무위반,건조,맑음,교차로 - 교차로안,승용,여,30세,상해없음,보행자,남,8세,경상
2015041000100400,2015년 4월 10일 16시,금요일,대구광역시 수성구 범물동,경상사고,0,0,1,0,차대사람 - 횡단중,안전운전불이행,건조,맑음,단일로 - 기타,승용,여,61세,상해없음,보행자,남,7세,경상
2015041000100401,2015년 4월 10일 16시,금요일,대구광역시 동구 신암동,경상사고,0,0,2,0,차대사람 - 횡단중,안전운전불이행,건조,맑음,단일로 - 기타,승용,남,66세,상해없음,보행자,여,79세,경상
2015041000100402,2015년 4월 10일 16시,금요일,대구광역시 중구 덕산동,경상사고,0,0,2,0,차대차 - 측면직각충돌,안전거리미확보,건조,맑음,단일로 - 기타,승용,여,55세,상해없음,이륜,남,16세,경상
2015041000100403,2015년 4월 10일 16시,금요일,대구광역시 달서구 본리동,중상사고,0,1,1,0,차대차 - 기타,안전운전불이행,건조,맑음,교차로 - 교차로안,이륜,남,22세,중상,승용,여,45세,경상
2015041000100443,2015년 4월 10일 17시,금요일,대구광역시 달서구 감삼동,경상사고,0,0,1,0,차대차 - 기타,안전거리미확보,건조,맑음,교차로 - 교차로부근,승용,여,31세,상해없음,승용,남,63세,경상
2015041000100481,2015년 4월 10일 18시,금요일,대구광역시 북구 복현동,경상사고,0,0,1,0,차대차 - 기타,안전운전불이행,건조,맑음,단일로 - 기타,이륜,남,19세,경상,승용,여,48세,상해없음
2015041000100529,2015년 4월 10일 19시,금요일,대구광역시 동구 불로동,중상사고,0,1,1,0,차대차 - 정면충돌,신호위반,건조,맑음,단일로 - 기타,승용,남,35세,경상,승용,남,48세,중상
2015041000100530,2015년 4월 10일 19시,금요일,대구광역시 수성구 두산동,중상사고,0,1,0,0,차대사람 - 횡단중,안전운전불이행,건조,맑음,단일로 - 기타,화물,남,39세,상해없음,보행자,남,58세,중상
2015041000100531,2015년 4월 10일 19시,금요일,대구광역시 중구 남일동,중상사고,0,1,0,0,차대사람 - 횡단중,안전운전불이행,건조,맑음,단일로 - 기타,승합,남,35세,상해없음,보행자,여,22세,중상
2015041000100532,2015년 4월 10일 19시,금요일,대구광역시 달서구 감삼동,경상사고,0,0,2,0,차대차 - 정면충돌,중앙선침범,건조,맑음,단일로 - 기타,승용,남,53세,상해없음,승용,여,33세,경상
2015041000100533,2015년 4월 10일 19시,금요일,대구광역시 북구 동천동,중상사고,0,1,0,0,차대차 - 정면충돌,중앙선침범,건조,맑음,교차로 - 교차로부근,자전거,남,14세,중상,승용,여,46세,상해없음
2015041000100576,2015년 4월 10일 20시,금요일,대구광역시 달서구 파호동,부상신고사고,0,0,0,1,차대차 - 측면직각충돌,신호위반,건조,맑음,교차로 - 교차로안,승용,남,21세,부상신고,화물,남,27세,상해없음
2015041000100577,2015년 4월 10일 20시,금요일,대구광역시 북구 동천동,경상사고,0,0,1,0,차대차 - 측면직각충돌,안전운전불이행,건조,맑음,교차로 - 교차로부근,승용,여,23세,상해없음,자전거,남,25세,경상
2015041000100620,2015년 4월 10일 21시,금요일,대구광역시 동구 효목동,경상사고,0,0,1,0,차대차 - 추돌 - 주정차중,안전운전불이행,건조,맑음,교차로 - 교차로안,화물,남,53세,상해없음,이륜,남,50세,경상
2015041000100621,2015년 4월 10일 21시,금요일,대구광역시 서구 평리동,중상사고,0,1,0,0,차대차 - 추돌 - 주정차중,안전운전불이행,건조,맑음,단일로 - 기타,승용,여,31세,상해없음,승용,남,55세,기타불명
2015041000100622,2015년 4월 10일 21시,금요일,대구광역시 서구 내당동,경상사고,0,0,4,0,차대차 - 기타,안전운전불이행,건조,맑음,단일로 - 기타,승용,남,55세,상해없음,승용,남,61세,경상
2015041000100623,2015년 4월 10일 21시,금요일,대구광역시 달서구 성당동,경상사고,0,0,3,0,차대차 - 추돌 - 주정차중,안전운전불이행,건조,맑음,단일로 - 기타,승합,남,64세,상해없음,승용,남,38세,경상
2015041100100026,2015년 4월 11일 00시,토요일,대구광역시 수성구 대흥동,경상사고,0,0,1,0,차대차 - 측면직각충돌,안전운전불이행,건조,맑음,단일로 - 기타,승용,남,31세,상해없음,승용,남,30세,상해없음
2015041100100027,2015년 4월 11일 00시,토요일,대구광역시 달서구 본동,경상사고,0,0,1,0,차대차 - 추돌 - 주정차중,안전운전불이행,건조,맑음,교차로 - 교차로부근,승용,남,44세,상해없음,승용,남,54세,경상
2015041100100028,2015년 4월 11일 00시,토요일,대구광역시 서구 비산동,중상사고,0,2,1,0,차대차 - 추돌 - 주정차중,안전운전불이행,건조,맑음,단일로 - 기타,승합,남,42세,상해없음,승용,남,56세,중상
2015041100100064,2015년 4월 11일 02시,토요일,대구광역시 수성구 중동,경상사고,0,0,1,0,차대차 - 정면충돌,중앙선침범,건조,맑음,단일로 - 기타,승용,여,22세,상해없음,승용,남,43세,경상
2015041100100065,2015년 4월 11일 02시,토요일,대구광역시 서구 내당동,중상사고,0,1,0,0,차대사람 - 횡단중,안전운전불이행,건조,맑음,단일로 - 횡단보도상,승용,남,28세,상해없음,보행자,남,33세,중상
2015041100100078,2015년 4월 11일 03시,토요일,대구광역시 중구 삼덕동1가,경상사고,0,0,1,0,차대사람 - 길가장자리구역통행중,안전운전불이행,건조,맑음,단일로 - 기타,승용,여,24세,기타불명,보행자,남,35세,경상
2015041100100098,2015년 4월 11일 04시,토요일,대구광역시 중구 대봉동,경상사고,0,0,1,0,차대차 - 기타,안전운전불이행,건조,맑음,단일로 - 기타,승용,남,28세,기타불명,승용,남,63세,경상
2015041100100113,2015년 4월 11일 05시,토요일,대구광역시 중구 동성로2가,중상사고,0,1,1,0,차대차 - 추돌 - 주정차중,안전운전불이행,건조,맑음,교차로 - 교차로부근,승용,남,36세,상해없음,승용,남,55세,중상
2015041100100155,2015년 4월 11일 07시,토요일,대구광역시 달서구 성당동,경상사고,0,0,1,0,차대차 - 측면직각충돌,안전운전불이행,건조,맑음,교차로 - 교차로안,자전거,남,73세,경상,승용,남,51세,기타불명
2015041100100175,2015년 4월 11일 08시,토요일,대구광역시 수성구 황금동,중상사고,0,1,0,0,차대차 - 추돌 - 진행중,안전거리미확보,건조,맑음,단일로 - 기타,승용,여,54세,상해없음,승용,여,71세,중상
2015041100100176,2015년 4월 11일 08시,토요일,대구광역시 달서구 성당동,경상사고,0,0,1,0,차대사람 - 기타,안전운전불이행,건조,맑음,단일로 - 기타,화물,남,56세,상해없음,보행자,여,56세,경상
2015041100100267,2015년 4월 11일 11시,토요일,대구광역시 동구 용계동,경상사고,0,0,1,1,차대차 - 측면직각충돌,안전거리미확보,건조,맑음,교차로 - 교차로안,승용,여,70세,부상신고,승합,남,35세,경상
2015041100100268,2015년 4월 11일 11시,토요일,대구광역시 서구 비산동,중상사고,0,1,0,0,차대차 - 측면직각충돌,신호위반,건조,맑음,단일로 - 횡단보도상,이륜,남,15세,상해없음,자전거,남,13세,중상
2015041100100307,2015년 4월 11일 12시,토요일,대구광역시 달서구 진천동,경상사고,0,0,1,0,차대차 - 기타,교차로운행방법위반,건조,맑음,교차로 - 교차로안,승용,남,69세,상해없음,화물,남,49세,경상
2015041100100308,2015년 4월 11일 12시,토요일,대구광역시 북구 서변동,중상사고,0,1,1,0,차대차 - 추돌 - 주정차중,안전운전불이행,건조,맑음,단일로 - 기타,승용,여,54세,상해없음,승용,남,29세,중상
2015041100100335,2015년 4월 11일 13시,토요일,대구광역시 동구 동호동,부상신고사고,0,0,0,1,차대사람 - 기타,안전운전불이행,건조,맑음,단일로 - 기타,승합,남,58세,상해없음,보행자,남,59세,부상신고
2015041100100336,2015년 4월 11일 13시,토요일,대구광역시 수성구 범어동,경상사고,0,0,2,0,차대차 - 추돌 - 진행중,안전운전불이행,건조,맑음,교차로 - 교차로부근,원동기,남,40세,상해없음,승용,여,28세,경상
2015041100100373,2015년 4월 11일 14시,토요일,대구광역시 동구 효목동,경상사고,0,0,1,0,차대차 - 정면충돌,불법유턴,건조,맑음,교차로 - 교차로안,승용,여,61세,상해없음,이륜,남,57세,경상
2015041100100374,2015년 4월 11일 14시,토요일,대구광역시 수성구 사월동,중상사고,0,1,0,0,차대사람 - 횡단중,안전운전불이행,건조,맑음,교차로 - 교차로부근,승용,여,49세,상해없음,보행자,여,60세,중상
2015041100100375,2015년 4월 11일 14시,토요일,대구광역시 서구 내당동,경상사고,0,0,1,0,차대차 - 추돌 - 주정차중,기타,건조,맑음,단일로 - 기타,승용,남,47세,상해없음,이륜,남,52세,경상
2015041100100376,2015년 4월 11일 14시,토요일,대구광역시 중구 공평동,부상신고사고,0,0,0,1,차대사람 - 보도통행중,안전운전불이행,건조,맑음,단일로 - 기타,승용,남,25세,상해없음,보행자,남,43세,부상신고
2015041100100414,2015년 4월 11일 15시,토요일,대구광역시 남구 대명동,중상사고,0,3,0,0,차대차 - 측면직각충돌,교차로운행방법위반,건조,맑음,교차로 - 교차로안,승용,여,52세,상해없음,승용,남,58세,중상
2015041100100415,2015년 4월 11일 15시,토요일,대구광역시 중구 동인동2가,중상사고,0,1,1,0,차대차 - 기타,기타,건조,맑음,교차로 - 교차로부근,승용,남,47세,상해없음,원동기,남,47세,중상
2015041100100416,2015년 4월 11일 15시,토요일,대구광역시 달서구 두류동,경상사고,0,0,1,0,차대사람 - 기타,안전운전불이행,건조,맑음,기타 - 기타,승용,남,34세,상해없음,보행자,남,24세,경상
2015041100100456,2015년 4월 11일 16시,토요일,대구광역시 북구 조야동,경상사고,0,0,10,0,차대차 - 추돌 - 주정차중,안전거리미확보,건조,맑음,단일로 - 기타,승용,남,27세,경상,승용,남,29세,경상
2015041100100459,2015년 4월 11일 16시,토요일,대구광역시 수성구 만촌동,경상사고,0,0,1,0,차대사람 - 보도통행중,기타,건조,맑음,기타 - 기타,승용,남,48세,상해없음,보행자,남,19세,경상
2015041100100460,2015년 4월 11일 16시,토요일,대구광역시 서구 이현동,경상사고,0,0,1,0,차대차 - 측면직각충돌,안전운전불이행,건조,맑음,단일로 - 횡단보도상,이륜,여,31세,경상,화물,남,50세,상해없음
2015041100100461,2015년 4월 11일 16시,토요일,대구광역시 서구 원대동1가,경상사고,0,0,1,0,차대차 - 측면직각충돌,안전운전불이행,건조,맑음,단일로 - 기타,승용,여,40세,상해없음,승용,여,46세,경상
2015041100100502,2015년 4월 11일 17시,토요일,대구광역시 남구 대명동,경상사고,0,0,2,0,차대차 - 기타,안전운전불이행,건조,맑음,단일로 - 기타,승용,남,58세,상해없음,승용,남,31세,경상
2015041100100503,2015년 4월 11일 17시,토요일,대구광역시 수성구 두산동,중상사고,0,1,0,0,차대사람 - 길가장자리구역통행중,안전운전불이행,건조,맑음,단일로 - 기타,승용,남,31세,상해없음,보행자,여,54세,중상
2015041100100540,2015년 4월 11일 18시,토요일,대구광역시 동구 서호동,경상사고,0,0,1,0,차대차 - 기타,안전거리미확보,건조,맑음,단일로 - 기타,승합,남,60세,상해없음,승용,여,41세,경상
2015041100100541,2015년 4월 11일 18시,토요일,대구광역시 동구 신암동,경상사고,0,0,1,0,차대차 - 정면충돌,안전운전불이행,건조,맑음,단일로 - 기타,승용,남,63세,기타불명,승용,남,57세,경상
2015041100100542,2015년 4월 11일 18시,토요일,대구광역시 수성구 두산동,부상신고사고,0,0,0,1,차대차 - 측면직각충돌,안전운전불이행,건조,맑음,교차로 - 교차로부근,자전거,남,77세,부상신고,승용,남,50세,상해없음
2015041100100543,2015년 4월 11일 18시,토요일,대구광역시 달성군 화원읍,중상사고,0,1,0,0,차대사람 - 횡단중,신호위반,건조,맑음,교차로 - 교차로부근,승용,남,64세,상해없음,보행자,여,17세,중상
2015041100100544,2015년 4월 11일 18시,토요일,대구광역시 서구 내당동,중상사고,0,1,0,0,차대사람 - 기타,안전운전불이행,건조,맑음,단일로 - 횡단보도부근,승용,남,30세,상해없음,보행자,남,15세,중상
2015041100100545,2015년 4월 11일 18시,토요일,대구광역시 달서구 두류동,경상사고,0,0,2,0,차대차 - 측면직각충돌,안전운전불이행,건조,맑음,단일로 - 기타,승합,남,39세,상해없음,승용,남,40세,경상
2015041100100546,2015년 4월 11일 18시,토요일,대구광역시 북구 태전동,부상신고사고,0,0,0,1,차대차 - 측면직각충돌,안전운전불이행,건조,맑음,단일로 - 횡단보도부근,승용,남,67세,상해없음,자전거,남,10세,부상신고
2015041100100587,2015년 4월 11일 19시,토요일,대구광역시 남구 대명동,중상사고,0,1,0,0,차대사람 - 기타,안전운전불이행,건조,맑음,단일로 - 기타,승용,남,74세,기타불명,보행자,남,52세,중상
2015041100100588,2015년 4월 11일 19시,토요일,대구광역시 동구 신암동,부상신고사고,0,0,0,1,차대사람 - 횡단중,안전운전불이행,건조,맑음,교차로 - 교차로부근,승용,기타불명,기타불명,기타불명,보행자,남,45세,부상신고
2015041100100589,2015년 4월 11일 19시,토요일,대구광역시 서구 비산동,경상사고,0,0,1,0,차대사람 - 기타,기타,건조,맑음,단일로 - 기타,승용,남,56세,상해없음,보행자,여,52세,경상
2015041100100590,2015년 4월 11일 19시,토요일,대구광역시 달서구 본리동,경상사고,0,0,1,0,차대차 - 추돌 - 진행중,안전운전불이행,건조,흐림,단일로 - 기타,승용,남,57세,상해없음,승용,남,34세,경상
2015041100100619,2015년 4월 11일 20시,토요일,대구광역시 남구 대명동,경상사고,0,0,2,0,차대차 - 기타,중앙선침범,건조,맑음,단일로 - 기타,승용,남,60세,상해없음,승용,남,58세,경상
2015041100100620,2015년 4월 11일 20시,토요일,대구광역시 동구 효목동,경상사고,0,0,1,0,차대차 - 기타,안전운전불이행,건조,맑음,단일로 - 기타,승용,남,58세,상해없음,승용,여,46세,경상
2015041100100621,2015년 4월 11일 20시,토요일,대구광역시 수성구 지산동,경상사고,0,0,1,0,차대차 - 추돌 - 진행중,안전운전불이행,건조,맑음,단일로 - 기타,승용,남,58세,상해없음,승용,여,40세,경상
2015041100100656,2015년 4월 11일 21시,토요일,대구광역시 수성구 신매동,경상사고,0,0,1,0,차대차 - 측면직각충돌,안전운전불이행,건조,맑음,단일로 - 기타,승용,여,52세,상해없음,승용,여,45세,상해없음
2015041100100657,2015년 4월 11일 21시,토요일,대구광역시 달서구 상인동,경상사고,0,0,1,0,차대차 - 기타,안전운전불이행,건조,맑음,교차로 - 교차로부근,승용,남,42세,상해없음,승용,남,36세,경상
2015041100100658,2015년 4월 11일 21시,토요일,대구광역시 달서구 감삼동,중상사고,0,1,0,0,차대차 - 측면직각충돌,안전거리미확보,건조,흐림,단일로 - 기타,승용,남,56세,상해없음,이륜,남,38세,중상
2015041100100681,2015년 4월 11일 22시,토요일,대구광역시 수성구 만촌동,경상사고,0,0,3,0,차대차 - 기타,신호위반,건조,맑음,교차로 - 교차로부근,승용,남,24세,상해없음,승용,남,62세,경상
2015041100100682,2015년 4월 11일 22시,토요일,대구광역시 달서구 성당동,경상사고,0,0,1,0,차대차 - 기타,교차로운행방법위반,건조,흐림,단일로 - 기타,승용,남,27세,상해없음,자전거,남,34세,경상
2015041100100712,2015년 4월 11일 23시,토요일,대구광역시 동구 신천동,경상사고,0,0,1,0,차대차 - 측면직각충돌,안전운전불이행,건조,맑음,교차로 - 교차로부근,승용,남,47세,기타불명,이륜,남,22세,경상