사고번호,사고일시,요일,시군구,사고내용,사망자수,중상자수,경상자수,부상신고자수,사고유형,법규위반,노면상태,기상상태,도로형태,가해운전자 차종,가해운전자 성별,가해운전자 연령,가해운전자 상해정도,피해운전자 차종,피해운전자 성별,피해운전자 연령,피해운전자 상해정도
2015041200100021,2015년 4월 12일 00시,일요일,대구광역시 중구 삼덕동1가,경상사고,0,0,1,0,차대사람 - 길가장자리구역통행중,안전운전불이행,건조,맑음,단일로 - 기타,승용,남,51세,기타불명,보행자,여,43세,경상
2015041200100036,2015년 4월 12일 01시,일요일,대구광역시 달서구 죽전동,경상사고,0,0,4,0,차대차 - 측면직각충돌,신호위반,건조,맑음,교차로 - 교차로안,승용,여,53세,상해없음,승용,남,19세,경상
2015041200100066,2015년 4월 12일 03시,일요일,대구광역시 북구 복현동,경상사고,0,0,1,0,차대차 - 추돌 - 주정차중,안전운전불이행,건조,맑음,단일로 - 기타,승용,남,46세,상해없음,승용,남,67세,경상
2015041200100086,2015년 4월 12일 05시,일요일,대구광역시 북구 침산동,경상사고,0,0,1,0,차대차 - 추돌 - 주정차중,안전운전불이행,건조,맑음,단일로 - 기타,승용,남,71세,상해없음,승용,남,54세,경상
2015041200100087,2015년 4월 12일 05시,일요일,대구광역시 북구 매천동,경상사고,0,0,2,0,차량단독 - 공작물충돌,안전운전불이행,건조,맑음,기타 - 기타,승용,남,50세,경상,,,,
2015041200100096,2015년 4월 12일 06시,일요일,대구광역시 달서구 송현동,중상사고,0,1,4,0,차대차 - 추돌 - 주정차중,과속,건조,맑음,단일로 - 기타,승용,남,25세,상해없음,승합,남,49세,상해없음
2015041200100124,2015년 4월 12일 08시,일요일,대구광역시 달성군 다사읍,경상사고,0,0,1,0,차대사람 - 보도통행중,안전운전불이행,건조,맑음,교차로 - 교차로안,승용,남,44세,상해없음,보행자,여,51세,경상
2015041200100125,2015년 4월 12일 08시,일요일,대구광역시 북구 산격동,경상사고,0,0,1,0,차대차 - 추돌 - 진행중,안전거리미확보,건조,맑음,단일로 - 기타,자전거,남,76세,상해없음,자전거,남,26세,경상
2015041200100139,2015년 4월 12일 09시,일요일,대구광역시 달서구 월성동,중상사고,0,1,0,0,차대차 - 기타,교차로운행방법위반,건조,맑음,교차로 - 교차로안,승용,남,32세,상해없음,이륜,남,62세,중상
2015041200100156,2015년 4월 12일 10시,일요일,대구광역시 서구 중리동,경상사고,0,0,1,0,차대차 - 기타,안전운전불이행,건조,맑음,단일로 - 기타,승용,남,48세,상해없음,승용,남,60세,경상
2015041200100157,2015년 4월 12일 10시,일요일,대구광역시 중구 대신동,중상사고,0,1,0,0,차대사람 - 횡단중,안전운전불이행,건조,맑음,교차로 - 교차로부근,승용,여,48세,상해없음,보행자,여,81세,중상
2015041200100158,2015년 4월 12일 10시,일요일,대구광역시 달서구 호림동,경상사고,0,0,2,0,차대차 - 측면직각충돌,안전운전불이행,건조,맑음,단일로 - 기타,승용,여,58세,상해없음,승용,남,22세,경상
2015041200100208,2015년 4월 12일 12시,일요일,대구광역시 달성군 다사읍,중상사고,0,1,0,0,차대차 - 정면충돌,중앙선침범,건조,맑음,단일로 - 기타,기타불명,기타불명,기타불명,기타불명,자전거,남,21세,중상
2015041200100242,2015년 4월 12일 13시,일요일,대구광역시 수성구 파동,중상사고,0,1,1,0,차대차 - 측면직각충돌,안전운전불이행,건조,맑음,단일로 - 터널,화물,남,60세,상해없음,승용,남,56세,경상
2015041200100283,2015년 4월 12일 14시,일요일,대구광역시 달서구 상인동,경상사고,0,0,1,0,차대사람 - 기타,안전운전불이행,건조,맑음,단일로 - 기타,승용,남,52세,상해없음,보행자,남,67세,경상
2015041200100284,2015년 4월 12일 14시,일요일,대구광역시 달성군 다사읍,부상신고사고,0,0,0,1,차대사람 - 횡단중,안전운전불이행,건조,맑음,단일로 - 기타,자전거,남,45세,상해없음,보행자,여,12세,부상신고
2015041200100346,2015년 4월 12일 16시,일요일,대구광역시 서구 평리동,경상사고,0,0,1,1,차대차 - 측면직각충돌,신호위반,건조,맑음,교차로 - 교차로안,원동기,남,45세,부상신고,승용,남,51세,경상
2015041200100373,2015년 4월 12일 17시,일요일,대구광역시 남구 대명동,중상사고,0,1,0,0,차대차 - 기타,안전운전불이행,건조,맑음,교차로 - 교차로안,원동기,남,27세,상해없음,승용,남,29세,상해없음
2015041200100374,2015년 4월 12일 17시,일요일,대구광역시 동구 신평동,중상사고,0,1,0,0,차대차 - 기타,교차로운행방법위반,건조,맑음,교차로 - 교차로안,화물,남,55세,상해없음,자전거,여,72세,중상
2015041200100403,2015년 4월 12일 18시,일요일,대구광역시 달서구 본동,경상사고,0,0,1,1,차대차 - 기타,안전거리미확보,건조,맑음,단일로 - 기타,승용,남,56세,상해없음,원동기,남,17세,경상
2015041200100404,2015년 4월 12일 18시,일요일,대구광역시 중구 공평동,경상사고,0,0,1,0,차대사람 - 보도통행중,안전운전불이행,건조,맑음,단일로 - 기타,승용,여,25세,상해없음,보행자,여,30세,경상
2015041200100405,2015년 4월 12일 18시,일요일,대구광역시 달서구 두류동,경상사고,0,0,1,0,차대사람 - 기타,안전운전불이행,건조,흐림,단일로 - 기타,승용,남,60세,상해없음,보행자,남,52세,경상
2015041200100435,2015년 4월 12일 19시,일요일,대구광역시 수성구 황금동,부상신고사고,0,0,0,1,차대차 - 측면직각충돌,중앙선침범,건조,맑음,단일로 - 기타,자전거,남,45세,부상신고,승용,남,64세,상해없음
2015041200100436,2015년 4월 12일 19시,일요일,대구광역시 북구 검단동,경상사고,0,0,1,0,차대차 - 측면직각충돌,직진우회전진행방해,건조,맑음,교차로 - 교차로부근,자전거,남,15세,경상,승용,남,58세,상해없음
2015041200100437,2015년 4월 12일 19시,일요일,대구광역시 서구 내당동,중상사고,0,1,0,0,차량단독 - 기타,기타,건조,맑음,단일로 - 기타,승합,남,68세,상해없음,,,,
2015041200100438,2015년 4월 12일 19시,일요일,대구광역시 북구 매천동,중상사고,0,1,0,0,차대차 - 측면직각충돌,교차로운행방법위반,건조,맑음,교차로 - 교차로안,승용,남,41세,상해없음,자전거,남,56세,중상
2015041200100472,2015년 4월 12일 20시,일요일,대구광역시 북구 산격동,경상사고,0,0,1,0,차대차 - 측면직각충돌,신호위반,건조,맑음,교차로 - 교차로안,이륜,남,51세,상해없음,이륜,남,21세,경상
2015041200100473,2015년 4월 12일 20시,일요일,대구광역시 서구 비산동,중상사고,0,1,1,0,차대차 - 측면직각충돌,교차로운행방법위반,건조,맑음,교차로 - 교차로안,이륜,남,58세,중상,승용,남,64세,경상
2015041200100474,2015년 4월 12일 20시,일요일,대구광역시 달서구 이곡동,중상사고,0,1,1,0,차대사람 - 횡단중,신호위반,건조,맑음,단일로 - 횡단보도상,이륜,남,19세,경상,보행자,남,11세,중상
2015041200100504,2015년 4월 12일 21시,일요일,대구광역시 서구 평리동,중상사고,0,1,0,0,차대사람 - 기타,안전운전불이행,건조,맑음,단일로 - 기타,승용,남,48세,상해없음,보행자,여,52세,중상
2015041200100541,2015년 4월 12일 23시,일요일,대구광역시 달서구 월성동,중상사고,0,1,0,0,차대차 - 기타,안전거리미확보,건조,맑음,단일로 - 기타,승용,남,24세,상해없음,승용,남,39세,중상
2015041300100037,2015년 4월 13일 04시,월요일,대구광역시 북구 동천동,중상사고,0,1,0,1,차대차 - 정면충돌,신호위반,습기,비,교차로 - 교차로안,승용,남,29세,부상신고,화물,남,53세,중상
2015041300100074,2015년 4월 13일 07시,월요일,대구광역시 서구 평리동,경상사고,0,0,1,0,차대차 - 기타,안전운전불이행,건조,맑음,단일로 - 기타,승용,남,59세,상해없음,승용,남,58세,경상
2015041300100108,2015년 4월 13일 08시,월요일,대구광역시 수성구 두산동,경상사고,0,0,1,0,차대사람 - 횡단중,보행자보호의무위반,습기,비,교차로 - 교차로부근,승용,여,47세,상해없음,보행자,여,90세 이상,경상
2015041300100139,2015년 4월 13일 09시,월요일,대구광역시 달서구 상인동,경상사고,0,0,1,0,차대차 - 추돌 - 주정차중,안전운전불이행,건조,맑음,교차로 - 교차로부근,승용,남,57세,상해없음,승용,남,58세,경상
2015041300100140,2015년 4월 13일 09시,월요일,대구광역시 달서구 본동,경상사고,0,0,1,1,차대차 - 측면직각충돌,직진우회전진행방해,습기,비,교차로 - 교차로안,승용,남,23세,부상신고,승용,남,51세,경상
2015041300100141,2015년 4월 13일 09시,월요일,대구광역시 달서구 장기동,경상사고,0,0,2,0,차대차 - 기타,안전거리미확보,건조,흐림,단일로 - 기타,승용,남,33세,상해없음,승용,여,32세,경상
2015041300100169,2015년 4월 13일 10시,월요일,대구광역시 달서구 용산동,경상사고,0,0,1,0,차대사람 - 횡단중,보행자보호의무위반,습기,비,단일로 - 횡단보도상,화물,남,35세,상해없음,보행자,남,60세,경상
2015041300100196,2015년 4월 13일 11시,월요일,대구광역시 수성구 범어동,중상사고,0,1,1,0,차대차 - 측면직각충돌,안전거리미확보,건조,맑음,교차로 - 교차로부근,승용,여,57세,상해없음,승용,남,51세,중상
2015041300100219,2015년 4월 13일 12시,월요일,대구광역시 달서구 진천동,경상사고,0,0,1,0,차대차 - 추돌 - 주정차중,안전운전불이행,습기,비,단일로 - 기타,승용,남,67세,상해없음,승용,남,65세,경상
2015041300100245,2015년 4월 13일 13시,월요일,대구광역시 달서구 월성동,경상사고,0,0,1,0,차대차 - 측면직각충돌,신호위반,습기,비,교차로 - 교차로부근,이륜,남,55세,경상,승용,여,37세,상해없음
2015041300100271,2015년 4월 13일 14시,월요일,대구광역시 중구 남산동,중상사고,0,2,4,0,차대차 - 측면직각충돌,안전운전불이행,건조,맑음,교차로 - 교차로부근,승용,여,64세,경상,승용,남,59세,중상
2015041300100298,2015년 4월 13일 15시,월요일,대구광역시 중구 남산동,경상사고,0,0,1,0,차대차 - 기타,안전운전불이행,건조,맑음,교차로 - 교차로안,승합,남,40세,상해없음,승용,여,21세,상해없음
2015041300100342,2015년 4월 13일 16시,월요일,대구광역시 달서구 상인동,중상사고,0,1,0,0,차대사람 - 횡단중,보행자보호의무위반,습기,비,단일로 - 기타,이륜,남,50세,상해없음,보행자,남,41세,중상
2015041300100343,2015년 4월 13일 16시,월요일,대구광역시 달성군 화원읍,경상사고,0,0,2,0,차대차 - 추돌 - 주정차중,안전운전불이행,건조,맑음,단일로 - 기타,승용,남,41세,상해없음,승합,남,35세,경상
2015041300100384,2015년 4월 13일 17시,월요일,대구광역시 서구 이현동,경상사고,0,0,3,0,차대차 - 기타,안전운전불이행,건조,맑음,단일로 - 기타,승합,여,51세,상해없음,승용,남,27세,경상
2015041300100385,2015년 4월 13일 17시,월요일,대구광역시 북구 읍내동,부상신고사고,0,0,0,1,차대차 - 측면직각충돌,교차로운행방법위반,건조,맑음,교차로 - 교차로안,원동기,남,48세,부상신고,승용,남,26세,상해없음
2015041300100423,2015년 4월 13일 18시,월요일,대구광역시 동구 불로동,중상사고,0,1,0,0,차대차 - 측면직각충돌,신호위반,건조,맑음,단일로 - 기타,자전거,남,83세,중상,승용,여,53세,상해없음
2015041300100424,2015년 4월 13일 18시,월요일,대구광역시 수성구 두산동,경상사고,0,0,2,0,차대차 - 추돌 - 진행중,차로위반,건조,맑음,단일로 - 기타,승용,남,52세,상해없음,승용,여,25세,경상
2015041300100472,2015년 4월 13일 19시,월요일,대구광역시 동구 신암동,경상사고,0,0,1,0,차대차 - 기타,불법유턴,습기,비,교차로 - 교차로부근,승용,기타불명,기타불명,기타불명,이륜,남,19세,경상
2015041300100511,2015년 4월 13일 20시,월요일,대구광역시 수성구 만촌동,중상사고,0,1,0,0,차대차 - 추돌 - 진행중,직진우회전진행방해,습기,비,교차로 - 교차로부근,승용,남,79세,상해없음,승용,남,44세,중상
2015041300100512,2015년 4월 13일 20시,월요일,대구광역시 달서구 송현동,경상사고,0,0,1,0,차대차 - 기타,안전운전불이행,건조,맑음,단일로 - 기타,승용,남,65세,기타불명,승용,남,59세,경상
2015041300100513,2015년 4월 13일 20시,월요일,대구광역시 북구 매천동,경상사고,0,0,2,0,차대차 - 측면직각충돌,불법유턴,습기,비,교차로 - 교차로부근,승용,남,43세,경상,화물,남,44세,경상
2015041300100555,2015년 4월 13일 21시,월요일,대구광역시 동구 각산동,경상사고,0,0,1,0,차대차 - 측면직각충돌,신호위반,습기,비,교차로 - 교차로안,승용,남,62세,상해없음,승용,남,47세,경상
2015041300100556,2015년 4월 13일 21시,월요일,대구광역시 달서구 상인동,경상사고,0,0,1,0,차대차 - 측면직각충돌,안전운전불이행,습기,비,교차로 - 교차로부근,승용,남,51세,상해없음,원동기,남,17세,경상
2015041300100604,2015년 4월 13일 22시,월요일,대구광역시 동구 신천동,중상사고,0,1,0,0,차대사람 - 횡단중,신호위반,습기,비,교차로 - 교차로안,원동기,남,40세,상해없음,보행자,남,18세,중상
2015041300100605,2015년 4월 13일 22시,월요일,대구광역시 수성구 시지동,경상사고,0,0,2,0,차대차 - 측면직각충돌,안전운전불이행,습기,비,단일로 - 기타,승용,여,59세,상해없음,승용,남,31세,경상
2015041300100634,2015년 4월 13일 23시,월요일,대구광역시 동구 율하동,경상사고,0,0,1,0,차대차 - 기타,신호위반,건조,맑음,교차로 - 교차로안,승용,여,60세,상해없음,승용,남,67세,경상
2015041300100635,2015년 4월 13일 23시,월요일,대구광역시 수성구 범어동,경상사고,0,0,1,0,차대사람 - 횡단중,보행자보호의무위반,습기,비,단일로 - 기타,승용,남,44세,상해없음,보행자,남,26세,경상
2015041300100636,2015년 4월 13일 23시,월요일,대구광역시 수성구 두산동,경상사고,0,0,3,0,차대차 - 측면직각충돌,과속,습기,비,단일로 - 기타,승용,남,44세,상해없음,승용,남,30세,경상
2015041400100027,2015년 4월 14일 00시,화요일,대구광역시 동구 입석동,경상사고,0,0,1,0,차대차 - 추돌 - 주정차중,안전운전불이행,습기,비,단일로 - 기타,승용,남,66세,상해없음,승용,남,46세,경상
2015041400100052,2015년 4월 14일 01시,화요일,대구광역시 수성구 황금동,경상사고,0,0,2,0,차대차 - 추돌 - 진행중,안전운전불이행,습기,비,교차로 - 교차로부근,승용,남,47세,상해없음,승용,남,38세,경상
2015041400100066,2015년 4월 14일 02시,화요일,대구광역시 북구 동변동,사망사고,1,1,0,0,차대차 - 추돌 - 진행중,안전운전불이행,습기,비,단일로 - 기타,승용,남,30세,사망,화물,남,42세,중상
2015041400100088,2015년 4월 14일 04시,화요일,대구광역시 수성구 황금동,경상사고,0,0,1,1,차대차 - 측면직각충돌,안전운전불이행,건조,맑음,교차로 - 교차로부근,승용,여,41세,부상신고,승용,남,60세,경상
2015041400100103,2015년 4월 14일 05시,화요일,대구광역시 서구 비산동,경상사고,0,0,1,1,차량단독 - 공작물충돌,안전운전불이행,습기,비,단일로 - 기타,승용,남,24세,부상신고,,,,
2015041400100136,2015년 4월 14일 07시,화요일,대구광역시 달서구 두류동,경상사고,0,0,1,0,차대사람 - 길가장자리구역통행중,안전운전불이행,습기,맑음,단일로 - 기타,승용,남,35세,기타불명,보행자,여,49세,경상
2015041400100137,2015년 4월 14일 07시,화요일,대구광역시 북구 태전동,경상사고,0,0,2,0,차대차 - 추돌 - 진행중,안전운전불이행,건조,맑음,기타 - 기타,승용,남,55세,상해없음,승용,남,65세,경상
2015041400100178,2015년 4월 14일 08시,화요일,대구광역시 남구 봉덕동,부상신고사고,0,0,0,1,차대차 - 기타,안전운전불이행,습기,흐림,교차로 - 교차로안,자전거,여,13세,부상신고,승용,여,47세,상해없음
2015041400100179,2015년 4월 14일 08시,화요일,대구광역시 달서구 감삼동,경상사고,0,0,1,0,차대차 - 추돌 - 진행중,안전운전불이행,습기,비,단일로 - 기타,승용,여,26세,상해없음,승용,여,32세,경상
2015041400100214,2015년 4월 14일 09시,화요일,대구광역시 수성구 지산동,중상사고,0,1,0,0,차대차 - 측면직각충돌,직진우회전진행방해,건조,맑음,교차로 - 교차로안,승용,여,46세,상해없음,이륜,남,67세,중상
2015041400100215,2015년 4월 14일 09시,화요일,대구광역시 북구 산격동,경상사고,0,0,1,0,차대차 - 기타,안전거리미확보,건조,맑음,단일로 - 기타,화물,남,51세,상해없음,승용,남,35세,경상
2015041400100216,2015년 4월 14일 09시,화요일,대구광역시 북구 산격동,중상사고,0,1,0,0,차대차 - 추돌 - 진행중,안전운전불이행,건조,맑음,교차로 - 교차로안,승용,남,77세,상해없음,승용,남,68세,중상
2015041400100238,2015년 4월 14일 10시,화요일,대구광역시 달성군 하빈면,중상사고,0,1,0,0,차량단독 - 공작물충돌,안전운전불이행,건조,맑음,단일로 - 기타,이륜,남,73세,상해없음,,,,
2015041400100239,2015년 4월 14일 10시,화요일,대구광역시 서구 평리동,경상사고,0,0,2,0,차대차 - 추돌 - 주정차중,안전운전불이행,건조,맑음,교차로 - 교차로부근,승용,여,56세,상해없음,승용,남,58세,경상
2015041400100266,2015년 4월 14일 11시,화요일,대구광역시 달성군 논공읍,중상사고,0,1,1,0,차대차 - 측면직각충돌,안전운전불이행,건조,맑음,단일로 - 기타,농기계,남,74세,중상,화물,남,41세,경상
2015041400100293,2015년 4월 14일 12시,화요일,대구광역시 달성군 가창면,중상사고,0,1,0,0,차대사람 - 길가장자리구역통행중,안전운전불이행,건조,맑음,단일로 - 기타,승합,남,52세,상해없음,보행자,여,47세,중상
2015041400100364,2015년 4월 14일 15시,화요일,대구광역시 남구 대명동,경상사고,0,0,1,0,차대사람 - 횡단중,보행자보호의무위반,건조,맑음,단일로 - 횡단보도상,승용,여,59세,상해없음,보행자,남,7세,경상
2015041400100365,2015년 4월 14일 15시,화요일,대구광역시 북구 칠성동1가,경상사고,0,0,1,0,차대사람 - 기타,안전운전불이행,건조,맑음,단일로 - 기타,원동기,남,60세,기타불명,보행자,남,42세,경상
2015041400100366,2015년 4월 14일 15시,화요일,대구광역시 서구 평리동,중상사고,0,1,1,0,차대차 - 기타,직진우회전진행방해,건조,맑음,교차로 - 교차로안,승용,남,26세,상해없음,승용,여,58세,중상
2015041400100388,2015년 4월 14일 16시,화요일,대구광역시 달서구 송현동,중상사고,0,1,0,0,차대사람 - 기타,안전운전불이행,건조,맑음,단일로 - 기타,승용,여,48세,상해없음,보행자,여,55세,중상
2015041400100389,2015년 4월 14일 16시,화요일,대구광역시 서구 중리동,경상사고,0,0,1,0,차대사람 - 기타,보행자보호의무위반,건조,맑음,교차로 - 교차로안,승용,여,55세,상해없음,보행자,남,82세,경상
2015041400100390,2015년 4월 14일 16시,화요일,대구광역시 달서구 성당동,경상사고,0,0,1,1,차대차 - 측면직각충돌,차로위반,건조,맑음,교차로 - 교차로부근,승용,남,50세,상해없음,이륜,남,19세,부상신고
2015041400100391,2015년 4월 14일 16시,화요일,대구광역시 달서구 본리동,부상신고사고,0,0,0,1,차량단독 - 기타,안전운전불이행,건조,맑음,단일로 - 기타,승합,남,59세,상해없음,,,,
2015041400100418,2015년 4월 14일 17시,화요일,대구광역시 서구 내당동,부상신고사고,0,0,0,1,차대차 - 측면직각충돌,중앙선침범,건조,맑음,단일로 - 기타,자전거,남,8세,부상신고,승용,남,59세,상해없음
2015041400100445,2015년 4월 14일 18시,화요일,대구광역시 남구 대명동,경상사고,0,0,2,0,차대차 - 기타,신호위반,건조,맑음,교차로 - 교차로안,승용,남,60세,경상,승용,남,52세,경상
2015041400100446,2015년 4월 14일 18시,화요일,대구광역시 동구 방촌동,경상사고,0,0,1,0,차대차 - 측면직각충돌,교차로운행방법위반,건조,맑음,교차로 - 교차로안,승용,남,37세,상해없음,자전거,남,27세,경상
2015041400100447,2015년 4월 14일 18시,화요일,대구광역시 달서구 이곡동,경상사고,0,0,1,0,차대사람 - 기타,안전운전불이행,건조,맑음,단일로 - 기타,승용,남,49세,상해없음,보행자,남,38세,경상
2015041400100489,2015년 4월 14일 19시,화요일,대구광역시 수성구 만촌동,중상사고,0,1,0,0,차대사람 - 횡단중,안전운전불이행,건조,맑음,교차로 - 교차로안,승용,남,65세,상해없음,보행자,여,74세,중상
2015041400100490,2015년 4월 14일 19시,화요일,대구광역시 달서구 송현동,경상사고,0,0,1,0,차대차 - 기타,안전운전불이행,건조,맑음,단일로 - 기타,승용,남,53세,상해없음,승용,여,44세,경상
2015041400100531,2015년 4월 14일 20시,화요일,대구광역시 달서구 월암동,중상사고,0,1,5,0,차대차 - 추돌 - 주정차중,안전운전불이행,건조,맑음,교차로 - 교차로부근,화물,남,42세,상해없음,승용,남,26세,중상
2015041400100532,2015년 4월 14일 20시,화요일,대구광역시 달서구 감삼동,중상사고,0,1,0,0,차대차 - 기타,안전거리미확보,건조,맑음,단일로 - 기타,화물,남,25세,상해없음,이륜,남,38세,중상
2015041400100571,2015년 4월 14일 21시,화요일,대구광역시 수성구 만촌동,경상사고,0,0,1,0,차대차 - 측면직각충돌,신호위반,건조,맑음,교차로 - 교차로안,승용,남,29세,상해없음,승용,여,41세,경상
2015041400100572,2015년 4월 14일 21시,화요일,대구광역시 달서구 두류동,경상사고,0,0,1,0,차대차 - 기타,안전운전불이행,건조,맑음,단일로 - 횡단보도부근,승용,남,54세,상해없음,자전거,남,19세,경상
2015041400100604,2015년 4월 14일 22시,화요일,대구광역시 서구 내당동,중상사고,0,2,1,0,차대차 - 추돌 - 진행중,안전거리미확보,건조,흐림,단일로 - 기타,승용,남,45세,상해없음,승용,남,62세,경상
2015041400100631,2015년 4월 14일 23시,화요일,대구광역시 수성구 연호동,경상사고,0,0,2,0,차대차 - 추돌 - 주정차중,안전운전불이행,건조,맑음,단일로 - 기타,승용,남,45세,상해없음,승용,여,24세,경상
2015041400100632,2015년 4월 14일 23시,화요일,대구광역시 중구 동인동2가,중상사고,0,1,0,0,차대차 - 측면직각충돌,안전운전불이행,건조,흐림,단일로 - 기타,기타불명,기타불명,기타불명,기타불명,승용,남,48세,상해없음
2015041500100032,2015년 4월 15일 01시,수요일,대구광역시 서구 비산동,중상사고,0,1,1,0,차대차 - 측면직각충돌,신호위반,건조,맑음,교차로 - 교차로안,승용,남,43세,상해없음,승용,여,40세,중상
2015041500100033,2015년 4월 15일 01시,수요일,대구광역시 달서구 본리동,경상사고,0,0,1,0,차대사람 - 차도통행중,기타,건조,맑음,기타 - 기타,승용,남,54세,상해없음,보행자,남,32세,경상
2015041500100077,2015년 4월 15일 04시,수요일,대구광역시 중구 삼덕동1가,경상사고,0,0,1,1,차대사람 - 길가장자리구역통행중,안전운전불이행,건조,맑음,단일로 - 기타,승용,남,20세,상해없음,보행자,남,23세,경상
2015041500100130,2015년 4월 15일 07시,수요일,대구광역시 달서구 월암동,중상사고,0,1,0,0,차대차 - 측면직각충돌,직진우회전진행방해,건조,맑음,교차로 - 교차로안,승용,남,51세,상해없음,승용,여,48세,중상
2015041500100131,2015년 4월 15일 07시,수요일,대구광역시 달서구 본동,경상사고,0,0,1,0,차대차 - 기타,안전운전불이행,건조,맑음,단일로 - 기타,승용,남,32세,상해없음,이륜,남,43세,상해없음
2015041500100172,2015년 4월 15일 08시,수요일,대구광역시 동구 신서동,중상사고,0,4,0,0,차대차 - 기타,교차로운행방법위반,건조,맑음,교차로 - 교차로안,승용,남,75세,중상,승용,남,34세,중상
2015041500100174,2015년 4월 15일 08시,수요일,대구광역시 북구 태전동,경상사고,0,0,1,0,차대차 - 측면직각충돌,안전운전불이행,건조,맑음,단일로 - 기타,승용,여,30세,상해없음,자전거,남,40세,경상
2015041500100201,2015년 4월 15일 09시,수요일,대구광역시 수성구 범어동,중상사고,0,1,1,0,차대차 - 측면직각충돌,교차로운행방법위반,건조,맑음,교차로 - 교차로안,승용,남,46세,상해없음,승용,남,42세,경상
2015041500100251,2015년 4월 15일 11시,수요일,대구광역시 북구 노원동3가,중상사고,0,1,0,0,차대차 - 측면직각충돌,안전거리미확보,건조,맑음,단일로 - 교량,화물,남,59세,상해없음,화물,남,46세,상해없음
2015041500100317,2015년 4월 15일 13시,수요일,대구광역시 서구 내당동,중상사고,0,1,0,0,차대차 - 기타,안전운전불이행,건조,맑음,단일로 - 기타,승용,남,43세,상해없음,이륜,남,55세,중상
2015041500100318,2015년 4월 15일 13시,수요일,대구광역시 달서구 죽전동,경상사고,0,0,1,1,차대차 - 측면직각충돌,교차로운행방법위반,건조,맑음,교차로 - 교차로안,이륜,남,45세,경상,승용,여,43세,상해없음
2015041500100319,2015년 4월 15일 13시,수요일,대구광역시 북구 구암동,경상사고,0,0,1,0,차대사람 - 횡단중,보행자보호의무위반,건조,맑음,단일로 - 기타,승용,남,33세,상해없음,보행자,남,8세,경상
2015041500100346,2015년 4월 15일 14시,수요일,대구광역시 북구 복현동,중상사고,0,1,0,0,차대사람 - 횡단중,보행자보호의무위반,건조,맑음,단일로 - 기타,승용,남,60세,상해없음,보행자,남,9세,중상
2015041500100347,2015년 4월 15일 14시,수요일,대구광역시 중구 남산동,부상신고사고,0,0,0,1,차대차 - 측면직각충돌,중앙선침범,건조,맑음,교차로 - 교차로부근,자전거,남,64세,부상신고,승용,남,59세,상해없음
2015041500100392,2015년 4월 15일 15시,수요일,대구광역시 수성구 범어동,경상사고,0,0,1,0,차대차 - 추돌 - 진행중,안전운전불이행,건조,맑음,단일로 - 기타,승용,여,56세,상해없음,승용,남,38세,경상
2015041500100393,2015년 4월 15일 15시,수요일,대구광역시 달서구 상인동,부상신고사고,0,0,0,1,차대차 - 기타,안전운전불이행,건조,맑음,교차로 - 교차로안,승용,기타불명,기타불명,기타불명,자전거,남,8세,부상신고
2015041500100468,2015년 4월 15일 17시,수요일,대구광역시 중구 동산동,중상사고,0,1,0,0,차대차 - 기타,안전거리미확보,건조,맑음,단일로 - 기타,승용,남,47세,상해없음,승합,남,54세,상해없음
2015041500100469,2015년 4월 15일 17시,수요일,대구광역시 달서구 신당동,중상사고,0,1,0,1,차대차 - 추돌 - 진행중,안전거리미확보,건조,맑음,단일로 - 기타,화물,남,57세,상해없음,승용,여,40세,중상
2015041500100504,2015년 4월 15일 18시,수요일,대구광역시 동구 입석동,경상사고,0,0,1,0,차대차 - 측면직각충돌,교차로운행방법위반,건조,맑음,교차로 - 교차로안,승용,남,32세,상해없음,이륜,남,19세,경상
2015041500100505,2015년 4월 15일 18시,수요일,대구광역시 달서구 상인동,중상사고,0,1,0,0,차대차 - 기타,중앙선침범,건조,맑음,단일로 - 기타,자전거,남,22세,중상,승용,남,34세,상해없음
2015041500100506,2015년 4월 15일 18시,수요일,대구광역시 서구 평리동,부상신고사고,0,0,0,1,차대차 - 기타,안전운전불이행,건조,맑음,단일로 - 기타,원동기,남,24세,부상신고,승용,남,38세,상해없음
2015041500100538,2015년 4월 15일 19시,수요일,대구광역시 남구 대명동,경상사고,0,0,1,0,차대차 - 기타,안전운전불이행,건조,맑음,단일로 - 기타,화물,여,56세,상해없음,이륜,남,40세,경상
2015041500100539,2015년 4월 15일 19시,수요일,대구광역시 동구 신천동,부상신고사고,0,0,0,1,차대차 - 추돌 - 주정차중,안전운전불이행,건조,맑음,단일로 - 기타,이륜,남,17세,부상신고,승용,남,53세,상해없음
2015041500100540,2015년 4월 15일 19시,수요일,대구광역시 달서구 송현동,중상사고,0,1,0,0,차대차 - 측면직각충돌,신호위반,건조,맑음,단일로 - 횡단보도부근,승용,남,31세,상해없음,이륜,남,18세,중상
2015041500100541,2015년 4월 15일 19시,수요일,대구광역시 중구 대봉동,중상사고,0,1,3,0,차대차 - 추돌 - 진행중,안전거리미확보,건조,맑음,교차로 - 교차로부근,승용,여,24세,상해없음,승용,여,40세,경상
2015041500100542,2015년 4월 15일 19시,수요일,대구광역시 달서구 신당동,경상사고,0,0,1,0,차대차 - 측면직각충돌,교차로운행방법위반,건조,맑음,교차로 - 교차로안,승용,남,39세,상해없음,이륜,남,16세,경상