사고번호,사고일시,요일,시군구,사고내용,사망자수,중상자수,경상자수,부상신고자수,사고유형,법규위반,노면상태,기상상태,도로형태,가해운전자 차종,가해운전자 성별,가해운전자 연령,가해운전자 상해정도,피해운전자 차종,피해운전자 성별,피해운전자 연령,피해운전자 상해정도
2015042800100122,2015년 4월 28일 07시,화요일,대구광역시 동구 효목동,경상사고,0,0,1,0,차대차 - 기타,안전운전불이행,건조,맑음,단일로 - 기타,화물,남,56세,상해없음,승용,남,30세,경상
2015042800100175,2015년 4월 28일 08시,화요일,대구광역시 중구 대신동,중상사고,0,1,0,0,차대사람 - 차도통행중,안전운전불이행,건조,맑음,단일로 - 기타,승용,남,57세,상해없음,보행자,여,56세,중상
2015042800100176,2015년 4월 28일 08시,화요일,대구광역시 달서구 신당동,경상사고,0,0,1,0,차대사람 - 기타,기타,건조,맑음,기타 - 기타,자전거,남,31세,상해없음,보행자,남,26세,경상
2015042800100215,2015년 4월 28일 09시,화요일,대구광역시 남구 대명동,중상사고,0,1,0,0,차대차 - 기타,안전운전불이행,건조,맑음,단일로 - 기타,승용,남,58세,상해없음,승합,남,55세,상해없음
2015042800100216,2015년 4월 28일 09시,화요일,대구광역시 서구 중리동,중상사고,0,1,0,0,차대차 - 기타,안전운전불이행,건조,맑음,단일로 - 기타,승용,남,38세,상해없음,자전거,남,64세,중상
2015042800100238,2015년 4월 28일 10시,화요일,대구광역시 서구 평리동,경상사고,0,0,2,0,차대차 - 추돌 - 진행중,안전운전불이행,건조,맑음,교차로 - 교차로부근,승용,남,24세,상해없음,화물,남,42세,경상
2015042800100239,2015년 4월 28일 10시,화요일,대구광역시 북구 서변동,경상사고,0,0,1,0,차대차 - 측면직각충돌,안전운전불이행,건조,맑음,단일로 - 기타,승용,남,60세,상해없음,승합,남,51세,상해없음
2015042800100262,2015년 4월 28일 11시,화요일,대구광역시 동구 율하동,중상사고,0,2,1,0,차대차 - 기타,신호위반,건조,맑음,교차로 - 교차로안,승용,남,23세,상해없음,승용,남,43세,중상
2015042800100263,2015년 4월 28일 11시,화요일,대구광역시 동구 율하동,경상사고,0,0,1,0,차대차 - 기타,안전운전불이행,건조,맑음,교차로 - 교차로부근,승용,남,52세,상해없음,승용,남,41세,경상
2015042800100264,2015년 4월 28일 11시,화요일,대구광역시 중구 대신동,경상사고,0,0,1,0,차대차 - 추돌 - 진행중,안전운전불이행,건조,맑음,단일로 - 기타,승용,여,32세,상해없음,자전거,남,64세,경상
2015042800100330,2015년 4월 28일 13시,화요일,대구광역시 달성군 화원읍,사망사고,1,0,0,0,차대차 - 측면직각충돌,기타,건조,맑음,단일로 - 기타,승용,남,41세,상해없음,자전거,여,74세,사망
2015042800100370,2015년 4월 28일 14시,화요일,대구광역시 서구 비산동,경상사고,0,0,1,0,차대사람 - 기타,안전거리미확보,건조,맑음,단일로 - 기타,승용,여,45세,상해없음,보행자,여,53세,경상
2015042800100371,2015년 4월 28일 14시,화요일,대구광역시 중구 태평로2가,부상신고사고,0,0,0,1,차대차 - 측면직각충돌,중앙선침범,건조,맑음,단일로 - 기타,기타불명,남,56세,부상신고,승합,남,67세,상해없음
2015042800100372,2015년 4월 28일 14시,화요일,대구광역시 달서구 성당동,경상사고,0,0,1,0,차대차 - 기타,안전운전불이행,건조,맑음,기타 - 기타,승용,남,61세,상해없음,승용,여,30세,경상
2015042800100408,2015년 4월 28일 15시,화요일,대구광역시 북구 산격동,경상사고,0,0,1,0,차대차 - 측면직각충돌,안전운전불이행,건조,맑음,단일로 - 교량,승용,여,52세,상해없음,승용,남,49세,경상
2015042800100450,2015년 4월 28일 16시,화요일,대구광역시 달서구 상인동,중상사고,0,1,0,0,차대차 - 기타,안전운전불이행,건조,맑음,단일로 - 기타,승용,남,58세,상해없음,자전거,남,27세,중상
2015042800100451,2015년 4월 28일 16시,화요일,대구광역시 북구 칠성동2가,중상사고,0,1,0,0,차대차 - 기타,안전운전불이행,건조,맑음,단일로 - 기타,승용,남,45세,상해없음,자전거,남,65세,중상
2015042800100452,2015년 4월 28일 16시,화요일,대구광역시 북구 산격동,경상사고,0,0,1,0,차대사람 - 횡단중,신호위반,건조,맑음,교차로 - 교차로부근,승용,기타불명,기타불명,기타불명,보행자,여,13세,경상
2015042800100495,2015년 4월 28일 17시,화요일,대구광역시 수성구 중동,중상사고,0,1,0,0,차대차 - 측면직각충돌,안전운전불이행,건조,맑음,단일로 - 기타,자전거,남,84세,중상,화물,남,61세,상해없음
2015042800100496,2015년 4월 28일 17시,화요일,대구광역시 달서구 진천동,중상사고,0,1,0,0,차대사람 - 기타,보행자보호의무위반,건조,맑음,단일로 - 기타,승용,남,63세,상해없음,보행자,남,7세,중상
2015042800100497,2015년 4월 28일 17시,화요일,대구광역시 달성군 화원읍,중상사고,0,1,0,0,차대사람 - 횡단중,신호위반,건조,맑음,교차로 - 교차로안,승용,여,28세,상해없음,보행자,남,21세,중상
2015042800100498,2015년 4월 28일 17시,화요일,대구광역시 달성군 옥포면,경상사고,0,0,1,0,차대차 - 측면직각충돌,교차로운행방법위반,건조,맑음,교차로 - 교차로안,화물,남,47세,상해없음,승용,여,71세,경상
2015042800100499,2015년 4월 28일 17시,화요일,대구광역시 달서구 이곡동,경상사고,0,0,1,0,차대사람 - 보도통행중,기타,건조,맑음,단일로 - 기타,자전거,남,20세,상해없음,보행자,여,21세,경상
2015042800100567,2015년 4월 28일 19시,화요일,대구광역시 수성구 삼덕동,중상사고,0,1,0,0,차대사람 - 차도통행중,안전운전불이행,건조,맑음,단일로 - 기타,화물,남,54세,상해없음,보행자,여,54세,중상
2015042800100593,2015년 4월 28일 20시,화요일,대구광역시 수성구 신매동,경상사고,0,0,1,0,차대차 - 추돌 - 진행중,안전운전불이행,습기,비,단일로 - 기타,승용,여,60세,상해없음,승용,여,31세,경상
2015042800100624,2015년 4월 28일 21시,화요일,대구광역시 달서구 송현동,경상사고,0,0,1,0,차대차 - 기타,교차로운행방법위반,습기,비,교차로 - 교차로안,승용,남,68세,상해없음,원동기,남,25세,경상
2015042800100625,2015년 4월 28일 21시,화요일,대구광역시 북구 대현동,경상사고,0,0,1,0,차대차 - 측면직각충돌,안전운전불이행,건조,맑음,교차로 - 교차로부근,승용,여,48세,상해없음,자전거,여,23세,경상
2015042800100626,2015년 4월 28일 21시,화요일,대구광역시 서구 평리동,경상사고,0,0,1,0,차대차 - 기타,안전운전불이행,습기,비,단일로 - 기타,이륜,남,31세,경상,화물,남,46세,상해없음
2015042800100627,2015년 4월 28일 21시,화요일,대구광역시 북구 태전동,중상사고,0,1,0,0,차대사람 - 차도통행중,안전운전불이행,습기,비,단일로 - 기타,승합,남,64세,상해없음,보행자,남,53세,중상
2015042800100691,2015년 4월 28일 23시,화요일,대구광역시 수성구 황금동,중상사고,0,2,0,0,차대차 - 측면직각충돌,안전거리미확보,건조,맑음,단일로 - 기타,승용,남,32세,상해없음,승용,남,59세,중상
2015042900100016,2015년 4월 29일 00시,수요일,대구광역시 수성구 두산동,경상사고,0,0,1,0,차대사람 - 차도통행중,안전운전불이행,건조,맑음,교차로 - 교차로부근,승용,남,46세,상해없음,보행자,여,21세,경상
2015042900100017,2015년 4월 29일 00시,수요일,대구광역시 북구 복현동,중상사고,0,1,0,0,차대사람 - 기타,안전운전불이행,건조,맑음,단일로 - 기타,이륜,남,24세,상해없음,보행자,남,54세,중상
2015042900100018,2015년 4월 29일 00시,수요일,대구광역시 북구 침산동,중상사고,0,1,6,0,차대차 - 측면직각충돌,중앙선침범,습기,비,단일로 - 교량,승용,남,35세,상해없음,승용,남,54세,경상
2015042900100029,2015년 4월 29일 01시,수요일,대구광역시 중구 동성로3가,경상사고,0,0,1,0,차대차 - 측면직각충돌,안전운전불이행,건조,맑음,단일로 - 기타,승용,남,40세,상해없음,승용,남,54세,경상
2015042900100030,2015년 4월 29일 01시,수요일,대구광역시 중구 봉산동,경상사고,0,0,1,0,차대차 - 측면직각충돌,안전거리미확보,습기,비,단일로 - 기타,승용,남,25세,경상,승용,남,22세,상해없음
2015042900100031,2015년 4월 29일 01시,수요일,대구광역시 북구 태전동,중상사고,0,1,0,0,차대차 - 측면직각충돌,신호위반,건조,맑음,단일로 - 횡단보도상,승용,남,23세,상해없음,자전거,남,22세,중상
2015042900100046,2015년 4월 29일 02시,수요일,대구광역시 달성군 화원읍,경상사고,0,0,1,0,차대차 - 추돌 - 주정차중,안전운전불이행,습기,비,교차로 - 교차로부근,승용,남,29세,상해없음,승용,남,22세,상해없음
2015042900100047,2015년 4월 29일 02시,수요일,대구광역시 북구 노원동3가,중상사고,0,1,2,0,차대차 - 기타,안전운전불이행,습기,맑음,기타 - 기타,승용,남,60세,상해없음,화물,남,54세,기타불명
2015042900100085,2015년 4월 29일 06시,수요일,대구광역시 수성구 두산동,경상사고,0,0,1,0,차대차 - 추돌 - 진행중,안전운전불이행,건조,맑음,단일로 - 기타,승용,남,29세,상해없음,승용,남,32세,경상
2015042900100105,2015년 4월 29일 07시,수요일,대구광역시 수성구 만촌동,경상사고,0,0,1,0,차대차 - 측면직각충돌,기타,습기,비,단일로 - 기타,승용,남,45세,상해없음,이륜,여,47세,경상
2015042900100106,2015년 4월 29일 07시,수요일,대구광역시 달서구 상인동,경상사고,0,0,1,0,차대차 - 기타,교차로운행방법위반,건조,맑음,교차로 - 교차로안,승용,여,45세,상해없음,자전거,남,15세,경상
2015042900100107,2015년 4월 29일 07시,수요일,대구광역시 달서구 감삼동,경상사고,0,0,1,0,차대사람 - 횡단중,안전운전불이행,습기,비,단일로 - 횡단보도상,승용,남,54세,상해없음,보행자,남,34세,경상
2015042900100149,2015년 4월 29일 08시,수요일,대구광역시 달서구 상인동,경상사고,0,0,1,0,차대차 - 측면직각충돌,교차로운행방법위반,습기,비,교차로 - 교차로안,승용,남,63세,상해없음,승용,남,45세,경상
2015042900100150,2015년 4월 29일 08시,수요일,대구광역시 북구 노원동1가,경상사고,0,0,1,0,차대사람 - 기타,안전운전불이행,습기,비,교차로 - 교차로안,승용,남,62세,상해없음,보행자,여,88세,경상
2015042900100193,2015년 4월 29일 09시,수요일,대구광역시 수성구 고모동,경상사고,0,0,4,0,차대차 - 추돌 - 주정차중,안전거리미확보,습기,비,단일로 - 기타,승합,남,67세,상해없음,승용,여,46세,경상
2015042900100194,2015년 4월 29일 09시,수요일,대구광역시 수성구 신매동,중상사고,0,1,2,0,차대차 - 추돌 - 진행중,안전거리미확보,습기,비,단일로 - 기타,승용,남,50세,경상,승용,남,25세,상해없음
2015042900100224,2015년 4월 29일 10시,수요일,대구광역시 달서구 진천동,중상사고,0,1,0,0,차대차 - 측면직각충돌,안전운전불이행,습기,흐림,단일로 - 기타,승용,남,61세,상해없음,화물,남,31세,중상
2015042900100225,2015년 4월 29일 10시,수요일,대구광역시 달서구 진천동,경상사고,0,0,1,0,차대사람 - 횡단중,안전운전불이행,습기,비,단일로 - 기타,승용,남,41세,상해없음,보행자,남,28세,경상
2015042900100301,2015년 4월 29일 12시,수요일,대구광역시 수성구 황금동,경상사고,0,0,1,0,차대차 - 추돌 - 진행중,안전운전불이행,습기,비,단일로 - 기타,승용,여,35세,상해없음,승용,남,46세,경상
2015042900100302,2015년 4월 29일 12시,수요일,대구광역시 달서구 송현동,부상신고사고,0,0,0,1,차대차 - 기타,안전운전불이행,습기,비,교차로 - 교차로부근,이륜,남,71세,부상신고,승용,여,62세,상해없음
2015042900100303,2015년 4월 29일 12시,수요일,대구광역시 달서구 성당동,경상사고,0,0,3,0,차대차 - 측면직각충돌,교차로운행방법위반,건조,맑음,교차로 - 교차로안,승용,여,58세,경상,승용,여,55세,경상
2015042900100341,2015년 4월 29일 13시,수요일,대구광역시 북구 산격동,경상사고,0,0,1,0,차대사람 - 기타,안전운전불이행,습기,흐림,단일로 - 기타,승합,남,56세,상해없음,보행자,여,61세,경상
2015042900100411,2015년 4월 29일 15시,수요일,대구광역시 남구 대명동,부상신고사고,0,0,0,1,차대사람 - 기타,안전운전불이행,건조,맑음,교차로 - 교차로안,기타불명,기타불명,기타불명,기타불명,보행자,여,16세,부상신고
2015042900100412,2015년 4월 29일 15시,수요일,대구광역시 동구 봉무동,중상사고,0,1,0,0,차대차 - 기타,안전운전불이행,습기,비,단일로 - 횡단보도부근,승용,기타불명,기타불명,기타불명,자전거,여,29세,중상
2015042900100439,2015년 4월 29일 16시,수요일,대구광역시 수성구 신매동,중상사고,0,1,0,0,차대사람 - 길가장자리구역통행중,안전운전불이행,습기,비,단일로 - 기타,승합,남,40세,상해없음,보행자,남,70세,중상
2015042900100440,2015년 4월 29일 16시,수요일,대구광역시 수성구 수성동3가,경상사고,0,0,1,0,차대차 - 측면직각충돌,안전거리미확보,건조,맑음,단일로 - 기타,승용,여,30세,상해없음,승용,여,49세,경상
2015042900100479,2015년 4월 29일 17시,수요일,대구광역시 서구 내당동,경상사고,0,0,1,1,차대차 - 기타,교차로운행방법위반,건조,맑음,교차로 - 교차로안,승용,여,32세,부상신고,승용,남,59세,경상
2015042900100480,2015년 4월 29일 17시,수요일,대구광역시 중구 삼덕동1가,경상사고,0,0,1,0,차대사람 - 횡단중,보행자보호의무위반,건조,맑음,단일로 - 횡단보도상,이륜,남,21세,상해없음,보행자,여,39세,경상
2015042900100481,2015년 4월 29일 17시,수요일,대구광역시 북구 매천동,경상사고,0,0,2,0,차대차 - 측면직각충돌,안전운전불이행,습기,기타,단일로 - 교량,승용,남,39세,상해없음,승용,남,29세,경상
2015042900100522,2015년 4월 29일 18시,수요일,대구광역시 수성구 지산동,경상사고,0,0,1,0,차대사람 - 기타,보행자보호의무위반,건조,맑음,단일로 - 횡단보도상,기타불명,기타불명,기타불명,기타불명,보행자,남,17세,경상
2015042900100523,2015년 4월 29일 18시,수요일,대구광역시 달서구 신당동,경상사고,0,0,1,1,차대차 - 기타,안전운전불이행,건조,맑음,단일로 - 기타,승용,남,34세,부상신고,승용,남,50세,경상
2015042900100588,2015년 4월 29일 20시,수요일,대구광역시 동구 효목동,경상사고,0,0,2,0,차대차 - 추돌 - 진행중,안전거리미확보,건조,맑음,단일로 - 기타,승용,남,49세,상해없음,승용,남,67세,상해없음
2015042900100589,2015년 4월 29일 20시,수요일,대구광역시 수성구 두산동,중상사고,0,1,0,0,차대차 - 측면직각충돌,안전거리미확보,건조,맑음,교차로 - 교차로부근,승용,남,46세,상해없음,이륜,남,21세,중상
2015042900100590,2015년 4월 29일 20시,수요일,대구광역시 중구 동성로3가,중상사고,0,1,0,0,차대사람 - 횡단중,신호위반,건조,맑음,단일로 - 기타,승용,남,19세,상해없음,보행자,남,20세,중상
2015042900100591,2015년 4월 29일 20시,수요일,대구광역시 달서구 신당동,중상사고,0,1,0,0,차대사람 - 횡단중,보행자보호의무위반,건조,맑음,단일로 - 횡단보도상,승용,남,62세,상해없음,보행자,여,52세,중상
2015042900100624,2015년 4월 29일 21시,수요일,대구광역시 달서구 두류동,경상사고,0,0,1,0,차대차 - 기타,안전운전불이행,기타,흐림,기타 - 기타,승용,여,47세,상해없음,승용,여,31세,상해없음
2015042900100625,2015년 4월 29일 21시,수요일,대구광역시 북구 구암동,경상사고,0,0,1,0,차대차 - 측면직각충돌,신호위반,건조,맑음,교차로 - 교차로안,승용,남,45세,상해없음,승용,여,48세,경상
2015042900100652,2015년 4월 29일 22시,수요일,대구광역시 달서구 본리동,경상사고,0,0,1,0,차대차 - 기타,중앙선침범,건조,맑음,기타 - 기타,승용,여,48세,상해없음,자전거,남,15세,경상
2015042900100676,2015년 4월 29일 23시,수요일,대구광역시 수성구 매호동,경상사고,0,0,2,0,차대차 - 측면직각충돌,안전운전불이행,건조,맑음,단일로 - 기타,승용,남,55세,상해없음,승용,여,25세,경상
2015043000100044,2015년 4월 30일 01시,목요일,대구광역시 동구 신암동,중상사고,0,1,0,0,차대차 - 기타,안전운전불이행,건조,맑음,단일로 - 횡단보도부근,승용,남,28세,상해없음,승용,여,37세,중상
2015043000100045,2015년 4월 30일 01시,목요일,대구광역시 달서구 신당동,중상사고,0,1,0,0,차대차 - 정면충돌,안전운전불이행,건조,맑음,교차로 - 교차로안,승용,남,32세,상해없음,승용,남,49세,중상
2015043000100072,2015년 4월 30일 04시,목요일,대구광역시 북구 검단동,중상사고,0,1,0,0,차대차 - 기타,안전운전불이행,건조,맑음,교차로 - 교차로부근,승용,남,49세,상해없음,자전거,여,69세,중상
2015043000100117,2015년 4월 30일 07시,목요일,대구광역시 북구 국우동,중상사고,0,1,0,0,차량단독 - 전도전복,기타,건조,맑음,단일로 - 기타,승합,남,54세,상해없음,,,,
2015043000100150,2015년 4월 30일 08시,목요일,대구광역시 동구 검사동,중상사고,0,1,0,0,차대사람 - 횡단중,보행자보호의무위반,건조,맑음,단일로 - 횡단보도상,화물,남,40세,상해없음,보행자,여,83세,중상
2015043000100185,2015년 4월 30일 09시,목요일,대구광역시 수성구 수성동1가,중상사고,0,1,0,0,차대사람 - 기타,보행자보호의무위반,건조,맑음,단일로 - 기타,승용,남,35세,상해없음,보행자,여,86세,중상
2015043000100186,2015년 4월 30일 09시,목요일,대구광역시 수성구 지산동,중상사고,0,1,0,0,차대차 - 기타,안전거리미확보,건조,맑음,단일로 - 기타,승용,남,56세,상해없음,승합,남,57세,상해없음
2015043000100214,2015년 4월 30일 10시,목요일,대구광역시 동구 효목동,중상사고,0,1,0,0,차대차 - 측면직각충돌,안전운전불이행,건조,맑음,단일로 - 기타,승용,남,19세,상해없음,승용,남,64세,중상
2015043000100215,2015년 4월 30일 10시,목요일,대구광역시 달서구 월암동,경상사고,0,0,1,0,차대차 - 측면직각충돌,교차로운행방법위반,건조,맑음,교차로 - 교차로안,승용,남,36세,상해없음,승용,여,32세,경상
2015043000100242,2015년 4월 30일 11시,목요일,대구광역시 서구 비산동,경상사고,0,0,2,0,차대차 - 기타,안전운전불이행,건조,맑음,단일로 - 기타,화물,남,22세,상해없음,승용,남,35세,경상
2015043000100243,2015년 4월 30일 11시,목요일,대구광역시 서구 내당동,경상사고,0,0,1,0,차대차 - 측면직각충돌,안전운전불이행,건조,맑음,단일로 - 기타,원동기,남,17세,경상,승용,남,65세,상해없음
2015043000100310,2015년 4월 30일 13시,목요일,대구광역시 수성구 신매동,중상사고,0,1,0,0,차대사람 - 길가장자리구역통행중,기타,건조,맑음,교차로 - 교차로안,승용,남,57세,상해없음,보행자,남,8세,중상
2015043000100351,2015년 4월 30일 14시,목요일,대구광역시 동구 불로동,경상사고,0,0,2,0,차대차 - 기타,교차로운행방법위반,건조,맑음,교차로 - 교차로안,이륜,남,17세,경상,승용,남,23세,경상
2015043000100352,2015년 4월 30일 14시,목요일,대구광역시 달성군 현풍면,부상신고사고,0,0,0,1,차대차 - 측면직각충돌,신호위반,건조,맑음,교차로 - 교차로안,원동기,남,61세,부상신고,화물,여,45세,상해없음
2015043000100353,2015년 4월 30일 14시,목요일,대구광역시 중구 동성로2가,중상사고,0,1,0,0,차대사람 - 길가장자리구역통행중,안전운전불이행,건조,맑음,단일로 - 기타,기타불명,기타불명,기타불명,기타불명,보행자,여,15세,중상
2015043000100404,2015년 4월 30일 15시,목요일,대구광역시 달서구 본동,경상사고,0,0,3,0,차대차 - 측면직각충돌,교차로운행방법위반,건조,맑음,교차로 - 교차로안,승용,남,22세,상해없음,승용,남,30세,상해없음
2015043000100405,2015년 4월 30일 15시,목요일,대구광역시 북구 금호동,중상사고,0,1,0,1,차대차 - 측면직각충돌,안전운전불이행,건조,맑음,단일로 - 기타,화물,남,76세,부상신고,화물,남,31세,중상
2015043000100406,2015년 4월 30일 15시,목요일,대구광역시 서구 내당동,경상사고,0,0,2,0,차대차 - 기타,차로위반,건조,맑음,단일로 - 기타,승합,남,47세,상해없음,승용,남,43세,경상
2015043000100448,2015년 4월 30일 16시,목요일,대구광역시 수성구 만촌동,경상사고,0,0,1,0,차대사람 - 차도통행중,안전운전불이행,건조,맑음,단일로 - 기타,기타불명,기타불명,기타불명,기타불명,보행자,남,18세,경상
2015043000100449,2015년 4월 30일 16시,목요일,대구광역시 서구 비산동,중상사고,0,1,0,0,차대사람 - 횡단중,안전운전불이행,건조,맑음,단일로 - 기타,화물,남,75세,상해없음,보행자,여,75세,중상
2015043000100450,2015년 4월 30일 16시,목요일,대구광역시 달서구 본리동,중상사고,0,1,0,0,차대차 - 측면직각충돌,차로위반,건조,맑음,기타 - 기타,건설기계,남,50세,상해없음,이륜,남,30세,중상
2015043000100492,2015년 4월 30일 17시,목요일,대구광역시 동구 검사동,경상사고,0,0,1,0,차대차 - 측면직각충돌,안전운전불이행,건조,맑음,단일로 - 기타,자전거,남,14세,경상,승용,남,39세,상해없음
2015043000100493,2015년 4월 30일 17시,목요일,대구광역시 동구 신천동,경상사고,0,0,1,1,차대차 - 기타,직진우회전진행방해,건조,맑음,교차로 - 교차로안,승용,남,53세,상해없음,승용,남,66세,경상
2015043000100494,2015년 4월 30일 17시,목요일,대구광역시 수성구 사월동,중상사고,0,1,0,0,차대사람 - 횡단중,안전운전불이행,건조,맑음,단일로 - 횡단보도상,승용,남,45세,상해없음,보행자,남,65세,중상
2015043000100495,2015년 4월 30일 17시,목요일,대구광역시 달서구 도원동,경상사고,0,0,3,0,차대차 - 기타,안전운전불이행,건조,맑음,단일로 - 기타,승용,남,54세,상해없음,화물,남,58세,경상
2015043000100535,2015년 4월 30일 18시,목요일,대구광역시 동구 신기동,경상사고,0,0,1,0,차대차 - 기타,신호위반,건조,맑음,교차로 - 교차로안,승용,여,66세,상해없음,승용,남,36세,경상
2015043000100536,2015년 4월 30일 18시,목요일,대구광역시 동구 각산동,경상사고,0,0,1,0,차대차 - 기타,교차로운행방법위반,건조,맑음,단일로 - 기타,승용,여,30세,상해없음,자전거,남,7세,경상
2015043000100537,2015년 4월 30일 18시,목요일,대구광역시 수성구 지산동,경상사고,0,0,1,0,차대차 - 기타,교차로운행방법위반,건조,맑음,교차로 - 교차로안,승용,남,47세,상해없음,자전거,남,20세,경상
2015043000100538,2015년 4월 30일 18시,목요일,대구광역시 중구 문화동,중상사고,0,1,0,0,차대차 - 추돌 - 주정차중,기타,건조,맑음,단일로 - 기타,승용,남,59세,상해없음,이륜,남,41세,중상
2015043000100539,2015년 4월 30일 18시,목요일,대구광역시 중구 남산동,경상사고,0,0,1,0,차대사람 - 기타,안전운전불이행,건조,맑음,기타 - 기타,자전거,남,12세,상해없음,보행자,여,70세,경상
2015043000100540,2015년 4월 30일 18시,목요일,대구광역시 달서구 이곡동,경상사고,0,0,1,0,차대차 - 기타,안전운전불이행,건조,맑음,단일로 - 기타,승용,남,33세,상해없음,승용,남,48세,경상
2015043000100570,2015년 4월 30일 19시,목요일,대구광역시 수성구 범어동,중상사고,0,1,0,0,차대차 - 기타,안전운전불이행,건조,맑음,단일로 - 기타,승용,남,72세,상해없음,승용,여,54세,중상
2015043000100571,2015년 4월 30일 19시,목요일,대구광역시 달서구 월성동,경상사고,0,0,1,0,차대차 - 측면직각충돌,안전운전불이행,건조,맑음,단일로 - 기타,승용,여,58세,상해없음,자전거,남,13세,경상
2015043000100608,2015년 4월 30일 20시,목요일,대구광역시 수성구 시지동,경상사고,0,0,1,0,차대차 - 측면직각충돌,교차로운행방법위반,건조,맑음,교차로 - 교차로안,승용,기타불명,기타불명,기타불명,자전거,남,39세,경상
2015043000100696,2015년 4월 30일 22시,목요일,대구광역시 동구 신서동,경상사고,0,0,1,0,차대차 - 기타,안전운전불이행,건조,맑음,단일로 - 기타,화물,남,35세,상해없음,원동기,남,17세,경상
2015043000100697,2015년 4월 30일 22시,목요일,대구광역시 북구 노원동3가,중상사고,0,2,5,0,차대차 - 측면직각충돌,중앙선침범,건조,맑음,단일로 - 기타,승용,남,57세,상해없음,승용,남,36세,경상
2015043000100724,2015년 4월 30일 23시,목요일,대구광역시 북구 침산동,중상사고,0,1,0,0,차대사람 - 횡단중,안전운전불이행,건조,맑음,단일로 - 횡단보도상,승용,남,22세,상해없음,보행자,남,49세,중상
2015043000100725,2015년 4월 30일 23시,목요일,대구광역시 북구 복현동,중상사고,0,1,0,0,차량단독 - 공작물충돌,안전운전불이행,건조,맑음,단일로 - 기타,이륜,남,41세,중상,,,,
2015043000100726,2015년 4월 30일 23시,목요일,대구광역시 서구 이현동,중상사고,0,1,0,0,차대차 - 기타,안전운전불이행,건조,맑음,단일로 - 교량,이륜,남,22세,상해없음,승용,여,45세,중상
2015043000100727,2015년 4월 30일 23시,목요일,대구광역시 달서구 본리동,중상사고,0,1,0,0,차대차 - 추돌 - 주정차중,안전운전불이행,건조,맑음,단일로 - 기타,승용,남,45세,상해없음,승용,남,46세,중상
2015043000100728,2015년 4월 30일 23시,목요일,대구광역시 달서구 파호동,경상사고,0,0,1,0,차대차 - 기타,중앙선침범,건조,맑음,단일로 - 기타,승용,남,48세,상해없음,승용,남,48세,경상
2015043000100729,2015년 4월 30일 23시,목요일,대구광역시 달서구 갈산동,중상사고,0,1,0,0,차대차 - 추돌 - 진행중,안전운전불이행,건조,맑음,단일로 - 기타,승용,여,48세,상해없음,이륜,남,21세,중상
2015050100100023,2015년 5월 1일 00시,금요일,대구광역시 달서구 대천동,경상사고,0,0,1,0,차량단독 - 전도전복,안전운전불이행,건조,맑음,교차로 - 교차로부근,승용,남,22세,경상,,,,
2015050100100052,2015년 5월 1일 01시,금요일,대구광역시 동구 효목동,경상사고,0,0,3,0,차대차 - 측면직각충돌,신호위반,건조,맑음,교차로 - 교차로안,승용,남,56세,상해없음,승용,남,22세,경상
2015050100100067,2015년 5월 1일 02시,금요일,대구광역시 중구 삼덕동1가,중상사고,0,1,0,0,차대차 - 측면직각충돌,안전운전불이행,건조,맑음,단일로 - 기타,이륜,남,19세,중상,승용,남,26세,상해없음
2015050100100068,2015년 5월 1일 02시,금요일,대구광역시 북구 서변동,경상사고,0,0,1,1,차대차 - 측면직각충돌,신호위반,건조,맑음,교차로 - 교차로안,승용,남,31세,부상신고,승용,여,31세,경상
2015050100100103,2015년 5월 1일 05시,금요일,대구광역시 수성구 범어동,경상사고,0,0,1,0,차대차 - 측면직각충돌,신호위반,건조,맑음,교차로 - 교차로안,승용,남,70세,상해없음,승용,남,37세,경상
2015050100100195,2015년 5월 1일 09시,금요일,대구광역시 동구 불로동,중상사고,0,6,1,0,차대차 - 추돌 - 주정차중,안전운전불이행,건조,맑음,단일로 - 기타,화물,남,45세,상해없음,승용,여,35세,중상
2015050100100200,2015년 5월 1일 09시,금요일,대구광역시 북구 칠성동2가,경상사고,0,0,1,0,차대차 - 측면직각충돌,안전운전불이행,건조,맑음,단일로 - 기타,화물,남,25세,상해없음,이륜,남,78세,경상
2015050100100201,2015년 5월 1일 09시,금요일,대구광역시 서구 평리동,중상사고,0,1,0,0,차대사람 - 기타,신호위반,건조,맑음,단일로 - 기타,원동기,남,16세,상해없음,보행자,여,9세,중상
2015050100100202,2015년 5월 1일 09시,금요일,대구광역시 북구 태전동,경상사고,0,0,1,0,차대차 - 측면직각충돌,안전거리미확보,건조,맑음,단일로 - 기타,화물,남,51세,상해없음,승용,남,65세,경상
2015050100100234,2015년 5월 1일 10시,금요일,대구광역시 중구 삼덕동3가,중상사고,0,2,0,0,차대차 - 측면직각충돌,신호위반,건조,맑음,교차로 - 교차로안,승용,남,65세,상해없음,승용,남,62세,중상
2015050100100268,2015년 5월 1일 11시,금요일,대구광역시 수성구 만촌동,경상사고,0,0,1,0,차대차 - 측면직각충돌,기타,건조,맑음,단일로 - 기타,승용,남,54세,상해없음,자전거,남,18세,경상
2015050100100269,2015년 5월 1일 11시,금요일,대구광역시 달서구 본동,경상사고,0,0,1,0,차대차 - 측면직각충돌,안전운전불이행,건조,맑음,단일로 - 기타,이륜,여,31세,경상,화물,남,32세,상해없음