사고번호,사고일시,요일,시군구,사고내용,사망자수,중상자수,경상자수,부상신고자수,사고유형,법규위반,노면상태,기상상태,도로형태,가해운전자 차종,가해운전자 성별,가해운전자 연령,가해운전자 상해정도,피해운전자 차종,피해운전자 성별,피해운전자 연령,피해운전자 상해정도
2015050100100270,2015년 5월 1일 11시,금요일,대구광역시 중구 태평로1가,중상사고,0,1,0,0,차대차 - 측면직각충돌,안전운전불이행,건조,맑음,교차로 - 교차로부근,승용,여,29세,상해없음,승용,여,36세,중상
2015050100100271,2015년 5월 1일 11시,금요일,대구광역시 북구 구암동,경상사고,0,0,1,0,차량단독 - 공작물충돌,안전운전불이행,건조,맑음,단일로 - 기타,자전거,여,70세,경상,,,,
2015050100100318,2015년 5월 1일 12시,금요일,대구광역시 중구 삼덕동2가,중상사고,0,1,0,0,차대차 - 측면직각충돌,안전운전불이행,건조,맑음,단일로 - 기타,이륜,남,17세,기타불명,승용,남,59세,상해없음
2015050100100357,2015년 5월 1일 13시,금요일,대구광역시 동구 불로동,경상사고,0,0,1,0,차대사람 - 차도통행중,안전운전불이행,건조,맑음,단일로 - 기타,승용,여,68세,기타불명,보행자,남,81세,경상
2015050100100358,2015년 5월 1일 13시,금요일,대구광역시 달서구 이곡동,경상사고,0,0,2,0,차대차 - 측면직각충돌,교차로운행방법위반,건조,맑음,교차로 - 교차로안,승용,남,44세,경상,승용,남,55세,경상
2015050100100398,2015년 5월 1일 14시,금요일,대구광역시 남구 대명동,중상사고,0,2,0,0,차대사람 - 횡단중,안전운전불이행,건조,맑음,단일로 - 횡단보도부근,원동기,남,37세,중상,보행자,남,11세,중상
2015050100100399,2015년 5월 1일 14시,금요일,대구광역시 수성구 범어동,중상사고,0,1,0,0,차대차 - 추돌 - 진행중,안전운전불이행,건조,맑음,단일로 - 기타,승용,남,65세,상해없음,승용,여,47세,중상
2015050100100400,2015년 5월 1일 14시,금요일,대구광역시 달서구 월성동,중상사고,0,1,0,0,차대차 - 기타,기타,건조,맑음,단일로 - 기타,자전거,여,58세,중상,승용,남,75세,상해없음
2015050100100401,2015년 5월 1일 14시,금요일,대구광역시 북구 복현동,중상사고,0,1,0,0,차대차 - 기타,기타,건조,맑음,기타 - 기타,승합,남,66세,상해없음,이륜,남,34세,중상
2015050100100402,2015년 5월 1일 14시,금요일,대구광역시 서구 평리동,경상사고,0,0,1,0,차대차 - 추돌 - 진행중,교차로운행방법위반,건조,맑음,교차로 - 교차로안,이륜,남,73세,경상,승용,남,27세,상해없음
2015050100100436,2015년 5월 1일 15시,금요일,대구광역시 수성구 가천동,경상사고,0,0,2,0,차대차 - 기타,차로위반,건조,맑음,단일로 - 기타,승용,남,54세,상해없음,승용,남,33세,경상
2015050100100468,2015년 5월 1일 16시,금요일,대구광역시 남구 대명동,중상사고,0,1,1,0,차대차 - 측면직각충돌,차로위반,건조,맑음,단일로 - 기타,승용,남,76세,상해없음,승용,남,38세,경상
2015050100100469,2015년 5월 1일 16시,금요일,대구광역시 수성구 범어동,중상사고,0,1,0,0,차대차 - 측면직각충돌,안전운전불이행,건조,맑음,교차로 - 교차로부근,승용,남,49세,상해없음,이륜,남,16세,중상
2015050100100470,2015년 5월 1일 16시,금요일,대구광역시 서구 비산동,경상사고,0,0,1,0,차대사람 - 보도통행중,안전운전불이행,건조,맑음,단일로 - 기타,자전거,여,20세,상해없음,보행자,여,75세,경상
2015050100100471,2015년 5월 1일 16시,금요일,대구광역시 중구 동인동3가,경상사고,0,0,1,0,차대차 - 추돌 - 주정차중,안전운전불이행,건조,맑음,교차로 - 교차로부근,승용,남,73세,상해없음,승용,남,32세,경상
2015050100100529,2015년 5월 1일 17시,금요일,대구광역시 동구 신암동,경상사고,0,0,3,0,차대차 - 측면직각충돌,중앙선침범,건조,맑음,단일로 - 기타,승용,여,48세,경상,이륜,남,35세,경상
2015050100100530,2015년 5월 1일 17시,금요일,대구광역시 달서구 송현동,중상사고,0,1,0,0,차대사람 - 기타,안전운전불이행,건조,맑음,단일로 - 기타,승용,여,46세,상해없음,보행자,남,19세,중상
2015050100100531,2015년 5월 1일 17시,금요일,대구광역시 달성군 다사읍,중상사고,0,1,1,0,차대사람 - 횡단중,안전운전불이행,건조,맑음,단일로 - 횡단보도상,자전거,남,54세,중상,보행자,남,6세,경상
2015050100100571,2015년 5월 1일 18시,금요일,대구광역시 남구 대명동,경상사고,0,0,4,1,차대차 - 측면직각충돌,차로위반,건조,맑음,단일로 - 기타,승용,여,27세,부상신고,승용,남,19세,경상
2015050100100572,2015년 5월 1일 18시,금요일,대구광역시 동구 신기동,중상사고,0,1,1,0,차대사람 - 횡단중,보행자보호의무위반,건조,맑음,단일로 - 횡단보도상,승용,남,34세,상해없음,보행자,남,77세,경상
2015050100100573,2015년 5월 1일 18시,금요일,대구광역시 수성구 황금동,경상사고,0,0,1,0,차대차 - 측면직각충돌,안전운전불이행,건조,맑음,단일로 - 기타,이륜,남,48세,경상,승용,남,55세,상해없음
2015050100100574,2015년 5월 1일 18시,금요일,대구광역시 달성군 가창면,중상사고,0,1,0,0,차대차 - 추돌 - 진행중,안전운전불이행,건조,맑음,단일로 - 기타,화물,남,70세,상해없음,자전거,남,75세,중상
2015050100100575,2015년 5월 1일 18시,금요일,대구광역시 중구 동인동4가,중상사고,0,1,0,0,차대차 - 추돌 - 진행중,안전운전불이행,건조,맑음,단일로 - 기타,자전거,남,17세,상해없음,자전거,여,61세,중상
2015050100100614,2015년 5월 1일 19시,금요일,대구광역시 수성구 지산동,경상사고,0,0,1,0,차대사람 - 기타,보행자보호의무위반,건조,맑음,단일로 - 횡단보도상,승용,남,55세,상해없음,보행자,남,54세,경상
2015050100100615,2015년 5월 1일 19시,금요일,대구광역시 달서구 진천동,부상신고사고,0,0,0,1,차대사람 - 기타,안전운전불이행,건조,맑음,단일로 - 기타,승용,남,71세,상해없음,보행자,남,4세,부상신고
2015050100100616,2015년 5월 1일 19시,금요일,대구광역시 서구 평리동,경상사고,0,0,1,0,차대차 - 측면직각충돌,안전운전불이행,건조,맑음,단일로 - 기타,승용,남,28세,상해없음,이륜,남,50세,경상
2015050100100617,2015년 5월 1일 19시,금요일,대구광역시 서구 내당동,경상사고,0,0,4,0,차대차 - 추돌 - 주정차중,안전거리미확보,건조,맑음,교차로 - 교차로부근,승용,남,24세,상해없음,승용,남,64세,경상
2015050100100618,2015년 5월 1일 19시,금요일,대구광역시 달서구 이곡동,경상사고,0,0,2,1,차대차 - 기타,안전운전불이행,건조,맑음,교차로 - 교차로안,승용,여,34세,부상신고,승용,남,28세,경상
2015050100100668,2015년 5월 1일 21시,금요일,대구광역시 동구 검사동,경상사고,0,0,1,0,차대차 - 측면직각충돌,안전운전불이행,건조,맑음,단일로 - 기타,이륜,남,23세,경상,승용,남,57세,상해없음
2015050100100669,2015년 5월 1일 21시,금요일,대구광역시 동구 신천동,경상사고,0,0,1,0,차대차 - 기타,안전운전불이행,건조,맑음,단일로 - 기타,승합,남,68세,상해없음,승용,남,32세,경상
2015050100100703,2015년 5월 1일 22시,금요일,대구광역시 동구 효목동,경상사고,0,0,4,0,차대차 - 기타,안전운전불이행,건조,맑음,단일로 - 기타,승용,남,26세,상해없음,승용,남,39세,경상
2015050100100704,2015년 5월 1일 22시,금요일,대구광역시 동구 중대동,경상사고,0,0,1,0,차대사람 - 기타,안전운전불이행,건조,맑음,단일로 - 기타,승용,남,23세,상해없음,보행자,남,51세,경상
2015050100100705,2015년 5월 1일 22시,금요일,대구광역시 수성구 범물동,경상사고,0,0,2,1,차대차 - 기타,신호위반,건조,맑음,교차로 - 교차로안,이륜,남,48세,부상신고,승용,남,57세,경상
2015050100100706,2015년 5월 1일 22시,금요일,대구광역시 달서구 대천동,부상신고사고,0,0,0,1,차대차 - 기타,안전운전불이행,건조,맑음,단일로 - 기타,승용,남,39세,상해없음,자전거,남,12세,부상신고
2015050100100722,2015년 5월 1일 23시,금요일,대구광역시 달서구 상인동,부상신고사고,0,0,0,2,차대사람 - 횡단중,보행자보호의무위반,건조,맑음,교차로 - 교차로안,승용,남,45세,상해없음,보행자,여,18세,부상신고
2015050200100015,2015년 5월 2일 00시,토요일,대구광역시 동구 신천동,부상신고사고,0,0,0,1,차대차 - 기타,안전거리미확보,건조,맑음,단일로 - 기타,이륜,남,21세,부상신고,승용,남,35세,상해없음
2015050200100073,2015년 5월 2일 04시,토요일,대구광역시 중구 대봉동,경상사고,0,0,2,0,차대차 - 추돌 - 진행중,안전운전불이행,건조,맑음,교차로 - 교차로안,승용,남,27세,상해없음,승용,남,44세,경상
2015050200100083,2015년 5월 2일 05시,토요일,대구광역시 서구 평리동,중상사고,0,1,3,0,차대차 - 추돌 - 주정차중,안전운전불이행,건조,맑음,단일로 - 기타,화물,남,33세,상해없음,승용,남,36세,경상
2015050200100084,2015년 5월 2일 05시,토요일,대구광역시 달서구 신당동,중상사고,0,1,0,0,차대차 - 기타,신호위반,건조,맑음,교차로 - 교차로안,승용,남,71세,상해없음,승용,남,55세,중상
2015050200100096,2015년 5월 2일 06시,토요일,대구광역시 달서구 상인동,사망사고,1,0,0,0,차대사람 - 횡단중,기타,건조,맑음,단일로 - 기타,승용,남,25세,상해없음,보행자,남,32세,사망
2015050200100108,2015년 5월 2일 07시,토요일,대구광역시 서구 내당동,중상사고,0,1,1,3,차대차 - 추돌 - 주정차중,안전거리미확보,건조,맑음,단일로 - 기타,승합,남,50세,상해없음,승용,남,63세,중상
2015050200100154,2015년 5월 2일 09시,토요일,대구광역시 수성구 시지동,부상신고사고,0,0,0,1,차대차 - 측면직각충돌,교차로운행방법위반,건조,맑음,교차로 - 교차로안,승용,여,27세,상해없음,이륜,남,83세,상해없음
2015050200100196,2015년 5월 2일 10시,토요일,대구광역시 동구 신서동,경상사고,0,0,1,0,차대사람 - 차도통행중,안전운전불이행,건조,맑음,단일로 - 기타,승용,여,61세,상해없음,보행자,남,77세,경상
2015050200100227,2015년 5월 2일 11시,토요일,대구광역시 동구 방촌동,경상사고,0,0,1,0,차대차 - 기타,안전운전불이행,건조,맑음,단일로 - 기타,승용,남,42세,상해없음,이륜,남,20세,경상
2015050200100228,2015년 5월 2일 11시,토요일,대구광역시 수성구 범물동,중상사고,0,1,0,0,차량단독 - 기타,안전운전불이행,건조,맑음,교차로 - 교차로부근,승합,남,58세,상해없음,,,,
2015050200100229,2015년 5월 2일 11시,토요일,대구광역시 달서구 송현동,경상사고,0,0,2,0,차대차 - 기타,안전운전불이행,건조,맑음,단일로 - 기타,승용,남,34세,경상,승용,여,29세,경상
2015050200100230,2015년 5월 2일 11시,토요일,대구광역시 중구 삼덕동1가,중상사고,0,2,0,0,차대차 - 추돌 - 진행중,안전거리미확보,건조,맑음,교차로 - 교차로부근,승합,남,45세,상해없음,승용,남,83세,중상
2015050200100267,2015년 5월 2일 12시,토요일,대구광역시 달서구 본리동,경상사고,0,0,1,0,차대차 - 측면직각충돌,교차로운행방법위반,건조,맑음,교차로 - 교차로안,승용,여,33세,상해없음,이륜,남,51세,경상
2015050200100268,2015년 5월 2일 12시,토요일,대구광역시 달서구 두류동,경상사고,0,0,1,0,차대차 - 추돌 - 주정차중,안전운전불이행,건조,맑음,교차로 - 교차로안,자전거,남,56세,경상,승용,남,37세,상해없음
2015050200100269,2015년 5월 2일 12시,토요일,대구광역시 북구 읍내동,경상사고,0,0,1,0,차대차 - 측면직각충돌,안전운전불이행,건조,맑음,단일로 - 기타,승용,남,47세,상해없음,자전거,남,13세,경상
2015050200100306,2015년 5월 2일 13시,토요일,대구광역시 남구 대명동,경상사고,0,0,1,0,차량단독 - 전도전복,안전운전불이행,건조,맑음,단일로 - 기타,이륜,남,72세,경상,,,,
2015050200100307,2015년 5월 2일 13시,토요일,대구광역시 중구 대봉동,경상사고,0,0,1,1,차대차 - 추돌 - 진행중,안전운전불이행,건조,맑음,단일로 - 기타,화물,남,73세,부상신고,건설기계,남,49세,경상
2015050200100351,2015년 5월 2일 14시,토요일,대구광역시 서구 내당동,경상사고,0,0,1,0,차대차 - 측면직각충돌,안전운전불이행,건조,맑음,교차로 - 교차로부근,자전거,남,18세,경상,승용,남,48세,상해없음
2015050200100391,2015년 5월 2일 15시,토요일,대구광역시 중구 달성동,중상사고,0,1,1,2,차대차 - 추돌 - 진행중,안전운전불이행,건조,맑음,단일로 - 기타,승용,여,46세,상해없음,승용,남,68세,경상
2015050200100392,2015년 5월 2일 15시,토요일,대구광역시 중구 대신동,중상사고,0,1,2,1,차대차 - 측면직각충돌,직진우회전진행방해,건조,맑음,교차로 - 교차로안,이륜,남,46세,부상신고,승용,여,38세,경상
2015050200100479,2015년 5월 2일 17시,토요일,대구광역시 서구 평리동,경상사고,0,0,1,0,차대사람 - 기타,기타,건조,맑음,단일로 - 기타,승합,남,53세,기타불명,보행자,여,68세,경상
2015050200100480,2015년 5월 2일 17시,토요일,대구광역시 북구 구암동,경상사고,0,0,1,0,차대차 - 추돌 - 진행중,안전운전불이행,건조,맑음,기타 - 기타,승용,남,67세,상해없음,자전거,남,16세,경상
2015050200100508,2015년 5월 2일 18시,토요일,대구광역시 북구 동천동,중상사고,0,1,0,1,차대차 - 측면직각충돌,안전거리미확보,건조,맑음,단일로 - 기타,원동기,남,18세,부상신고,승용,남,43세,중상
2015050200100552,2015년 5월 2일 19시,토요일,대구광역시 남구 봉덕동,경상사고,0,0,2,0,차대차 - 측면직각충돌,안전운전불이행,건조,맑음,단일로 - 기타,이륜,남,21세,경상,이륜,남,44세,경상
2015050200100553,2015년 5월 2일 19시,토요일,대구광역시 달성군 현풍면,중상사고,0,1,0,0,차대사람 - 길가장자리구역통행중,안전운전불이행,건조,맑음,단일로 - 기타,승용,남,43세,상해없음,보행자,남,34세,중상
2015050200100593,2015년 5월 2일 20시,토요일,대구광역시 중구 태평로2가,경상사고,0,0,1,0,차대차 - 측면직각충돌,안전운전불이행,건조,맑음,교차로 - 교차로부근,승용,남,44세,상해없음,이륜,남,36세,경상
2015050200100594,2015년 5월 2일 20시,토요일,대구광역시 달서구 호림동,중상사고,0,2,0,0,차대사람 - 기타,안전운전불이행,건조,기타,단일로 - 횡단보도상,승용,남,36세,상해없음,보행자,여,51세,중상
2015050200100620,2015년 5월 2일 21시,토요일,대구광역시 동구 방촌동,중상사고,0,1,2,0,차대차 - 추돌 - 주정차중,안전운전불이행,건조,맑음,단일로 - 기타,승용,남,38세,상해없음,승용,여,50세,경상
2015050200100621,2015년 5월 2일 21시,토요일,대구광역시 서구 내당동,경상사고,0,0,1,0,차대차 - 기타,교차로운행방법위반,건조,맑음,교차로 - 교차로안,승용,남,57세,상해없음,승용,여,60세,경상
2015050200100622,2015년 5월 2일 21시,토요일,대구광역시 서구 비산동,부상신고사고,0,0,0,1,차대차 - 기타,불법유턴,건조,맑음,교차로 - 교차로안,자전거,여,47세,부상신고,승용,남,64세,상해없음
2015050200100623,2015년 5월 2일 21시,토요일,대구광역시 중구 공평동,중상사고,0,1,0,0,차대차 - 추돌 - 진행중,안전운전불이행,건조,맑음,단일로 - 기타,승용,남,19세,기타불명,승용,남,52세,중상
2015050200100669,2015년 5월 2일 22시,토요일,대구광역시 동구 신천동,경상사고,0,0,4,0,차대차 - 추돌 - 진행중,안전운전불이행,건조,맑음,단일로 - 기타,승용,남,51세,상해없음,승용,남,23세,경상
2015050200100670,2015년 5월 2일 22시,토요일,대구광역시 북구 읍내동,경상사고,0,0,3,0,차대차 - 측면직각충돌,안전운전불이행,건조,맑음,교차로 - 교차로부근,승용,남,40세,상해없음,승용,남,54세,경상
2015050200100708,2015년 5월 2일 23시,토요일,대구광역시 남구 봉덕동,경상사고,0,0,1,0,차대차 - 측면직각충돌,차로위반,건조,맑음,교차로 - 교차로부근,승용,여,50세,상해없음,승용,여,31세,경상
2015050200100709,2015년 5월 2일 23시,토요일,대구광역시 수성구 두산동,경상사고,0,0,1,0,차대차 - 추돌 - 진행중,안전운전불이행,건조,맑음,단일로 - 기타,승용,남,23세,상해없음,승용,여,39세,경상
2015050200100710,2015년 5월 2일 23시,토요일,대구광역시 중구 삼덕동1가,경상사고,0,0,2,0,차대차 - 추돌 - 진행중,중앙선침범,건조,맑음,단일로 - 기타,승용,남,28세,상해없음,승용,남,62세,경상
2015050200100711,2015년 5월 2일 23시,토요일,대구광역시 북구 서변동,중상사고,0,1,0,0,차대차 - 측면직각충돌,안전운전불이행,건조,흐림,교차로 - 교차로부근,승용,남,24세,상해없음,이륜,남,55세,중상
2015050300100049,2015년 5월 3일 01시,일요일,대구광역시 달서구 유천동,중상사고,0,2,1,0,차대차 - 추돌 - 주정차중,안전운전불이행,습기,비,교차로 - 교차로부근,승용,남,65세,상해없음,승용,남,46세,중상
2015050300100050,2015년 5월 3일 01시,일요일,대구광역시 중구 봉산동,부상신고사고,0,0,0,1,차대사람 - 길가장자리구역통행중,안전운전불이행,건조,맑음,단일로 - 기타,승용,남,33세,상해없음,보행자,남,52세,부상신고
2015050300100051,2015년 5월 3일 01시,일요일,대구광역시 달서구 두류동,경상사고,0,0,1,0,차대차 - 측면직각충돌,중앙선침범,습기,비,단일로 - 기타,승용,남,23세,상해없음,이륜,남,40세,경상
2015050300100072,2015년 5월 3일 02시,일요일,대구광역시 서구 내당동,경상사고,0,0,1,1,차대차 - 기타,불법유턴,습기,비,단일로 - 기타,승용,남,27세,상해없음,승용,남,59세,상해없음
2015050300100073,2015년 5월 3일 02시,일요일,대구광역시 달서구 두류동,경상사고,0,0,1,0,차대차 - 기타,안전운전불이행,습기,비,단일로 - 기타,승용,남,62세,상해없음,승용,남,56세,경상
2015050300100098,2015년 5월 3일 03시,일요일,대구광역시 중구 도원동,경상사고,0,0,1,0,차대차 - 측면직각충돌,안전운전불이행,습기,비,단일로 - 기타,승용,남,28세,상해없음,승용,남,27세,경상
2015050300100129,2015년 5월 3일 05시,일요일,대구광역시 남구 대명동,경상사고,0,0,2,0,차대차 - 측면직각충돌,교차로운행방법위반,습기,비,교차로 - 교차로안,승용,여,55세,경상,승용,남,27세,경상
2015050300100130,2015년 5월 3일 05시,일요일,대구광역시 수성구 범물동,경상사고,0,0,1,0,차대차 - 추돌 - 주정차중,안전운전불이행,습기,비,단일로 - 기타,승용,남,27세,기타불명,승합,남,54세,경상
2015050300100160,2015년 5월 3일 08시,일요일,대구광역시 동구 신천동,경상사고,0,0,2,0,차대차 - 추돌 - 진행중,안전운전불이행,습기,비,교차로 - 교차로부근,승용,남,54세,상해없음,승용,남,56세,경상
2015050300100161,2015년 5월 3일 08시,일요일,대구광역시 달서구 갈산동,경상사고,0,0,1,0,차대차 - 기타,안전거리미확보,습기,비,교차로 - 교차로부근,승용,남,65세,상해없음,승용,남,28세,경상
2015050300100201,2015년 5월 3일 10시,일요일,대구광역시 수성구 시지동,경상사고,0,0,2,0,차대차 - 측면직각충돌,중앙선침범,습기,비,단일로 - 기타,승용,여,55세,상해없음,승용,남,52세,경상
2015050300100220,2015년 5월 3일 11시,일요일,대구광역시 서구 내당동,경상사고,0,0,1,0,차대차 - 측면직각충돌,안전운전불이행,건조,맑음,단일로 - 기타,승용,남,43세,상해없음,승용,남,70세,상해없음
2015050300100221,2015년 5월 3일 11시,일요일,대구광역시 중구 삼덕동1가,경상사고,0,0,2,0,차대차 - 추돌 - 진행중,안전거리미확보,습기,비,교차로 - 교차로부근,승용,남,61세,상해없음,승용,남,30세,경상
2015050300100242,2015년 5월 3일 12시,일요일,대구광역시 동구 불로동,경상사고,0,0,1,0,차대차 - 추돌 - 진행중,안전운전불이행,건조,맑음,단일로 - 기타,승용,여,47세,상해없음,승용,여,65세,경상
2015050300100243,2015년 5월 3일 12시,일요일,대구광역시 달성군 유가면,중상사고,0,2,0,0,차대차 - 추돌 - 주정차중,안전운전불이행,건조,맑음,교차로 - 교차로부근,승용,남,50세,상해없음,승용,남,37세,중상
2015050300100282,2015년 5월 3일 14시,일요일,대구광역시 달성군 논공읍,중상사고,0,1,0,0,차대차 - 추돌 - 진행중,신호위반,건조,맑음,교차로 - 교차로안,승합,남,55세,상해없음,이륜,남,17세,중상
2015050300100304,2015년 5월 3일 15시,일요일,대구광역시 달성군 다사읍,경상사고,0,0,2,0,차대차 - 측면직각충돌,안전운전불이행,건조,맑음,교차로 - 교차로안,승용,남,72세,상해없음,승용,남,29세,상해없음
2015050300100305,2015년 5월 3일 15시,일요일,대구광역시 북구 침산동,부상신고사고,0,0,0,1,차량단독 - 기타,안전운전불이행,습기,비,단일로 - 기타,이륜,남,53세,부상신고,,,,
2015050300100346,2015년 5월 3일 16시,일요일,대구광역시 동구 용계동,경상사고,0,0,2,0,차대차 - 측면직각충돌,신호위반,건조,맑음,단일로 - 기타,승용,남,66세,상해없음,승용,남,66세,경상
2015050300100380,2015년 5월 3일 17시,일요일,대구광역시 달서구 용산동,중상사고,0,1,0,0,차대차 - 추돌 - 진행중,안전거리미확보,습기,비,단일로 - 기타,승용,남,40세,상해없음,승합,남,47세,중상
2015050300100409,2015년 5월 3일 18시,일요일,대구광역시 남구 봉덕동,중상사고,0,1,1,0,차대차 - 기타,안전운전불이행,건조,맑음,교차로 - 교차로안,승용,여,68세,상해없음,승용,남,42세,경상
2015050300100410,2015년 5월 3일 18시,일요일,대구광역시 남구 대명동,경상사고,0,0,1,0,차대차 - 기타,교차로운행방법위반,건조,맑음,교차로 - 교차로안,이륜,남,19세,경상,승용,여,23세,상해없음
2015050300100411,2015년 5월 3일 18시,일요일,대구광역시 수성구 황금동,사망사고,1,2,2,0,차대차 - 추돌 - 주정차중,안전운전불이행,습기,비,단일로 - 기타,승용,남,39세,상해없음,승용,남,57세,중상
2015050300100412,2015년 5월 3일 18시,일요일,대구광역시 달성군 옥포면,경상사고,0,0,1,0,차량단독 - 공작물충돌,안전운전불이행,습기,비,교차로 - 교차로부근,이륜,남,46세,경상,,,,
2015050300100413,2015년 5월 3일 18시,일요일,대구광역시 서구 비산동,경상사고,0,0,1,0,차대차 - 추돌 - 진행중,안전거리미확보,습기,비,단일로 - 기타,화물,남,55세,상해없음,이륜,남,48세,경상
2015050300100414,2015년 5월 3일 18시,일요일,대구광역시 서구 이현동,경상사고,0,0,2,0,차대차 - 기타,안전운전불이행,건조,맑음,단일로 - 기타,승용,남,40세,상해없음,승용,남,67세,경상
2015050300100436,2015년 5월 3일 19시,일요일,대구광역시 남구 봉덕동,부상신고사고,0,0,0,1,차대차 - 기타,신호위반,건조,맑음,교차로 - 교차로부근,이륜,남,40세,부상신고,승용,남,57세,상해없음
2015050300100437,2015년 5월 3일 19시,일요일,대구광역시 달서구 송현동,경상사고,0,0,1,0,차대차 - 측면직각충돌,안전운전불이행,건조,맑음,교차로 - 교차로안,승용,남,67세,상해없음,원동기,남,36세,경상
2015050300100508,2015년 5월 3일 21시,일요일,대구광역시 수성구 수성동3가,부상신고사고,0,0,0,1,차대차 - 측면직각충돌,안전운전불이행,건조,맑음,교차로 - 교차로안,이륜,남,17세,부상신고,화물,남,36세,상해없음
2015050300100509,2015년 5월 3일 21시,일요일,대구광역시 북구 산격동,중상사고,0,1,3,0,차대차 - 기타,신호위반,건조,맑음,교차로 - 교차로안,승용,여,29세,상해없음,화물,남,36세,중상
2015050400100009,2015년 5월 4일 00시,월요일,대구광역시 수성구 상동,경상사고,0,0,2,1,차량단독 - 공작물충돌,안전운전불이행,건조,맑음,교차로 - 교차로부근,승용,남,55세,상해없음,,,,
2015050400100020,2015년 5월 4일 02시,월요일,대구광역시 수성구 연호동,경상사고,0,0,1,0,차대차 - 추돌 - 주정차중,안전운전불이행,건조,맑음,단일로 - 기타,승용,남,21세,상해없음,승용,여,52세,경상
2015050400100021,2015년 5월 4일 02시,월요일,대구광역시 중구 덕산동,경상사고,0,0,1,0,차대차 - 추돌 - 주정차중,안전운전불이행,건조,맑음,교차로 - 교차로부근,승용,남,21세,상해없음,승용,남,36세,경상
2015050400100031,2015년 5월 4일 04시,월요일,대구광역시 중구 남산동,부상신고사고,0,0,0,1,차대차 - 추돌 - 주정차중,안전운전불이행,건조,맑음,단일로 - 기타,승용,남,47세,부상신고,승용,남,57세,상해없음
2015050400100049,2015년 5월 4일 06시,월요일,대구광역시 북구 매천동,경상사고,0,0,2,0,차대차 - 측면직각충돌,차로위반,건조,맑음,단일로 - 기타,화물,남,53세,상해없음,승용,남,57세,경상
2015050400100109,2015년 5월 4일 08시,월요일,대구광역시 수성구 범어동,중상사고,0,1,0,0,차대차 - 측면직각충돌,안전운전불이행,건조,맑음,단일로 - 기타,승합,남,63세,상해없음,승용,여,43세,중상
2015050400100110,2015년 5월 4일 08시,월요일,대구광역시 달성군 화원읍,경상사고,0,0,2,0,차대차 - 추돌 - 진행중,안전운전불이행,건조,맑음,교차로 - 교차로부근,승용,여,54세,상해없음,화물,남,54세,경상
2015050400100137,2015년 5월 4일 09시,월요일,대구광역시 중구 봉산동,부상신고사고,0,0,0,2,차대사람 - 기타,안전운전불이행,건조,맑음,단일로 - 기타,승용,남,23세,부상신고,보행자,남,32세,부상신고
2015050400100138,2015년 5월 4일 09시,월요일,대구광역시 중구 계산동2가,중상사고,0,1,0,0,차대차 - 측면직각충돌,신호위반,건조,맑음,단일로 - 횡단보도상,승용,남,47세,상해없음,이륜,남,71세,중상
2015050400100171,2015년 5월 4일 10시,월요일,대구광역시 수성구 범어동,경상사고,0,0,3,0,차대차 - 측면직각충돌,안전운전불이행,건조,맑음,단일로 - 기타,승용,남,59세,상해없음,승용,남,34세,경상
2015050400100172,2015년 5월 4일 10시,월요일,대구광역시 달성군 가창면,경상사고,0,0,2,0,차대차 - 측면직각충돌,안전운전불이행,건조,맑음,단일로 - 기타,건설기계,남,44세,상해없음,승용,남,55세,경상
2015050400100221,2015년 5월 4일 11시,월요일,대구광역시 동구 지저동,경상사고,0,0,1,0,차대사람 - 길가장자리구역통행중,안전운전불이행,건조,맑음,단일로 - 기타,승합,여,53세,기타불명,보행자,남,59세,경상
2015050400100222,2015년 5월 4일 11시,월요일,대구광역시 달서구 상인동,중상사고,0,1,0,0,차대사람 - 기타,안전운전불이행,건조,맑음,단일로 - 기타,승합,남,56세,상해없음,보행자,여,81세,중상
2015050400100223,2015년 5월 4일 11시,월요일,대구광역시 달서구 송현동,경상사고,0,0,1,0,차대차 - 기타,안전거리미확보,건조,맑음,교차로 - 교차로부근,승용,여,51세,상해없음,승용,남,47세,경상
2015050400100224,2015년 5월 4일 11시,월요일,대구광역시 달성군 현풍면,경상사고,0,0,1,0,차대차 - 정면충돌,안전운전불이행,건조,맑음,단일로 - 기타,화물,남,73세,상해없음,자전거,남,65세,경상
2015050400100225,2015년 5월 4일 11시,월요일,대구광역시 서구 평리동,경상사고,0,0,1,0,차대사람 - 길가장자리구역통행중,안전운전불이행,건조,맑음,단일로 - 기타,승용,남,56세,상해없음,보행자,여,73세,경상
2015050400100226,2015년 5월 4일 11시,월요일,대구광역시 달서구 장기동,경상사고,0,0,1,0,차대차 - 측면직각충돌,교차로운행방법위반,건조,맑음,교차로 - 교차로안,승용,남,61세,상해없음,화물,남,67세,경상
2015050400100227,2015년 5월 4일 11시,월요일,대구광역시 달서구 용산동,경상사고,0,0,1,0,차대차 - 추돌 - 주정차중,안전운전불이행,건조,맑음,단일로 - 기타,승용,남,71세,상해없음,승용,남,61세,경상
2015050400100268,2015년 5월 4일 12시,월요일,대구광역시 동구 율하동,경상사고,0,0,1,0,차대차 - 측면직각충돌,안전운전불이행,건조,맑음,교차로 - 교차로안,승용,여,47세,상해없음,자전거,여,39세,경상
2015050400100269,2015년 5월 4일 12시,월요일,대구광역시 동구 각산동,경상사고,0,0,3,0,차대차 - 측면직각충돌,신호위반,건조,맑음,교차로 - 교차로안,승용,여,25세,상해없음,승용,남,62세,경상
2015050400100270,2015년 5월 4일 12시,월요일,대구광역시 수성구 범어동,중상사고,0,1,0,0,차대차 - 측면직각충돌,안전운전불이행,건조,맑음,단일로 - 기타,승용,남,67세,상해없음,자전거,남,79세,중상
2015050400100271,2015년 5월 4일 12시,월요일,대구광역시 달서구 감삼동,경상사고,0,0,2,0,차대차 - 측면직각충돌,교차로운행방법위반,건조,맑음,교차로 - 교차로안,승용,남,29세,경상,승용,남,27세,경상