사고번호,사고일시,요일,시군구,사고내용,사망자수,중상자수,경상자수,부상신고자수,사고유형,법규위반,노면상태,기상상태,도로형태,가해운전자 차종,가해운전자 성별,가해운전자 연령,가해운전자 상해정도,피해운전자 차종,피해운전자 성별,피해운전자 연령,피해운전자 상해정도
2015050400100312,2015년 5월 4일 13시,월요일,대구광역시 동구 지저동,중상사고,0,1,0,0,차대차 - 기타,안전운전불이행,건조,맑음,단일로 - 기타,승용,남,55세,상해없음,이륜,남,51세,중상
2015050400100313,2015년 5월 4일 13시,월요일,대구광역시 서구 내당동,경상사고,0,0,1,0,차대사람 - 기타,안전운전불이행,건조,맑음,단일로 - 기타,승용,남,36세,상해없음,보행자,남,10세,경상
2015050400100314,2015년 5월 4일 13시,월요일,대구광역시 달서구 본리동,경상사고,0,0,1,0,차대사람 - 기타,안전운전불이행,건조,맑음,단일로 - 기타,승합,남,42세,상해없음,보행자,남,17세,경상
2015050400100361,2015년 5월 4일 14시,월요일,대구광역시 동구 괴전동,경상사고,0,0,1,0,차대차 - 기타,안전운전불이행,건조,맑음,단일로 - 횡단보도상,승용,여,40세,상해없음,자전거,남,63세,경상
2015050400100444,2015년 5월 4일 16시,월요일,대구광역시 수성구 범어동,경상사고,0,0,1,0,차대차 - 기타,안전거리미확보,건조,맑음,단일로 - 기타,승용,남,63세,상해없음,이륜,남,29세,상해없음
2015050400100445,2015년 5월 4일 16시,월요일,대구광역시 달서구 상인동,경상사고,0,0,1,0,차대차 - 측면직각충돌,신호위반,건조,맑음,단일로 - 기타,승용,여,43세,상해없음,원동기,남,35세,경상
2015050400100486,2015년 5월 4일 17시,월요일,대구광역시 북구 대현동,경상사고,0,0,3,0,차대차 - 추돌 - 진행중,안전운전불이행,건조,맑음,단일로 - 기타,승용,여,53세,상해없음,승용,남,32세,경상
2015050400100487,2015년 5월 4일 17시,월요일,대구광역시 달서구 상인동,경상사고,0,0,1,0,차대사람 - 기타,기타,건조,맑음,단일로 - 기타,자전거,남,16세,상해없음,보행자,여,60세,경상
2015050400100488,2015년 5월 4일 17시,월요일,대구광역시 서구 내당동,경상사고,0,0,1,0,차대차 - 정면충돌,안전운전불이행,건조,맑음,단일로 - 기타,승용,여,27세,상해없음,이륜,남,58세,경상
2015050400100489,2015년 5월 4일 17시,월요일,대구광역시 서구 비산동,중상사고,0,1,0,0,차대사람 - 기타,안전운전불이행,건조,맑음,단일로 - 기타,승용,남,24세,상해없음,보행자,남,60세,중상
2015050400100533,2015년 5월 4일 18시,월요일,대구광역시 동구 용계동,부상신고사고,0,0,0,2,차대차 - 측면직각충돌,안전운전불이행,건조,맑음,단일로 - 기타,이륜,남,17세,부상신고,화물,남,60세,상해없음
2015050400100534,2015년 5월 4일 18시,월요일,대구광역시 동구 방촌동,경상사고,0,0,1,0,차량단독 - 기타,안전운전불이행,건조,맑음,단일로 - 기타,이륜,남,17세,상해없음,,,,
2015050400100535,2015년 5월 4일 18시,월요일,대구광역시 동구 효목동,경상사고,0,0,1,0,차대차 - 기타,안전운전불이행,건조,맑음,교차로 - 교차로안,승용,여,37세,상해없음,승용,남,63세,경상
2015050400100536,2015년 5월 4일 18시,월요일,대구광역시 수성구 매호동,경상사고,0,0,1,0,차대사람 - 횡단중,보행자보호의무위반,건조,맑음,단일로 - 횡단보도상,승용,남,33세,상해없음,보행자,남,19세,경상
2015050400100537,2015년 5월 4일 18시,월요일,대구광역시 달서구 본동,중상사고,0,1,0,0,차량단독 - 기타,기타,건조,맑음,단일로 - 기타,승용,남,64세,상해없음,,,,
2015050400100538,2015년 5월 4일 18시,월요일,대구광역시 북구 동천동,경상사고,0,0,1,0,차대차 - 기타,안전운전불이행,건조,맑음,단일로 - 횡단보도부근,승용,남,46세,상해없음,자전거,여,19세,경상
2015050400100539,2015년 5월 4일 18시,월요일,대구광역시 북구 읍내동,경상사고,0,0,5,1,차대차 - 기타,안전운전불이행,건조,맑음,단일로 - 기타,승용,남,36세,부상신고,승용,여,57세,경상
2015050400100582,2015년 5월 4일 19시,월요일,대구광역시 수성구 황금동,중상사고,0,1,0,0,차대차 - 추돌 - 주정차중,안전운전불이행,건조,맑음,단일로 - 기타,승용,여,46세,기타불명,승용,여,38세,중상
2015050400100583,2015년 5월 4일 19시,월요일,대구광역시 서구 평리동,경상사고,0,0,2,0,차대차 - 기타,안전운전불이행,건조,맑음,교차로 - 교차로안,승용,남,46세,상해없음,승용,남,55세,경상
2015050400100584,2015년 5월 4일 19시,월요일,대구광역시 중구 대봉동,경상사고,0,0,3,0,차대차 - 추돌 - 진행중,안전운전불이행,건조,맑음,단일로 - 기타,승용,남,27세,상해없음,승용,남,33세,경상
2015050400100616,2015년 5월 4일 20시,월요일,대구광역시 동구 신암동,경상사고,0,0,3,0,차대차 - 추돌 - 주정차중,안전운전불이행,건조,맑음,교차로 - 교차로부근,승용,여,31세,상해없음,승용,남,27세,경상
2015050400100617,2015년 5월 4일 20시,월요일,대구광역시 북구 침산동,경상사고,0,0,2,0,차대차 - 추돌 - 주정차중,안전운전불이행,건조,맑음,단일로 - 기타,승용,남,28세,상해없음,승용,여,41세,경상
2015050400100618,2015년 5월 4일 20시,월요일,대구광역시 서구 평리동,경상사고,0,0,3,0,차대차 - 추돌 - 진행중,안전운전불이행,건조,맑음,교차로 - 교차로안,승용,남,58세,상해없음,승용,남,52세,경상
2015050400100640,2015년 5월 4일 21시,월요일,대구광역시 달서구 용산동,경상사고,0,0,1,0,차대차 - 측면직각충돌,안전거리미확보,건조,맑음,단일로 - 기타,승용,남,43세,상해없음,이륜,남,17세,경상
2015050400100704,2015년 5월 4일 23시,월요일,대구광역시 수성구 파동,중상사고,0,1,0,0,차대차 - 측면직각충돌,안전거리미확보,건조,맑음,교차로 - 교차로안,자전거,남,22세,중상,승용,남,49세,상해없음
2015050400100705,2015년 5월 4일 23시,월요일,대구광역시 달서구 본동,경상사고,0,0,2,0,차대차 - 기타,직진우회전진행방해,건조,맑음,교차로 - 교차로안,이륜,남,36세,경상,승용,여,43세,경상
2015050500100021,2015년 5월 5일 00시,화요일,대구광역시 달서구 신당동,경상사고,0,0,2,0,차대차 - 측면직각충돌,신호위반,건조,맑음,교차로 - 교차로안,기타불명,기타불명,기타불명,기타불명,승용,남,47세,경상
2015050500100031,2015년 5월 5일 01시,화요일,대구광역시 달서구 월암동,중상사고,0,1,0,0,차대사람 - 기타,안전운전불이행,건조,맑음,단일로 - 기타,승용,남,32세,상해없음,보행자,남,17세,중상
2015050500100032,2015년 5월 5일 01시,화요일,대구광역시 중구 대신동,중상사고,0,1,1,0,차대차 - 기타,신호위반,건조,맑음,교차로 - 교차로안,이륜,남,24세,중상,승용,남,35세,경상
2015050500100054,2015년 5월 5일 02시,화요일,대구광역시 서구 비산동,중상사고,0,1,0,0,차대사람 - 횡단중,안전운전불이행,건조,맑음,단일로 - 기타,승용,남,48세,상해없음,보행자,남,46세,중상
2015050500100055,2015년 5월 5일 02시,화요일,대구광역시 달서구 이곡동,경상사고,0,0,1,0,차대차 - 추돌 - 진행중,안전거리미확보,건조,맑음,단일로 - 기타,승합,남,23세,상해없음,승용,남,40세,경상
2015050500100069,2015년 5월 5일 03시,화요일,대구광역시 북구 관음동,중상사고,0,2,0,0,차대차 - 측면직각충돌,신호위반,건조,맑음,교차로 - 교차로안,승용,남,54세,상해없음,승용,남,28세,중상
2015050500100098,2015년 5월 5일 06시,화요일,대구광역시 수성구 만촌동,부상신고사고,0,0,0,1,차대차 - 정면충돌,중앙선침범,건조,맑음,교차로 - 교차로부근,승용,남,30세,부상신고,승합,남,57세,상해없음
2015050500100114,2015년 5월 5일 07시,화요일,대구광역시 남구 대명동,경상사고,0,0,2,0,차대차 - 기타,안전운전불이행,건조,맑음,단일로 - 기타,승용,남,35세,상해없음,승용,여,65세,경상
2015050500100115,2015년 5월 5일 07시,화요일,대구광역시 북구 태전동,경상사고,0,0,2,0,차대차 - 측면직각충돌,직진우회전진행방해,건조,맑음,교차로 - 교차로안,승용,여,62세,경상,승용,여,52세,경상
2015050500100134,2015년 5월 5일 08시,화요일,대구광역시 동구 미곡동,중상사고,0,1,0,0,차량단독 - 공작물충돌,안전운전불이행,건조,맑음,단일로 - 기타,승용,여,48세,중상,,,,
2015050500100143,2015년 5월 5일 09시,화요일,대구광역시 달성군 논공읍,부상신고사고,0,0,0,1,차대차 - 측면직각충돌,안전거리미확보,건조,맑음,교차로 - 교차로부근,원동기,남,67세,부상신고,승용,남,53세,상해없음
2015050500100166,2015년 5월 5일 10시,화요일,대구광역시 서구 내당동,경상사고,0,0,1,0,차대차 - 추돌 - 주정차중,안전운전불이행,건조,맑음,교차로 - 교차로부근,승용,여,23세,상해없음,승용,남,58세,상해없음
2015050500100200,2015년 5월 5일 11시,화요일,대구광역시 동구 효목동,경상사고,0,0,1,0,차대사람 - 기타,안전운전불이행,건조,맑음,단일로 - 기타,승용,남,58세,상해없음,보행자,여,5세,경상
2015050500100201,2015년 5월 5일 11시,화요일,대구광역시 수성구 황금동,중상사고,0,1,0,0,차대차 - 측면직각충돌,신호위반,건조,맑음,단일로 - 횡단보도상,승용,여,50세,상해없음,자전거,남,38세,중상
2015050500100202,2015년 5월 5일 11시,화요일,대구광역시 서구 내당동,중상사고,0,1,0,0,차대사람 - 기타,기타,건조,맑음,단일로 - 기타,승용,여,51세,상해없음,보행자,여,66세,중상
2015050500100235,2015년 5월 5일 12시,화요일,대구광역시 남구 대명동,경상사고,0,0,1,0,차대차 - 정면충돌,안전운전불이행,건조,맑음,기타 - 기타,화물,남,50세,상해없음,자전거,남,81세,경상
2015050500100236,2015년 5월 5일 12시,화요일,대구광역시 동구 방촌동,경상사고,0,0,3,0,차대차 - 측면직각충돌,안전운전불이행,건조,맑음,단일로 - 기타,승용,남,62세,상해없음,승용,남,32세,경상
2015050500100237,2015년 5월 5일 12시,화요일,대구광역시 북구 태전동,경상사고,0,0,1,0,차대사람 - 차도통행중,안전운전불이행,건조,맑음,단일로 - 기타,승용,남,26세,상해없음,보행자,남,49세,경상
2015050500100238,2015년 5월 5일 12시,화요일,대구광역시 북구 읍내동,중상사고,0,1,0,0,차대사람 - 길가장자리구역통행중,안전운전불이행,건조,맑음,단일로 - 기타,승용,여,34세,상해없음,보행자,여,81세,중상
2015050500100272,2015년 5월 5일 13시,화요일,대구광역시 북구 노원동3가,중상사고,0,1,0,0,차대차 - 측면직각충돌,안전운전불이행,건조,맑음,단일로 - 기타,화물,남,26세,상해없음,이륜,남,63세,중상
2015050500100343,2015년 5월 5일 15시,화요일,대구광역시 수성구 범어동,경상사고,0,0,1,0,차대사람 - 횡단중,안전운전불이행,건조,맑음,단일로 - 기타,승용,남,55세,상해없음,보행자,여,68세,경상
2015050500100344,2015년 5월 5일 15시,화요일,대구광역시 수성구 범어동,경상사고,0,0,3,1,차대차 - 측면직각충돌,안전거리미확보,건조,맑음,단일로 - 기타,승용,여,39세,부상신고,승용,남,63세,경상
2015050500100345,2015년 5월 5일 15시,화요일,대구광역시 달서구 두류동,경상사고,0,0,1,0,차대차 - 추돌 - 주정차중,안전운전불이행,건조,맑음,교차로 - 교차로부근,이륜,남,43세,상해없음,승용,남,19세,경상
2015050500100379,2015년 5월 5일 16시,화요일,대구광역시 남구 이천동,중상사고,0,1,0,0,차대차 - 측면직각충돌,안전운전불이행,건조,맑음,단일로 - 기타,승용,남,40세,상해없음,자전거,남,12세,중상
2015050500100380,2015년 5월 5일 16시,화요일,대구광역시 달성군 옥포면,중상사고,0,1,1,0,차대차 - 추돌 - 진행중,안전운전불이행,건조,맑음,교차로 - 교차로부근,승용,남,55세,상해없음,승용,여,54세,중상
2015050500100381,2015년 5월 5일 16시,화요일,대구광역시 중구 대봉동,경상사고,0,0,6,1,차대차 - 측면직각충돌,신호위반,건조,맑음,교차로 - 교차로안,이륜,남,42세,부상신고,승용,남,43세,경상
2015050500100421,2015년 5월 5일 17시,화요일,대구광역시 남구 봉덕동,중상사고,0,2,0,0,차대차 - 추돌 - 진행중,안전운전불이행,건조,맑음,기타 - 기타,승용,여,20세,상해없음,승용,남,34세,중상
2015050500100422,2015년 5월 5일 17시,화요일,대구광역시 동구 신암동,경상사고,0,0,1,0,차대차 - 측면직각충돌,안전거리미확보,건조,맑음,단일로 - 기타,승용,남,51세,상해없음,승용,남,56세,경상
2015050500100423,2015년 5월 5일 17시,화요일,대구광역시 서구 내당동,경상사고,0,0,4,0,차대차 - 추돌 - 진행중,안전거리미확보,건조,맑음,단일로 - 기타,승용,남,66세,상해없음,승용,여,42세,경상
2015050500100518,2015년 5월 5일 20시,화요일,대구광역시 서구 평리동,경상사고,0,0,1,0,차대사람 - 횡단중,안전운전불이행,건조,맑음,단일로 - 기타,승용,여,31세,상해없음,보행자,남,6세,경상
2015050500100547,2015년 5월 5일 21시,화요일,대구광역시 동구 봉무동,부상신고사고,0,0,0,2,차대차 - 기타,안전운전불이행,건조,맑음,단일로 - 기타,승용,남,58세,상해없음,승용,여,20세,부상신고
2015050500100548,2015년 5월 5일 21시,화요일,대구광역시 달서구 도원동,경상사고,0,0,1,0,차대차 - 추돌 - 주정차중,안전운전불이행,건조,맑음,단일로 - 기타,승용,여,32세,상해없음,승용,여,49세,경상
2015050500100567,2015년 5월 5일 22시,화요일,대구광역시 달서구 송현동,중상사고,0,1,0,0,차대차 - 기타,교차로운행방법위반,건조,맑음,교차로 - 교차로안,승용,남,66세,상해없음,이륜,남,52세,중상
2015050500100568,2015년 5월 5일 22시,화요일,대구광역시 북구 구암동,중상사고,0,1,0,0,차대차 - 측면직각충돌,신호위반,건조,맑음,교차로 - 교차로안,승용,여,22세,상해없음,원동기,남,48세,중상
2015050600100024,2015년 5월 6일 01시,수요일,대구광역시 남구 대명동,중상사고,0,1,0,0,차대사람 - 횡단중,안전운전불이행,건조,맑음,단일로 - 기타,화물,남,57세,상해없음,보행자,남,53세,중상
2015050600100025,2015년 5월 6일 01시,수요일,대구광역시 수성구 연호동,경상사고,0,0,1,0,차대차 - 측면직각충돌,안전거리미확보,건조,맑음,단일로 - 기타,승용,남,27세,상해없음,승용,남,52세,경상
2015050600100035,2015년 5월 6일 03시,수요일,대구광역시 동구 효목동,경상사고,0,0,2,0,차대차 - 측면직각충돌,차로위반,건조,맑음,단일로 - 기타,승용,여,38세,상해없음,승용,남,46세,경상
2015050600100036,2015년 5월 6일 03시,수요일,대구광역시 수성구 만촌동,중상사고,0,1,0,0,차량단독 - 공작물충돌,안전운전불이행,건조,맑음,단일로 - 기타,원동기,남,21세,중상,,,,
2015050600100061,2015년 5월 6일 06시,수요일,대구광역시 남구 이천동,경상사고,0,0,2,0,차대차 - 기타,안전운전불이행,건조,맑음,교차로 - 교차로부근,승용,여,32세,상해없음,승용,여,49세,경상
2015050600100062,2015년 5월 6일 06시,수요일,대구광역시 달성군 화원읍,중상사고,0,1,1,0,차대차 - 측면직각충돌,신호위반,건조,맑음,교차로 - 교차로안,화물,남,65세,상해없음,화물,남,69세,중상
2015050600100086,2015년 5월 6일 07시,수요일,대구광역시 수성구 범물동,경상사고,0,0,2,0,차대차 - 기타,안전운전불이행,건조,맑음,단일로 - 기타,승용,여,35세,상해없음,화물,남,57세,경상
2015050600100087,2015년 5월 6일 07시,수요일,대구광역시 달서구 본동,경상사고,0,0,1,0,차대차 - 측면직각충돌,차로위반,건조,맑음,교차로 - 교차로부근,승용,여,48세,상해없음,승용,여,51세,경상
2015050600100088,2015년 5월 6일 07시,수요일,대구광역시 북구 매천동,경상사고,0,0,2,0,차대차 - 측면직각충돌,안전운전불이행,건조,맑음,단일로 - 교량,승용,남,49세,경상,승용,남,59세,경상
2015050600100132,2015년 5월 6일 08시,수요일,대구광역시 서구 비산동,경상사고,0,0,1,0,차대사람 - 기타,안전운전불이행,건조,맑음,단일로 - 기타,원동기,여,41세,상해없음,보행자,여,19세,경상
2015050600100162,2015년 5월 6일 09시,수요일,대구광역시 서구 평리동,경상사고,0,0,5,0,차대차 - 기타,중앙선침범,건조,맑음,교차로 - 교차로부근,승용,여,60세,상해없음,승용,여,36세,경상
2015050600100163,2015년 5월 6일 09시,수요일,대구광역시 달서구 죽전동,경상사고,0,0,1,0,차대차 - 기타,안전운전불이행,건조,맑음,단일로 - 횡단보도상,승용,기타불명,기타불명,기타불명,자전거,여,42세,경상
2015050600100221,2015년 5월 6일 11시,수요일,대구광역시 수성구 두산동,중상사고,0,1,0,1,차대사람 - 횡단중,안전운전불이행,건조,맑음,단일로 - 횡단보도상,승용,여,69세,부상신고,보행자,여,30세,중상
2015050600100311,2015년 5월 6일 14시,수요일,대구광역시 수성구 지산동,경상사고,0,0,1,0,차대차 - 측면직각충돌,교차로운행방법위반,건조,맑음,교차로 - 교차로안,이륜,남,22세,상해없음,승용,여,29세,경상
2015050600100312,2015년 5월 6일 14시,수요일,대구광역시 달서구 진천동,경상사고,0,0,1,0,차대차 - 측면직각충돌,안전운전불이행,건조,맑음,교차로 - 교차로안,자전거,남,13세,경상,승용,남,49세,상해없음
2015050600100313,2015년 5월 6일 14시,수요일,대구광역시 달서구 호림동,경상사고,0,0,2,0,차대차 - 추돌 - 주정차중,안전운전불이행,건조,맑음,기타 - 기타,승합,남,47세,상해없음,승용,여,63세,경상
2015050600100358,2015년 5월 6일 15시,수요일,대구광역시 동구 불로동,부상신고사고,0,0,0,1,차대차 - 기타,안전운전불이행,건조,맑음,교차로 - 교차로부근,자전거,남,14세,부상신고,승용,남,55세,상해없음
2015050600100359,2015년 5월 6일 15시,수요일,대구광역시 수성구 범어동,부상신고사고,0,0,0,4,차대차 - 측면직각충돌,신호위반,건조,맑음,교차로 - 교차로안,승용,여,50세,부상신고,승용,남,61세,부상신고
2015050600100360,2015년 5월 6일 15시,수요일,대구광역시 수성구 황금동,중상사고,0,1,0,0,차대차 - 기타,안전운전불이행,건조,맑음,단일로 - 기타,승용,남,60세,상해없음,자전거,남,72세,중상
2015050600100361,2015년 5월 6일 15시,수요일,대구광역시 북구 복현동,경상사고,0,0,2,0,차대차 - 추돌 - 진행중,안전운전불이행,건조,맑음,교차로 - 교차로부근,승용,여,62세,기타불명,승합,여,37세,경상
2015050600100362,2015년 5월 6일 15시,수요일,대구광역시 달서구 신당동,부상신고사고,0,0,0,1,차대차 - 기타,안전운전불이행,건조,맑음,교차로 - 교차로부근,원동기,남,19세,부상신고,승용,여,48세,상해없음
2015050600100427,2015년 5월 6일 17시,수요일,대구광역시 동구 검사동,경상사고,0,0,2,0,차대차 - 기타,안전거리미확보,건조,맑음,단일로 - 기타,승용,남,63세,상해없음,승용,여,48세,경상
2015050600100428,2015년 5월 6일 17시,수요일,대구광역시 동구 검사동,경상사고,0,0,3,1,차대차 - 기타,안전운전불이행,건조,맑음,단일로 - 기타,승용,남,47세,부상신고,승합,여,52세,경상
2015050600100465,2015년 5월 6일 18시,수요일,대구광역시 남구 대명동,경상사고,0,0,2,0,차대차 - 기타,차로위반,건조,맑음,단일로 - 기타,승용,남,50세,상해없음,승합,남,49세,상해없음
2015050600100466,2015년 5월 6일 18시,수요일,대구광역시 수성구 범어동,경상사고,0,0,1,0,차대사람 - 횡단중,안전운전불이행,건조,맑음,단일로 - 기타,승용,여,42세,상해없음,보행자,여,7세,경상
2015050600100467,2015년 5월 6일 18시,수요일,대구광역시 달서구 두류동,경상사고,0,0,1,0,차대사람 - 횡단중,보행자보호의무위반,건조,맑음,기타 - 기타,승용,여,39세,상해없음,보행자,여,26세,경상
2015050600100504,2015년 5월 6일 19시,수요일,대구광역시 달성군 다사읍,경상사고,0,0,1,0,차대차 - 측면직각충돌,안전운전불이행,건조,맑음,단일로 - 기타,승용,남,44세,상해없음,승용,남,53세,상해없음
2015050600100505,2015년 5월 6일 19시,수요일,대구광역시 달서구 두류동,중상사고,0,1,0,0,차대사람 - 횡단중,안전운전불이행,건조,맑음,단일로 - 기타,승용,남,27세,상해없음,보행자,남,4세,중상
2015050600100537,2015년 5월 6일 20시,수요일,대구광역시 동구 신천동,경상사고,0,0,1,0,차대차 - 기타,안전운전불이행,건조,맑음,교차로 - 교차로부근,원동기,남,23세,상해없음,승용,남,42세,상해없음
2015050600100538,2015년 5월 6일 20시,수요일,대구광역시 수성구 범어동,중상사고,0,1,0,0,차대차 - 기타,안전운전불이행,건조,맑음,단일로 - 횡단보도상,이륜,기타불명,기타불명,기타불명,자전거,남,14세,중상
2015050600100539,2015년 5월 6일 20시,수요일,대구광역시 수성구 황금동,경상사고,0,0,1,0,차대차 - 추돌 - 진행중,안전운전불이행,건조,맑음,단일로 - 기타,화물,남,29세,상해없음,원동기,남,20세,경상
2015050600100575,2015년 5월 6일 21시,수요일,대구광역시 서구 비산동,경상사고,0,0,2,0,차대차 - 측면직각충돌,안전거리미확보,건조,맑음,단일로 - 기타,승용,남,27세,상해없음,승용,남,34세,경상
2015050600100576,2015년 5월 6일 21시,수요일,대구광역시 달서구 신당동,경상사고,0,0,1,0,차대차 - 측면직각충돌,신호위반,건조,맑음,교차로 - 교차로안,승용,여,47세,상해없음,승용,남,39세,경상
2015050600100601,2015년 5월 6일 22시,수요일,대구광역시 동구 신암동,부상신고사고,0,0,0,1,차대사람 - 기타,안전운전불이행,건조,맑음,단일로 - 기타,화물,남,44세,상해없음,보행자,남,46세,부상신고
2015050600100602,2015년 5월 6일 22시,수요일,대구광역시 북구 산격동,부상신고사고,0,0,0,1,차대차 - 기타,안전운전불이행,건조,맑음,교차로 - 교차로부근,자전거,남,15세,부상신고,승용,남,27세,상해없음
2015050600100603,2015년 5월 6일 22시,수요일,대구광역시 서구 평리동,중상사고,0,1,0,0,차량단독 - 공작물충돌,안전운전불이행,건조,맑음,단일로 - 기타,승용,남,58세,중상,,,,
2015050600100629,2015년 5월 6일 23시,수요일,대구광역시 동구 신암동,중상사고,0,1,0,0,차대차 - 측면직각충돌,교차로운행방법위반,건조,맑음,교차로 - 교차로안,승용,남,52세,상해없음,이륜,여,60세,중상
2015050600100630,2015년 5월 6일 23시,수요일,대구광역시 북구 고성동1가,경상사고,0,0,2,0,차대차 - 추돌 - 주정차중,안전운전불이행,건조,맑음,교차로 - 교차로부근,승용,여,43세,상해없음,승용,남,55세,경상
2015050700100048,2015년 5월 7일 02시,목요일,대구광역시 수성구 상동,경상사고,0,0,2,0,차대차 - 추돌 - 주정차중,안전운전불이행,건조,맑음,교차로 - 교차로부근,승용,남,27세,상해없음,승용,남,33세,경상
2015050700100107,2015년 5월 7일 07시,목요일,대구광역시 달서구 송현동,경상사고,0,0,1,0,차대사람 - 횡단중,보행자보호의무위반,건조,맑음,단일로 - 횡단보도상,승용,남,53세,상해없음,보행자,여,63세,경상
2015050700100147,2015년 5월 7일 08시,목요일,대구광역시 수성구 상동,경상사고,0,0,1,0,차대차 - 측면직각충돌,신호위반,건조,맑음,교차로 - 교차로안,화물,남,35세,상해없음,승용,남,57세,경상
2015050700100148,2015년 5월 7일 08시,목요일,대구광역시 북구 산격동,경상사고,0,0,1,0,차대차 - 기타,안전거리미확보,건조,맑음,단일로 - 기타,화물,남,27세,상해없음,승용,여,35세,경상
2015050700100149,2015년 5월 7일 08시,목요일,대구광역시 서구 비산동,중상사고,0,1,0,0,차대차 - 기타,교차로운행방법위반,건조,맑음,교차로 - 교차로안,승합,남,57세,상해없음,이륜,남,38세,중상
2015050700100172,2015년 5월 7일 09시,목요일,대구광역시 동구 신천동,경상사고,0,0,1,0,차대차 - 측면직각충돌,안전거리미확보,건조,맑음,단일로 - 기타,화물,남,46세,상해없음,승용,남,55세,경상
2015050700100201,2015년 5월 7일 10시,목요일,대구광역시 북구 노원동3가,경상사고,0,0,1,0,차대차 - 측면직각충돌,안전거리미확보,건조,맑음,단일로 - 기타,승용,여,65세,상해없음,승용,여,56세,경상
2015050700100231,2015년 5월 7일 11시,목요일,대구광역시 북구 침산동,중상사고,0,1,0,0,차대차 - 기타,기타,건조,맑음,단일로 - 기타,화물,남,29세,상해없음,자전거,여,40세,중상
2015050700100257,2015년 5월 7일 12시,목요일,대구광역시 남구 대명동,경상사고,0,0,1,0,차대사람 - 기타,신호위반,건조,맑음,단일로 - 기타,승용,여,50세,상해없음,보행자,여,45세,경상
2015050700100259,2015년 5월 7일 12시,목요일,대구광역시 북구 산격동,중상사고,0,1,0,0,차대차 - 측면직각충돌,교차로운행방법위반,건조,맑음,교차로 - 교차로안,승용,남,42세,상해없음,원동기,여,60세,중상
2015050700100260,2015년 5월 7일 12시,목요일,대구광역시 서구 내당동,경상사고,0,0,1,0,차량단독 - 기타,안전운전불이행,건조,맑음,교차로 - 교차로부근,승용,남,47세,상해없음,,,,
2015050700100293,2015년 5월 7일 13시,목요일,대구광역시 남구 대명동,경상사고,0,0,1,0,차대사람 - 기타,안전운전불이행,건조,맑음,단일로 - 기타,승용,남,66세,상해없음,보행자,여,59세,경상
2015050700100294,2015년 5월 7일 13시,목요일,대구광역시 동구 각산동,중상사고,0,1,0,0,차대사람 - 차도통행중,안전운전불이행,건조,맑음,단일로 - 기타,화물,남,50세,상해없음,보행자,남,56세,중상
2015050700100295,2015년 5월 7일 13시,목요일,대구광역시 동구 신천동,중상사고,0,1,0,0,차대차 - 측면직각충돌,안전운전불이행,건조,맑음,단일로 - 기타,승용,남,44세,상해없음,자전거,여,80세,중상
2015050700100322,2015년 5월 7일 14시,목요일,대구광역시 동구 용계동,중상사고,0,4,1,0,차대차 - 정면충돌,중앙선침범,건조,맑음,단일로 - 기타,승용,남,68세,중상,승용,남,42세,중상
2015050700100323,2015년 5월 7일 14시,목요일,대구광역시 수성구 범어동,중상사고,0,2,0,0,차대차 - 측면직각충돌,안전거리미확보,건조,맑음,단일로 - 기타,승용,남,37세,상해없음,승용,남,26세,중상
2015050700100324,2015년 5월 7일 14시,목요일,대구광역시 달성군 화원읍,중상사고,0,1,0,0,차대차 - 측면직각충돌,안전거리미확보,건조,맑음,단일로 - 기타,승용,남,35세,상해없음,승용,여,54세,중상
2015050700100355,2015년 5월 7일 15시,목요일,대구광역시 남구 봉덕동,중상사고,0,1,0,0,차대차 - 추돌 - 진행중,안전거리미확보,건조,맑음,단일로 - 기타,승용,남,39세,상해없음,승용,여,26세,중상
2015050700100356,2015년 5월 7일 15시,목요일,대구광역시 동구 신기동,중상사고,0,1,0,0,차대차 - 기타,교차로운행방법위반,건조,맑음,교차로 - 교차로안,승용,여,50세,상해없음,자전거,남,50세,중상
2015050700100357,2015년 5월 7일 15시,목요일,대구광역시 동구 봉무동,경상사고,0,0,1,0,차대사람 - 횡단중,신호위반,건조,맑음,교차로 - 교차로안,승용,남,60세,상해없음,보행자,여,7세,경상
2015050700100358,2015년 5월 7일 15시,목요일,대구광역시 달서구 송현동,경상사고,0,0,1,0,차대차 - 기타,안전운전불이행,건조,맑음,교차로 - 교차로안,화물,남,61세,상해없음,승용,여,53세,경상
2015050700100359,2015년 5월 7일 15시,목요일,대구광역시 북구 침산동,경상사고,0,0,1,0,차대차 - 측면직각충돌,안전거리미확보,건조,맑음,단일로 - 기타,승용,여,36세,상해없음,자전거,남,11세,경상
2015050700100404,2015년 5월 7일 16시,목요일,대구광역시 남구 대명동,경상사고,0,0,1,0,차대사람 - 기타,안전운전불이행,건조,맑음,단일로 - 기타,승용,여,23세,상해없음,보행자,여,21세,경상
2015050700100405,2015년 5월 7일 16시,목요일,대구광역시 수성구 신매동,경상사고,0,0,1,0,차대사람 - 보도통행중,안전운전불이행,건조,맑음,단일로 - 기타,승합,남,64세,상해없음,보행자,남,40세,경상
2015050700100490,2015년 5월 7일 18시,목요일,대구광역시 수성구 매호동,경상사고,0,0,3,0,차대차 - 측면직각충돌,차로위반,건조,맑음,교차로 - 교차로부근,승용,여,35세,상해없음,승용,남,35세,경상
2015050700100528,2015년 5월 7일 19시,목요일,대구광역시 달서구 송현동,경상사고,0,0,2,0,차대차 - 기타,교차로운행방법위반,건조,맑음,교차로 - 교차로부근,이륜,남,19세,상해없음,승용,남,59세,경상