사고번호,사고일시,요일,시군구,사고내용,사망자수,중상자수,경상자수,부상신고자수,사고유형,법규위반,노면상태,기상상태,도로형태,가해운전자 차종,가해운전자 성별,가해운전자 연령,가해운전자 상해정도,피해운전자 차종,피해운전자 성별,피해운전자 연령,피해운전자 상해정도
2015051000100177,2015년 5월 10일 10시,일요일,대구광역시 서구 비산동,경상사고,0,0,1,1,차대차 - 측면직각충돌,안전운전불이행,건조,맑음,단일로 - 기타,이륜,남,21세,부상신고,승용,남,29세,기타불명
2015051000100178,2015년 5월 10일 10시,일요일,대구광역시 서구 내당동,중상사고,0,1,2,0,차대차 - 기타,안전운전불이행,건조,맑음,단일로 - 횡단보도부근,승용,여,52세,상해없음,승용,여,35세,경상
2015051000100210,2015년 5월 10일 11시,일요일,대구광역시 남구 대명동,경상사고,0,0,1,0,차대차 - 추돌 - 진행중,안전거리미확보,건조,맑음,교차로 - 교차로부근,이륜,남,18세,경상,승용,여,49세,상해없음
2015051000100211,2015년 5월 10일 11시,일요일,대구광역시 동구 검사동,경상사고,0,0,1,0,차대사람 - 기타,안전운전불이행,건조,맑음,단일로 - 기타,승용,남,38세,상해없음,보행자,남,70세,경상
2015051000100212,2015년 5월 10일 11시,일요일,대구광역시 서구 비산동,부상신고사고,0,0,0,1,차대차 - 기타,안전운전불이행,건조,맑음,교차로 - 교차로안,이륜,여,56세,부상신고,이륜,남,72세,상해없음
2015051000100213,2015년 5월 10일 11시,일요일,대구광역시 중구 남산동,경상사고,0,0,1,0,차대차 - 기타,기타,건조,맑음,단일로 - 기타,승용,남,65세,상해없음,승합,남,54세,상해없음
2015051000100239,2015년 5월 10일 12시,일요일,대구광역시 수성구 범어동,경상사고,0,0,1,0,차대차 - 측면직각충돌,안전거리미확보,건조,맑음,단일로 - 기타,승용,남,27세,상해없음,원동기,남,25세,경상
2015051000100271,2015년 5월 10일 13시,일요일,대구광역시 동구 신천동,경상사고,0,0,3,0,차대차 - 측면직각충돌,안전거리미확보,건조,맑음,단일로 - 기타,승용,남,68세,경상,승용,남,59세,경상
2015051000100272,2015년 5월 10일 13시,일요일,대구광역시 수성구 만촌동,경상사고,0,0,1,1,차대차 - 측면직각충돌,신호위반,건조,맑음,교차로 - 교차로안,승용,남,83세,상해없음,승용,남,43세,경상
2015051000100273,2015년 5월 10일 13시,일요일,대구광역시 달서구 용산동,경상사고,0,0,1,0,차대차 - 추돌 - 진행중,안전운전불이행,건조,맑음,기타 - 기타,승용,남,79세,상해없음,자전거,남,75세,경상
2015051000100311,2015년 5월 10일 14시,일요일,대구광역시 달서구 진천동,경상사고,0,0,1,0,차대차 - 추돌 - 진행중,보행자보호의무위반,건조,맑음,단일로 - 기타,승용,여,54세,상해없음,자전거,남,9세,경상
2015051000100312,2015년 5월 10일 14시,일요일,대구광역시 북구 구암동,경상사고,0,0,1,0,차대차 - 측면직각충돌,교차로운행방법위반,건조,맑음,교차로 - 교차로안,승용,남,43세,상해없음,자전거,남,40세,경상
2015051000100381,2015년 5월 10일 16시,일요일,대구광역시 수성구 지산동,경상사고,0,0,1,0,차대차 - 측면직각충돌,교차로운행방법위반,건조,맑음,교차로 - 교차로안,승용,여,52세,상해없음,승용,남,19세,상해없음
2015051000100382,2015년 5월 10일 16시,일요일,대구광역시 서구 평리동,경상사고,0,0,1,0,차대차 - 기타,안전운전불이행,건조,맑음,단일로 - 기타,승합,남,54세,상해없음,자전거,남,50세,경상
2015051000100383,2015년 5월 10일 16시,일요일,대구광역시 달서구 성당동,중상사고,0,1,0,0,차대차 - 기타,안전운전불이행,건조,맑음,교차로 - 교차로안,화물,남,57세,상해없음,이륜,남,58세,중상
2015051000100434,2015년 5월 10일 17시,일요일,대구광역시 남구 봉덕동,경상사고,0,0,1,0,차대차 - 측면직각충돌,안전운전불이행,건조,맑음,단일로 - 기타,승용,남,42세,상해없음,이륜,남,25세,경상
2015051000100435,2015년 5월 10일 17시,일요일,대구광역시 달서구 송현동,경상사고,0,0,2,1,차대차 - 기타,교차로운행방법위반,건조,맑음,교차로 - 교차로안,원동기,남,66세,부상신고,승용,여,37세,경상
2015051000100460,2015년 5월 10일 18시,일요일,대구광역시 달서구 상인동,부상신고사고,0,0,0,1,차대차 - 측면직각충돌,안전거리미확보,건조,맑음,교차로 - 교차로부근,승용,기타불명,기타불명,기타불명,원동기,남,16세,부상신고
2015051000100502,2015년 5월 10일 19시,일요일,대구광역시 달서구 본동,중상사고,0,1,0,0,차대차 - 측면직각충돌,신호위반,건조,맑음,교차로 - 교차로안,승용,남,39세,상해없음,승용,남,64세,중상
2015051000100528,2015년 5월 10일 20시,일요일,대구광역시 동구 율하동,경상사고,0,0,1,0,차대차 - 기타,교차로운행방법위반,건조,맑음,교차로 - 교차로안,승용,남,27세,상해없음,자전거,남,55세,경상
2015051000100529,2015년 5월 10일 20시,일요일,대구광역시 수성구 범어동,경상사고,0,0,1,0,차대차 - 측면직각충돌,안전거리미확보,건조,맑음,단일로 - 기타,승용,남,65세,상해없음,승용,남,20세,상해없음
2015051000100530,2015년 5월 10일 20시,일요일,대구광역시 중구 삼덕동3가,중상사고,0,1,0,0,차대사람 - 횡단중,안전운전불이행,건조,맑음,단일로 - 기타,승용,남,28세,상해없음,보행자,여,66세,중상
2015051000100531,2015년 5월 10일 20시,일요일,대구광역시 북구 구암동,중상사고,0,1,0,0,차대사람 - 횡단중,신호위반,건조,맑음,단일로 - 횡단보도상,원동기,남,19세,상해없음,보행자,여,16세,중상
2015051000100551,2015년 5월 10일 21시,일요일,대구광역시 달서구 진천동,사망사고,1,0,0,0,차대차 - 측면직각충돌,안전운전불이행,건조,맑음,교차로 - 교차로부근,승용,남,64세,상해없음,이륜,남,34세,사망
2015051000100574,2015년 5월 10일 22시,일요일,대구광역시 남구 대명동,중상사고,0,1,0,0,차대차 - 기타,안전운전불이행,건조,맑음,단일로 - 기타,승용,여,48세,중상,승용,남,51세,상해없음
2015051000100575,2015년 5월 10일 22시,일요일,대구광역시 달서구 대천동,경상사고,0,0,4,0,차대차 - 추돌 - 주정차중,안전운전불이행,건조,맑음,교차로 - 교차로부근,승용,남,32세,상해없음,승용,남,38세,경상
2015051000100576,2015년 5월 10일 22시,일요일,대구광역시 달서구 용산동,중상사고,0,2,0,0,차대차 - 측면직각충돌,신호위반,건조,맑음,교차로 - 교차로안,이륜,남,18세,중상,승용,남,29세,상해없음
2015051000100577,2015년 5월 10일 22시,일요일,대구광역시 북구 읍내동,경상사고,0,0,4,0,차대차 - 측면직각충돌,교차로운행방법위반,건조,맑음,교차로 - 교차로안,승용,여,48세,경상,승용,남,45세,경상
2015051000100598,2015년 5월 10일 23시,일요일,대구광역시 서구 내당동,사망사고,1,0,0,0,차대사람 - 기타,신호위반,건조,맑음,교차로 - 교차로안,승합,남,63세,상해없음,보행자,남,61세,사망
2015051000100599,2015년 5월 10일 23시,일요일,대구광역시 중구 삼덕동3가,중상사고,0,1,0,0,차대차 - 기타,안전운전불이행,기타,맑음,단일로 - 기타,기타불명,기타불명,기타불명,기타불명,자전거,여,22세,중상
2015051100100024,2015년 5월 11일 01시,월요일,대구광역시 수성구 지산동,중상사고,0,1,3,0,차대차 - 측면직각충돌,교차로운행방법위반,건조,맑음,교차로 - 교차로안,승용,남,35세,경상,승용,남,63세,중상
2015051100100025,2015년 5월 11일 01시,월요일,대구광역시 서구 비산동,부상신고사고,0,0,0,1,차대차 - 추돌 - 진행중,안전운전불이행,건조,맑음,단일로 - 기타,승용,남,32세,상해없음,승용,남,23세,부상신고
2015051100100038,2015년 5월 11일 03시,월요일,대구광역시 남구 대명동,경상사고,0,0,1,0,차대차 - 추돌 - 주정차중,안전운전불이행,건조,맑음,교차로 - 교차로안,승용,여,56세,경상,승용,남,48세,상해없음
2015051100100039,2015년 5월 11일 03시,월요일,대구광역시 서구 중리동,중상사고,0,1,0,0,차대차 - 추돌 - 주정차중,안전운전불이행,건조,맑음,교차로 - 교차로부근,승용,남,33세,상해없음,승용,남,60세,중상
2015051100100076,2015년 5월 11일 06시,월요일,대구광역시 남구 봉덕동,중상사고,0,1,0,0,차대사람 - 기타,안전운전불이행,건조,맑음,기타 - 기타,자전거,남,44세,중상,보행자,남,20세,상해없음
2015051100100103,2015년 5월 11일 07시,월요일,대구광역시 달서구 월성동,경상사고,0,0,1,0,차대차 - 기타,안전운전불이행,건조,맑음,단일로 - 기타,화물,남,36세,상해없음,승용,남,30세,경상
2015051100100104,2015년 5월 11일 07시,월요일,대구광역시 달서구 성당동,경상사고,0,0,1,0,차량단독 - 기타,안전운전불이행,건조,맑음,단일로 - 기타,이륜,남,27세,경상,,,,
2015051100100137,2015년 5월 11일 08시,월요일,대구광역시 동구 신암동,경상사고,0,0,1,0,차대차 - 측면직각충돌,안전운전불이행,건조,맑음,교차로 - 교차로안,승용,여,45세,상해없음,승용,여,62세,경상
2015051100100138,2015년 5월 11일 08시,월요일,대구광역시 수성구 만촌동,경상사고,0,0,1,0,차대사람 - 횡단중,안전운전불이행,건조,맑음,단일로 - 기타,승합,남,45세,상해없음,보행자,남,18세,경상
2015051100100139,2015년 5월 11일 08시,월요일,대구광역시 달서구 대곡동,경상사고,0,0,2,0,차대차 - 기타,불법유턴,건조,맑음,단일로 - 기타,이륜,남,76세,경상,승용,여,46세,상해없음
2015051100100177,2015년 5월 11일 09시,월요일,대구광역시 북구 노원동1가,중상사고,0,1,0,0,차대사람 - 기타,안전운전불이행,건조,맑음,단일로 - 횡단보도부근,승용,남,35세,상해없음,보행자,여,56세,중상
2015051100100222,2015년 5월 11일 10시,월요일,대구광역시 서구 평리동,경상사고,0,0,1,0,차대사람 - 차도통행중,안전운전불이행,건조,맑음,교차로 - 교차로부근,승합,남,65세,상해없음,보행자,여,18세,경상
2015051100100257,2015년 5월 11일 11시,월요일,대구광역시 수성구 만촌동,중상사고,0,1,0,0,차대차 - 추돌 - 주정차중,안전운전불이행,건조,맑음,단일로 - 기타,승합,남,55세,상해없음,승용,남,67세,상해없음
2015051100100258,2015년 5월 11일 11시,월요일,대구광역시 수성구 만촌동,경상사고,0,0,1,0,차대사람 - 횡단중,보행자보호의무위반,건조,맑음,교차로 - 교차로부근,승용,여,54세,상해없음,보행자,여,24세,경상
2015051100100259,2015년 5월 11일 11시,월요일,대구광역시 북구 침산동,부상신고사고,0,0,0,1,차대차 - 기타,기타,건조,맑음,단일로 - 기타,승용,여,40세,부상신고,화물,남,48세,상해없음
2015051100100260,2015년 5월 11일 11시,월요일,대구광역시 서구 중리동,경상사고,0,0,1,0,차대차 - 측면직각충돌,교차로운행방법위반,건조,맑음,교차로 - 교차로안,승용,남,47세,상해없음,승용,남,50세,경상
2015051100100280,2015년 5월 11일 12시,월요일,대구광역시 수성구 만촌동,경상사고,0,0,1,0,차대차 - 측면직각충돌,교차로운행방법위반,건조,맑음,교차로 - 교차로안,승용,여,39세,상해없음,이륜,남,34세,경상
2015051100100312,2015년 5월 11일 13시,월요일,대구광역시 수성구 파동,경상사고,0,0,1,0,차량단독 - 기타,안전거리미확보,건조,맑음,교차로 - 교차로부근,승합,남,53세,상해없음,,,,
2015051100100313,2015년 5월 11일 13시,월요일,대구광역시 북구 산격동,경상사고,0,0,1,0,차대차 - 측면직각충돌,안전운전불이행,건조,맑음,단일로 - 기타,승용,남,73세,상해없음,승용,남,53세,경상
2015051100100314,2015년 5월 11일 13시,월요일,대구광역시 달서구 성당동,경상사고,0,0,1,0,차대차 - 측면직각충돌,안전거리미확보,건조,맑음,단일로 - 기타,승용,여,53세,상해없음,승용,남,57세,경상
2015051100100359,2015년 5월 11일 14시,월요일,대구광역시 수성구 신매동,경상사고,0,0,1,0,차대차 - 측면직각충돌,안전거리미확보,건조,맑음,교차로 - 교차로부근,이륜,남,17세,상해없음,승용,남,35세,상해없음
2015051100100394,2015년 5월 11일 15시,월요일,대구광역시 수성구 매호동,경상사고,0,0,1,1,차대차 - 측면직각충돌,안전운전불이행,건조,흐림,교차로 - 교차로안,승용,여,46세,부상신고,승용,남,42세,경상
2015051100100425,2015년 5월 11일 16시,월요일,대구광역시 달서구 진천동,경상사고,0,0,1,0,차대차 - 기타,교차로운행방법위반,건조,맑음,교차로 - 교차로안,승용,남,71세,상해없음,자전거,남,12세,경상
2015051100100426,2015년 5월 11일 16시,월요일,대구광역시 달서구 본동,경상사고,0,0,1,0,차대차 - 기타,안전운전불이행,건조,맑음,교차로 - 교차로안,승용,여,61세,상해없음,자전거,남,17세,경상
2015051100100427,2015년 5월 11일 16시,월요일,대구광역시 달서구 이곡동,경상사고,0,0,1,0,차대차 - 기타,안전운전불이행,건조,맑음,단일로 - 기타,화물,남,62세,상해없음,승용,여,43세,경상
2015051100100474,2015년 5월 11일 17시,월요일,대구광역시 달서구 대곡동,중상사고,0,2,2,0,차대차 - 추돌 - 주정차중,안전운전불이행,습기,비,단일로 - 기타,화물,남,43세,상해없음,승용,남,53세,경상
2015051100100475,2015년 5월 11일 17시,월요일,대구광역시 북구 산격동,중상사고,0,1,0,0,차대차 - 측면직각충돌,안전운전불이행,건조,맑음,교차로 - 교차로안,화물,남,36세,상해없음,자전거,여,62세,중상
2015051100100476,2015년 5월 11일 17시,월요일,대구광역시 서구 비산동,경상사고,0,0,1,0,차대차 - 측면직각충돌,안전운전불이행,건조,맑음,교차로 - 교차로안,자전거,남,68세,경상,승합,여,43세,상해없음
2015051100100477,2015년 5월 11일 17시,월요일,대구광역시 북구 금호동,경상사고,0,0,1,0,차대차 - 측면직각충돌,안전운전불이행,건조,맑음,단일로 - 기타,화물,남,42세,상해없음,이륜,남,59세,경상
2015051100100528,2015년 5월 11일 18시,월요일,대구광역시 수성구 대흥동,경상사고,0,0,1,0,차대차 - 측면직각충돌,안전거리미확보,건조,맑음,교차로 - 교차로부근,건설기계,남,43세,상해없음,화물,남,37세,경상
2015051100100529,2015년 5월 11일 18시,월요일,대구광역시 달서구 본동,부상신고사고,0,0,0,1,차대차 - 기타,안전운전불이행,습기,비,교차로 - 교차로부근,승용,남,30세,부상신고,승용,여,58세,상해없음
2015051100100582,2015년 5월 11일 19시,월요일,대구광역시 수성구 범어동,중상사고,0,1,0,0,차대사람 - 횡단중,안전운전불이행,습기,비,단일로 - 횡단보도상,승용,남,60세,상해없음,보행자,여,63세,중상
2015051100100583,2015년 5월 11일 19시,월요일,대구광역시 달서구 상인동,중상사고,0,1,0,0,차대사람 - 기타,교차로운행방법위반,습기,비,교차로 - 교차로안,승합,남,36세,상해없음,보행자,여,84세,중상
2015051100100584,2015년 5월 11일 19시,월요일,대구광역시 북구 침산동,중상사고,0,1,0,0,차대사람 - 기타,안전운전불이행,적설,비,단일로 - 기타,승용,남,37세,상해없음,보행자,남,67세,중상
2015051100100585,2015년 5월 11일 19시,월요일,대구광역시 북구 산격동,경상사고,0,0,1,0,차대차 - 기타,안전운전불이행,적설,맑음,단일로 - 기타,승용,남,57세,상해없음,승합,남,49세,경상
2015051100100586,2015년 5월 11일 19시,월요일,대구광역시 달서구 이곡동,중상사고,0,1,0,0,차대사람 - 길가장자리구역통행중,안전운전불이행,습기,비,단일로 - 기타,이륜,남,21세,상해없음,보행자,남,18세,중상
2015051100100647,2015년 5월 11일 20시,월요일,대구광역시 서구 비산동,경상사고,0,0,1,0,차대차 - 추돌 - 진행중,안전운전불이행,습기,비,단일로 - 기타,화물,남,62세,상해없음,승용,남,55세,경상
2015051100100648,2015년 5월 11일 20시,월요일,대구광역시 달서구 신당동,중상사고,0,1,4,0,차대차 - 기타,안전운전불이행,건조,맑음,교차로 - 교차로안,승용,남,58세,상해없음,승용,남,37세,경상
2015051100100709,2015년 5월 11일 21시,월요일,대구광역시 수성구 황금동,경상사고,0,0,1,0,차대차 - 측면직각충돌,교차로운행방법위반,건조,맑음,교차로 - 교차로부근,승용,남,24세,상해없음,승용,남,41세,경상
2015051100100710,2015년 5월 11일 21시,월요일,대구광역시 달성군 다사읍,경상사고,0,0,1,0,차대차 - 추돌 - 주정차중,안전운전불이행,건조,맑음,단일로 - 기타,승용,남,56세,상해없음,승용,남,26세,상해없음
2015051100100770,2015년 5월 11일 22시,월요일,대구광역시 동구 신천동,경상사고,0,0,1,0,차대차 - 추돌 - 진행중,안전운전불이행,습기,비,교차로 - 교차로부근,승용,남,24세,상해없음,승용,남,27세,경상
2015051100100771,2015년 5월 11일 22시,월요일,대구광역시 달서구 본동,경상사고,0,0,2,0,차대차 - 추돌 - 진행중,안전운전불이행,습기,비,단일로 - 기타,승용,남,45세,상해없음,승용,남,46세,경상
2015051100100820,2015년 5월 11일 23시,월요일,대구광역시 남구 대명동,중상사고,0,1,1,0,차대차 - 측면직각충돌,교차로운행방법위반,습기,비,교차로 - 교차로안,원동기,남,33세,경상,원동기,남,55세,중상
2015051100100821,2015년 5월 11일 23시,월요일,대구광역시 달서구 상인동,경상사고,0,0,2,0,차대차 - 추돌 - 주정차중,안전운전불이행,습기,비,단일로 - 기타,화물,여,54세,상해없음,승용,남,62세,경상
2015051100100822,2015년 5월 11일 23시,월요일,대구광역시 북구 침산동,중상사고,0,1,0,0,차대사람 - 횡단중,안전운전불이행,건조,맑음,단일로 - 기타,승용,남,41세,상해없음,보행자,여,47세,중상
2015051100100823,2015년 5월 11일 23시,월요일,대구광역시 북구 동천동,경상사고,0,0,2,0,차대차 - 측면직각충돌,신호위반,습기,비,교차로 - 교차로안,승용,남,33세,상해없음,승용,남,52세,경상
2015051200100030,2015년 5월 12일 00시,화요일,대구광역시 남구 봉덕동,중상사고,0,1,0,0,차대차 - 측면직각충돌,신호위반,건조,맑음,교차로 - 교차로안,승용,남,39세,상해없음,승용,남,49세,중상
2015051200100031,2015년 5월 12일 00시,화요일,대구광역시 동구 신천동,경상사고,0,0,1,0,차대차 - 기타,안전운전불이행,건조,맑음,교차로 - 교차로부근,승용,남,39세,상해없음,승용,여,62세,경상
2015051200100032,2015년 5월 12일 00시,화요일,대구광역시 달서구 송현동,경상사고,0,0,1,0,차대차 - 측면직각충돌,신호위반,습기,비,교차로 - 교차로안,승용,남,59세,상해없음,승용,여,26세,경상
2015051200100033,2015년 5월 12일 00시,화요일,대구광역시 북구 침산동,경상사고,0,0,4,0,차대차 - 추돌 - 주정차중,안전운전불이행,습기,비,교차로 - 교차로부근,승합,남,41세,상해없음,승용,남,51세,경상
2015051200100069,2015년 5월 12일 02시,화요일,대구광역시 수성구 범어동,중상사고,0,1,1,0,차대차 - 추돌 - 주정차중,안전운전불이행,습기,비,교차로 - 교차로부근,승용,남,30세,상해없음,승용,남,46세,중상
2015051200100110,2015년 5월 12일 05시,화요일,대구광역시 수성구 황금동,경상사고,0,0,1,0,차대차 - 추돌 - 진행중,안전운전불이행,습기,비,교차로 - 교차로부근,승합,남,31세,상해없음,승용,남,25세,경상
2015051200100182,2015년 5월 12일 08시,화요일,대구광역시 동구 방촌동,경상사고,0,0,1,0,차대차 - 기타,안전운전불이행,건조,맑음,단일로 - 횡단보도상,자전거,남,31세,경상,승용,여,35세,상해없음
2015051200100183,2015년 5월 12일 08시,화요일,대구광역시 수성구 범어동,경상사고,0,0,1,0,차대차 - 추돌 - 주정차중,안전운전불이행,건조,맑음,교차로 - 교차로부근,승용,여,34세,상해없음,승용,여,36세,경상
2015051200100184,2015년 5월 12일 08시,화요일,대구광역시 달성군 가창면,중상사고,0,1,0,0,차대사람 - 횡단중,안전운전불이행,건조,맑음,교차로 - 교차로안,승용,여,21세,상해없음,보행자,여,79세,중상
2015051200100185,2015년 5월 12일 08시,화요일,대구광역시 달성군 화원읍,경상사고,0,0,2,0,차대차 - 측면직각충돌,신호위반,건조,맑음,교차로 - 교차로안,승용,여,39세,상해없음,승용,남,35세,경상
2015051200100228,2015년 5월 12일 09시,화요일,대구광역시 달서구 상인동,경상사고,0,0,2,0,차대차 - 기타,직진우회전진행방해,건조,맑음,교차로 - 교차로안,승용,남,27세,상해없음,승용,남,64세,경상
2015051200100229,2015년 5월 12일 09시,화요일,대구광역시 서구 평리동,경상사고,0,0,2,0,차대차 - 추돌 - 주정차중,안전운전불이행,건조,맑음,단일로 - 기타,승용,여,41세,상해없음,승용,남,40세,경상
2015051200100255,2015년 5월 12일 10시,화요일,대구광역시 달서구 호림동,경상사고,0,0,1,0,차대차 - 측면직각충돌,교차로운행방법위반,건조,맑음,교차로 - 교차로안,승용,남,54세,상해없음,승용,남,63세,경상
2015051200100290,2015년 5월 12일 11시,화요일,대구광역시 동구 용계동,중상사고,0,1,0,0,차대차 - 기타,불법유턴,건조,맑음,교차로 - 교차로부근,승용,남,44세,상해없음,승용,남,48세,중상
2015051200100291,2015년 5월 12일 11시,화요일,대구광역시 수성구 범어동,경상사고,0,0,1,0,차대차 - 기타,안전거리미확보,건조,맑음,단일로 - 기타,승용,남,59세,상해없음,이륜,남,22세,경상
2015051200100292,2015년 5월 12일 11시,화요일,대구광역시 수성구 지산동,중상사고,0,1,0,0,차대사람 - 횡단중,안전운전불이행,건조,맑음,교차로 - 교차로안,승합,남,55세,상해없음,보행자,남,67세,중상
2015051200100293,2015년 5월 12일 11시,화요일,대구광역시 서구 내당동,경상사고,0,0,1,0,차대차 - 측면직각충돌,안전거리미확보,건조,맑음,단일로 - 기타,승용,남,49세,상해없음,승용,여,39세,경상
2015051200100321,2015년 5월 12일 12시,화요일,대구광역시 달서구 성당동,경상사고,0,0,1,0,차대차 - 기타,안전운전불이행,건조,맑음,교차로 - 교차로안,승용,여,40세,경상,화물,남,27세,상해없음
2015051200100353,2015년 5월 12일 13시,화요일,대구광역시 수성구 두산동,경상사고,0,0,1,0,차대차 - 추돌 - 진행중,안전운전불이행,건조,맑음,단일로 - 기타,승용,기타불명,기타불명,기타불명,승용,여,50세,경상
2015051200100383,2015년 5월 12일 14시,화요일,대구광역시 달서구 상인동,경상사고,0,0,1,0,차대차 - 측면직각충돌,교차로운행방법위반,건조,맑음,교차로 - 교차로부근,승용,남,22세,기타불명,승용,남,23세,경상
2015051200100384,2015년 5월 12일 14시,화요일,대구광역시 중구 삼덕동2가,경상사고,0,0,1,0,차대차 - 측면직각충돌,안전운전불이행,건조,맑음,단일로 - 기타,승용,여,30세,상해없음,자전거,여,47세,경상
2015051200100406,2015년 5월 12일 15시,화요일,대구광역시 북구 산격동,경상사고,0,0,2,0,차대차 - 추돌 - 진행중,안전거리미확보,건조,맑음,단일로 - 기타,승용,남,27세,상해없음,승용,남,40세,경상
2015051200100407,2015년 5월 12일 15시,화요일,대구광역시 중구 동인동4가,부상신고사고,0,0,0,4,차대차 - 추돌 - 진행중,안전운전불이행,건조,맑음,단일로 - 기타,승용,여,19세,상해없음,승용,여,42세,부상신고
2015051200100438,2015년 5월 12일 16시,화요일,대구광역시 수성구 범어동,경상사고,0,0,1,0,차대차 - 기타,안전운전불이행,건조,맑음,단일로 - 횡단보도상,승용,남,45세,기타불명,자전거,남,27세,경상
2015051200100439,2015년 5월 12일 16시,화요일,대구광역시 수성구 범어동,경상사고,0,0,1,0,차대차 - 추돌 - 진행중,안전거리미확보,건조,맑음,단일로 - 기타,승용,남,47세,상해없음,승용,남,38세,경상
2015051200100440,2015년 5월 12일 16시,화요일,대구광역시 달서구 진천동,중상사고,0,1,0,0,차대사람 - 횡단중,보행자보호의무위반,건조,맑음,교차로 - 교차로부근,승용,남,53세,상해없음,보행자,여,69세,중상
2015051200100441,2015년 5월 12일 16시,화요일,대구광역시 서구 내당동,부상신고사고,0,0,0,2,차대차 - 측면직각충돌,안전운전불이행,건조,맑음,단일로 - 기타,승용,여,47세,상해없음,승용,남,23세,부상신고
2015051200100481,2015년 5월 12일 17시,화요일,대구광역시 수성구 신매동,중상사고,0,2,0,0,차대차 - 기타,기타,건조,맑음,단일로 - 기타,승합,남,44세,상해없음,이륜,남,21세,중상
2015051200100483,2015년 5월 12일 17시,화요일,대구광역시 달서구 대천동,경상사고,0,0,1,0,차대차 - 기타,안전운전불이행,건조,맑음,단일로 - 기타,승용,남,22세,상해없음,승용,여,43세,경상
2015051200100484,2015년 5월 12일 17시,화요일,대구광역시 북구 복현동,경상사고,0,0,1,0,차대차 - 기타,안전거리미확보,건조,맑음,단일로 - 기타,이륜,남,17세,경상,화물,남,48세,상해없음
2015051200100509,2015년 5월 12일 18시,화요일,대구광역시 동구 신천동,중상사고,0,1,0,0,차대사람 - 횡단중,안전운전불이행,건조,맑음,단일로 - 기타,승용,남,47세,상해없음,보행자,남,75세,중상
2015051200100510,2015년 5월 12일 18시,화요일,대구광역시 북구 고성동3가,경상사고,0,0,1,0,차대차 - 측면직각충돌,신호위반,건조,맑음,교차로 - 교차로안,원동기,남,24세,경상,승용,남,52세,상해없음
2015051200100549,2015년 5월 12일 19시,화요일,대구광역시 동구 신암동,경상사고,0,0,1,0,차대차 - 기타,안전운전불이행,건조,맑음,교차로 - 교차로부근,승용,남,58세,상해없음,승용,남,71세,상해없음
2015051200100550,2015년 5월 12일 19시,화요일,대구광역시 동구 방촌동,중상사고,0,1,0,0,차대사람 - 길가장자리구역통행중,안전운전불이행,건조,맑음,교차로 - 교차로안,승용,여,36세,상해없음,보행자,여,45세,중상
2015051200100551,2015년 5월 12일 19시,화요일,대구광역시 수성구 황금동,중상사고,0,1,0,0,차대차 - 추돌 - 진행중,안전거리미확보,건조,맑음,단일로 - 기타,승합,남,73세,상해없음,승용,여,49세,중상
2015051200100552,2015년 5월 12일 19시,화요일,대구광역시 수성구 시지동,경상사고,0,0,2,0,차대차 - 추돌 - 진행중,안전거리미확보,건조,맑음,단일로 - 기타,승용,남,52세,상해없음,화물,남,29세,경상
2015051200100553,2015년 5월 12일 19시,화요일,대구광역시 달서구 상인동,부상신고사고,0,0,0,1,차대사람 - 기타,안전운전불이행,건조,맑음,단일로 - 기타,승용,여,66세,상해없음,보행자,남,27세,부상신고
2015051200100554,2015년 5월 12일 19시,화요일,대구광역시 달성군 화원읍,중상사고,0,1,0,0,차대차 - 추돌 - 진행중,차로위반,건조,맑음,교차로 - 교차로안,승용,여,34세,상해없음,이륜,남,24세,중상
2015051200100589,2015년 5월 12일 20시,화요일,대구광역시 남구 대명동,경상사고,0,0,2,0,차대차 - 기타,안전운전불이행,건조,맑음,교차로 - 교차로부근,승용,남,50세,상해없음,승용,여,28세,경상
2015051200100590,2015년 5월 12일 20시,화요일,대구광역시 동구 서호동,중상사고,0,1,0,0,차대사람 - 횡단중,안전운전불이행,습기,비,단일로 - 기타,승용,남,56세,상해없음,보행자,여,87세,중상
2015051200100591,2015년 5월 12일 20시,화요일,대구광역시 달서구 대천동,경상사고,0,0,1,0,차대차 - 기타,안전운전불이행,건조,맑음,단일로 - 기타,승용,남,51세,상해없음,이륜,남,16세,경상
2015051200100592,2015년 5월 12일 20시,화요일,대구광역시 달서구 용산동,부상신고사고,0,0,0,1,차대차 - 추돌 - 진행중,안전거리미확보,건조,맑음,단일로 - 기타,승용,남,59세,상해없음,이륜,남,25세,부상신고
2015051200100593,2015년 5월 12일 20시,화요일,대구광역시 달서구 신당동,중상사고,0,1,0,0,차대차 - 추돌 - 진행중,신호위반,건조,맑음,교차로 - 교차로안,승용,여,53세,상해없음,이륜,남,20세,중상
2015051200100621,2015년 5월 12일 21시,화요일,대구광역시 북구 서변동,경상사고,0,0,1,0,차대차 - 추돌 - 진행중,안전운전불이행,건조,맑음,단일로 - 기타,승용,남,38세,상해없음,승용,남,32세,경상
2015051200100626,2015년 5월 12일 21시,화요일,대구광역시 수성구 수성동3가,중상사고,0,1,0,0,차대차 - 측면직각충돌,신호위반,건조,맑음,교차로 - 교차로안,승용,남,50세,상해없음,이륜,남,35세,중상
2015051200100654,2015년 5월 12일 22시,화요일,대구광역시 수성구 매호동,경상사고,0,0,1,0,차대차 - 추돌 - 진행중,안전거리미확보,습기,비,교차로 - 교차로부근,승용,여,39세,상해없음,승용,남,46세,경상