사고번호,사고일시,요일,시군구,사고내용,사망자수,중상자수,경상자수,부상신고자수,사고유형,법규위반,노면상태,기상상태,도로형태,가해운전자 차종,가해운전자 성별,가해운전자 연령,가해운전자 상해정도,피해운전자 차종,피해운전자 성별,피해운전자 연령,피해운전자 상해정도
2015051200100680,2015년 5월 12일 23시,화요일,대구광역시 수성구 상동,경상사고,0,0,1,0,차대차 - 측면직각충돌,안전운전불이행,습기,비,교차로 - 교차로부근,승용,여,43세,상해없음,승합,남,50세,상해없음
2015051200100681,2015년 5월 12일 23시,화요일,대구광역시 북구 산격동,경상사고,0,0,1,0,차대차 - 기타,신호위반,습기,흐림,단일로 - 횡단보도상,승용,남,41세,상해없음,이륜,남,55세,경상
2015051200100682,2015년 5월 12일 23시,화요일,대구광역시 달서구 본리동,중상사고,0,1,0,0,차대사람 - 횡단중,안전운전불이행,건조,맑음,단일로 - 기타,승용,남,24세,상해없음,보행자,남,46세,중상
2015051300100070,2015년 5월 13일 05시,수요일,대구광역시 남구 대명동,중상사고,0,2,0,1,차대차 - 추돌 - 주정차중,안전운전불이행,건조,맑음,단일로 - 기타,승용,여,29세,부상신고,승용,남,66세,중상
2015051300100071,2015년 5월 13일 05시,수요일,대구광역시 북구 복현동,경상사고,0,0,1,0,차대사람 - 기타,신호위반,건조,맑음,단일로 - 횡단보도상,승용,남,49세,상해없음,보행자,여,23세,경상
2015051300100086,2015년 5월 13일 06시,수요일,대구광역시 수성구 두산동,중상사고,0,1,1,0,차량단독 - 공작물충돌,안전운전불이행,건조,맑음,단일로 - 기타,승용,남,26세,상해없음,,,,
2015051300100120,2015년 5월 13일 07시,수요일,대구광역시 동구 검사동,경상사고,0,0,1,0,차대차 - 정면충돌,안전운전불이행,건조,맑음,단일로 - 기타,승합,기타불명,기타불명,기타불명,이륜,남,29세,경상
2015051300100121,2015년 5월 13일 07시,수요일,대구광역시 수성구 만촌동,경상사고,0,0,1,0,차대차 - 추돌 - 주정차중,안전운전불이행,건조,맑음,단일로 - 기타,승용,여,46세,상해없음,승용,여,46세,경상
2015051300100174,2015년 5월 13일 08시,수요일,대구광역시 남구 대명동,경상사고,0,0,1,0,차대차 - 측면직각충돌,기타,건조,맑음,단일로 - 기타,승용,남,48세,상해없음,자전거,남,64세,경상
2015051300100175,2015년 5월 13일 08시,수요일,대구광역시 서구 내당동,중상사고,0,1,2,0,차대차 - 추돌 - 주정차중,안전운전불이행,건조,맑음,단일로 - 기타,화물,남,33세,상해없음,승용,여,36세,경상
2015051300100176,2015년 5월 13일 08시,수요일,대구광역시 달서구 두류동,경상사고,0,0,2,0,차대차 - 기타,신호위반,건조,맑음,교차로 - 교차로안,화물,남,55세,상해없음,승합,남,50세,상해없음
2015051300100177,2015년 5월 13일 08시,수요일,대구광역시 북구 태전동,중상사고,0,1,0,0,차대사람 - 횡단중,안전운전불이행,건조,맑음,교차로 - 교차로부근,승용,여,53세,상해없음,보행자,여,43세,중상
2015051300100222,2015년 5월 13일 09시,수요일,대구광역시 달서구 월성동,중상사고,0,1,0,0,차대차 - 기타,교차로운행방법위반,건조,맑음,교차로 - 교차로안,승용,여,36세,상해없음,원동기,여,24세,중상
2015051300100223,2015년 5월 13일 09시,수요일,대구광역시 서구 내당동,경상사고,0,0,1,0,차대차 - 측면직각충돌,안전운전불이행,건조,맑음,단일로 - 기타,이륜,남,62세,경상,승용,남,49세,기타불명
2015051300100224,2015년 5월 13일 09시,수요일,대구광역시 달서구 신당동,경상사고,0,0,1,0,차대차 - 기타,신호위반,건조,맑음,교차로 - 교차로안,승용,남,49세,상해없음,승용,여,52세,경상
2015051300100262,2015년 5월 13일 10시,수요일,대구광역시 동구 검사동,경상사고,0,0,1,0,차대차 - 기타,기타,건조,맑음,교차로 - 교차로부근,승용,남,50세,상해없음,원동기,남,44세,경상
2015051300100263,2015년 5월 13일 10시,수요일,대구광역시 서구 내당동,경상사고,0,0,1,0,차대차 - 추돌 - 주정차중,안전운전불이행,건조,맑음,단일로 - 기타,승용,남,60세,상해없음,승용,여,25세,경상
2015051300100264,2015년 5월 13일 10시,수요일,대구광역시 중구 동인동1가,경상사고,0,0,1,0,차대차 - 측면직각충돌,직진우회전진행방해,건조,맑음,교차로 - 교차로안,특수,남,45세,상해없음,승용,남,72세,상해없음
2015051300100265,2015년 5월 13일 10시,수요일,대구광역시 북구 팔달동,중상사고,0,1,0,0,차대차 - 측면직각충돌,안전운전불이행,건조,맑음,단일로 - 횡단보도부근,특수,남,67세,상해없음,승용,여,39세,중상
2015051300100291,2015년 5월 13일 11시,수요일,대구광역시 수성구 수성동3가,경상사고,0,0,1,0,차대사람 - 횡단중,안전운전불이행,건조,맑음,단일로 - 기타,이륜,남,50세,상해없음,보행자,남,59세,경상
2015051300100292,2015년 5월 13일 11시,수요일,대구광역시 수성구 가천동,부상신고사고,0,0,0,1,차대차 - 측면직각충돌,안전운전불이행,건조,맑음,단일로 - 기타,승합,남,38세,상해없음,원동기,남,64세,부상신고
2015051300100314,2015년 5월 13일 12시,수요일,대구광역시 수성구 수성동1가,중상사고,0,1,0,0,차대차 - 측면직각충돌,신호위반,건조,맑음,교차로 - 교차로안,승합,남,39세,상해없음,승용,여,72세,중상
2015051300100315,2015년 5월 13일 12시,수요일,대구광역시 수성구 수성동4가,부상신고사고,0,0,0,1,차대차 - 정면충돌,교차로운행방법위반,습기,비,교차로 - 교차로안,이륜,남,19세,부상신고,승용,남,36세,상해없음
2015051300100346,2015년 5월 13일 13시,수요일,대구광역시 달서구 송현동,중상사고,0,1,0,0,차대차 - 기타,교차로운행방법위반,건조,맑음,교차로 - 교차로안,승용,남,68세,상해없음,원동기,남,51세,중상
2015051300100380,2015년 5월 13일 14시,수요일,대구광역시 달서구 성당동,경상사고,0,0,1,0,차대차 - 기타,안전거리미확보,건조,맑음,단일로 - 기타,이륜,남,68세,경상,승용,남,67세,상해없음
2015051300100426,2015년 5월 13일 15시,수요일,대구광역시 동구 신천동,중상사고,0,1,0,0,차대사람 - 기타,안전운전불이행,건조,맑음,교차로 - 교차로안,승용,남,62세,상해없음,보행자,여,23세,중상
2015051300100427,2015년 5월 13일 15시,수요일,대구광역시 중구 대신동,중상사고,0,1,0,0,차대사람 - 보도통행중,기타,건조,맑음,단일로 - 기타,승용,여,43세,상해없음,보행자,남,51세,중상
2015051300100472,2015년 5월 13일 16시,수요일,대구광역시 중구 동산동,경상사고,0,0,1,0,차대사람 - 횡단중,안전운전불이행,건조,맑음,단일로 - 기타,승용,남,26세,상해없음,보행자,여,13세,경상
2015051300100473,2015년 5월 13일 16시,수요일,대구광역시 달서구 장동,중상사고,0,1,2,0,차대차 - 추돌 - 주정차중,안전운전불이행,건조,맑음,단일로 - 기타,화물,남,36세,상해없음,승용,남,37세,중상
2015051300100512,2015년 5월 13일 17시,수요일,대구광역시 수성구 두산동,경상사고,0,0,1,0,차대차 - 측면직각충돌,안전운전불이행,건조,맑음,교차로 - 교차로안,승용,여,41세,상해없음,화물,남,53세,경상
2015051300100513,2015년 5월 13일 17시,수요일,대구광역시 달서구 본동,경상사고,0,0,2,0,차대차 - 기타,교차로운행방법위반,건조,맑음,교차로 - 교차로안,승용,남,59세,경상,승용,남,33세,경상
2015051300100514,2015년 5월 13일 17시,수요일,대구광역시 서구 이현동,경상사고,0,0,3,0,차대차 - 측면직각충돌,중앙선침범,건조,맑음,단일로 - 기타,화물,남,57세,상해없음,승용,남,36세,경상
2015051300100515,2015년 5월 13일 17시,수요일,대구광역시 달서구 갈산동,부상신고사고,0,0,0,1,차대차 - 측면직각충돌,안전운전불이행,건조,맑음,교차로 - 교차로부근,이륜,남,47세,부상신고,화물,남,28세,상해없음
2015051300100555,2015년 5월 13일 18시,수요일,대구광역시 동구 신암동,경상사고,0,0,1,0,차대차 - 기타,교차로운행방법위반,건조,맑음,교차로 - 교차로안,승용,여,39세,상해없음,자전거,남,64세,경상
2015051300100556,2015년 5월 13일 18시,수요일,대구광역시 수성구 만촌동,경상사고,0,0,1,0,차대차 - 측면직각충돌,교차로운행방법위반,건조,맑음,교차로 - 교차로안,화물,남,54세,상해없음,원동기,남,48세,경상
2015051300100557,2015년 5월 13일 18시,수요일,대구광역시 서구 평리동,경상사고,0,0,1,0,차대사람 - 기타,안전운전불이행,건조,맑음,단일로 - 기타,승용,남,44세,상해없음,보행자,여,60세,경상
2015051300100558,2015년 5월 13일 18시,수요일,대구광역시 달서구 신당동,중상사고,0,1,0,0,차대사람 - 횡단중,안전운전불이행,건조,맑음,단일로 - 횡단보도상,승용,남,52세,상해없음,보행자,여,80세,중상
2015051300100600,2015년 5월 13일 19시,수요일,대구광역시 수성구 수성동1가,경상사고,0,0,1,0,차대차 - 기타,안전운전불이행,건조,맑음,단일로 - 기타,승용,여,45세,상해없음,자전거,남,41세,경상
2015051300100633,2015년 5월 13일 20시,수요일,대구광역시 동구 신천동,중상사고,0,1,0,0,차대차 - 측면직각충돌,교차로운행방법위반,건조,맑음,교차로 - 교차로안,이륜,남,38세,중상,승용,남,60세,상해없음
2015051300100634,2015년 5월 13일 20시,수요일,대구광역시 달서구 월성동,중상사고,0,1,0,0,차대차 - 추돌 - 주정차중,안전운전불이행,건조,맑음,교차로 - 교차로부근,승용,남,20세,상해없음,원동기,여,52세,중상
2015051300100635,2015년 5월 13일 20시,수요일,대구광역시 서구 비산동,부상신고사고,0,0,0,1,차대사람 - 길가장자리구역통행중,안전운전불이행,건조,흐림,단일로 - 기타,승용,기타불명,기타불명,기타불명,보행자,여,41세,부상신고
2015051300100636,2015년 5월 13일 20시,수요일,대구광역시 북구 팔달동,경상사고,0,0,1,0,차대차 - 기타,안전운전불이행,건조,맑음,단일로 - 기타,화물,남,46세,상해없음,승용,남,32세,경상
2015051300100661,2015년 5월 13일 21시,수요일,대구광역시 달서구 감삼동,경상사고,0,0,1,0,차대차 - 측면직각충돌,안전운전불이행,건조,맑음,단일로 - 기타,승용,남,71세,상해없음,이륜,남,17세,경상
2015051300100706,2015년 5월 13일 23시,수요일,대구광역시 남구 대명동,중상사고,0,1,0,0,차대사람 - 횡단중,안전운전불이행,건조,맑음,단일로 - 기타,승용,남,44세,상해없음,보행자,남,48세,중상
2015051400100012,2015년 5월 14일 00시,목요일,대구광역시 중구 동성로3가,경상사고,0,0,2,0,차대사람 - 횡단중,안전운전불이행,건조,맑음,교차로 - 교차로부근,승용,남,36세,경상,보행자,남,21세,경상
2015051400100027,2015년 5월 14일 01시,목요일,대구광역시 수성구 두산동,경상사고,0,0,2,0,차대차 - 기타,불법유턴,건조,맑음,단일로 - 기타,승용,남,53세,상해없음,승용,남,54세,경상
2015051400100039,2015년 5월 14일 02시,목요일,대구광역시 서구 평리동,경상사고,0,0,2,0,차대차 - 기타,안전거리미확보,건조,맑음,교차로 - 교차로안,승용,남,18세,상해없음,승용,남,26세,경상
2015051400100067,2015년 5월 14일 06시,목요일,대구광역시 북구 침산동,중상사고,0,1,0,0,차대차 - 기타,안전운전불이행,건조,맑음,교차로 - 교차로부근,자전거,남,55세,중상,화물,남,43세,상해없음
2015051400100068,2015년 5월 14일 06시,목요일,대구광역시 서구 평리동,경상사고,0,0,1,0,차대차 - 기타,안전운전불이행,건조,맑음,단일로 - 기타,화물,남,52세,상해없음,승용,남,41세,경상
2015051400100098,2015년 5월 14일 07시,목요일,대구광역시 서구 원대동3가,중상사고,0,1,0,0,차대차 - 측면직각충돌,교차로운행방법위반,건조,맑음,단일로 - 횡단보도부근,승용,남,26세,상해없음,자전거,여,52세,중상
2015051400100099,2015년 5월 14일 07시,목요일,대구광역시 서구 평리동,경상사고,0,0,1,0,차대차 - 기타,안전운전불이행,건조,맑음,교차로 - 교차로부근,승용,남,52세,상해없음,승용,남,68세,상해없음
2015051400100100,2015년 5월 14일 07시,목요일,대구광역시 달서구 갈산동,경상사고,0,0,1,0,차대차 - 측면직각충돌,교차로운행방법위반,건조,맑음,교차로 - 교차로안,승용,남,33세,상해없음,승용,남,32세,경상
2015051400100140,2015년 5월 14일 08시,목요일,대구광역시 달서구 대천동,경상사고,0,0,1,0,차대차 - 추돌 - 주정차중,안전운전불이행,건조,맑음,단일로 - 기타,승용,남,26세,상해없음,승용,남,47세,경상
2015051400100141,2015년 5월 14일 08시,목요일,대구광역시 달서구 대곡동,중상사고,0,1,0,0,차대사람 - 횡단중,신호위반,건조,맑음,단일로 - 횡단보도상,이륜,남,23세,상해없음,보행자,여,53세,중상
2015051400100142,2015년 5월 14일 08시,목요일,대구광역시 북구 태전동,경상사고,0,0,1,0,차대사람 - 횡단중,안전운전불이행,건조,맑음,단일로 - 기타,승용,남,54세,상해없음,보행자,남,15세,경상
2015051400100178,2015년 5월 14일 09시,목요일,대구광역시 북구 칠성동2가,중상사고,0,1,0,0,차대차 - 기타,안전운전불이행,건조,맑음,단일로 - 기타,승용,남,39세,상해없음,승용,남,49세,중상
2015051400100179,2015년 5월 14일 09시,목요일,대구광역시 중구 덕산동,경상사고,0,0,1,0,차대차 - 측면직각충돌,안전운전불이행,건조,맑음,단일로 - 기타,승용,여,53세,상해없음,이륜,남,30세,경상
2015051400100208,2015년 5월 14일 10시,목요일,대구광역시 동구 신평동,부상신고사고,0,0,0,1,차대사람 - 기타,안전운전불이행,건조,맑음,교차로 - 교차로부근,승용,남,53세,상해없음,보행자,여,58세,부상신고
2015051400100209,2015년 5월 14일 10시,목요일,대구광역시 중구 삼덕동2가,부상신고사고,0,0,0,1,차대차 - 측면직각충돌,신호위반,건조,맑음,단일로 - 횡단보도상,자전거,남,32세,부상신고,승용,남,49세,상해없음
2015051400100227,2015년 5월 14일 11시,목요일,대구광역시 남구 봉덕동,경상사고,0,0,2,0,차대차 - 기타,안전운전불이행,건조,맑음,교차로 - 교차로부근,승합,남,52세,상해없음,승용,남,43세,경상
2015051400100228,2015년 5월 14일 11시,목요일,대구광역시 달서구 월성동,경상사고,0,0,1,0,차대차 - 기타,안전거리미확보,건조,맑음,교차로 - 교차로부근,화물,남,56세,상해없음,승합,남,54세,경상
2015051400100247,2015년 5월 14일 12시,목요일,대구광역시 서구 비산동,중상사고,0,1,0,0,차대차 - 측면직각충돌,안전운전불이행,건조,맑음,교차로 - 교차로부근,화물,남,63세,상해없음,자전거,남,78세,중상
2015051400100279,2015년 5월 14일 13시,목요일,대구광역시 서구 비산동,경상사고,0,0,2,0,차대차 - 기타,안전운전불이행,건조,맑음,교차로 - 교차로부근,승용,남,69세,상해없음,승용,여,28세,경상
2015051400100307,2015년 5월 14일 14시,목요일,대구광역시 동구 신기동,중상사고,0,1,0,0,차대차 - 추돌 - 주정차중,안전운전불이행,건조,맑음,교차로 - 교차로부근,승용,여,39세,상해없음,승용,남,34세,중상
2015051400100308,2015년 5월 14일 14시,목요일,대구광역시 달서구 본동,경상사고,0,0,1,0,차대차 - 측면직각충돌,안전운전불이행,습기,맑음,단일로 - 기타,승용,남,19세,상해없음,승용,여,52세,경상
2015051400100309,2015년 5월 14일 14시,목요일,대구광역시 달서구 감삼동,경상사고,0,0,1,0,차대차 - 기타,안전거리미확보,건조,맑음,단일로 - 기타,승용,남,30세,상해없음,승용,남,24세,경상
2015051400100310,2015년 5월 14일 14시,목요일,대구광역시 달서구 장기동,중상사고,0,1,0,0,차대차 - 측면직각충돌,안전거리미확보,건조,맑음,단일로 - 기타,승용,남,45세,상해없음,이륜,남,36세,중상
2015051400100330,2015년 5월 14일 15시,목요일,대구광역시 수성구 범어동,중상사고,0,1,1,0,차대차 - 측면직각충돌,안전거리미확보,건조,맑음,단일로 - 기타,승용,여,24세,상해없음,승용,여,55세,중상
2015051400100331,2015년 5월 14일 15시,목요일,대구광역시 달서구 용산동,경상사고,0,0,1,0,차대차 - 기타,안전운전불이행,건조,맑음,교차로 - 교차로부근,승용,남,46세,상해없음,승용,남,48세,경상
2015051400100332,2015년 5월 14일 15시,목요일,대구광역시 북구 태전동,경상사고,0,0,1,0,차대차 - 추돌 - 진행중,안전운전불이행,건조,맑음,단일로 - 기타,승용,여,22세,상해없음,승용,남,24세,경상
2015051400100369,2015년 5월 14일 16시,목요일,대구광역시 남구 대명동,중상사고,0,1,0,0,차대차 - 기타,안전운전불이행,건조,맑음,교차로 - 교차로안,승합,남,44세,상해없음,자전거,남,13세,중상
2015051400100370,2015년 5월 14일 16시,목요일,대구광역시 동구 신서동,경상사고,0,0,1,0,차대사람 - 차도통행중,안전운전불이행,건조,맑음,단일로 - 기타,승용,남,46세,상해없음,보행자,여,6세,경상
2015051400100371,2015년 5월 14일 16시,목요일,대구광역시 북구 복현동,경상사고,0,0,1,0,차대차 - 기타,안전운전불이행,건조,맑음,교차로 - 교차로부근,승용,남,19세,상해없음,원동기,남,53세,경상
2015051400100410,2015년 5월 14일 17시,목요일,대구광역시 동구 신암동,경상사고,0,0,1,0,차대차 - 추돌 - 진행중,안전운전불이행,건조,맑음,교차로 - 교차로안,승용,남,49세,기타불명,승용,여,51세,경상
2015051400100411,2015년 5월 14일 17시,목요일,대구광역시 달서구 대곡동,경상사고,0,0,1,0,차대차 - 측면직각충돌,안전운전불이행,건조,맑음,단일로 - 기타,승용,여,54세,상해없음,승용,남,63세,상해없음
2015051400100412,2015년 5월 14일 17시,목요일,대구광역시 달서구 신당동,중상사고,0,1,0,0,차대차 - 기타,중앙선침범,건조,맑음,교차로 - 교차로부근,이륜,남,21세,상해없음,이륜,남,25세,중상
2015051400100455,2015년 5월 14일 18시,목요일,대구광역시 달서구 상인동,경상사고,0,0,1,0,차대사람 - 횡단중,안전운전불이행,건조,맑음,단일로 - 기타,이륜,남,49세,상해없음,보행자,남,11세,경상
2015051400100456,2015년 5월 14일 18시,목요일,대구광역시 서구 평리동,경상사고,0,0,2,0,차대차 - 추돌 - 진행중,안전운전불이행,건조,맑음,단일로 - 기타,승합,남,55세,상해없음,승용,남,64세,경상
2015051400100457,2015년 5월 14일 18시,목요일,대구광역시 중구 남산동,경상사고,0,0,1,0,차대차 - 추돌 - 진행중,안전운전불이행,건조,맑음,교차로 - 교차로부근,승용,남,58세,상해없음,승용,여,32세,경상
2015051400100458,2015년 5월 14일 18시,목요일,대구광역시 북구 금호동,경상사고,0,0,1,0,차대차 - 측면직각충돌,안전운전불이행,건조,맑음,단일로 - 횡단보도상,승용,남,35세,상해없음,자전거,남,7세,경상
2015051400100496,2015년 5월 14일 19시,목요일,대구광역시 서구 비산동,경상사고,0,0,1,0,차대사람 - 기타,안전운전불이행,건조,맑음,단일로 - 기타,승용,남,61세,상해없음,보행자,여,54세,경상
2015051400100533,2015년 5월 14일 20시,목요일,대구광역시 남구 대명동,중상사고,0,1,0,0,차대차 - 기타,신호위반,건조,맑음,교차로 - 교차로안,승용,여,62세,상해없음,승용,남,74세,중상
2015051400100534,2015년 5월 14일 20시,목요일,대구광역시 수성구 만촌동,경상사고,0,0,1,0,차대차 - 측면직각충돌,안전운전불이행,건조,맑음,교차로 - 교차로부근,승용,여,50세,상해없음,자전거,남,9세,경상
2015051400100535,2015년 5월 14일 20시,목요일,대구광역시 북구 학정동,중상사고,0,1,0,0,차대차 - 측면직각충돌,안전운전불이행,건조,맑음,단일로 - 기타,승용,여,44세,상해없음,자전거,여,54세,중상
2015051400100564,2015년 5월 14일 21시,목요일,대구광역시 서구 내당동,경상사고,0,0,2,0,차대차 - 추돌 - 진행중,안전운전불이행,건조,맑음,교차로 - 교차로부근,승용,여,53세,상해없음,승용,남,48세,경상
2015051400100565,2015년 5월 14일 21시,목요일,대구광역시 서구 내당동,중상사고,0,1,0,0,차량단독 - 전도전복,안전운전불이행,건조,맑음,단일로 - 기타,이륜,남,15세,중상,,,,
2015051400100566,2015년 5월 14일 21시,목요일,대구광역시 달서구 장기동,경상사고,0,0,1,0,차대차 - 추돌 - 주정차중,안전거리미확보,건조,맑음,교차로 - 교차로안,승용,남,57세,상해없음,승용,남,40세,경상
2015051400100597,2015년 5월 14일 22시,목요일,대구광역시 수성구 두산동,경상사고,0,0,1,0,차대차 - 측면직각충돌,안전거리미확보,건조,맑음,단일로 - 기타,승용,남,31세,상해없음,자전거,여,24세,경상
2015051400100598,2015년 5월 14일 22시,목요일,대구광역시 수성구 매호동,경상사고,0,0,1,0,차대차 - 측면직각충돌,안전거리미확보,건조,맑음,교차로 - 교차로부근,승용,남,45세,상해없음,승용,여,40세,경상
2015051400100599,2015년 5월 14일 22시,목요일,대구광역시 서구 평리동,중상사고,0,1,1,0,차대차 - 기타,안전운전불이행,건조,맑음,단일로 - 기타,승용,여,52세,상해없음,원동기,남,17세,중상
2015051400100600,2015년 5월 14일 22시,목요일,대구광역시 달서구 감삼동,경상사고,0,0,1,0,차대사람 - 기타,안전운전불이행,건조,맑음,단일로 - 기타,승용,여,57세,상해없음,보행자,남,47세,경상
2015051400100635,2015년 5월 14일 23시,목요일,대구광역시 남구 봉덕동,중상사고,0,1,1,0,차대차 - 기타,안전거리미확보,건조,맑음,교차로 - 교차로부근,승용,남,33세,경상,승용,여,35세,중상
2015051500100017,2015년 5월 15일 00시,금요일,대구광역시 중구 남산동,중상사고,0,1,0,0,차대차 - 기타,안전거리미확보,건조,맑음,단일로 - 기타,승용,남,21세,상해없음,승용,여,42세,중상
2015051500100018,2015년 5월 15일 00시,금요일,대구광역시 북구 태전동,경상사고,0,0,1,0,차대차 - 측면직각충돌,안전운전불이행,건조,맑음,교차로 - 교차로부근,승용,남,30세,상해없음,자전거,남,17세,경상
2015051500100039,2015년 5월 15일 01시,금요일,대구광역시 수성구 수성동4가,중상사고,0,1,1,0,차대차 - 기타,안전운전불이행,건조,맑음,교차로 - 교차로부근,승용,여,36세,상해없음,승용,남,53세,중상
2015051500100057,2015년 5월 15일 02시,금요일,대구광역시 수성구 범물동,중상사고,0,3,0,0,차대차 - 측면직각충돌,신호위반,건조,맑음,교차로 - 교차로안,승용,남,41세,중상,승용,남,21세,중상
2015051500100085,2015년 5월 15일 05시,금요일,대구광역시 수성구 두산동,중상사고,0,1,0,0,차대차 - 추돌 - 진행중,안전운전불이행,건조,맑음,단일로 - 기타,이륜,남,47세,기타불명,이륜,남,46세,중상
2015051500100097,2015년 5월 15일 06시,금요일,대구광역시 수성구 지산동,중상사고,0,1,0,0,차대차 - 측면직각충돌,안전운전불이행,건조,맑음,단일로 - 기타,승용,남,35세,상해없음,이륜,남,21세,중상
2015051500100098,2015년 5월 15일 06시,금요일,대구광역시 수성구 범어동,중상사고,0,1,1,0,차대차 - 측면직각충돌,신호위반,건조,맑음,교차로 - 교차로안,승용,남,78세,상해없음,승용,남,73세,중상
2015051500100099,2015년 5월 15일 06시,금요일,대구광역시 서구 비산동,경상사고,0,0,1,0,차대사람 - 횡단중,안전운전불이행,건조,맑음,단일로 - 기타,승용,남,61세,상해없음,보행자,남,53세,경상
2015051500100100,2015년 5월 15일 06시,금요일,대구광역시 북구 태전동,경상사고,0,0,1,0,차대사람 - 기타,안전운전불이행,건조,맑음,교차로 - 교차로부근,승용,남,51세,상해없음,보행자,남,41세,경상
2015051500100122,2015년 5월 15일 07시,금요일,대구광역시 수성구 사월동,중상사고,0,1,0,0,차대사람 - 횡단중,안전운전불이행,건조,맑음,단일로 - 기타,승용,여,50세,상해없음,보행자,남,16세,중상
2015051500100123,2015년 5월 15일 07시,금요일,대구광역시 서구 중리동,경상사고,0,0,3,0,차대사람 - 보도통행중,신호위반,건조,맑음,단일로 - 횡단보도상,승용,여,47세,상해없음,보행자,여,13세,경상
2015051500100124,2015년 5월 15일 07시,금요일,대구광역시 달서구 감삼동,경상사고,0,0,1,0,차대사람 - 기타,안전운전불이행,건조,맑음,교차로 - 교차로부근,승용,남,70세,상해없음,보행자,여,34세,경상
2015051500100169,2015년 5월 15일 08시,금요일,대구광역시 북구 관음동,경상사고,0,0,1,0,차대차 - 추돌 - 주정차중,기타,건조,맑음,단일로 - 기타,자전거,여,42세,경상,기타불명,남,56세,상해없음
2015051500100194,2015년 5월 15일 09시,금요일,대구광역시 동구 동호동,경상사고,0,0,1,0,차대차 - 측면직각충돌,안전운전불이행,건조,맑음,교차로 - 교차로부근,승합,남,42세,상해없음,승용,남,45세,경상
2015051500100195,2015년 5월 15일 09시,금요일,대구광역시 수성구 황금동,부상신고사고,0,0,0,1,차대차 - 기타,안전운전불이행,건조,맑음,교차로 - 교차로부근,승용,여,49세,부상신고,승용,여,35세,상해없음
2015051500100196,2015년 5월 15일 09시,금요일,대구광역시 북구 칠성동1가,중상사고,0,1,0,0,차대차 - 측면직각충돌,중앙선침범,건조,맑음,단일로 - 기타,승용,여,56세,상해없음,이륜,남,56세,중상
2015051500100197,2015년 5월 15일 09시,금요일,대구광역시 중구 수동,중상사고,0,2,0,0,차대사람 - 기타,기타,건조,맑음,단일로 - 기타,승용,남,48세,상해없음,보행자,여,62세,중상
2015051500100229,2015년 5월 15일 10시,금요일,대구광역시 수성구 시지동,중상사고,0,1,0,0,차대차 - 측면직각충돌,안전운전불이행,건조,맑음,단일로 - 기타,승용,여,33세,상해없음,자전거,여,55세,중상
2015051500100230,2015년 5월 15일 10시,금요일,대구광역시 북구 노원동3가,경상사고,0,0,1,0,차대차 - 기타,차로위반,건조,맑음,단일로 - 기타,승용,여,53세,상해없음,승합,남,53세,상해없음
2015051500100231,2015년 5월 15일 10시,금요일,대구광역시 달서구 이곡동,경상사고,0,0,1,0,차대차 - 측면직각충돌,신호위반,건조,맑음,교차로 - 교차로안,승용,남,66세,상해없음,승용,남,23세,경상
2015051500100266,2015년 5월 15일 11시,금요일,대구광역시 달서구 감삼동,경상사고,0,0,1,0,차대차 - 추돌 - 진행중,안전거리미확보,건조,맑음,단일로 - 기타,승합,여,55세,상해없음,승용,남,44세,경상
2015051500100267,2015년 5월 15일 11시,금요일,대구광역시 북구 태전동,경상사고,0,0,1,0,차대사람 - 횡단중,신호위반,건조,맑음,단일로 - 횡단보도상,이륜,남,60세,상해없음,보행자,여,51세,경상
2015051500100307,2015년 5월 15일 12시,금요일,대구광역시 달서구 죽전동,경상사고,0,0,1,0,차대차 - 기타,안전운전불이행,건조,맑음,단일로 - 횡단보도상,승용,여,55세,상해없음,자전거,남,55세,경상
2015051500100308,2015년 5월 15일 12시,금요일,대구광역시 달서구 감삼동,경상사고,0,0,1,0,차대차 - 추돌 - 진행중,안전거리미확보,건조,맑음,단일로 - 기타,승용,남,33세,상해없음,승용,여,51세,경상
2015051500100409,2015년 5월 15일 15시,금요일,대구광역시 수성구 연호동,경상사고,0,0,1,0,차대차 - 추돌 - 진행중,안전거리미확보,건조,맑음,단일로 - 기타,승용,여,62세,상해없음,승용,여,59세,경상
2015051500100434,2015년 5월 15일 16시,금요일,대구광역시 남구 대명동,경상사고,0,0,1,0,차대사람 - 길가장자리구역통행중,기타,건조,맑음,기타 - 기타,승용,여,55세,상해없음,보행자,여,3세,경상
2015051500100435,2015년 5월 15일 16시,금요일,대구광역시 남구 대명동,경상사고,0,0,1,0,차대사람 - 차도통행중,안전운전불이행,건조,맑음,단일로 - 기타,승용,남,63세,상해없음,보행자,여,62세,경상
2015051500100436,2015년 5월 15일 16시,금요일,대구광역시 달서구 송현동,중상사고,0,1,0,0,차대사람 - 보도통행중,안전운전불이행,건조,맑음,단일로 - 기타,승용,여,27세,상해없음,보행자,남,58세,중상
2015051500100437,2015년 5월 15일 16시,금요일,대구광역시 북구 동천동,중상사고,0,2,0,0,차대차 - 기타,안전운전불이행,건조,맑음,단일로 - 기타,자전거,여,52세,중상,자전거,여,54세,중상
2015051500100483,2015년 5월 15일 17시,금요일,대구광역시 수성구 황금동,중상사고,0,1,0,0,차대사람 - 횡단중,안전운전불이행,건조,맑음,단일로 - 기타,승합,남,59세,상해없음,보행자,남,9세,중상
2015051500100484,2015년 5월 15일 17시,금요일,대구광역시 수성구 만촌동,중상사고,0,1,0,0,차대차 - 측면직각충돌,안전거리미확보,건조,맑음,단일로 - 기타,이륜,남,19세,상해없음,승용,여,55세,상해없음