사고번호,사고일시,요일,시군구,사고내용,사망자수,중상자수,경상자수,부상신고자수,사고유형,법규위반,노면상태,기상상태,도로형태,가해운전자 차종,가해운전자 성별,가해운전자 연령,가해운전자 상해정도,피해운전자 차종,피해운전자 성별,피해운전자 연령,피해운전자 상해정도
2015051800100337,2015년 5월 18일 14시,월요일,대구광역시 북구 태전동,경상사고,0,0,1,0,차대차 - 추돌 - 주정차중,안전운전불이행,건조,맑음,단일로 - 기타,승용,남,57세,상해없음,승합,남,37세,경상
2015051800100379,2015년 5월 18일 15시,월요일,대구광역시 동구 신천동,중상사고,0,1,0,0,차대차 - 기타,안전운전불이행,건조,맑음,교차로 - 교차로부근,자전거,남,70세,중상,승용,여,58세,상해없음
2015051800100380,2015년 5월 18일 15시,월요일,대구광역시 수성구 수성동1가,경상사고,0,0,1,0,차대차 - 기타,안전거리미확보,습기,비,단일로 - 기타,승용,남,46세,상해없음,이륜,남,39세,경상
2015051800100381,2015년 5월 18일 15시,월요일,대구광역시 중구 교동,중상사고,0,1,3,0,차대차 - 측면직각충돌,신호위반,습기,비,교차로 - 교차로안,승용,남,44세,중상,승용,남,57세,상해없음
2015051800100421,2015년 5월 18일 16시,월요일,대구광역시 동구 봉무동,경상사고,0,0,1,0,차대사람 - 보도통행중,신호위반,건조,맑음,단일로 - 횡단보도상,승용,여,33세,상해없음,보행자,여,9세,경상
2015051800100422,2015년 5월 18일 16시,월요일,대구광역시 수성구 범어동,경상사고,0,0,1,0,차대차 - 추돌 - 주정차중,안전거리미확보,건조,맑음,단일로 - 기타,승용,여,40세,상해없음,승용,여,60세,경상
2015051800100423,2015년 5월 18일 16시,월요일,대구광역시 달서구 본동,경상사고,0,0,1,0,차대차 - 기타,신호위반,습기,비,교차로 - 교차로안,승용,여,56세,상해없음,이륜,남,31세,경상
2015051800100424,2015년 5월 18일 16시,월요일,대구광역시 달서구 대천동,경상사고,0,0,1,0,차대차 - 측면직각충돌,안전운전불이행,습기,비,교차로 - 교차로안,화물,남,72세,기타불명,승용,남,27세,경상
2015051800100425,2015년 5월 18일 16시,월요일,대구광역시 달서구 송현동,경상사고,0,0,2,0,차대차 - 기타,안전운전불이행,습기,비,단일로 - 기타,승용,여,39세,기타불명,승용,남,19세,경상
2015051800100463,2015년 5월 18일 17시,월요일,대구광역시 달서구 상인동,중상사고,0,1,0,0,차대사람 - 기타,안전운전불이행,건조,맑음,교차로 - 교차로안,승용,여,27세,상해없음,보행자,남,14세,중상
2015051800100464,2015년 5월 18일 17시,월요일,대구광역시 달성군 가창면,경상사고,0,0,1,0,차대차 - 추돌 - 주정차중,안전운전불이행,습기,비,교차로 - 교차로안,승용,여,67세,상해없음,승용,남,28세,경상
2015051800100465,2015년 5월 18일 17시,월요일,대구광역시 달성군 다사읍,경상사고,0,0,1,0,차대차 - 측면직각충돌,안전운전불이행,건조,맑음,단일로 - 기타,화물,남,44세,상해없음,승용,여,51세,경상
2015051800100466,2015년 5월 18일 17시,월요일,대구광역시 북구 침산동,경상사고,0,0,1,0,차대차 - 측면직각충돌,신호위반,건조,맑음,단일로 - 횡단보도상,원동기,남,63세,상해없음,자전거,여,11세,경상
2015051800100467,2015년 5월 18일 17시,월요일,대구광역시 북구 국우동,경상사고,0,0,1,0,차대사람 - 횡단중,안전운전불이행,건조,맑음,단일로 - 기타,승용,여,55세,상해없음,보행자,남,5세,경상
2015051800100507,2015년 5월 18일 18시,월요일,대구광역시 달서구 대천동,경상사고,0,0,1,0,차대차 - 추돌 - 주정차중,안전운전불이행,습기,비,교차로 - 교차로부근,승용,여,54세,상해없음,이륜,남,23세,경상
2015051800100508,2015년 5월 18일 18시,월요일,대구광역시 북구 대현동,중상사고,0,1,0,0,차대사람 - 차도통행중,안전운전불이행,습기,비,교차로 - 교차로안,승용,여,27세,상해없음,보행자,여,69세,중상
2015051800100509,2015년 5월 18일 18시,월요일,대구광역시 서구 내당동,중상사고,0,1,0,0,차대차 - 기타,차로위반,습기,맑음,단일로 - 기타,승용,여,42세,상해없음,승용,남,61세,중상
2015051800100541,2015년 5월 18일 19시,월요일,대구광역시 동구 신서동,경상사고,0,0,1,0,차대차 - 추돌 - 진행중,안전운전불이행,습기,비,단일로 - 기타,승용,남,56세,상해없음,승용,남,26세,경상
2015051800100542,2015년 5월 18일 19시,월요일,대구광역시 달서구 대곡동,경상사고,0,0,1,0,차대차 - 기타,신호위반,건조,맑음,교차로 - 교차로안,승용,남,65세,상해없음,승용,남,60세,경상
2015051800100585,2015년 5월 18일 20시,월요일,대구광역시 북구 복현동,경상사고,0,0,1,0,차대사람 - 횡단중,안전운전불이행,건조,맑음,교차로 - 교차로부근,승합,기타불명,기타불명,기타불명,보행자,여,14세,경상
2015051800100586,2015년 5월 18일 20시,월요일,대구광역시 중구 남성로,중상사고,0,1,1,0,차대차 - 추돌 - 주정차중,안전거리미확보,건조,맑음,단일로 - 기타,승용,남,55세,상해없음,승용,남,59세,상해없음
2015051800100617,2015년 5월 18일 21시,월요일,대구광역시 달성군 화원읍,경상사고,0,0,1,0,차대차 - 추돌 - 진행중,안전운전불이행,건조,맑음,단일로 - 기타,화물,남,45세,상해없음,승용,남,26세,경상
2015051800100647,2015년 5월 18일 22시,월요일,대구광역시 동구 용계동,경상사고,0,0,3,0,차대차 - 측면직각충돌,중앙선침범,건조,맑음,단일로 - 기타,승용,남,46세,상해없음,승용,남,43세,상해없음
2015051800100648,2015년 5월 18일 22시,월요일,대구광역시 중구 동산동,중상사고,0,1,0,0,차대사람 - 횡단중,안전운전불이행,건조,맑음,교차로 - 교차로부근,기타불명,기타불명,기타불명,기타불명,보행자,여,74세,중상
2015051800100666,2015년 5월 18일 23시,월요일,대구광역시 달서구 두류동,경상사고,0,0,1,0,차대사람 - 기타,안전운전불이행,건조,맑음,단일로 - 기타,승용,남,34세,상해없음,보행자,남,25세,경상
2015051900100017,2015년 5월 19일 00시,화요일,대구광역시 수성구 범어동,경상사고,0,0,1,0,차대차 - 추돌 - 진행중,안전운전불이행,건조,맑음,단일로 - 기타,승용,남,43세,상해없음,승용,남,56세,경상
2015051900100018,2015년 5월 19일 00시,화요일,대구광역시 중구 삼덕동3가,사망사고,1,0,0,0,차대차 - 기타,안전운전불이행,건조,맑음,단일로 - 기타,승용,남,30세,상해없음,승용,여,45세,기타불명
2015051900100019,2015년 5월 19일 00시,화요일,대구광역시 달서구 본리동,경상사고,0,0,4,0,차량단독 - 공작물충돌,안전운전불이행,건조,맑음,기타 - 기타,승용,남,45세,상해없음,,,,
2015051900100120,2015년 5월 19일 07시,화요일,대구광역시 수성구 두산동,경상사고,0,0,1,0,차대차 - 측면직각충돌,중앙선침범,건조,맑음,단일로 - 기타,자전거,여,19세,경상,승용,남,44세,상해없음
2015051900100121,2015년 5월 19일 07시,화요일,대구광역시 달서구 대천동,중상사고,0,1,0,0,차대차 - 기타,안전운전불이행,건조,맑음,단일로 - 기타,승용,기타불명,기타불명,기타불명,이륜,남,54세,중상
2015051900100122,2015년 5월 19일 07시,화요일,대구광역시 북구 산격동,경상사고,0,0,1,0,차대차 - 기타,안전운전불이행,건조,맑음,단일로 - 기타,기타불명,기타불명,기타불명,기타불명,자전거,남,14세,경상
2015051900100156,2015년 5월 19일 08시,화요일,대구광역시 서구 비산동,경상사고,0,0,1,0,차대사람 - 횡단중,안전운전불이행,건조,맑음,단일로 - 횡단보도상,승용,남,64세,상해없음,보행자,여,14세,경상
2015051900100200,2015년 5월 19일 09시,화요일,대구광역시 달서구 진천동,경상사고,0,0,2,0,차대차 - 추돌 - 주정차중,안전운전불이행,건조,맑음,단일로 - 기타,승용,여,45세,경상,기타불명,기타불명,기타불명,기타불명
2015051900100201,2015년 5월 19일 09시,화요일,대구광역시 서구 비산동,경상사고,0,0,2,0,차대차 - 기타,안전운전불이행,건조,맑음,단일로 - 기타,화물,남,35세,상해없음,승용,여,48세,경상
2015051900100227,2015년 5월 19일 10시,화요일,대구광역시 남구 봉덕동,중상사고,0,1,1,0,차대차 - 측면직각충돌,안전운전불이행,건조,맑음,단일로 - 기타,자전거,여,46세,경상,자전거,남,79세,중상
2015051900100253,2015년 5월 19일 11시,화요일,대구광역시 달서구 상인동,중상사고,0,1,0,0,차대사람 - 횡단중,보행자보호의무위반,건조,맑음,교차로 - 교차로안,승용,남,52세,상해없음,보행자,여,89세,중상
2015051900100254,2015년 5월 19일 11시,화요일,대구광역시 북구 관음동,중상사고,0,1,0,0,차대사람 - 횡단중,안전운전불이행,건조,맑음,단일로 - 횡단보도상,승용,남,63세,상해없음,보행자,남,74세,중상
2015051900100286,2015년 5월 19일 12시,화요일,대구광역시 서구 비산동,경상사고,0,0,3,0,차대차 - 측면직각충돌,신호위반,건조,흐림,교차로 - 교차로안,승용,여,44세,상해없음,화물,남,57세,경상
2015051900100287,2015년 5월 19일 12시,화요일,대구광역시 달서구 감삼동,경상사고,0,0,1,0,차대사람 - 보도통행중,기타,건조,맑음,단일로 - 기타,승용,남,44세,상해없음,보행자,남,35세,경상
2015051900100314,2015년 5월 19일 13시,화요일,대구광역시 동구 신암동,중상사고,0,1,0,0,차대차 - 측면직각충돌,안전운전불이행,건조,맑음,단일로 - 기타,승용,기타불명,기타불명,기타불명,이륜,남,18세,중상
2015051900100315,2015년 5월 19일 13시,화요일,대구광역시 수성구 지산동,중상사고,0,1,0,0,차대차 - 측면직각충돌,안전운전불이행,건조,맑음,교차로 - 교차로부근,화물,남,41세,상해없음,이륜,남,48세,중상
2015051900100316,2015년 5월 19일 13시,화요일,대구광역시 달성군 가창면,경상사고,0,0,1,0,차대차 - 측면직각충돌,안전운전불이행,건조,맑음,단일로 - 기타,승용,여,34세,상해없음,이륜,남,79세,경상
2015051900100352,2015년 5월 19일 14시,화요일,대구광역시 북구 침산동,경상사고,0,0,1,0,차대차 - 측면직각충돌,신호위반,건조,맑음,교차로 - 교차로안,원동기,남,32세,경상,승용,여,48세,상해없음
2015051900100353,2015년 5월 19일 14시,화요일,대구광역시 북구 태전동,경상사고,0,0,2,0,차대차 - 정면충돌,신호위반,건조,맑음,교차로 - 교차로안,화물,남,38세,상해없음,승용,남,23세,경상
2015051900100387,2015년 5월 19일 15시,화요일,대구광역시 달서구 본리동,중상사고,0,1,0,0,차대사람 - 횡단중,보행자보호의무위반,건조,맑음,교차로 - 교차로부근,승용,남,38세,상해없음,보행자,여,10세,중상
2015051900100388,2015년 5월 19일 15시,화요일,대구광역시 북구 관음동,중상사고,0,1,0,0,차대사람 - 횡단중,보행자보호의무위반,건조,맑음,교차로 - 교차로안,승용,여,56세,상해없음,보행자,여,76세,중상
2015051900100427,2015년 5월 19일 16시,화요일,대구광역시 수성구 범어동,중상사고,0,1,0,0,차대사람 - 길가장자리구역통행중,안전운전불이행,건조,맑음,교차로 - 교차로안,화물,남,54세,상해없음,보행자,여,52세,중상
2015051900100428,2015년 5월 19일 16시,화요일,대구광역시 달서구 송현동,부상신고사고,0,0,0,1,차대사람 - 기타,안전운전불이행,건조,맑음,단일로 - 횡단보도상,승용,기타불명,기타불명,기타불명,보행자,여,12세,부상신고
2015051900100429,2015년 5월 19일 16시,화요일,대구광역시 북구 침산동,경상사고,0,0,1,0,차대차 - 기타,안전운전불이행,건조,맑음,교차로 - 교차로부근,승용,남,48세,상해없음,승용,여,40세,경상
2015051900100430,2015년 5월 19일 16시,화요일,대구광역시 북구 읍내동,중상사고,0,1,0,0,차대차 - 정면충돌,교차로운행방법위반,건조,맑음,교차로 - 교차로안,승용,남,51세,상해없음,자전거,남,18세,중상
2015051900100470,2015년 5월 19일 17시,화요일,대구광역시 중구 삼덕동1가,경상사고,0,0,1,0,차대차 - 기타,안전거리미확보,건조,맑음,단일로 - 기타,승용,남,67세,상해없음,승합,남,39세,상해없음
2015051900100503,2015년 5월 19일 18시,화요일,대구광역시 동구 신서동,경상사고,0,0,2,0,차대차 - 기타,중앙선침범,건조,맑음,교차로 - 교차로부근,승용,여,46세,상해없음,이륜,남,20세,경상
2015051900100504,2015년 5월 19일 18시,화요일,대구광역시 북구 침산동,경상사고,0,0,1,0,차대차 - 기타,안전운전불이행,건조,맑음,교차로 - 교차로안,승용,남,43세,상해없음,자전거,여,71세,경상
2015051900100505,2015년 5월 19일 18시,화요일,대구광역시 중구 서성로1가,경상사고,0,0,1,0,차대차 - 측면직각충돌,안전운전불이행,건조,맑음,교차로 - 교차로안,이륜,남,53세,경상,승용,여,27세,상해없음
2015051900100506,2015년 5월 19일 18시,화요일,대구광역시 달서구 신당동,경상사고,0,0,1,0,차대차 - 기타,안전운전불이행,건조,맑음,교차로 - 교차로안,승용,남,29세,상해없음,자전거,남,12세,경상
2015051900100532,2015년 5월 19일 19시,화요일,대구광역시 달서구 송현동,중상사고,0,1,0,0,차대사람 - 횡단중,안전운전불이행,건조,맑음,단일로 - 기타,승용,남,21세,기타불명,보행자,여,71세,중상
2015051900100562,2015년 5월 19일 20시,화요일,대구광역시 동구 각산동,중상사고,0,1,1,0,차대차 - 측면직각충돌,중앙선침범,건조,맑음,단일로 - 기타,승용,남,45세,상해없음,승용,남,60세,경상
2015051900100563,2015년 5월 19일 20시,화요일,대구광역시 수성구 신매동,경상사고,0,0,1,0,차대차 - 추돌 - 진행중,안전운전불이행,건조,맑음,교차로 - 교차로부근,승용,여,36세,상해없음,승용,남,38세,경상
2015051900100564,2015년 5월 19일 20시,화요일,대구광역시 서구 내당동,경상사고,0,0,2,0,차대차 - 추돌 - 진행중,안전거리미확보,건조,흐림,단일로 - 기타,승용,남,43세,상해없음,승용,남,62세,경상
2015051900100565,2015년 5월 19일 20시,화요일,대구광역시 달서구 용산동,중상사고,0,1,0,0,차대차 - 정면충돌,중앙선침범,건조,맑음,단일로 - 기타,승합,남,39세,기타불명,이륜,남,34세,중상
2015051900100597,2015년 5월 19일 21시,화요일,대구광역시 달성군 논공읍,경상사고,0,0,2,0,차대차 - 측면직각충돌,안전운전불이행,건조,맑음,교차로 - 교차로부근,승용,남,56세,상해없음,승용,여,43세,경상
2015051900100598,2015년 5월 19일 21시,화요일,대구광역시 중구 도원동,경상사고,0,0,2,0,차대사람 - 횡단중,보행자보호의무위반,건조,맑음,단일로 - 기타,승용,남,36세,상해없음,보행자,여,32세,경상
2015051900100647,2015년 5월 19일 23시,화요일,대구광역시 동구 방촌동,경상사고,0,0,1,0,차대차 - 추돌 - 주정차중,안전운전불이행,건조,맑음,단일로 - 기타,승용,남,43세,경상,화물,남,42세,상해없음
2015051900100648,2015년 5월 19일 23시,화요일,대구광역시 달서구 두류동,중상사고,0,1,0,0,차대차 - 기타,안전운전불이행,건조,맑음,기타 - 기타,이륜,남,52세,상해없음,이륜,남,19세,중상
2015052000100041,2015년 5월 20일 03시,수요일,대구광역시 북구 칠성동2가,중상사고,0,2,2,0,차대차 - 측면직각충돌,차로위반,건조,맑음,단일로 - 기타,승용,남,60세,상해없음,특수,남,53세,경상
2015052000100053,2015년 5월 20일 04시,수요일,대구광역시 북구 관음동,중상사고,0,1,0,0,차대차 - 기타,안전운전불이행,건조,맑음,단일로 - 기타,화물,남,28세,상해없음,승용,남,56세,상해없음
2015052000100081,2015년 5월 20일 06시,수요일,대구광역시 북구 침산동,중상사고,0,1,1,0,차대차 - 기타,신호위반,건조,맑음,교차로 - 교차로안,승용,남,53세,상해없음,승용,여,51세,경상
2015052000100157,2015년 5월 20일 08시,수요일,대구광역시 남구 봉덕동,중상사고,0,1,0,0,차대차 - 측면직각충돌,신호위반,건조,맑음,교차로 - 교차로안,화물,남,49세,상해없음,이륜,여,51세,중상
2015052000100158,2015년 5월 20일 08시,수요일,대구광역시 동구 효목동,중상사고,0,1,0,0,차대사람 - 보도통행중,보행자보호의무위반,건조,맑음,단일로 - 횡단보도상,화물,남,42세,상해없음,보행자,남,76세,중상
2015052000100159,2015년 5월 20일 08시,수요일,대구광역시 수성구 만촌동,중상사고,0,2,0,0,차대사람 - 횡단중,보행자보호의무위반,건조,맑음,단일로 - 기타,화물,남,57세,상해없음,보행자,여,17세,중상
2015052000100160,2015년 5월 20일 08시,수요일,대구광역시 북구 침산동,경상사고,0,0,1,0,차대차 - 추돌 - 주정차중,안전운전불이행,건조,맑음,단일로 - 기타,승용,남,30세,상해없음,승용,남,53세,경상
2015052000100161,2015년 5월 20일 08시,수요일,대구광역시 북구 산격동,경상사고,0,0,1,0,차대사람 - 기타,기타,건조,맑음,단일로 - 기타,승용,여,45세,상해없음,보행자,여,46세,경상
2015052000100162,2015년 5월 20일 08시,수요일,대구광역시 북구 태전동,경상사고,0,0,1,0,차대차 - 기타,안전운전불이행,건조,맑음,단일로 - 기타,이륜,남,28세,경상,승용,여,45세,상해없음
2015052000100186,2015년 5월 20일 09시,수요일,대구광역시 동구 효목동,경상사고,0,0,1,0,차대차 - 측면직각충돌,안전운전불이행,건조,맑음,단일로 - 기타,승용,여,48세,상해없음,자전거,여,80세,경상
2015052000100187,2015년 5월 20일 09시,수요일,대구광역시 중구 교동,경상사고,0,0,1,0,차대차 - 기타,안전운전불이행,건조,맑음,단일로 - 기타,승용,남,49세,상해없음,자전거,여,65세,경상
2015052000100215,2015년 5월 20일 10시,수요일,대구광역시 동구 방촌동,경상사고,0,0,1,0,차대차 - 측면직각충돌,안전운전불이행,건조,맑음,단일로 - 기타,승용,여,45세,상해없음,승용,여,38세,경상
2015052000100216,2015년 5월 20일 10시,수요일,대구광역시 달서구 죽전동,중상사고,0,1,0,0,차대차 - 기타,기타,건조,맑음,단일로 - 기타,승용,남,65세,상해없음,원동기,남,71세,중상
2015052000100241,2015년 5월 20일 11시,수요일,대구광역시 수성구 황금동,경상사고,0,0,1,0,차대사람 - 길가장자리구역통행중,안전운전불이행,건조,맑음,단일로 - 기타,승용,남,23세,상해없음,보행자,여,67세,경상
2015052000100242,2015년 5월 20일 11시,수요일,대구광역시 달성군 옥포면,중상사고,0,1,0,0,차대차 - 측면직각충돌,안전운전불이행,건조,맑음,단일로 - 기타,화물,남,63세,상해없음,이륜,남,61세,중상
2015052000100243,2015년 5월 20일 11시,수요일,대구광역시 서구 평리동,경상사고,0,0,2,0,차대차 - 기타,안전운전불이행,건조,맑음,단일로 - 기타,승용,남,27세,상해없음,승용,남,40세,경상
2015052000100244,2015년 5월 20일 11시,수요일,대구광역시 중구 대신동,경상사고,0,0,1,0,차대사람 - 길가장자리구역통행중,안전운전불이행,건조,맑음,단일로 - 기타,승용,남,56세,상해없음,보행자,여,59세,경상
2015052000100274,2015년 5월 20일 12시,수요일,대구광역시 수성구 신매동,경상사고,0,0,1,0,차대사람 - 기타,중앙선침범,건조,맑음,단일로 - 기타,승용,기타불명,기타불명,기타불명,보행자,여,72세,경상
2015052000100275,2015년 5월 20일 12시,수요일,대구광역시 달서구 대천동,경상사고,0,0,2,0,차대차 - 측면직각충돌,교차로운행방법위반,건조,맑음,교차로 - 교차로안,승용,여,50세,경상,승용,남,42세,경상
2015052000100276,2015년 5월 20일 12시,수요일,대구광역시 서구 평리동,경상사고,0,0,1,0,차대사람 - 기타,안전운전불이행,건조,맑음,교차로 - 교차로부근,승용,여,62세,상해없음,보행자,여,69세,경상
2015052000100277,2015년 5월 20일 12시,수요일,대구광역시 달서구 감삼동,경상사고,0,0,1,0,차대차 - 측면직각충돌,안전운전불이행,건조,맑음,단일로 - 횡단보도상,승용,남,53세,상해없음,자전거,여,57세,경상
2015052000100341,2015년 5월 20일 14시,수요일,대구광역시 수성구 범어동,경상사고,0,0,1,0,차대차 - 기타,안전운전불이행,건조,맑음,단일로 - 기타,승용,남,32세,상해없음,승합,남,56세,상해없음
2015052000100386,2015년 5월 20일 15시,수요일,대구광역시 수성구 수성동1가,경상사고,0,0,1,0,차대차 - 추돌 - 진행중,안전운전불이행,건조,맑음,교차로 - 교차로부근,화물,기타불명,기타불명,기타불명,승용,남,35세,경상
2015052000100387,2015년 5월 20일 15시,수요일,대구광역시 달서구 용산동,경상사고,0,0,1,0,차대사람 - 횡단중,보행자보호의무위반,건조,맑음,단일로 - 횡단보도상,이륜,남,45세,상해없음,보행자,여,26세,경상
2015052000100428,2015년 5월 20일 16시,수요일,대구광역시 수성구 황금동,경상사고,0,0,1,0,차대차 - 기타,교차로운행방법위반,건조,맑음,교차로 - 교차로안,승용,남,39세,상해없음,승합,남,55세,상해없음
2015052000100429,2015년 5월 20일 16시,수요일,대구광역시 북구 침산동,경상사고,0,0,1,0,차대차 - 기타,교차로운행방법위반,건조,맑음,교차로 - 교차로부근,승용,여,30세,상해없음,자전거,남,38세,경상
2015052000100430,2015년 5월 20일 16시,수요일,대구광역시 달서구 이곡동,경상사고,0,0,1,0,차대사람 - 기타,기타,건조,맑음,단일로 - 기타,화물,남,61세,상해없음,보행자,남,9세,경상
2015052000100525,2015년 5월 20일 18시,수요일,대구광역시 북구 침산동,경상사고,0,0,1,0,차대차 - 기타,안전운전불이행,건조,맑음,교차로 - 교차로부근,기타불명,기타불명,기타불명,기타불명,자전거,남,68세,경상
2015052000100526,2015년 5월 20일 18시,수요일,대구광역시 북구 산격동,경상사고,0,0,1,0,차대사람 - 길가장자리구역통행중,안전운전불이행,건조,맑음,단일로 - 기타,승용,남,57세,상해없음,보행자,남,66세,경상
2015052000100527,2015년 5월 20일 18시,수요일,대구광역시 중구 남산동,부상신고사고,0,0,0,1,차대사람 - 기타,안전운전불이행,건조,맑음,교차로 - 교차로안,승용,여,53세,기타불명,보행자,남,61세,부상신고
2015052000100528,2015년 5월 20일 18시,수요일,대구광역시 달서구 호산동,경상사고,0,0,1,0,차대차 - 기타,교차로운행방법위반,건조,맑음,교차로 - 교차로안,승용,남,31세,상해없음,승용,남,55세,경상
2015052000100571,2015년 5월 20일 19시,수요일,대구광역시 남구 대명동,중상사고,0,1,0,0,차대사람 - 기타,안전운전불이행,건조,맑음,단일로 - 기타,화물,남,47세,상해없음,보행자,여,62세,중상
2015052000100572,2015년 5월 20일 19시,수요일,대구광역시 북구 칠성동2가,경상사고,0,0,1,0,차대사람 - 기타,안전운전불이행,건조,맑음,단일로 - 기타,승용,남,41세,상해없음,보행자,남,33세,경상
2015052000100573,2015년 5월 20일 19시,수요일,대구광역시 달서구 죽전동,경상사고,0,0,1,0,차대차 - 추돌 - 주정차중,안전운전불이행,건조,맑음,단일로 - 기타,승용,남,56세,상해없음,승용,남,35세,경상
2015052000100601,2015년 5월 20일 20시,수요일,대구광역시 남구 대명동,중상사고,0,1,0,0,차대사람 - 횡단중,신호위반,건조,맑음,단일로 - 횡단보도상,원동기,남,25세,상해없음,보행자,여,60세,중상
2015052000100602,2015년 5월 20일 20시,수요일,대구광역시 북구 태전동,부상신고사고,0,0,0,1,차대사람 - 기타,안전운전불이행,건조,맑음,단일로 - 기타,기타불명,기타불명,기타불명,기타불명,보행자,여,16세,부상신고
2015052000100639,2015년 5월 20일 21시,수요일,대구광역시 동구 효목동,경상사고,0,0,2,0,차대차 - 측면직각충돌,안전거리미확보,건조,맑음,단일로 - 기타,승용,여,58세,상해없음,승용,남,27세,경상
2015052000100640,2015년 5월 20일 21시,수요일,대구광역시 북구 노원동1가,경상사고,0,0,1,0,차대사람 - 차도통행중,안전운전불이행,건조,맑음,교차로 - 교차로안,승용,남,28세,상해없음,보행자,남,63세,경상
2015052100100024,2015년 5월 21일 00시,목요일,대구광역시 달성군 가창면,중상사고,0,1,0,0,차대차 - 측면직각충돌,신호위반,건조,맑음,교차로 - 교차로안,이륜,남,45세,중상,승용,여,51세,상해없음
2015052100100035,2015년 5월 21일 01시,목요일,대구광역시 수성구 수성동4가,중상사고,0,1,0,0,차대차 - 측면직각충돌,안전운전불이행,건조,맑음,교차로 - 교차로부근,승용,남,57세,상해없음,원동기,남,20세,중상
2015052100100036,2015년 5월 21일 01시,목요일,대구광역시 수성구 상동,중상사고,0,2,0,0,차대차 - 측면직각충돌,교차로운행방법위반,건조,맑음,교차로 - 교차로안,승용,남,55세,상해없음,승용,남,58세,중상
2015052100100037,2015년 5월 21일 01시,목요일,대구광역시 달서구 송현동,경상사고,0,0,2,0,차대차 - 추돌 - 주정차중,안전운전불이행,건조,맑음,단일로 - 기타,승용,남,46세,상해없음,승용,남,35세,경상
2015052100100065,2015년 5월 21일 04시,목요일,대구광역시 남구 봉덕동,경상사고,0,0,1,1,차대차 - 추돌 - 주정차중,중앙선침범,건조,맑음,교차로 - 교차로부근,승용,남,18세,상해없음,승용,남,23세,경상
2015052100100110,2015년 5월 21일 07시,목요일,대구광역시 동구 불로동,경상사고,0,0,1,0,차대차 - 측면직각충돌,교차로운행방법위반,건조,맑음,교차로 - 교차로안,자전거,남,16세,경상,승용,남,42세,상해없음
2015052100100111,2015년 5월 21일 07시,목요일,대구광역시 북구 칠성동2가,중상사고,0,1,3,0,차대차 - 추돌 - 진행중,안전거리미확보,건조,맑음,단일로 - 기타,승용,남,28세,경상,승용,남,56세,상해없음
2015052100100161,2015년 5월 21일 08시,목요일,대구광역시 달성군 논공읍,경상사고,0,0,1,0,차대사람 - 횡단중,안전운전불이행,건조,맑음,단일로 - 기타,기타불명,기타불명,기타불명,기타불명,보행자,남,18세,경상
2015052100100162,2015년 5월 21일 08시,목요일,대구광역시 서구 비산동,중상사고,0,1,0,0,차대차 - 기타,안전운전불이행,건조,맑음,교차로 - 교차로안,원동기,남,51세,중상,승용,남,25세,상해없음
2015052100100163,2015년 5월 21일 08시,목요일,대구광역시 서구 내당동,경상사고,0,0,1,0,차대차 - 기타,안전거리미확보,건조,맑음,단일로 - 기타,승용,여,43세,상해없음,승용,여,29세,경상
2015052100100164,2015년 5월 21일 08시,목요일,대구광역시 중구 삼덕동3가,중상사고,0,1,1,0,차대차 - 측면직각충돌,직진우회전진행방해,건조,맑음,교차로 - 교차로안,승용,남,30세,상해없음,이륜,남,56세,경상
2015052100100165,2015년 5월 21일 08시,목요일,대구광역시 중구 남산동,경상사고,0,0,2,0,차대차 - 측면직각충돌,안전운전불이행,건조,맑음,교차로 - 교차로부근,승용,남,58세,상해없음,승용,남,42세,경상
2015052100100166,2015년 5월 21일 08시,목요일,대구광역시 북구 서변동,중상사고,0,1,3,0,차대차 - 추돌 - 진행중,안전거리미확보,건조,맑음,단일로 - 기타,건설기계,남,51세,상해없음,승용,남,45세,경상
2015052100100200,2015년 5월 21일 09시,목요일,대구광역시 서구 내당동,경상사고,0,0,1,0,차대사람 - 기타,안전운전불이행,건조,맑음,단일로 - 기타,승용,남,58세,상해없음,보행자,여,32세,경상
2015052100100233,2015년 5월 21일 10시,목요일,대구광역시 수성구 범어동,경상사고,0,0,1,0,차대사람 - 보도통행중,기타,건조,맑음,기타 - 기타,이륜,남,57세,상해없음,보행자,남,27세,경상
2015052100100234,2015년 5월 21일 10시,목요일,대구광역시 달서구 도원동,경상사고,0,0,2,0,차대차 - 추돌 - 진행중,안전운전불이행,건조,맑음,단일로 - 기타,화물,남,53세,상해없음,승합,남,54세,상해없음
2015052100100235,2015년 5월 21일 10시,목요일,대구광역시 달서구 상인동,경상사고,0,0,1,0,차대차 - 측면직각충돌,교차로운행방법위반,건조,맑음,교차로 - 교차로안,승용,여,31세,상해없음,이륜,남,62세,경상
2015052100100261,2015년 5월 21일 11시,목요일,대구광역시 남구 대명동,경상사고,0,0,1,0,차대사람 - 횡단중,교차로운행방법위반,건조,맑음,교차로 - 교차로안,건설기계,남,52세,상해없음,보행자,여,22세,경상
2015052100100262,2015년 5월 21일 11시,목요일,대구광역시 수성구 만촌동,중상사고,0,1,0,0,차대사람 - 기타,안전운전불이행,건조,맑음,단일로 - 기타,이륜,남,16세,상해없음,보행자,남,48세,중상
2015052100100263,2015년 5월 21일 11시,목요일,대구광역시 중구 삼덕동3가,경상사고,0,0,1,0,차대차 - 측면직각충돌,안전거리미확보,건조,맑음,단일로 - 기타,승용,남,43세,상해없음,승용,여,45세,경상
2015052100100295,2015년 5월 21일 12시,목요일,대구광역시 수성구 지산동,경상사고,0,0,2,0,차대차 - 측면직각충돌,안전운전불이행,건조,맑음,단일로 - 기타,건설기계,남,42세,상해없음,승용,여,37세,경상