사고번호,사고일시,요일,시군구,사고내용,사망자수,중상자수,경상자수,부상신고자수,사고유형,법규위반,노면상태,기상상태,도로형태,가해운전자 차종,가해운전자 성별,가해운전자 연령,가해운전자 상해정도,피해운전자 차종,피해운전자 성별,피해운전자 연령,피해운전자 상해정도
2015052100100296,2015년 5월 21일 12시,목요일,대구광역시 달성군 논공읍,경상사고,0,0,2,0,차대차 - 기타,차로위반,건조,맑음,단일로 - 기타,화물,남,59세,상해없음,승용,남,72세,경상
2015052100100328,2015년 5월 21일 13시,목요일,대구광역시 북구 서변동,경상사고,0,0,1,0,차대차 - 추돌 - 진행중,안전운전불이행,건조,맑음,단일로 - 기타,승용,여,57세,상해없음,승용,남,34세,경상
2015052100100335,2015년 5월 21일 13시,목요일,대구광역시 중구 달성동,경상사고,0,0,1,0,차대차 - 정면충돌,안전운전불이행,건조,맑음,단일로 - 기타,승용,여,52세,상해없음,자전거,남,63세,경상
2015052100100367,2015년 5월 21일 14시,목요일,대구광역시 남구 봉덕동,경상사고,0,0,1,0,차대차 - 기타,안전운전불이행,건조,맑음,교차로 - 교차로안,자전거,남,52세,경상,승용,여,48세,상해없음
2015052100100368,2015년 5월 21일 14시,목요일,대구광역시 수성구 황금동,경상사고,0,0,1,0,차대사람 - 횡단중,보행자보호의무위반,건조,맑음,교차로 - 교차로안,승용,여,28세,상해없음,보행자,여,8세,경상
2015052100100369,2015년 5월 21일 14시,목요일,대구광역시 서구 평리동,경상사고,0,0,1,0,차대차 - 측면직각충돌,중앙선침범,건조,맑음,교차로 - 교차로부근,승용,남,72세,상해없음,승용,남,30세,경상
2015052100100370,2015년 5월 21일 14시,목요일,대구광역시 중구 남산동,부상신고사고,0,0,0,1,차대사람 - 차도통행중,안전운전불이행,건조,맑음,단일로 - 기타,승용,기타불명,기타불명,기타불명,보행자,여,9세,부상신고
2015052100100371,2015년 5월 21일 14시,목요일,대구광역시 중구 남산동,중상사고,0,1,0,0,차대차 - 기타,안전운전불이행,건조,맑음,단일로 - 기타,승용,여,41세,상해없음,승용,남,20세,중상
2015052100100372,2015년 5월 21일 14시,목요일,대구광역시 중구 동인동1가,중상사고,0,1,0,0,차대차 - 측면직각충돌,기타,건조,맑음,단일로 - 기타,승용,남,56세,상해없음,이륜,남,46세,중상
2015052100100402,2015년 5월 21일 15시,목요일,대구광역시 동구 신평동,경상사고,0,0,1,0,차대차 - 측면직각충돌,안전운전불이행,건조,맑음,교차로 - 교차로안,이륜,남,58세,경상,승용,남,40세,상해없음
2015052100100403,2015년 5월 21일 15시,목요일,대구광역시 달성군 다사읍,부상신고사고,0,0,0,1,차대차 - 기타,안전운전불이행,건조,맑음,교차로 - 교차로안,이륜,남,24세,부상신고,승용,남,56세,상해없음
2015052100100404,2015년 5월 21일 15시,목요일,대구광역시 서구 비산동,중상사고,0,1,0,0,차대차 - 기타,신호위반,건조,맑음,단일로 - 기타,승용,남,67세,상해없음,자전거,여,66세,중상
2015052100100405,2015년 5월 21일 15시,목요일,대구광역시 달서구 장기동,경상사고,0,0,1,0,차대차 - 측면직각충돌,신호위반,건조,맑음,교차로 - 교차로안,승합,남,72세,상해없음,승합,남,60세,상해없음
2015052100100434,2015년 5월 21일 16시,목요일,대구광역시 동구 동호동,경상사고,0,0,1,0,차대차 - 측면직각충돌,교차로운행방법위반,건조,맑음,교차로 - 교차로안,승용,여,28세,상해없음,이륜,남,80세,경상
2015052100100435,2015년 5월 21일 16시,목요일,대구광역시 동구 지묘동,사망사고,1,0,0,0,차대차 - 기타,불법유턴,건조,맑음,교차로 - 교차로부근,자전거,남,77세,사망,화물,남,62세,상해없음
2015052100100480,2015년 5월 21일 17시,목요일,대구광역시 수성구 신매동,경상사고,0,0,1,1,차대차 - 추돌 - 진행중,안전운전불이행,건조,맑음,교차로 - 교차로부근,승용,여,49세,부상신고,화물,남,51세,경상
2015052100100481,2015년 5월 21일 17시,목요일,대구광역시 수성구 신매동,경상사고,0,0,1,0,차대차 - 기타,안전운전불이행,건조,맑음,교차로 - 교차로부근,화물,남,62세,상해없음,자전거,남,11세,경상
2015052100100482,2015년 5월 21일 17시,목요일,대구광역시 북구 노원동3가,경상사고,0,0,1,0,차대차 - 측면직각충돌,안전운전불이행,건조,맑음,단일로 - 기타,화물,남,46세,상해없음,이륜,남,58세,경상
2015052100100483,2015년 5월 21일 17시,목요일,대구광역시 북구 동천동,경상사고,0,0,10,0,차대차 - 측면직각충돌,교차로운행방법위반,건조,맑음,교차로 - 교차로안,승합,남,29세,상해없음,승용,남,86세,경상
2015052100100524,2015년 5월 21일 18시,목요일,대구광역시 수성구 중동,중상사고,0,2,4,0,차대차 - 측면직각충돌,신호위반,건조,맑음,교차로 - 교차로안,승용,여,68세,상해없음,승용,남,63세,경상
2015052100100525,2015년 5월 21일 18시,목요일,대구광역시 수성구 파동,경상사고,0,0,2,0,차대차 - 측면직각충돌,안전거리미확보,건조,맑음,단일로 - 기타,승용,남,77세,상해없음,승용,남,24세,경상
2015052100100526,2015년 5월 21일 18시,목요일,대구광역시 달성군 화원읍,경상사고,0,0,1,0,차대차 - 추돌 - 진행중,안전거리미확보,건조,맑음,단일로 - 기타,승용,남,60세,기타불명,승용,남,54세,경상
2015052100100527,2015년 5월 21일 18시,목요일,대구광역시 중구 계산동2가,경상사고,0,0,1,0,차대사람 - 기타,안전운전불이행,건조,맑음,단일로 - 기타,기타불명,기타불명,기타불명,기타불명,보행자,여,54세,경상
2015052100100528,2015년 5월 21일 18시,목요일,대구광역시 북구 태전동,경상사고,0,0,1,0,차대사람 - 횡단중,보행자보호의무위반,건조,맑음,단일로 - 횡단보도상,화물,남,31세,상해없음,보행자,남,18세,경상
2015052100100560,2015년 5월 21일 19시,목요일,대구광역시 동구 신암동,경상사고,0,0,3,0,차대차 - 기타,교차로운행방법위반,건조,맑음,교차로 - 교차로안,승합,남,57세,기타불명,승용,남,62세,상해없음
2015052100100561,2015년 5월 21일 19시,목요일,대구광역시 중구 남산동,경상사고,0,0,1,1,차대차 - 측면직각충돌,교차로운행방법위반,건조,맑음,단일로 - 기타,승용,여,75세,부상신고,승용,여,39세,경상
2015052100100562,2015년 5월 21일 19시,목요일,대구광역시 달서구 두류동,경상사고,0,0,1,0,차대차 - 기타,안전운전불이행,건조,맑음,교차로 - 교차로부근,승용,남,46세,상해없음,이륜,남,52세,경상
2015052100100563,2015년 5월 21일 19시,목요일,대구광역시 달서구 감삼동,경상사고,0,0,1,0,차대차 - 측면직각충돌,안전운전불이행,건조,맑음,단일로 - 기타,이륜,남,31세,경상,승용,남,52세,상해없음
2015052100100600,2015년 5월 21일 20시,목요일,대구광역시 수성구 만촌동,경상사고,0,0,2,0,차대차 - 추돌 - 주정차중,안전운전불이행,건조,맑음,교차로 - 교차로부근,승용,남,36세,상해없음,승용,남,48세,경상
2015052100100601,2015년 5월 21일 20시,목요일,대구광역시 북구 노원동2가,경상사고,0,0,1,0,차대사람 - 횡단중,신호위반,건조,맑음,단일로 - 기타,이륜,남,57세,상해없음,보행자,남,69세,경상
2015052100100602,2015년 5월 21일 20시,목요일,대구광역시 서구 내당동,중상사고,0,1,1,0,차대차 - 측면직각충돌,신호위반,건조,맑음,교차로 - 교차로안,승용,남,58세,상해없음,이륜,남,61세,중상
2015052100100603,2015년 5월 21일 20시,목요일,대구광역시 달서구 신당동,경상사고,0,0,1,0,차대차 - 측면직각충돌,안전운전불이행,건조,맑음,단일로 - 기타,승용,남,59세,상해없음,이륜,남,24세,경상
2015052100100637,2015년 5월 21일 21시,목요일,대구광역시 달서구 도원동,중상사고,0,1,0,0,차대차 - 기타,안전운전불이행,건조,맑음,교차로 - 교차로부근,승용,여,50세,상해없음,이륜,남,63세,중상
2015052100100638,2015년 5월 21일 21시,목요일,대구광역시 달서구 두류동,부상신고사고,0,0,0,1,차대차 - 기타,중앙선침범,건조,맑음,교차로 - 교차로부근,자전거,남,53세,부상신고,승용,남,57세,상해없음
2015052100100689,2015년 5월 21일 23시,목요일,대구광역시 달서구 이곡동,중상사고,0,2,0,0,차대차 - 기타,안전운전불이행,건조,맑음,단일로 - 기타,승용,여,52세,상해없음,승용,남,30세,중상
2015052200100018,2015년 5월 22일 00시,금요일,대구광역시 동구 신암동,경상사고,0,0,1,0,차대사람 - 횡단중,안전운전불이행,건조,맑음,교차로 - 교차로안,승용,남,53세,상해없음,보행자,남,45세,경상
2015052200100019,2015년 5월 22일 00시,금요일,대구광역시 중구 삼덕동1가,경상사고,0,0,1,0,차대차 - 추돌 - 주정차중,중앙선침범,건조,맑음,단일로 - 교량,승용,남,34세,상해없음,승용,남,58세,경상
2015052200100042,2015년 5월 22일 02시,금요일,대구광역시 북구 대현동,경상사고,0,0,2,0,차대차 - 측면직각충돌,안전운전불이행,건조,맑음,단일로 - 기타,승용,남,23세,상해없음,승용,남,58세,경상
2015052200100043,2015년 5월 22일 02시,금요일,대구광역시 중구 삼덕동1가,경상사고,0,0,1,0,차대사람 - 길가장자리구역통행중,안전운전불이행,건조,맑음,단일로 - 기타,승용,남,27세,상해없음,보행자,남,20세,경상
2015052200100068,2015년 5월 22일 04시,금요일,대구광역시 수성구 두산동,중상사고,0,1,1,0,차대차 - 추돌 - 진행중,안전운전불이행,건조,맑음,단일로 - 기타,승용,남,30세,상해없음,이륜,남,15세,경상
2015052200100121,2015년 5월 22일 07시,금요일,대구광역시 달서구 월성동,경상사고,0,0,1,0,차대차 - 기타,안전거리미확보,건조,맑음,단일로 - 기타,자전거,남,31세,경상,화물,남,41세,상해없음
2015052200100172,2015년 5월 22일 08시,금요일,대구광역시 남구 대명동,경상사고,0,0,1,0,차대사람 - 길가장자리구역통행중,안전운전불이행,건조,맑음,단일로 - 기타,승용,기타불명,기타불명,기타불명,보행자,남,9세,경상
2015052200100173,2015년 5월 22일 08시,금요일,대구광역시 중구 태평로3가,중상사고,0,1,0,0,차대사람 - 보도통행중,보행자보호의무위반,건조,맑음,교차로 - 교차로부근,화물,남,43세,상해없음,보행자,여,54세,중상
2015052200100174,2015년 5월 22일 08시,금요일,대구광역시 북구 태전동,경상사고,0,0,1,0,차대사람 - 횡단중,안전운전불이행,건조,맑음,단일로 - 기타,승용,남,38세,상해없음,보행자,남,12세,경상
2015052200100209,2015년 5월 22일 09시,금요일,대구광역시 수성구 만촌동,부상신고사고,0,0,0,1,차대차 - 측면직각충돌,교차로운행방법위반,건조,맑음,교차로 - 교차로안,승용,남,78세,상해없음,승용,남,30세,부상신고
2015052200100210,2015년 5월 22일 09시,금요일,대구광역시 달성군 화원읍,경상사고,0,0,1,0,차대차 - 정면충돌,안전운전불이행,건조,맑음,교차로 - 교차로안,이륜,남,54세,경상,승용,남,47세,상해없음
2015052200100211,2015년 5월 22일 09시,금요일,대구광역시 달성군 다사읍,경상사고,0,0,1,1,차대차 - 측면직각충돌,중앙선침범,건조,맑음,단일로 - 기타,승용,여,31세,부상신고,건설기계,남,53세,상해없음
2015052200100243,2015년 5월 22일 10시,금요일,대구광역시 서구 평리동,경상사고,0,0,1,0,차대차 - 측면직각충돌,중앙선침범,건조,맑음,교차로 - 교차로안,승용,남,56세,상해없음,승용,남,49세,경상
2015052200100273,2015년 5월 22일 11시,금요일,대구광역시 달서구 도원동,경상사고,0,0,2,0,차대차 - 측면직각충돌,차로위반,건조,맑음,교차로 - 교차로부근,승용,남,73세,상해없음,승용,남,65세,경상
2015052200100274,2015년 5월 22일 11시,금요일,대구광역시 북구 노원동1가,중상사고,0,1,2,0,차대차 - 측면직각충돌,신호위반,건조,맑음,교차로 - 교차로안,자전거,남,45세,중상,승용,남,37세,경상
2015052200100275,2015년 5월 22일 11시,금요일,대구광역시 중구 동인동2가,부상신고사고,0,0,0,1,차대차 - 추돌 - 진행중,차로위반,건조,맑음,단일로 - 기타,화물,남,40세,기타불명,승용,남,51세,부상신고
2015052200100305,2015년 5월 22일 12시,금요일,대구광역시 남구 대명동,중상사고,0,1,0,0,차대사람 - 기타,안전운전불이행,건조,맑음,단일로 - 기타,화물,남,28세,상해없음,보행자,남,81세,중상
2015052200100306,2015년 5월 22일 12시,금요일,대구광역시 동구 용계동,경상사고,0,0,2,0,차대차 - 기타,안전운전불이행,건조,맑음,단일로 - 기타,건설기계,남,66세,상해없음,승용,여,38세,경상
2015052200100307,2015년 5월 22일 12시,금요일,대구광역시 수성구 신매동,경상사고,0,0,1,0,차대사람 - 보도통행중,기타,건조,맑음,단일로 - 기타,자전거,기타불명,기타불명,기타불명,보행자,여,33세,경상
2015052200100338,2015년 5월 22일 13시,금요일,대구광역시 달성군 다사읍,중상사고,0,1,0,0,차대사람 - 횡단중,안전운전불이행,건조,맑음,교차로 - 교차로부근,화물,남,60세,상해없음,보행자,여,41세,중상
2015052200100387,2015년 5월 22일 14시,금요일,대구광역시 수성구 시지동,중상사고,0,1,0,0,차대차 - 측면직각충돌,교차로운행방법위반,건조,맑음,교차로 - 교차로부근,승용,남,22세,상해없음,자전거,여,65세,중상
2015052200100434,2015년 5월 22일 15시,금요일,대구광역시 달서구 상인동,중상사고,0,1,0,0,차대차 - 기타,안전운전불이행,건조,맑음,단일로 - 기타,기타불명,기타불명,기타불명,기타불명,원동기,남,48세,중상
2015052200100435,2015년 5월 22일 15시,금요일,대구광역시 서구 내당동,경상사고,0,0,2,1,차대차 - 측면직각충돌,차로위반,건조,맑음,단일로 - 기타,승용,여,49세,부상신고,승용,남,65세,경상
2015052200100436,2015년 5월 22일 15시,금요일,대구광역시 달서구 감삼동,경상사고,0,0,1,0,차대사람 - 기타,안전운전불이행,건조,맑음,기타 - 기타,자전거,남,18세,상해없음,보행자,여,49세,경상
2015052200100472,2015년 5월 22일 16시,금요일,대구광역시 수성구 범어동,경상사고,0,0,1,0,차대차 - 측면직각충돌,안전거리미확보,건조,맑음,단일로 - 기타,승용,남,21세,상해없음,승용,남,52세,경상
2015052200100473,2015년 5월 22일 16시,금요일,대구광역시 서구 평리동,부상신고사고,0,0,0,1,차대차 - 기타,안전운전불이행,건조,맑음,교차로 - 교차로부근,원동기,남,28세,부상신고,승합,남,65세,상해없음
2015052200100474,2015년 5월 22일 16시,금요일,대구광역시 중구 동인동2가,경상사고,0,0,1,0,차량단독 - 기타,안전운전불이행,건조,맑음,단일로 - 기타,승합,남,39세,상해없음,,,,
2015052200100475,2015년 5월 22일 16시,금요일,대구광역시 달서구 용산동,경상사고,0,0,1,0,차대사람 - 보도통행중,기타,건조,맑음,단일로 - 기타,승용,남,39세,상해없음,보행자,여,55세,경상
2015052200100508,2015년 5월 22일 17시,금요일,대구광역시 남구 봉덕동,경상사고,0,0,1,0,차대차 - 기타,안전운전불이행,건조,맑음,교차로 - 교차로부근,승용,여,33세,상해없음,이륜,남,59세,경상
2015052200100509,2015년 5월 22일 17시,금요일,대구광역시 동구 서호동,부상신고사고,0,0,0,1,차대차 - 기타,안전운전불이행,건조,맑음,교차로 - 교차로안,승용,기타불명,기타불명,기타불명,자전거,남,13세,부상신고
2015052200100510,2015년 5월 22일 17시,금요일,대구광역시 수성구 범어동,중상사고,0,1,1,0,차대차 - 측면직각충돌,안전운전불이행,건조,맑음,단일로 - 횡단보도상,승용,여,56세,기타불명,자전거,여,15세,중상
2015052200100569,2015년 5월 22일 18시,금요일,대구광역시 동구 신암동,경상사고,0,0,1,0,차대차 - 기타,안전운전불이행,건조,맑음,교차로 - 교차로부근,원동기,남,63세,상해없음,자전거,여,27세,경상
2015052200100570,2015년 5월 22일 18시,금요일,대구광역시 달서구 송현동,경상사고,0,0,1,0,차대차 - 측면직각충돌,안전운전불이행,건조,맑음,교차로 - 교차로안,승용,남,43세,상해없음,승용,남,24세,경상
2015052200100571,2015년 5월 22일 18시,금요일,대구광역시 달서구 대천동,경상사고,0,0,1,0,차대차 - 기타,신호위반,건조,맑음,교차로 - 교차로안,승용,여,40세,상해없음,승용,여,48세,경상
2015052200100572,2015년 5월 22일 18시,금요일,대구광역시 달서구 도원동,경상사고,0,0,2,0,차대차 - 기타,안전운전불이행,건조,맑음,단일로 - 횡단보도부근,승합,남,46세,상해없음,자전거,남,18세,경상
2015052200100573,2015년 5월 22일 18시,금요일,대구광역시 달서구 본동,경상사고,0,0,1,0,차대차 - 추돌 - 진행중,안전운전불이행,건조,맑음,단일로 - 기타,승용,남,58세,상해없음,원동기,남,25세,경상
2015052200100604,2015년 5월 22일 19시,금요일,대구광역시 남구 이천동,중상사고,0,1,0,0,차대차 - 기타,안전운전불이행,건조,맑음,교차로 - 교차로안,화물,남,62세,상해없음,이륜,여,48세,중상
2015052200100605,2015년 5월 22일 19시,금요일,대구광역시 동구 신천동,경상사고,0,0,1,0,차대차 - 측면직각충돌,교차로운행방법위반,건조,맑음,교차로 - 교차로안,승용,남,74세,상해없음,승용,남,42세,경상
2015052200100606,2015년 5월 22일 19시,금요일,대구광역시 달성군 화원읍,경상사고,0,0,1,0,차대사람 - 기타,안전운전불이행,건조,맑음,단일로 - 기타,승용,남,52세,상해없음,보행자,남,59세,경상
2015052200100642,2015년 5월 22일 20시,금요일,대구광역시 수성구 중동,경상사고,0,0,1,0,차대차 - 추돌 - 주정차중,안전운전불이행,건조,맑음,단일로 - 기타,화물,남,61세,상해없음,자전거,여,13세,경상
2015052200100643,2015년 5월 22일 20시,금요일,대구광역시 달성군 논공읍,중상사고,0,1,0,1,차대차 - 측면직각충돌,안전운전불이행,건조,맑음,교차로 - 교차로부근,승용,여,30세,부상신고,승용,남,57세,중상
2015052200100678,2015년 5월 22일 21시,금요일,대구광역시 수성구 황금동,부상신고사고,0,0,0,1,차대차 - 측면직각충돌,안전운전불이행,건조,맑음,교차로 - 교차로부근,이륜,남,24세,부상신고,승용,남,42세,상해없음
2015052200100679,2015년 5월 22일 21시,금요일,대구광역시 달서구 송현동,중상사고,0,1,0,0,차대차 - 기타,중앙선침범,건조,맑음,단일로 - 기타,이륜,남,55세,상해없음,이륜,남,18세,중상
2015052200100680,2015년 5월 22일 21시,금요일,대구광역시 달서구 파호동,경상사고,0,0,1,0,차대차 - 측면직각충돌,안전운전불이행,건조,맑음,교차로 - 교차로부근,승용,남,76세,상해없음,승용,남,36세,경상
2015052200100681,2015년 5월 22일 21시,금요일,대구광역시 북구 읍내동,경상사고,0,0,3,0,차대차 - 측면직각충돌,안전운전불이행,건조,맑음,교차로 - 교차로부근,승용,남,30세,경상,승용,남,32세,경상
2015052200100720,2015년 5월 22일 22시,금요일,대구광역시 수성구 매호동,경상사고,0,0,1,0,차대차 - 추돌 - 주정차중,안전운전불이행,건조,맑음,단일로 - 기타,화물,남,49세,상해없음,승용,남,46세,상해없음
2015052200100721,2015년 5월 22일 22시,금요일,대구광역시 달성군 가창면,중상사고,0,1,2,0,차대차 - 추돌 - 주정차중,안전운전불이행,건조,맑음,교차로 - 교차로부근,승용,남,55세,상해없음,승용,여,41세,상해없음
2015052200100752,2015년 5월 22일 23시,금요일,대구광역시 남구 대명동,중상사고,0,2,0,1,차대차 - 측면직각충돌,교차로운행방법위반,건조,맑음,교차로 - 교차로안,원동기,남,22세,부상신고,원동기,남,16세,중상
2015052200100753,2015년 5월 22일 23시,금요일,대구광역시 서구 중리동,경상사고,0,0,1,0,차대차 - 측면직각충돌,신호위반,건조,맑음,교차로 - 교차로안,승용,남,36세,상해없음,승용,남,41세,경상
2015052200100754,2015년 5월 22일 23시,금요일,대구광역시 달서구 용산동,중상사고,0,1,2,0,차대차 - 측면직각충돌,신호위반,건조,맑음,교차로 - 교차로안,승용,여,45세,경상,승용,남,49세,경상
2015052300100019,2015년 5월 23일 00시,토요일,대구광역시 남구 대명동,경상사고,0,0,1,0,차대차 - 추돌 - 진행중,안전운전불이행,건조,맑음,교차로 - 교차로안,승용,남,56세,상해없음,승용,남,34세,경상
2015052300100021,2015년 5월 23일 00시,토요일,대구광역시 달서구 본리동,경상사고,0,0,1,0,차대차 - 측면직각충돌,차로위반,건조,맑음,교차로 - 교차로부근,승용,여,28세,상해없음,승용,남,62세,경상
2015052300100036,2015년 5월 23일 01시,토요일,대구광역시 중구 삼덕동1가,경상사고,0,0,1,0,차대사람 - 길가장자리구역통행중,안전운전불이행,건조,맑음,단일로 - 기타,승용,남,18세,상해없음,보행자,남,26세,경상
2015052300100061,2015년 5월 23일 02시,토요일,대구광역시 중구 공평동,경상사고,0,0,3,0,차대차 - 정면충돌,안전운전불이행,건조,맑음,단일로 - 기타,승용,남,60세,상해없음,승용,남,58세,경상
2015052300100091,2015년 5월 23일 04시,토요일,대구광역시 달성군 구지면,중상사고,0,1,0,0,차대차 - 측면직각충돌,차로위반,건조,맑음,교차로 - 교차로부근,화물,남,65세,상해없음,승용,여,54세,중상
2015052300100146,2015년 5월 23일 07시,토요일,대구광역시 동구 불로동,중상사고,0,1,0,0,차대차 - 추돌 - 진행중,안전운전불이행,건조,맑음,단일로 - 기타,승용,남,50세,상해없음,화물,남,57세,중상
2015052300100147,2015년 5월 23일 07시,토요일,대구광역시 북구 학정동,중상사고,0,2,1,0,차대차 - 추돌 - 주정차중,안전운전불이행,건조,맑음,교차로 - 교차로부근,승합,남,55세,상해없음,승용,여,57세,중상
2015052300100167,2015년 5월 23일 08시,토요일,대구광역시 동구 서호동,경상사고,0,0,1,0,차대차 - 기타,안전운전불이행,건조,맑음,단일로 - 기타,승용,여,51세,상해없음,승용,남,45세,경상
2015052300100168,2015년 5월 23일 08시,토요일,대구광역시 중구 삼덕동2가,경상사고,0,0,1,0,차대차 - 기타,안전운전불이행,건조,맑음,단일로 - 기타,승용,남,72세,상해없음,승용,남,23세,경상
2015052300100195,2015년 5월 23일 09시,토요일,대구광역시 서구 내당동,경상사고,0,0,1,0,차대차 - 기타,안전운전불이행,건조,맑음,교차로 - 교차로안,승용,남,51세,상해없음,승용,남,39세,경상
2015052300100229,2015년 5월 23일 10시,토요일,대구광역시 북구 산격동,중상사고,0,1,2,0,차대차 - 기타,신호위반,건조,맑음,교차로 - 교차로안,승용,남,80세,상해없음,승용,남,54세,경상
2015052300100230,2015년 5월 23일 10시,토요일,대구광역시 북구 산격동,경상사고,0,0,2,0,차대차 - 추돌 - 주정차중,안전운전불이행,건조,맑음,단일로 - 기타,화물,남,43세,상해없음,승용,남,55세,경상
2015052300100231,2015년 5월 23일 10시,토요일,대구광역시 북구 태전동,부상신고사고,0,0,0,3,차대차 - 측면직각충돌,신호위반,건조,맑음,교차로 - 교차로부근,이륜,남,16세,부상신고,이륜,남,54세,부상신고
2015052300100271,2015년 5월 23일 11시,토요일,대구광역시 수성구 지산동,중상사고,0,1,0,0,차대사람 - 기타,안전운전불이행,건조,맑음,단일로 - 기타,승용,여,47세,상해없음,보행자,여,74세,중상
2015052300100272,2015년 5월 23일 11시,토요일,대구광역시 달성군 가창면,중상사고,0,1,0,0,차대사람 - 길가장자리구역통행중,안전운전불이행,건조,맑음,단일로 - 기타,승용,여,55세,상해없음,보행자,남,45세,중상
2015052300100273,2015년 5월 23일 11시,토요일,대구광역시 중구 봉산동,경상사고,0,0,1,0,차대사람 - 횡단중,보행자보호의무위반,건조,맑음,단일로 - 기타,화물,남,32세,상해없음,보행자,여,23세,경상
2015052300100313,2015년 5월 23일 12시,토요일,대구광역시 서구 평리동,경상사고,0,0,1,0,차대차 - 기타,안전운전불이행,건조,맑음,단일로 - 기타,기타불명,기타불명,기타불명,기타불명,자전거,남,55세,경상
2015052300100314,2015년 5월 23일 12시,토요일,대구광역시 서구 평리동,경상사고,0,0,1,0,차대차 - 기타,안전운전불이행,건조,맑음,단일로 - 횡단보도상,승용,여,29세,상해없음,자전거,남,10세,경상
2015052300100359,2015년 5월 23일 13시,토요일,대구광역시 서구 내당동,중상사고,0,1,0,0,차대차 - 기타,안전운전불이행,건조,맑음,단일로 - 기타,자전거,남,22세,상해없음,자전거,남,82세,중상
2015052300100360,2015년 5월 23일 13시,토요일,대구광역시 중구 동인동1가,경상사고,0,0,2,0,차대차 - 측면직각충돌,안전운전불이행,건조,맑음,단일로 - 기타,승용,여,56세,상해없음,승용,여,26세,경상
2015052300100393,2015년 5월 23일 14시,토요일,대구광역시 수성구 두산동,경상사고,0,0,1,0,차대차 - 기타,신호위반,건조,맑음,교차로 - 교차로부근,이륜,남,65세,경상,승용,남,68세,상해없음
2015052300100425,2015년 5월 23일 15시,토요일,대구광역시 수성구 범어동,부상신고사고,0,0,0,1,차대차 - 추돌 - 진행중,안전운전불이행,건조,맑음,교차로 - 교차로부근,승용,남,59세,상해없음,승용,남,35세,상해없음
2015052300100426,2015년 5월 23일 15시,토요일,대구광역시 북구 대현동,경상사고,0,0,1,0,차대차 - 기타,기타,건조,맑음,단일로 - 기타,화물,남,44세,상해없음,원동기,남,25세,경상
2015052300100427,2015년 5월 23일 15시,토요일,대구광역시 중구 계산동1가,경상사고,0,0,1,0,차대차 - 추돌 - 주정차중,안전운전불이행,건조,맑음,교차로 - 교차로부근,승용,여,49세,상해없음,승용,남,29세,경상
2015052300100467,2015년 5월 23일 16시,토요일,대구광역시 북구 침산동,경상사고,0,0,1,0,차대차 - 기타,안전운전불이행,건조,맑음,단일로 - 횡단보도상,승용,남,22세,상해없음,자전거,여,54세,경상
2015052300100468,2015년 5월 23일 16시,토요일,대구광역시 북구 침산동,경상사고,0,0,1,0,차대차 - 추돌 - 진행중,안전운전불이행,건조,맑음,단일로 - 기타,승용,남,50세,상해없음,승용,남,56세,경상
2015052300100469,2015년 5월 23일 16시,토요일,대구광역시 북구 서변동,부상신고사고,0,0,0,1,차량단독 - 공작물충돌,안전운전불이행,건조,맑음,단일로 - 기타,이륜,남,74세,부상신고,,,,
2015052300100514,2015년 5월 23일 17시,토요일,대구광역시 달서구 송현동,경상사고,0,0,1,0,차대차 - 기타,안전운전불이행,건조,맑음,단일로 - 기타,승용,남,54세,상해없음,자전거,여,54세,경상
2015052300100515,2015년 5월 23일 17시,토요일,대구광역시 달서구 상인동,경상사고,0,0,1,0,차대차 - 측면직각충돌,안전운전불이행,건조,맑음,교차로 - 교차로부근,화물,남,21세,상해없음,원동기,남,23세,경상
2015052300100516,2015년 5월 23일 17시,토요일,대구광역시 북구 침산동,경상사고,0,0,2,0,차대차 - 추돌 - 주정차중,안전운전불이행,건조,맑음,교차로 - 교차로부근,승용,남,50세,상해없음,승용,남,31세,경상
2015052300100517,2015년 5월 23일 17시,토요일,대구광역시 서구 내당동,중상사고,0,1,0,0,차대차 - 측면직각충돌,안전운전불이행,건조,맑음,단일로 - 기타,승용,남,30세,상해없음,이륜,여,47세,중상
2015052300100518,2015년 5월 23일 17시,토요일,대구광역시 달서구 이곡동,경상사고,0,0,3,0,차대차 - 추돌 - 진행중,안전운전불이행,건조,맑음,단일로 - 기타,승용,남,38세,상해없음,승용,여,48세,경상
2015052300100519,2015년 5월 23일 17시,토요일,대구광역시 달서구 용산동,경상사고,0,0,1,0,차대차 - 측면직각충돌,안전운전불이행,건조,맑음,단일로 - 기타,승용,남,26세,상해없음,승용,남,40세,경상
2015052300100556,2015년 5월 23일 18시,토요일,대구광역시 달서구 유천동,중상사고,0,1,1,0,차대차 - 기타,안전운전불이행,건조,맑음,단일로 - 기타,승용,남,34세,경상,이륜,남,17세,중상
2015052300100558,2015년 5월 23일 18시,토요일,대구광역시 달성군 화원읍,경상사고,0,0,1,0,차대차 - 측면직각충돌,안전운전불이행,건조,맑음,교차로 - 교차로안,화물,남,50세,상해없음,자전거,남,48세,경상
2015052300100559,2015년 5월 23일 18시,토요일,대구광역시 달성군 논공읍,중상사고,0,1,0,0,차대차 - 측면직각충돌,안전운전불이행,건조,맑음,교차로 - 교차로안,승용,남,22세,상해없음,승용,남,32세,중상
2015052300100588,2015년 5월 23일 19시,토요일,대구광역시 서구 상리동,경상사고,0,0,2,0,차대차 - 추돌 - 주정차중,안전운전불이행,건조,맑음,단일로 - 기타,승용,남,20세,상해없음,승용,여,27세,경상