사고번호,사고일시,요일,시군구,사고내용,사망자수,중상자수,경상자수,부상신고자수,사고유형,법규위반,노면상태,기상상태,도로형태,가해운전자 차종,가해운전자 성별,가해운전자 연령,가해운전자 상해정도,피해운전자 차종,피해운전자 성별,피해운전자 연령,피해운전자 상해정도
2015052300100590,2015년 5월 23일 19시,토요일,대구광역시 중구 남산동,경상사고,0,0,2,0,차대차 - 추돌 - 주정차중,안전운전불이행,건조,맑음,교차로 - 교차로부근,승용,남,25세,상해없음,승용,남,26세,경상
2015052300100591,2015년 5월 23일 19시,토요일,대구광역시 북구 구암동,중상사고,0,1,0,0,차대사람 - 횡단중,보행자보호의무위반,건조,맑음,교차로 - 교차로부근,승용,남,26세,상해없음,보행자,여,81세,중상
2015052300100617,2015년 5월 23일 20시,토요일,대구광역시 동구 신서동,경상사고,0,0,1,0,차대차 - 기타,안전거리미확보,건조,맑음,단일로 - 기타,승용,여,58세,상해없음,이륜,남,16세,경상
2015052300100618,2015년 5월 23일 20시,토요일,대구광역시 북구 고성동1가,중상사고,0,1,0,0,차대차 - 측면직각충돌,직진우회전진행방해,건조,맑음,교차로 - 교차로안,승용,여,70세,상해없음,이륜,남,43세,중상
2015052300100619,2015년 5월 23일 20시,토요일,대구광역시 달서구 성당동,중상사고,0,2,3,0,차대차 - 기타,안전운전불이행,건조,맑음,단일로 - 기타,화물,남,57세,상해없음,승용,남,40세,중상
2015052300100674,2015년 5월 23일 22시,토요일,대구광역시 달서구 본동,중상사고,0,1,4,0,차대차 - 기타,안전거리미확보,건조,맑음,교차로 - 교차로부근,승용,여,49세,경상,승합,남,53세,경상
2015052300100675,2015년 5월 23일 22시,토요일,대구광역시 중구 동성로3가,중상사고,0,1,0,1,차대사람 - 횡단중,보행자보호의무위반,건조,맑음,단일로 - 기타,이륜,남,29세,부상신고,보행자,여,18세,중상
2015052300100702,2015년 5월 23일 23시,토요일,대구광역시 수성구 만촌동,중상사고,0,1,1,0,차대차 - 측면직각충돌,신호위반,건조,맑음,교차로 - 교차로안,승용,남,61세,상해없음,승용,남,48세,중상
2015052400100030,2015년 5월 24일 01시,일요일,대구광역시 달서구 본동,경상사고,0,0,3,0,차대차 - 정면충돌,신호위반,건조,맑음,교차로 - 교차로안,승용,남,50세,상해없음,승용,남,44세,경상
2015052400100044,2015년 5월 24일 02시,일요일,대구광역시 중구 공평동,경상사고,0,0,1,0,차대사람 - 기타,안전운전불이행,건조,맑음,교차로 - 교차로안,승합,여,22세,상해없음,보행자,여,43세,경상
2015052400100064,2015년 5월 24일 03시,일요일,대구광역시 남구 이천동,경상사고,0,0,2,0,차대차 - 기타,안전거리미확보,건조,맑음,단일로 - 기타,승용,남,24세,상해없음,승용,여,45세,경상
2015052400100065,2015년 5월 24일 03시,일요일,대구광역시 달서구 송현동,사망사고,1,0,2,0,차대사람 - 차도통행중,안전운전불이행,건조,맑음,단일로 - 기타,승용,남,47세,경상,보행자,남,46세,사망
2015052400100066,2015년 5월 24일 03시,일요일,대구광역시 남구 대명동,중상사고,0,1,0,0,차대사람 - 횡단중,안전운전불이행,건조,맑음,교차로 - 교차로부근,승용,여,53세,상해없음,보행자,여,33세,중상
2015052400100067,2015년 5월 24일 03시,일요일,대구광역시 서구 비산동,부상신고사고,0,0,0,1,차대차 - 추돌 - 주정차중,안전운전불이행,건조,맑음,단일로 - 기타,승용,남,63세,부상신고,승용,남,34세,상해없음
2015052400100080,2015년 5월 24일 04시,일요일,대구광역시 서구 내당동,경상사고,0,0,2,0,차대차 - 측면직각충돌,교차로운행방법위반,건조,맑음,교차로 - 교차로안,승용,여,48세,상해없음,승용,남,47세,경상
2015052400100122,2015년 5월 24일 07시,일요일,대구광역시 북구 매천동,중상사고,0,1,0,0,차대차 - 측면직각충돌,불법유턴,건조,맑음,교차로 - 교차로안,이륜,남,39세,중상,승용,여,53세,상해없음
2015052400100149,2015년 5월 24일 08시,일요일,대구광역시 동구 방촌동,경상사고,0,0,1,0,차대사람 - 기타,안전운전불이행,건조,맑음,기타 - 기타,화물,남,77세,상해없음,보행자,남,87세,경상
2015052400100150,2015년 5월 24일 08시,일요일,대구광역시 북구 칠성동1가,경상사고,0,0,1,0,차대차 - 기타,안전운전불이행,건조,맑음,단일로 - 기타,이륜,남,23세,경상,승용,남,53세,상해없음
2015052400100172,2015년 5월 24일 09시,일요일,대구광역시 달서구 상인동,경상사고,0,0,2,0,차대차 - 측면직각충돌,안전운전불이행,건조,맑음,교차로 - 교차로안,승용,남,36세,상해없음,승용,여,35세,경상
2015052400100173,2015년 5월 24일 09시,일요일,대구광역시 서구 비산동,경상사고,0,0,1,0,차대차 - 추돌 - 주정차중,안전운전불이행,건조,맑음,단일로 - 기타,승합,남,49세,상해없음,자전거,여,42세,경상
2015052400100223,2015년 5월 24일 11시,일요일,대구광역시 중구 동인동1가,경상사고,0,0,1,0,차량단독 - 기타,기타,건조,맑음,단일로 - 기타,승합,남,51세,상해없음,,,,
2015052400100224,2015년 5월 24일 11시,일요일,대구광역시 달서구 호산동,중상사고,0,2,0,0,차대차 - 기타,교차로운행방법위반,건조,맑음,교차로 - 교차로안,승용,남,29세,상해없음,승용,여,42세,중상
2015052400100248,2015년 5월 24일 12시,일요일,대구광역시 동구 효목동,중상사고,0,1,0,0,차대차 - 추돌 - 주정차중,안전운전불이행,건조,맑음,단일로 - 기타,승용,여,62세,상해없음,승용,남,34세,상해없음
2015052400100269,2015년 5월 24일 13시,일요일,대구광역시 북구 칠성동2가,경상사고,0,0,1,1,차대차 - 측면직각충돌,신호위반,건조,맑음,교차로 - 교차로안,승용,여,38세,상해없음,승용,남,40세,부상신고
2015052400100270,2015년 5월 24일 13시,일요일,대구광역시 북구 태전동,경상사고,0,0,5,0,차대차 - 측면직각충돌,안전운전불이행,건조,맑음,단일로 - 기타,승용,여,42세,경상,화물,남,38세,기타불명
2015052400100305,2015년 5월 24일 14시,일요일,대구광역시 동구 신암동,경상사고,0,0,1,0,차대차 - 기타,안전운전불이행,건조,맑음,단일로 - 기타,승용,남,37세,상해없음,이륜,남,34세,경상
2015052400100306,2015년 5월 24일 14시,일요일,대구광역시 북구 서변동,중상사고,0,1,1,0,차대차 - 추돌 - 진행중,중앙선침범,건조,맑음,기타 - 기타,승용,남,55세,상해없음,화물,남,52세,기타불명
2015052400100338,2015년 5월 24일 15시,일요일,대구광역시 남구 대명동,중상사고,0,1,0,0,차대차 - 측면직각충돌,안전운전불이행,건조,맑음,단일로 - 횡단보도상,자전거,여,63세,중상,승용,남,47세,상해없음
2015052400100339,2015년 5월 24일 15시,일요일,대구광역시 달성군 현풍면,중상사고,0,1,1,0,차대차 - 측면직각충돌,신호위반,건조,맑음,교차로 - 교차로안,승용,남,40세,중상,특수,남,44세,경상
2015052400100377,2015년 5월 24일 16시,일요일,대구광역시 달서구 두류동,경상사고,0,0,1,0,차대차 - 기타,신호위반,건조,맑음,교차로 - 교차로안,승용,여,49세,상해없음,승용,남,40세,경상
2015052400100378,2015년 5월 24일 16시,일요일,대구광역시 달서구 호산동,경상사고,0,0,1,0,차대차 - 측면직각충돌,안전운전불이행,건조,맑음,단일로 - 기타,승용,여,53세,상해없음,승용,남,54세,경상
2015052400100379,2015년 5월 24일 16시,일요일,대구광역시 북구 학정동,경상사고,0,0,1,0,차량단독 - 전도전복,기타,건조,맑음,단일로 - 기타,승합,남,40세,상해없음,,,,
2015052400100419,2015년 5월 24일 17시,일요일,대구광역시 수성구 상동,중상사고,0,1,0,0,차대차 - 기타,안전운전불이행,건조,맑음,단일로 - 기타,승합,남,32세,상해없음,승용,여,57세,상해없음
2015052400100420,2015년 5월 24일 17시,일요일,대구광역시 달성군 화원읍,경상사고,0,0,1,0,차대차 - 기타,신호위반,건조,맑음,교차로 - 교차로안,특수,남,40세,상해없음,승합,남,57세,상해없음
2015052400100421,2015년 5월 24일 17시,일요일,대구광역시 서구 내당동,경상사고,0,0,1,0,차대차 - 측면직각충돌,교차로운행방법위반,건조,맑음,교차로 - 교차로안,이륜,남,20세,경상,승용,남,36세,상해없음
2015052400100453,2015년 5월 24일 18시,일요일,대구광역시 수성구 상동,중상사고,0,1,0,0,차대차 - 기타,신호위반,건조,맑음,교차로 - 교차로부근,이륜,남,18세,상해없음,자전거,남,73세,중상
2015052400100506,2015년 5월 24일 20시,일요일,대구광역시 달서구 상인동,경상사고,0,0,2,0,차대차 - 추돌 - 주정차중,안전운전불이행,건조,맑음,단일로 - 기타,승용,남,48세,상해없음,승용,남,35세,경상
2015052400100539,2015년 5월 24일 21시,일요일,대구광역시 수성구 범어동,부상신고사고,0,0,0,1,차대차 - 측면직각충돌,안전운전불이행,건조,맑음,단일로 - 기타,승용,여,44세,상해없음,이륜,남,18세,부상신고
2015052400100554,2015년 5월 24일 22시,일요일,대구광역시 남구 대명동,경상사고,0,0,3,1,차대차 - 기타,안전거리미확보,건조,맑음,단일로 - 기타,승용,남,56세,상해없음,승용,남,36세,경상
2015052400100555,2015년 5월 24일 22시,일요일,대구광역시 북구 대현동,경상사고,0,0,1,0,차대차 - 측면직각충돌,안전운전불이행,건조,맑음,교차로 - 교차로안,승용,여,47세,상해없음,자전거,남,40세,경상
2015052400100556,2015년 5월 24일 22시,일요일,대구광역시 중구 대봉동,경상사고,0,0,1,0,차대사람 - 기타,보행자보호의무위반,건조,맑음,단일로 - 횡단보도상,승용,남,31세,상해없음,보행자,남,20세,경상
2015052400100580,2015년 5월 24일 23시,일요일,대구광역시 중구 삼덕동3가,중상사고,0,1,0,0,차대차 - 기타,안전운전불이행,건조,맑음,단일로 - 기타,승용,남,39세,상해없음,자전거,남,17세,중상
2015052500100027,2015년 5월 25일 01시,월요일,대구광역시 남구 대명동,경상사고,0,0,5,0,차대차 - 기타,교차로운행방법위반,건조,맑음,교차로 - 교차로안,승용,남,65세,경상,승용,남,18세,경상
2015052500100028,2015년 5월 25일 01시,월요일,대구광역시 수성구 매호동,경상사고,0,0,2,0,차대차 - 추돌 - 주정차중,안전운전불이행,건조,맑음,단일로 - 기타,승용,남,28세,상해없음,승용,남,56세,경상
2015052500100075,2015년 5월 25일 05시,월요일,대구광역시 수성구 범어동,경상사고,0,0,1,0,차대차 - 측면직각충돌,중앙선침범,건조,맑음,단일로 - 기타,승용,남,22세,상해없음,승용,남,67세,경상
2015052500100076,2015년 5월 25일 05시,월요일,대구광역시 달서구 상인동,중상사고,0,1,0,0,차대차 - 측면직각충돌,안전운전불이행,건조,맑음,단일로 - 기타,승용,남,64세,상해없음,원동기,남,18세,중상
2015052500100093,2015년 5월 25일 06시,월요일,대구광역시 북구 산격동,중상사고,0,1,0,0,차대사람 - 길가장자리구역통행중,안전운전불이행,건조,맑음,단일로 - 기타,자전거,남,38세,상해없음,보행자,여,69세,중상
2015052500100107,2015년 5월 25일 07시,월요일,대구광역시 북구 노원동3가,중상사고,0,1,0,0,차대사람 - 횡단중,안전운전불이행,건조,맑음,교차로 - 교차로안,승용,남,46세,상해없음,보행자,남,53세,중상
2015052500100131,2015년 5월 25일 08시,월요일,대구광역시 동구 도학동,중상사고,0,1,0,0,차대사람 - 기타,중앙선침범,건조,맑음,단일로 - 기타,승용,남,75세,상해없음,보행자,여,74세,중상
2015052500100159,2015년 5월 25일 09시,월요일,대구광역시 동구 신천동,부상신고사고,0,0,0,1,차대차 - 측면직각충돌,안전운전불이행,건조,맑음,단일로 - 기타,자전거,남,74세,부상신고,승합,남,34세,상해없음
2015052500100160,2015년 5월 25일 09시,월요일,대구광역시 서구 평리동,경상사고,0,0,1,0,차대사람 - 횡단중,안전운전불이행,건조,맑음,단일로 - 기타,원동기,남,53세,상해없음,보행자,남,22세,경상
2015052500100161,2015년 5월 25일 09시,월요일,대구광역시 달서구 신당동,경상사고,0,0,1,0,차대차 - 측면직각충돌,안전운전불이행,건조,맑음,단일로 - 기타,화물,남,44세,상해없음,승용,남,68세,경상
2015052500100162,2015년 5월 25일 09시,월요일,대구광역시 달서구 용산동,경상사고,0,0,3,0,차대차 - 측면직각충돌,차로위반,건조,맑음,단일로 - 기타,승용,남,56세,경상,승용,여,47세,경상
2015052500100190,2015년 5월 25일 10시,월요일,대구광역시 달성군 논공읍,경상사고,0,0,2,1,차대차 - 정면충돌,중앙선침범,건조,맑음,교차로 - 교차로부근,승합,여,35세,부상신고,승용,남,54세,경상
2015052500100215,2015년 5월 25일 11시,월요일,대구광역시 동구 율하동,중상사고,0,1,0,0,차대차 - 기타,안전운전불이행,건조,맑음,단일로 - 횡단보도상,화물,남,25세,상해없음,자전거,남,76세,중상
2015052500100262,2015년 5월 25일 13시,월요일,대구광역시 달서구 진천동,중상사고,0,1,2,0,차대차 - 추돌 - 주정차중,보행자보호의무위반,건조,맑음,단일로 - 횡단보도상,승용,남,49세,상해없음,승용,여,52세,경상
2015052500100263,2015년 5월 25일 13시,월요일,대구광역시 북구 칠성동1가,중상사고,0,2,0,0,차대사람 - 횡단중,안전운전불이행,건조,맑음,단일로 - 횡단보도상,화물,여,50세,상해없음,보행자,여,65세,중상
2015052500100264,2015년 5월 25일 13시,월요일,대구광역시 달서구 감삼동,경상사고,0,0,1,0,차량단독 - 공작물충돌,안전운전불이행,건조,맑음,기타 - 기타,승용,남,52세,상해없음,,,,
2015052500100307,2015년 5월 25일 14시,월요일,대구광역시 달서구 상인동,중상사고,0,2,3,0,차대차 - 추돌 - 주정차중,안전거리미확보,건조,맑음,교차로 - 교차로부근,승용,남,38세,상해없음,승용,여,39세,중상
2015052500100308,2015년 5월 25일 14시,월요일,대구광역시 달성군 현풍면,중상사고,0,1,1,0,차대차 - 측면직각충돌,직진우회전진행방해,건조,맑음,교차로 - 교차로안,승용,남,47세,경상,이륜,남,33세,중상
2015052500100310,2015년 5월 25일 14시,월요일,대구광역시 서구 내당동,부상신고사고,0,0,0,1,차대차 - 측면직각충돌,안전거리미확보,건조,맑음,단일로 - 기타,이륜,남,47세,부상신고,승용,남,56세,상해없음
2015052500100311,2015년 5월 25일 14시,월요일,대구광역시 북구 서변동,중상사고,0,1,0,0,차대차 - 측면직각충돌,안전거리미확보,건조,맑음,교차로 - 교차로부근,승합,남,42세,상해없음,자전거,남,45세,중상
2015052500100355,2015년 5월 25일 15시,월요일,대구광역시 남구 대명동,중상사고,0,3,0,0,차대차 - 기타,안전운전불이행,건조,맑음,단일로 - 횡단보도부근,승용,여,23세,상해없음,승용,여,36세,중상
2015052500100356,2015년 5월 25일 15시,월요일,대구광역시 동구 신천동,중상사고,0,1,0,0,차대차 - 기타,안전운전불이행,건조,맑음,교차로 - 교차로부근,승용,남,41세,상해없음,승용,여,28세,중상
2015052500100357,2015년 5월 25일 15시,월요일,대구광역시 수성구 지산동,경상사고,0,0,3,1,차대차 - 측면직각충돌,안전운전불이행,건조,맑음,단일로 - 기타,승용,남,69세,상해없음,승용,남,45세,경상
2015052500100358,2015년 5월 25일 15시,월요일,대구광역시 중구 계산동2가,경상사고,0,0,1,0,차대사람 - 보도통행중,안전운전불이행,건조,맑음,단일로 - 기타,승용,여,45세,상해없음,보행자,여,29세,경상
2015052500100359,2015년 5월 25일 15시,월요일,대구광역시 달서구 호산동,경상사고,0,0,1,0,차대차 - 측면직각충돌,교차로운행방법위반,건조,맑음,교차로 - 교차로안,승용,남,34세,상해없음,승용,남,35세,경상
2015052500100388,2015년 5월 25일 16시,월요일,대구광역시 북구 산격동,경상사고,0,0,1,0,차량단독 - 기타,안전운전불이행,건조,맑음,기타 - 기타,승합,남,42세,상해없음,,,,
2015052500100434,2015년 5월 25일 17시,월요일,대구광역시 달서구 도원동,부상신고사고,0,0,0,1,차대차 - 측면직각충돌,안전운전불이행,건조,맑음,단일로 - 기타,이륜,남,19세,부상신고,승용,여,33세,상해없음
2015052500100435,2015년 5월 25일 17시,월요일,대구광역시 북구 침산동,중상사고,0,1,0,0,차대차 - 측면직각충돌,안전거리미확보,건조,맑음,교차로 - 교차로부근,승용,여,39세,상해없음,이륜,남,32세,중상
2015052500100436,2015년 5월 25일 17시,월요일,대구광역시 달서구 신당동,경상사고,0,0,1,0,차대사람 - 기타,기타,건조,맑음,단일로 - 횡단보도부근,승용,남,53세,상해없음,보행자,여,17세,경상
2015052500100464,2015년 5월 25일 18시,월요일,대구광역시 수성구 수성동3가,경상사고,0,0,1,0,차대차 - 기타,안전운전불이행,건조,맑음,단일로 - 기타,승용,남,58세,상해없음,자전거,남,15세,경상
2015052500100465,2015년 5월 25일 18시,월요일,대구광역시 달서구 이곡동,경상사고,0,0,1,0,차대사람 - 기타,기타,건조,맑음,기타 - 기타,화물,남,50세,상해없음,보행자,남,38세,경상
2015052500100490,2015년 5월 25일 19시,월요일,대구광역시 달서구 상인동,경상사고,0,0,1,0,차대차 - 측면직각충돌,안전운전불이행,건조,맑음,교차로 - 교차로부근,승용,여,34세,상해없음,자전거,남,11세,경상
2015052500100491,2015년 5월 25일 19시,월요일,대구광역시 달성군 다사읍,부상신고사고,0,0,0,1,차대차 - 측면직각충돌,안전운전불이행,건조,맑음,교차로 - 교차로안,자전거,남,22세,부상신고,원동기,남,23세,상해없음
2015052500100520,2015년 5월 25일 20시,월요일,대구광역시 달서구 월성동,중상사고,0,1,1,0,차대사람 - 횡단중,보행자보호의무위반,건조,맑음,단일로 - 기타,승용,남,47세,상해없음,보행자,남,58세,중상
2015052500100547,2015년 5월 25일 21시,월요일,대구광역시 중구 남산동,중상사고,0,1,0,0,차대차 - 측면직각충돌,신호위반,건조,맑음,교차로 - 교차로안,이륜,남,77세,기타불명,자전거,남,57세,중상
2015052500100577,2015년 5월 25일 22시,월요일,대구광역시 달서구 송현동,중상사고,0,1,0,0,차대사람 - 기타,안전운전불이행,건조,맑음,교차로 - 교차로부근,승용,여,28세,상해없음,보행자,남,18세,중상
2015052500100595,2015년 5월 25일 23시,월요일,대구광역시 달서구 송현동,경상사고,0,0,1,0,차대차 - 기타,신호위반,건조,맑음,교차로 - 교차로안,승용,남,49세,상해없음,이륜,남,42세,경상
2015052500100596,2015년 5월 25일 23시,월요일,대구광역시 달서구 신당동,경상사고,0,0,1,0,차대차 - 기타,신호위반,건조,맑음,교차로 - 교차로안,승용,남,59세,상해없음,이륜,남,18세,경상
2015052600100032,2015년 5월 26일 03시,화요일,대구광역시 중구 대봉동,부상신고사고,0,0,0,1,차대차 - 기타,안전운전불이행,건조,맑음,단일로 - 기타,승용,남,29세,상해없음,승용,남,37세,상해없음
2015052600100039,2015년 5월 26일 04시,화요일,대구광역시 달서구 상인동,부상신고사고,0,0,0,1,차대차 - 기타,안전운전불이행,건조,맑음,교차로 - 교차로부근,원동기,남,60세,상해없음,자전거,여,23세,부상신고
2015052600100049,2015년 5월 26일 05시,화요일,대구광역시 남구 봉덕동,경상사고,0,0,2,0,차대차 - 추돌 - 주정차중,안전운전불이행,건조,맑음,교차로 - 교차로부근,승용,남,22세,기타불명,승용,남,49세,상해없음
2015052600100050,2015년 5월 26일 05시,화요일,대구광역시 달서구 대천동,중상사고,0,1,0,0,차대사람 - 길가장자리구역통행중,안전운전불이행,건조,맑음,교차로 - 교차로부근,승용,남,73세,상해없음,보행자,여,79세,중상
2015052600100051,2015년 5월 26일 05시,화요일,대구광역시 달서구 죽전동,경상사고,0,0,2,0,차대차 - 추돌 - 진행중,안전운전불이행,건조,맑음,교차로 - 교차로부근,승용,남,47세,상해없음,승용,남,70세,경상
2015052600100063,2015년 5월 26일 06시,화요일,대구광역시 남구 대명동,경상사고,0,0,1,0,차대차 - 측면직각충돌,직진우회전진행방해,건조,맑음,교차로 - 교차로안,화물,남,43세,상해없음,자전거,남,22세,경상
2015052600100099,2015년 5월 26일 07시,화요일,대구광역시 북구 서변동,경상사고,0,0,2,0,차대차 - 추돌 - 진행중,안전거리미확보,건조,맑음,단일로 - 기타,화물,남,38세,상해없음,승용,남,28세,경상
2015052600100134,2015년 5월 26일 08시,화요일,대구광역시 남구 대명동,중상사고,0,1,0,0,차대사람 - 횡단중,안전운전불이행,건조,맑음,교차로 - 교차로안,승용,여,42세,상해없음,보행자,여,62세,중상
2015052600100135,2015년 5월 26일 08시,화요일,대구광역시 수성구 상동,중상사고,0,1,0,0,차대사람 - 기타,안전운전불이행,건조,맑음,교차로 - 교차로부근,특수,남,42세,상해없음,보행자,여,60세,중상
2015052600100136,2015년 5월 26일 08시,화요일,대구광역시 달서구 상인동,경상사고,0,0,1,1,차대차 - 측면직각충돌,차로위반,건조,맑음,단일로 - 기타,승용,남,44세,상해없음,승용,남,33세,경상
2015052600100137,2015년 5월 26일 08시,화요일,대구광역시 달성군 현풍면,경상사고,0,0,1,0,차대차 - 추돌 - 진행중,안전거리미확보,건조,맑음,단일로 - 기타,이륜,남,70세,경상,승용,여,49세,상해없음
2015052600100175,2015년 5월 26일 09시,화요일,대구광역시 동구 백안동,중상사고,0,1,0,0,차대차 - 기타,안전운전불이행,건조,맑음,교차로 - 교차로부근,승용,남,75세,상해없음,이륜,남,80세,중상
2015052600100176,2015년 5월 26일 09시,화요일,대구광역시 서구 비산동,경상사고,0,0,1,0,차대차 - 기타,안전운전불이행,건조,맑음,단일로 - 기타,화물,남,40세,상해없음,자전거,남,51세,경상
2015052600100214,2015년 5월 26일 10시,화요일,대구광역시 동구 신기동,중상사고,0,1,0,0,차대사람 - 횡단중,보행자보호의무위반,건조,맑음,교차로 - 교차로안,승용,남,60세,상해없음,보행자,여,55세,중상
2015052600100247,2015년 5월 26일 11시,화요일,대구광역시 북구 동변동,중상사고,0,1,1,0,차대차 - 측면직각충돌,직진우회전진행방해,건조,맑음,교차로 - 교차로안,승용,여,25세,경상,이륜,남,31세,중상
2015052600100279,2015년 5월 26일 12시,화요일,대구광역시 남구 대명동,경상사고,0,0,1,0,차대사람 - 기타,안전운전불이행,건조,맑음,기타 - 기타,기타불명,기타불명,기타불명,기타불명,보행자,여,41세,경상
2015052600100280,2015년 5월 26일 12시,화요일,대구광역시 서구 비산동,중상사고,0,1,0,0,차대차 - 기타,안전운전불이행,건조,맑음,단일로 - 기타,승용,남,52세,상해없음,이륜,남,17세,중상
2015052600100281,2015년 5월 26일 12시,화요일,대구광역시 서구 내당동,중상사고,0,1,0,0,차대사람 - 기타,안전운전불이행,건조,맑음,단일로 - 기타,승합,남,61세,상해없음,보행자,여,81세,중상
2015052600100282,2015년 5월 26일 12시,화요일,대구광역시 달서구 감삼동,경상사고,0,0,2,0,차대차 - 기타,안전거리미확보,건조,맑음,교차로 - 교차로부근,승용,남,50세,기타불명,승합,남,50세,상해없음
2015052600100319,2015년 5월 26일 13시,화요일,대구광역시 북구 산격동,경상사고,0,0,1,0,차대사람 - 기타,안전운전불이행,건조,맑음,교차로 - 교차로부근,승용,여,50세,상해없음,보행자,남,26세,경상
2015052600100363,2015년 5월 26일 14시,화요일,대구광역시 달성군 다사읍,경상사고,0,0,1,0,차대차 - 측면직각충돌,안전거리미확보,건조,맑음,교차로 - 교차로부근,건설기계,남,52세,상해없음,승용,남,69세,경상
2015052600100391,2015년 5월 26일 15시,화요일,대구광역시 동구 각산동,경상사고,0,0,1,0,차대사람 - 횡단중,안전운전불이행,건조,맑음,단일로 - 기타,승합,남,59세,상해없음,보행자,여,75세,경상
2015052600100392,2015년 5월 26일 15시,화요일,대구광역시 수성구 지산동,경상사고,0,0,3,0,차대차 - 측면직각충돌,안전거리미확보,건조,맑음,단일로 - 횡단보도부근,승용,여,42세,상해없음,승용,여,49세,경상
2015052600100393,2015년 5월 26일 15시,화요일,대구광역시 중구 동인동1가,중상사고,0,1,0,0,차대사람 - 횡단중,안전운전불이행,건조,맑음,단일로 - 기타,승용,남,75세,상해없음,보행자,남,6세,중상
2015052600100394,2015년 5월 26일 15시,화요일,대구광역시 달서구 이곡동,부상신고사고,0,0,0,1,차대차 - 추돌 - 진행중,안전운전불이행,건조,맑음,단일로 - 기타,승용,남,21세,부상신고,승합,남,48세,상해없음
2015052600100445,2015년 5월 26일 16시,화요일,대구광역시 동구 신천동,경상사고,0,0,1,0,차량단독 - 기타,안전운전불이행,건조,맑음,단일로 - 기타,원동기,남,45세,상해없음,,,,
2015052600100446,2015년 5월 26일 16시,화요일,대구광역시 수성구 두산동,경상사고,0,0,1,0,차대사람 - 기타,안전운전불이행,건조,맑음,교차로 - 교차로안,승용,여,33세,상해없음,보행자,여,10세,경상
2015052600100447,2015년 5월 26일 16시,화요일,대구광역시 수성구 만촌동,중상사고,0,1,0,1,차대차 - 추돌 - 주정차중,안전거리미확보,건조,맑음,교차로 - 교차로부근,승용,여,35세,부상신고,승용,여,43세,중상
2015052600100448,2015년 5월 26일 16시,화요일,대구광역시 달서구 송현동,경상사고,0,0,1,0,차대차 - 추돌 - 주정차중,안전운전불이행,건조,맑음,교차로 - 교차로부근,승용,남,55세,상해없음,승용,남,57세,경상
2015052600100449,2015년 5월 26일 16시,화요일,대구광역시 북구 태전동,경상사고,0,0,1,0,차대차 - 기타,안전운전불이행,건조,맑음,단일로 - 기타,승용,남,63세,상해없음,승용,남,30세,경상
2015052600100510,2015년 5월 26일 17시,화요일,대구광역시 동구 불로동,경상사고,0,0,1,0,차대차 - 측면직각충돌,안전운전불이행,건조,맑음,교차로 - 교차로안,승용,남,56세,상해없음,이륜,남,64세,경상
2015052600100511,2015년 5월 26일 17시,화요일,대구광역시 북구 침산동,경상사고,0,0,1,0,차대차 - 기타,안전거리미확보,건조,맑음,단일로 - 기타,승용,여,29세,상해없음,승용,여,48세,경상
2015052600100571,2015년 5월 26일 18시,화요일,대구광역시 남구 봉덕동,부상신고사고,0,0,0,1,차대차 - 기타,안전거리미확보,건조,맑음,단일로 - 교량,승용,여,47세,상해없음,승용,여,62세,부상신고
2015052600100572,2015년 5월 26일 18시,화요일,대구광역시 동구 효목동,경상사고,0,0,1,0,차대차 - 추돌 - 진행중,안전거리미확보,건조,맑음,단일로 - 기타,승용,여,59세,상해없음,승합,여,43세,경상
2015052600100607,2015년 5월 26일 19시,화요일,대구광역시 동구 서호동,중상사고,0,1,1,0,차대차 - 기타,교차로운행방법위반,건조,맑음,교차로 - 교차로안,승용,남,55세,상해없음,이륜,남,65세,중상
2015052600100608,2015년 5월 26일 19시,화요일,대구광역시 북구 노원동3가,경상사고,0,0,1,0,차대차 - 측면직각충돌,안전운전불이행,건조,맑음,교차로 - 교차로안,승용,남,56세,상해없음,이륜,여,45세,경상
2015052600100609,2015년 5월 26일 19시,화요일,대구광역시 서구 내당동,중상사고,0,1,0,0,차대차 - 추돌 - 주정차중,안전운전불이행,건조,맑음,단일로 - 기타,승용,남,68세,상해없음,승용,여,49세,중상
2015052600100654,2015년 5월 26일 20시,화요일,대구광역시 서구 평리동,경상사고,0,0,1,0,차대차 - 측면직각충돌,신호위반,건조,맑음,교차로 - 교차로안,이륜,여,48세,경상,승용,남,58세,상해없음
2015052600100655,2015년 5월 26일 20시,화요일,대구광역시 서구 평리동,중상사고,0,1,0,0,차대차 - 측면직각충돌,신호위반,건조,맑음,교차로 - 교차로안,승합,남,52세,상해없음,원동기,남,23세,중상
2015052600100656,2015년 5월 26일 20시,화요일,대구광역시 북구 서변동,사망사고,1,0,0,0,차대차 - 추돌 - 진행중,안전운전불이행,건조,맑음,단일로 - 기타,화물,남,61세,상해없음,자전거,남,73세,사망
2015052600100675,2015년 5월 26일 21시,화요일,대구광역시 수성구 수성동1가,부상신고사고,0,0,0,1,차대차 - 추돌 - 진행중,안전운전불이행,건조,맑음,단일로 - 기타,승용,남,22세,상해없음,이륜,남,31세,부상신고
2015052600100676,2015년 5월 26일 21시,화요일,대구광역시 달서구 송현동,경상사고,0,0,1,0,차대차 - 측면직각충돌,차로위반,건조,맑음,단일로 - 기타,승용,여,33세,상해없음,자전거,남,15세,경상