사고번호,사고일시,요일,시군구,사고내용,사망자수,중상자수,경상자수,부상신고자수,사고유형,법규위반,노면상태,기상상태,도로형태,가해운전자 차종,가해운전자 성별,가해운전자 연령,가해운전자 상해정도,피해운전자 차종,피해운전자 성별,피해운전자 연령,피해운전자 상해정도
2015052600100677,2015년 5월 26일 21시,화요일,대구광역시 달서구 본동,중상사고,0,1,0,0,차대사람 - 횡단중,보행자보호의무위반,건조,맑음,교차로 - 교차로안,승용,남,61세,상해없음,보행자,여,58세,중상
2015052600100678,2015년 5월 26일 21시,화요일,대구광역시 북구 노원동2가,중상사고,0,1,0,0,차대사람 - 횡단중,안전운전불이행,건조,맑음,단일로 - 횡단보도부근,승용,남,44세,상해없음,보행자,남,56세,중상
2015052600100679,2015년 5월 26일 21시,화요일,대구광역시 서구 비산동,중상사고,0,1,0,0,차대사람 - 횡단중,안전운전불이행,건조,맑음,단일로 - 기타,이륜,남,16세,상해없음,보행자,남,55세,중상
2015052600100680,2015년 5월 26일 21시,화요일,대구광역시 달서구 신당동,중상사고,0,1,1,0,차대차 - 측면직각충돌,안전운전불이행,건조,맑음,단일로 - 기타,이륜,남,18세,경상,승용,남,33세,상해없음
2015052600100703,2015년 5월 26일 22시,화요일,대구광역시 달서구 죽전동,경상사고,0,0,2,0,차대차 - 추돌 - 진행중,안전운전불이행,건조,맑음,단일로 - 기타,승용,남,58세,상해없음,승용,남,27세,경상
2015052600100724,2015년 5월 26일 23시,화요일,대구광역시 수성구 수성동1가,중상사고,0,2,0,0,차대차 - 측면직각충돌,신호위반,건조,맑음,교차로 - 교차로안,화물,남,43세,상해없음,승용,남,27세,중상
2015052600100725,2015년 5월 26일 23시,화요일,대구광역시 수성구 만촌동,경상사고,0,0,2,0,차대차 - 추돌 - 주정차중,안전운전불이행,건조,맑음,교차로 - 교차로부근,승용,여,35세,상해없음,승용,남,65세,경상
2015052700100055,2015년 5월 27일 04시,수요일,대구광역시 동구 신암동,경상사고,0,0,1,0,차대차 - 추돌 - 주정차중,안전거리미확보,건조,맑음,단일로 - 기타,승용,남,47세,상해없음,승용,여,22세,경상
2015052700100056,2015년 5월 27일 04시,수요일,대구광역시 북구 복현동,사망사고,1,0,0,1,차량단독 - 공작물충돌,안전운전불이행,건조,맑음,단일로 - 기타,이륜,남,21세,부상신고,,,,
2015052700100057,2015년 5월 27일 04시,수요일,대구광역시 북구 복현동,중상사고,0,1,2,0,차대차 - 추돌 - 주정차중,안전운전불이행,건조,맑음,교차로 - 교차로부근,승용,남,39세,경상,승용,남,51세,중상
2015052700100104,2015년 5월 27일 07시,수요일,대구광역시 북구 침산동,경상사고,0,0,1,0,차대차 - 추돌 - 주정차중,안전운전불이행,건조,맑음,교차로 - 교차로부근,승용,남,24세,상해없음,승용,남,42세,경상
2015052700100146,2015년 5월 27일 08시,수요일,대구광역시 달서구 대천동,경상사고,0,0,1,0,차대사람 - 기타,안전운전불이행,건조,맑음,교차로 - 교차로안,승용,남,37세,기타불명,보행자,여,13세,경상
2015052700100187,2015년 5월 27일 09시,수요일,대구광역시 달서구 월성동,경상사고,0,0,1,0,차대차 - 측면직각충돌,안전거리미확보,건조,맑음,단일로 - 기타,승용,여,67세,상해없음,승용,남,21세,경상
2015052700100188,2015년 5월 27일 09시,수요일,대구광역시 달서구 두류동,경상사고,0,0,1,0,차대사람 - 횡단중,안전운전불이행,건조,맑음,단일로 - 기타,이륜,남,34세,기타불명,보행자,남,49세,경상
2015052700100208,2015년 5월 27일 10시,수요일,대구광역시 중구 남산동,경상사고,0,0,1,0,차대차 - 측면직각충돌,안전운전불이행,건조,맑음,교차로 - 교차로안,승용,여,42세,상해없음,자전거,남,74세,경상
2015052700100236,2015년 5월 27일 11시,수요일,대구광역시 동구 신천동,경상사고,0,0,1,0,차대차 - 추돌 - 주정차중,안전운전불이행,건조,맑음,단일로 - 기타,승용,남,67세,상해없음,승용,남,71세,경상
2015052700100237,2015년 5월 27일 11시,수요일,대구광역시 동구 율하동,경상사고,0,0,1,0,차대차 - 추돌 - 진행중,안전운전불이행,건조,맑음,단일로 - 기타,승용,남,58세,상해없음,승용,여,32세,경상
2015052700100265,2015년 5월 27일 12시,수요일,대구광역시 남구 봉덕동,중상사고,0,1,0,0,차대사람 - 기타,안전운전불이행,건조,맑음,단일로 - 기타,승용,남,43세,상해없음,보행자,남,43세,중상
2015052700100266,2015년 5월 27일 12시,수요일,대구광역시 북구 태전동,경상사고,0,0,1,0,차대사람 - 횡단중,안전운전불이행,건조,맑음,단일로 - 횡단보도상,승용,여,33세,상해없음,보행자,남,66세,경상
2015052700100306,2015년 5월 27일 13시,수요일,대구광역시 수성구 만촌동,경상사고,0,0,1,0,차대차 - 측면직각충돌,안전거리미확보,건조,맑음,단일로 - 기타,승용,여,45세,상해없음,이륜,남,23세,경상
2015052700100307,2015년 5월 27일 13시,수요일,대구광역시 달성군 화원읍,경상사고,0,0,3,0,차대차 - 추돌 - 진행중,안전운전불이행,건조,맑음,교차로 - 교차로안,화물,남,50세,경상,화물,남,63세,경상
2015052700100308,2015년 5월 27일 13시,수요일,대구광역시 서구 중리동,경상사고,0,0,1,0,차대차 - 기타,안전운전불이행,건조,맑음,교차로 - 교차로안,화물,남,54세,상해없음,이륜,남,25세,경상
2015052700100351,2015년 5월 27일 14시,수요일,대구광역시 남구 대명동,경상사고,0,0,1,0,차대차 - 기타,차로위반,건조,맑음,단일로 - 기타,승용,남,68세,상해없음,승용,여,38세,경상
2015052700100352,2015년 5월 27일 14시,수요일,대구광역시 북구 국우동,경상사고,0,0,1,0,차대사람 - 길가장자리구역통행중,안전운전불이행,건조,맑음,기타 - 기타,기타불명,기타불명,기타불명,기타불명,보행자,여,15세,경상
2015052700100386,2015년 5월 27일 15시,수요일,대구광역시 동구 대림동,경상사고,0,0,1,0,차대차 - 기타,안전운전불이행,건조,맑음,단일로 - 기타,건설기계,남,73세,상해없음,승용,여,53세,경상
2015052700100387,2015년 5월 27일 15시,수요일,대구광역시 수성구 욱수동,중상사고,0,1,0,0,차대사람 - 보도통행중,안전운전불이행,건조,맑음,단일로 - 기타,자전거,남,13세,상해없음,보행자,여,59세,중상
2015052700100388,2015년 5월 27일 15시,수요일,대구광역시 북구 산격동,경상사고,0,0,2,0,차대차 - 측면직각충돌,직진우회전진행방해,건조,맑음,교차로 - 교차로안,승용,여,33세,상해없음,승용,남,43세,경상
2015052700100389,2015년 5월 27일 15시,수요일,대구광역시 북구 노원동3가,경상사고,0,0,1,0,차대차 - 측면직각충돌,안전운전불이행,건조,맑음,단일로 - 기타,승용,남,31세,상해없음,승용,남,55세,경상
2015052700100390,2015년 5월 27일 15시,수요일,대구광역시 중구 달성동,경상사고,0,0,1,0,차대차 - 추돌 - 진행중,안전거리미확보,건조,맑음,단일로 - 기타,승용,남,70세,상해없음,승용,여,62세,경상
2015052700100428,2015년 5월 27일 16시,수요일,대구광역시 동구 율하동,중상사고,0,1,0,0,차대차 - 측면직각충돌,신호위반,건조,맑음,단일로 - 기타,화물,남,53세,상해없음,자전거,남,20세,중상
2015052700100429,2015년 5월 27일 16시,수요일,대구광역시 동구 신암동,중상사고,0,1,0,0,차대사람 - 차도통행중,안전운전불이행,건조,맑음,단일로 - 기타,승용,남,75세,상해없음,보행자,여,6세,중상
2015052700100430,2015년 5월 27일 16시,수요일,대구광역시 달서구 대곡동,중상사고,0,1,1,0,차대차 - 기타,안전거리미확보,건조,맑음,단일로 - 기타,화물,남,33세,상해없음,승용,남,26세,중상
2015052700100431,2015년 5월 27일 16시,수요일,대구광역시 달서구 본동,경상사고,0,0,1,0,차대사람 - 기타,보행자보호의무위반,건조,맑음,교차로 - 교차로안,자전거,남,14세,상해없음,보행자,여,45세,경상
2015052700100432,2015년 5월 27일 16시,수요일,대구광역시 달서구 감삼동,경상사고,0,0,1,0,차대차 - 측면직각충돌,안전거리미확보,건조,맑음,단일로 - 기타,건설기계,남,47세,상해없음,승용,여,53세,경상
2015052700100483,2015년 5월 27일 17시,수요일,대구광역시 남구 봉덕동,경상사고,0,0,1,0,차대차 - 기타,안전운전불이행,건조,맑음,단일로 - 기타,승용,남,55세,상해없음,이륜,남,33세,경상
2015052700100484,2015년 5월 27일 17시,수요일,대구광역시 남구 대명동,경상사고,0,0,1,0,차대차 - 기타,안전거리미확보,건조,맑음,단일로 - 기타,승용,남,41세,상해없음,승용,여,48세,상해없음
2015052700100486,2015년 5월 27일 17시,수요일,대구광역시 달서구 용산동,경상사고,0,0,1,0,차대차 - 측면직각충돌,안전거리미확보,건조,맑음,단일로 - 기타,화물,남,66세,상해없음,승용,여,55세,경상
2015052700100487,2015년 5월 27일 17시,수요일,대구광역시 달서구 신당동,중상사고,0,1,0,0,차대차 - 측면직각충돌,직진우회전진행방해,건조,맑음,교차로 - 교차로안,승용,남,26세,상해없음,원동기,남,19세,중상
2015052700100536,2015년 5월 27일 18시,수요일,대구광역시 수성구 신매동,경상사고,0,0,2,0,차대차 - 추돌 - 진행중,안전거리미확보,건조,맑음,교차로 - 교차로부근,승용,남,40세,상해없음,승용,남,27세,경상
2015052700100537,2015년 5월 27일 18시,수요일,대구광역시 중구 삼덕동2가,중상사고,0,2,1,0,차대차 - 추돌 - 주정차중,안전운전불이행,건조,맑음,단일로 - 기타,화물,남,77세,상해없음,승용,여,46세,중상
2015052700100538,2015년 5월 27일 18시,수요일,대구광역시 달서구 신당동,경상사고,0,0,1,0,차대사람 - 보도통행중,기타,건조,맑음,기타 - 기타,자전거,남,39세,상해없음,보행자,여,53세,경상
2015052700100568,2015년 5월 27일 19시,수요일,대구광역시 수성구 지산동,부상신고사고,0,0,0,1,차대차 - 측면직각충돌,안전운전불이행,건조,맑음,단일로 - 기타,자전거,남,13세,부상신고,승용,남,33세,상해없음
2015052700100602,2015년 5월 27일 20시,수요일,대구광역시 달서구 갈산동,부상신고사고,0,0,0,1,차대차 - 기타,안전운전불이행,건조,맑음,단일로 - 기타,자전거,남,45세,부상신고,승합,남,59세,상해없음
2015052700100603,2015년 5월 27일 20시,수요일,대구광역시 북구 관음동,중상사고,0,2,0,0,차대차 - 기타,중앙선침범,건조,맑음,단일로 - 기타,승용,남,43세,상해없음,화물,남,72세,중상
2015052700100635,2015년 5월 27일 21시,수요일,대구광역시 수성구 수성동4가,경상사고,0,0,2,0,차대차 - 측면직각충돌,교차로운행방법위반,건조,맑음,교차로 - 교차로안,승용,남,50세,상해없음,승용,여,44세,경상
2015052700100660,2015년 5월 27일 22시,수요일,대구광역시 달성군 현풍면,경상사고,0,0,1,0,차대차 - 측면직각충돌,안전거리미확보,건조,맑음,단일로 - 기타,승용,남,45세,상해없음,승용,여,28세,경상
2015052700100661,2015년 5월 27일 22시,수요일,대구광역시 북구 침산동,경상사고,0,0,5,0,차대차 - 기타,안전운전불이행,건조,맑음,교차로 - 교차로부근,승용,남,50세,상해없음,승용,남,54세,경상
2015052700100680,2015년 5월 27일 23시,수요일,대구광역시 중구 대신동,중상사고,0,1,1,0,차대차 - 추돌 - 진행중,신호위반,건조,맑음,교차로 - 교차로안,승용,여,45세,상해없음,승용,남,46세,중상
2015052800100009,2015년 5월 28일 00시,목요일,대구광역시 수성구 매호동,중상사고,0,1,0,0,차대차 - 측면직각충돌,안전운전불이행,건조,맑음,교차로 - 교차로부근,승용,남,58세,상해없음,이륜,남,19세,중상
2015052800100010,2015년 5월 28일 00시,목요일,대구광역시 중구 대봉동,경상사고,0,0,1,0,차대사람 - 보도통행중,안전운전불이행,건조,맑음,단일로 - 기타,화물,남,51세,상해없음,보행자,남,37세,경상
2015052800100023,2015년 5월 28일 01시,목요일,대구광역시 달서구 두류동,중상사고,0,1,2,0,차대차 - 측면직각충돌,안전운전불이행,건조,맑음,단일로 - 기타,승용,남,21세,경상,승용,남,39세,경상
2015052800100038,2015년 5월 28일 03시,목요일,대구광역시 동구 사복동,경상사고,0,0,1,0,차대차 - 기타,안전운전불이행,건조,맑음,교차로 - 교차로부근,화물,남,54세,상해없음,승용,남,32세,경상
2015052800100045,2015년 5월 28일 04시,목요일,대구광역시 달서구 상인동,사망사고,1,0,0,0,차량단독 - 공작물충돌,안전운전불이행,건조,맑음,단일로 - 기타,이륜,남,21세,사망,,,,
2015052800100088,2015년 5월 28일 07시,목요일,대구광역시 남구 대명동,경상사고,0,0,1,0,차대차 - 측면직각충돌,교차로운행방법위반,건조,맑음,교차로 - 교차로안,승용,여,53세,상해없음,승용,남,59세,경상
2015052800100090,2015년 5월 28일 07시,목요일,대구광역시 달서구 호산동,중상사고,0,1,0,0,차대차 - 측면직각충돌,안전운전불이행,건조,맑음,단일로 - 기타,승용,남,50세,상해없음,자전거,여,50세,중상
2015052800100179,2015년 5월 28일 09시,목요일,대구광역시 달성군 논공읍,중상사고,0,2,1,0,차대차 - 추돌 - 주정차중,안전운전불이행,건조,맑음,교차로 - 교차로부근,승용,남,53세,상해없음,승용,여,44세,경상
2015052800100180,2015년 5월 28일 09시,목요일,대구광역시 중구 동인동2가,부상신고사고,0,0,0,1,차대차 - 측면직각충돌,안전운전불이행,건조,맑음,단일로 - 기타,자전거,남,60세,부상신고,승용,남,67세,상해없음
2015052800100201,2015년 5월 28일 10시,목요일,대구광역시 수성구 지산동,경상사고,0,0,3,0,차대차 - 측면직각충돌,안전운전불이행,건조,맑음,교차로 - 교차로안,승용,여,33세,상해없음,승용,남,32세,경상
2015052800100275,2015년 5월 28일 12시,목요일,대구광역시 수성구 만촌동,경상사고,0,0,5,0,차대차 - 측면직각충돌,안전거리미확보,건조,맑음,단일로 - 기타,승용,여,58세,기타불명,승용,여,50세,경상
2015052800100276,2015년 5월 28일 12시,목요일,대구광역시 달서구 진천동,경상사고,0,0,1,0,차대차 - 기타,안전거리미확보,건조,맑음,단일로 - 기타,승용,여,43세,상해없음,승용,여,46세,경상
2015052800100277,2015년 5월 28일 12시,목요일,대구광역시 북구 산격동,경상사고,0,0,1,0,차대사람 - 횡단중,보행자보호의무위반,건조,맑음,단일로 - 횡단보도상,승용,남,27세,상해없음,보행자,여,64세,경상
2015052800100333,2015년 5월 28일 14시,목요일,대구광역시 수성구 만촌동,경상사고,0,0,1,0,차대사람 - 횡단중,보행자보호의무위반,건조,맑음,단일로 - 횡단보도상,화물,남,74세,상해없음,보행자,남,8세,경상
2015052800100334,2015년 5월 28일 14시,목요일,대구광역시 북구 침산동,경상사고,0,0,2,0,차대차 - 기타,안전거리미확보,건조,맑음,단일로 - 기타,승용,남,75세,경상,승용,남,57세,경상
2015052800100335,2015년 5월 28일 14시,목요일,대구광역시 달서구 신당동,중상사고,0,1,0,0,차대차 - 기타,차로위반,건조,맑음,교차로 - 교차로부근,승용,여,30세,상해없음,이륜,남,54세,중상
2015052800100375,2015년 5월 28일 15시,목요일,대구광역시 수성구 욱수동,중상사고,0,1,0,0,차대차 - 측면직각충돌,안전운전불이행,건조,맑음,교차로 - 교차로안,승용,여,39세,상해없음,자전거,여,50세,중상
2015052800100376,2015년 5월 28일 15시,목요일,대구광역시 수성구 수성동2가,경상사고,0,0,1,0,차대차 - 추돌 - 주정차중,안전운전불이행,건조,맑음,단일로 - 기타,승용,남,54세,상해없음,승용,여,45세,경상
2015052800100377,2015년 5월 28일 15시,목요일,대구광역시 북구 태전동,부상신고사고,0,0,0,1,차대차 - 측면직각충돌,안전운전불이행,건조,맑음,단일로 - 기타,자전거,남,25세,부상신고,자전거,남,70세,상해없음
2015052800100409,2015년 5월 28일 16시,목요일,대구광역시 남구 대명동,경상사고,0,0,1,0,차대차 - 기타,교차로운행방법위반,건조,맑음,교차로 - 교차로안,화물,남,46세,상해없음,자전거,남,67세,경상
2015052800100410,2015년 5월 28일 16시,목요일,대구광역시 수성구 수성동4가,경상사고,0,0,2,0,차대사람 - 길가장자리구역통행중,안전운전불이행,건조,맑음,교차로 - 교차로부근,승용,여,35세,상해없음,보행자,여,79세,경상
2015052800100411,2015년 5월 28일 16시,목요일,대구광역시 달성군 다사읍,중상사고,0,1,0,0,차대사람 - 횡단중,안전운전불이행,건조,맑음,교차로 - 교차로부근,승용,여,52세,상해없음,보행자,여,9세,중상
2015052800100452,2015년 5월 28일 17시,목요일,대구광역시 달서구 월성동,경상사고,0,0,1,0,차대사람 - 횡단중,신호위반,건조,맑음,교차로 - 교차로부근,이륜,남,23세,상해없음,보행자,여,8세,경상
2015052800100453,2015년 5월 28일 17시,목요일,대구광역시 중구 계산동2가,중상사고,0,1,0,0,차대차 - 측면직각충돌,안전운전불이행,건조,맑음,단일로 - 기타,승용,남,62세,상해없음,이륜,여,60세,중상
2015052800100454,2015년 5월 28일 17시,목요일,대구광역시 중구 동성로3가,중상사고,0,1,0,0,차대사람 - 횡단중,보행자보호의무위반,건조,맑음,단일로 - 횡단보도상,승합,남,41세,상해없음,보행자,남,46세,중상
2015052800100497,2015년 5월 28일 18시,목요일,대구광역시 수성구 매호동,중상사고,0,1,0,0,차대사람 - 길가장자리구역통행중,안전운전불이행,건조,맑음,단일로 - 기타,승용,남,41세,상해없음,보행자,남,4세,중상
2015052800100498,2015년 5월 28일 18시,목요일,대구광역시 서구 평리동,중상사고,0,1,0,0,차대차 - 기타,기타,건조,맑음,교차로 - 교차로안,승용,남,36세,상해없음,자전거,남,10세,중상
2015052800100532,2015년 5월 28일 19시,목요일,대구광역시 남구 봉덕동,경상사고,0,0,1,0,차량단독 - 기타,안전운전불이행,건조,맑음,단일로 - 기타,승합,남,53세,상해없음,,,,
2015052800100566,2015년 5월 28일 20시,목요일,대구광역시 동구 방촌동,중상사고,0,2,0,0,차대차 - 기타,안전운전불이행,건조,맑음,교차로 - 교차로부근,승용,남,54세,상해없음,자전거,남,57세,중상
2015052800100567,2015년 5월 28일 20시,목요일,대구광역시 수성구 신매동,경상사고,0,0,1,0,차대차 - 추돌 - 진행중,기타,건조,맑음,단일로 - 기타,승용,여,42세,상해없음,이륜,여,58세,경상
2015052800100568,2015년 5월 28일 20시,목요일,대구광역시 달서구 상인동,부상신고사고,0,0,0,1,차대차 - 추돌 - 주정차중,안전운전불이행,건조,맑음,단일로 - 기타,승용,남,56세,상해없음,승용,여,43세,상해없음
2015052800100569,2015년 5월 28일 20시,목요일,대구광역시 서구 평리동,경상사고,0,0,1,0,차대차 - 기타,중앙선침범,건조,맑음,단일로 - 기타,화물,남,31세,상해없음,이륜,남,30세,경상
2015052800100603,2015년 5월 28일 21시,목요일,대구광역시 달서구 신당동,중상사고,0,1,0,0,차대차 - 정면충돌,안전운전불이행,건조,맑음,교차로 - 교차로안,화물,남,43세,상해없음,이륜,남,19세,중상
2015052800100621,2015년 5월 28일 22시,목요일,대구광역시 달서구 유천동,경상사고,0,0,1,0,차대차 - 기타,신호위반,건조,맑음,단일로 - 횡단보도상,승용,남,52세,상해없음,자전거,여,25세,경상
2015052800100654,2015년 5월 28일 23시,목요일,대구광역시 남구 이천동,경상사고,0,0,1,1,차대차 - 기타,안전운전불이행,건조,맑음,교차로 - 교차로안,자전거,남,22세,부상신고,자전거,남,24세,경상
2015052800100655,2015년 5월 28일 23시,목요일,대구광역시 동구 신기동,중상사고,0,1,5,0,차대차 - 측면직각충돌,안전운전불이행,건조,맑음,단일로 - 기타,승용,남,55세,상해없음,승용,남,61세,경상
2015052800100656,2015년 5월 28일 23시,목요일,대구광역시 서구 내당동,경상사고,0,0,2,0,차대차 - 측면직각충돌,교차로운행방법위반,건조,맑음,단일로 - 기타,승용,남,24세,경상,승용,남,60세,경상
2015052900100024,2015년 5월 29일 00시,금요일,대구광역시 달서구 송현동,중상사고,0,1,0,0,차대사람 - 기타,안전운전불이행,건조,맑음,단일로 - 기타,이륜,남,31세,상해없음,보행자,여,49세,중상
2015052900100025,2015년 5월 29일 00시,금요일,대구광역시 북구 검단동,중상사고,0,1,0,0,차대사람 - 기타,안전운전불이행,건조,맑음,단일로 - 기타,승용,남,52세,상해없음,보행자,남,68세,중상
2015052900100053,2015년 5월 29일 02시,금요일,대구광역시 중구 동인동1가,경상사고,0,0,1,1,차대차 - 측면직각충돌,안전운전불이행,건조,맑음,교차로 - 교차로안,승용,남,29세,부상신고,승용,남,57세,경상
2015052900100061,2015년 5월 29일 03시,금요일,대구광역시 수성구 신매동,경상사고,0,0,1,0,차대사람 - 횡단중,보행자보호의무위반,건조,맑음,단일로 - 기타,승용,남,41세,상해없음,보행자,남,48세,경상
2015052900100067,2015년 5월 29일 04시,금요일,대구광역시 북구 노원동2가,경상사고,0,0,1,0,차대차 - 기타,신호위반,건조,맑음,교차로 - 교차로안,승용,남,69세,상해없음,승용,남,66세,경상
2015052900100116,2015년 5월 29일 07시,금요일,대구광역시 북구 태전동,경상사고,0,0,1,0,차대차 - 측면직각충돌,안전운전불이행,건조,맑음,단일로 - 기타,자전거,남,59세,경상,승용,여,54세,상해없음
2015052900100161,2015년 5월 29일 08시,금요일,대구광역시 북구 노원동2가,경상사고,0,0,1,0,차대차 - 기타,안전운전불이행,건조,맑음,단일로 - 기타,승용,남,26세,상해없음,승용,여,54세,경상
2015052900100162,2015년 5월 29일 08시,금요일,대구광역시 서구 내당동,경상사고,0,0,1,0,차대차 - 측면직각충돌,안전운전불이행,건조,맑음,단일로 - 기타,승용,여,33세,상해없음,이륜,남,67세,경상
2015052900100163,2015년 5월 29일 08시,금요일,대구광역시 달서구 호산동,중상사고,0,1,1,0,차대차 - 측면직각충돌,안전거리미확보,건조,맑음,단일로 - 기타,화물,남,49세,상해없음,이륜,남,24세,경상
2015052900100235,2015년 5월 29일 10시,금요일,대구광역시 남구 봉덕동,중상사고,0,1,0,0,차대차 - 정면충돌,신호위반,건조,맑음,교차로 - 교차로안,원동기,남,73세,중상,승용,여,31세,상해없음
2015052900100236,2015년 5월 29일 10시,금요일,대구광역시 남구 대명동,중상사고,0,1,0,0,차대차 - 기타,안전운전불이행,건조,맑음,단일로 - 횡단보도부근,자전거,남,32세,중상,승용,남,40세,상해없음
2015052900100237,2015년 5월 29일 10시,금요일,대구광역시 서구 비산동,부상신고사고,0,0,0,1,차대차 - 정면충돌,중앙선침범,건조,맑음,단일로 - 기타,이륜,여,35세,부상신고,승용,남,66세,상해없음
2015052900100238,2015년 5월 29일 10시,금요일,대구광역시 달서구 호산동,경상사고,0,0,1,0,차대차 - 측면직각충돌,안전운전불이행,건조,맑음,단일로 - 기타,건설기계,남,52세,상해없음,승용,남,34세,경상
2015052900100265,2015년 5월 29일 11시,금요일,대구광역시 수성구 두산동,중상사고,0,1,1,0,차대차 - 측면직각충돌,교차로운행방법위반,건조,맑음,교차로 - 교차로안,승용,남,72세,중상,승용,여,54세,경상
2015052900100266,2015년 5월 29일 11시,금요일,대구광역시 수성구 만촌동,경상사고,0,0,1,0,차대차 - 기타,안전운전불이행,건조,맑음,단일로 - 기타,승용,남,60세,상해없음,승용,여,48세,경상
2015052900100267,2015년 5월 29일 11시,금요일,대구광역시 달서구 대곡동,경상사고,0,0,1,0,차대차 - 기타,안전운전불이행,건조,맑음,교차로 - 교차로안,화물,남,46세,상해없음,승용,남,68세,경상
2015052900100268,2015년 5월 29일 11시,금요일,대구광역시 달성군 옥포면,경상사고,0,0,1,0,차대차 - 측면직각충돌,안전운전불이행,건조,맑음,교차로 - 교차로부근,승용,여,47세,상해없음,원동기,여,71세,경상
2015052900100269,2015년 5월 29일 11시,금요일,대구광역시 중구 삼덕동2가,경상사고,0,0,1,0,차대사람 - 보도통행중,기타,건조,맑음,단일로 - 기타,승용,남,54세,기타불명,보행자,여,24세,경상
2015052900100270,2015년 5월 29일 11시,금요일,대구광역시 중구 태평로2가,경상사고,0,0,1,0,차대차 - 추돌 - 진행중,안전운전불이행,건조,맑음,단일로 - 기타,자전거,남,62세,경상,승용,남,59세,상해없음
2015052900100304,2015년 5월 29일 12시,금요일,대구광역시 서구 평리동,중상사고,0,1,1,1,차대차 - 측면직각충돌,안전운전불이행,건조,맑음,교차로 - 교차로부근,승용,여,55세,부상신고,화물,남,25세,중상
2015052900100333,2015년 5월 29일 13시,금요일,대구광역시 수성구 범어동,중상사고,0,1,0,0,차대차 - 측면직각충돌,안전운전불이행,건조,맑음,단일로 - 기타,승용,남,36세,상해없음,자전거,남,59세,중상
2015052900100363,2015년 5월 29일 14시,금요일,대구광역시 수성구 노변동,중상사고,0,1,0,0,차대차 - 측면직각충돌,안전운전불이행,건조,맑음,단일로 - 기타,승용,남,64세,상해없음,자전거,여,53세,중상
2015052900100364,2015년 5월 29일 14시,금요일,대구광역시 서구 내당동,경상사고,0,0,1,0,차대차 - 측면직각충돌,신호위반,건조,맑음,교차로 - 교차로안,승용,남,44세,상해없음,이륜,남,64세,경상
2015052900100400,2015년 5월 29일 15시,금요일,대구광역시 달성군 다사읍,경상사고,0,0,1,0,차대차 - 추돌 - 진행중,안전운전불이행,건조,맑음,단일로 - 기타,승용,남,71세,상해없음,승용,남,46세,경상
2015052900100401,2015년 5월 29일 15시,금요일,대구광역시 서구 중리동,경상사고,0,0,1,0,차대차 - 기타,차로위반,건조,맑음,단일로 - 기타,승용,여,42세,상해없음,이륜,남,19세,경상
2015052900100431,2015년 5월 29일 16시,금요일,대구광역시 남구 대명동,경상사고,0,0,1,0,차대사람 - 횡단중,보행자보호의무위반,건조,맑음,단일로 - 기타,승용,남,19세,상해없음,보행자,남,9세,경상
2015052900100432,2015년 5월 29일 16시,금요일,대구광역시 수성구 범어동,경상사고,0,0,1,0,차대차 - 측면직각충돌,안전운전불이행,건조,맑음,기타 - 기타,승용,여,46세,상해없음,자전거,남,14세,경상
2015052900100462,2015년 5월 29일 17시,금요일,대구광역시 수성구 신매동,중상사고,0,1,0,0,차대차 - 기타,신호위반,건조,맑음,단일로 - 기타,승용,여,62세,상해없음,자전거,남,9세,중상
2015052900100463,2015년 5월 29일 17시,금요일,대구광역시 달서구 월성동,경상사고,0,0,1,0,차대사람 - 기타,기타,건조,맑음,기타 - 기타,자전거,남,8세,상해없음,보행자,여,51세,경상
2015052900100511,2015년 5월 29일 18시,금요일,대구광역시 남구 이천동,중상사고,0,1,0,0,차대차 - 측면직각충돌,안전운전불이행,건조,맑음,기타 - 기타,승용,여,61세,상해없음,이륜,남,53세,중상
2015052900100512,2015년 5월 29일 18시,금요일,대구광역시 중구 종로2가,경상사고,0,0,2,0,차대사람 - 기타,안전운전불이행,건조,맑음,교차로 - 교차로부근,승용,남,66세,경상,보행자,남,61세,경상
2015052900100547,2015년 5월 29일 19시,금요일,대구광역시 북구 산격동,경상사고,0,0,1,0,차대차 - 기타,안전운전불이행,건조,맑음,단일로 - 기타,승용,남,56세,상해없음,승용,남,67세,경상
2015052900100589,2015년 5월 29일 20시,금요일,대구광역시 달서구 상인동,경상사고,0,0,1,0,차대차 - 추돌 - 주정차중,안전거리미확보,건조,맑음,교차로 - 교차로부근,승합,남,50세,상해없음,승용,남,37세,경상
2015052900100628,2015년 5월 29일 21시,금요일,대구광역시 북구 서변동,경상사고,0,0,1,0,차대차 - 추돌 - 진행중,신호위반,건조,맑음,교차로 - 교차로안,승용,여,52세,상해없음,승용,남,30세,경상
2015052900100688,2015년 5월 29일 23시,금요일,대구광역시 달서구 신당동,경상사고,0,0,1,1,차대차 - 기타,안전운전불이행,건조,맑음,단일로 - 기타,승용,남,31세,부상신고,원동기,남,28세,경상
2015052900100689,2015년 5월 29일 23시,금요일,대구광역시 북구 동변동,중상사고,0,1,0,0,차대차 - 추돌 - 진행중,안전운전불이행,건조,맑음,기타 - 기타,승용,남,25세,상해없음,승용,남,63세,중상
2015053000100022,2015년 5월 30일 00시,토요일,대구광역시 남구 대명동,중상사고,0,1,0,0,차대차 - 기타,차로위반,건조,맑음,단일로 - 기타,승용,여,45세,상해없음,승용,남,24세,중상
2015053000100023,2015년 5월 30일 00시,토요일,대구광역시 달성군 다사읍,경상사고,0,0,1,0,차대차 - 측면직각충돌,안전운전불이행,건조,맑음,교차로 - 교차로부근,승용,남,38세,상해없음,승용,남,63세,경상