사고번호,사고일시,요일,시군구,사고내용,사망자수,중상자수,경상자수,부상신고자수,사고유형,법규위반,노면상태,기상상태,도로형태,가해운전자 차종,가해운전자 성별,가해운전자 연령,가해운전자 상해정도,피해운전자 차종,피해운전자 성별,피해운전자 연령,피해운전자 상해정도
2015060600100079,2015년 6월 6일 02시,토요일,대구광역시 수성구 중동,중상사고,0,2,0,0,차대차 - 추돌 - 진행중,안전거리미확보,건조,맑음,단일로 - 기타,승용,남,23세,상해없음,이륜,남,22세,중상
2015060600100080,2015년 6월 6일 02시,토요일,대구광역시 달서구 장기동,사망사고,1,0,0,0,차량단독 - 공작물충돌,안전운전불이행,건조,맑음,단일로 - 기타,이륜,남,28세,사망,,,,
2015060600100115,2015년 6월 6일 05시,토요일,대구광역시 동구 신천동,부상신고사고,0,0,0,1,차대차 - 추돌 - 주정차중,안전운전불이행,건조,맑음,교차로 - 교차로부근,승용,남,28세,상해없음,승용,여,53세,부상신고
2015060600100137,2015년 6월 6일 07시,토요일,대구광역시 수성구 성동,중상사고,0,2,2,0,차대차 - 정면충돌,중앙선침범,건조,맑음,단일로 - 기타,승용,남,24세,상해없음,승합,남,48세,경상
2015060600100159,2015년 6월 6일 08시,토요일,대구광역시 북구 침산동,경상사고,0,0,1,0,차대차 - 기타,안전운전불이행,건조,맑음,단일로 - 기타,자전거,남,41세,상해없음,자전거,남,68세,경상
2015060600100216,2015년 6월 6일 10시,토요일,대구광역시 달서구 호산동,중상사고,0,1,0,0,차대차 - 측면직각충돌,안전운전불이행,건조,맑음,교차로 - 교차로안,승용,남,50세,상해없음,승용,여,32세,중상
2015060600100243,2015년 6월 6일 11시,토요일,대구광역시 수성구 매호동,경상사고,0,0,1,0,차대차 - 측면직각충돌,안전운전불이행,건조,맑음,기타 - 기타,승용,여,32세,상해없음,이륜,남,47세,경상
2015060600100244,2015년 6월 6일 11시,토요일,대구광역시 달성군 가창면,경상사고,0,0,4,0,차대차 - 측면직각충돌,안전거리미확보,건조,맑음,교차로 - 교차로안,승용,남,52세,상해없음,승용,남,38세,경상
2015060600100245,2015년 6월 6일 11시,토요일,대구광역시 북구 구암동,경상사고,0,0,1,0,차대차 - 측면직각충돌,안전운전불이행,건조,맑음,단일로 - 기타,승용,여,53세,상해없음,자전거,남,15세,경상
2015060600100282,2015년 6월 6일 12시,토요일,대구광역시 수성구 수성동1가,경상사고,0,0,1,0,차대차 - 측면직각충돌,안전운전불이행,건조,맑음,교차로 - 교차로부근,화물,남,22세,상해없음,자전거,남,15세,경상
2015060600100309,2015년 6월 6일 13시,토요일,대구광역시 동구 신암동,경상사고,0,0,1,0,차대사람 - 기타,불법유턴,건조,맑음,단일로 - 기타,승용,남,33세,기타불명,보행자,여,48세,경상
2015060600100310,2015년 6월 6일 13시,토요일,대구광역시 수성구 범어동,경상사고,0,0,1,0,차대차 - 추돌 - 진행중,안전운전불이행,건조,맑음,단일로 - 기타,승용,남,55세,상해없음,승용,여,46세,경상
2015060600100311,2015년 6월 6일 13시,토요일,대구광역시 달성군 다사읍,경상사고,0,0,1,0,차대사람 - 차도통행중,안전운전불이행,건조,맑음,교차로 - 교차로안,승용,남,64세,상해없음,보행자,남,15세,경상
2015060600100312,2015년 6월 6일 13시,토요일,대구광역시 중구 동산동,중상사고,0,1,0,0,차대차 - 기타,안전운전불이행,건조,맑음,교차로 - 교차로부근,이륜,기타불명,기타불명,기타불명,자전거,남,37세,중상
2015060600100349,2015년 6월 6일 14시,토요일,대구광역시 수성구 황금동,경상사고,0,0,1,0,차대차 - 추돌 - 진행중,안전거리미확보,건조,맑음,교차로 - 교차로부근,화물,남,57세,상해없음,승용,여,32세,경상
2015060600100350,2015년 6월 6일 14시,토요일,대구광역시 달서구 상인동,경상사고,0,0,2,0,차대차 - 측면직각충돌,직진우회전진행방해,건조,맑음,교차로 - 교차로안,승용,여,45세,상해없음,자전거,남,11세,경상
2015060600100351,2015년 6월 6일 14시,토요일,대구광역시 북구 노원동3가,경상사고,0,0,1,0,차대차 - 기타,불법유턴,건조,맑음,교차로 - 교차로안,자전거,남,12세,경상,화물,남,32세,상해없음
2015060600100388,2015년 6월 6일 15시,토요일,대구광역시 동구 신용동,중상사고,0,1,1,0,차대차 - 기타,교차로운행방법위반,건조,맑음,교차로 - 교차로안,승용,남,48세,상해없음,이륜,남,31세,중상
2015060600100389,2015년 6월 6일 15시,토요일,대구광역시 서구 평리동,경상사고,0,0,1,0,차대사람 - 차도통행중,안전운전불이행,건조,맑음,단일로 - 기타,이륜,남,62세,상해없음,보행자,남,4세,경상
2015060600100424,2015년 6월 6일 16시,토요일,대구광역시 남구 대명동,경상사고,0,0,1,0,차대사람 - 기타,안전운전불이행,건조,맑음,단일로 - 기타,승용,남,40세,상해없음,보행자,여,21세,경상
2015060600100425,2015년 6월 6일 16시,토요일,대구광역시 수성구 황금동,중상사고,0,1,0,0,차대사람 - 횡단중,안전운전불이행,건조,맑음,교차로 - 교차로부근,승용,남,57세,상해없음,보행자,남,9세,중상
2015060600100426,2015년 6월 6일 16시,토요일,대구광역시 수성구 중동,경상사고,0,0,1,0,차대차 - 측면직각충돌,교차로운행방법위반,건조,맑음,교차로 - 교차로안,승용,남,44세,상해없음,자전거,남,32세,경상
2015060600100474,2015년 6월 6일 17시,토요일,대구광역시 북구 복현동,중상사고,0,1,0,1,차대차 - 측면직각충돌,안전거리미확보,건조,맑음,단일로 - 기타,승용,남,65세,부상신고,승용,여,36세,중상
2015060600100475,2015년 6월 6일 17시,토요일,대구광역시 달서구 성당동,부상신고사고,0,0,0,1,차대사람 - 기타,안전운전불이행,기타,맑음,기타 - 기타,자전거,남,17세,부상신고,보행자,여,5세,상해없음
2015060600100505,2015년 6월 6일 18시,토요일,대구광역시 중구 남성로,중상사고,0,1,1,0,차대차 - 추돌 - 주정차중,안전운전불이행,건조,맑음,교차로 - 교차로부근,승용,남,42세,기타불명,승용,남,48세,중상
2015060600100506,2015년 6월 6일 18시,토요일,대구광역시 달서구 감삼동,부상신고사고,0,0,0,2,차대차 - 측면직각충돌,안전거리미확보,건조,맑음,단일로 - 기타,승용,여,38세,상해없음,원동기,남,19세,부상신고
2015060600100536,2015년 6월 6일 19시,토요일,대구광역시 북구 산격동,경상사고,0,0,1,0,차대사람 - 횡단중,신호위반,건조,맑음,단일로 - 횡단보도상,원동기,남,16세,상해없음,보행자,남,59세,경상
2015060600100563,2015년 6월 6일 20시,토요일,대구광역시 동구 신암동,부상신고사고,0,0,0,1,차대차 - 기타,안전운전불이행,건조,맑음,단일로 - 기타,이륜,남,43세,부상신고,승용,남,37세,상해없음
2015060600100564,2015년 6월 6일 20시,토요일,대구광역시 서구 비산동,경상사고,0,0,1,0,차대차 - 기타,안전거리미확보,기타,흐림,단일로 - 기타,승용,남,65세,상해없음,승용,기타불명,기타불명,기타불명
2015060600100640,2015년 6월 6일 23시,토요일,대구광역시 동구 불로동,중상사고,0,2,1,1,차대차 - 추돌 - 주정차중,안전운전불이행,건조,맑음,단일로 - 기타,승용,여,33세,중상,화물,남,30세,경상
2015060600100641,2015년 6월 6일 23시,토요일,대구광역시 달서구 본동,부상신고사고,0,0,0,1,차대차 - 기타,신호위반,건조,맑음,교차로 - 교차로안,자전거,남,17세,부상신고,승용,남,43세,상해없음
2015060700100018,2015년 6월 7일 00시,일요일,대구광역시 수성구 범물동,중상사고,0,1,1,0,차대차 - 기타,신호위반,건조,맑음,교차로 - 교차로부근,승용,남,45세,상해없음,승용,여,42세,중상
2015060700100033,2015년 6월 7일 01시,일요일,대구광역시 북구 대현동,경상사고,0,0,2,0,차대차 - 추돌 - 진행중,안전운전불이행,건조,맑음,단일로 - 기타,승용,남,39세,상해없음,승용,여,56세,경상
2015060700100047,2015년 6월 7일 02시,일요일,대구광역시 북구 동천동,경상사고,0,0,1,0,차대차 - 기타,안전운전불이행,건조,맑음,교차로 - 교차로안,승용,남,58세,상해없음,이륜,남,40세,경상
2015060700100061,2015년 6월 7일 03시,일요일,대구광역시 수성구 황금동,경상사고,0,0,1,0,차대사람 - 횡단중,안전운전불이행,건조,맑음,단일로 - 횡단보도상,승용,남,56세,상해없음,보행자,남,30세,경상
2015060700100069,2015년 6월 7일 04시,일요일,대구광역시 수성구 범어동,경상사고,0,0,3,0,차대차 - 추돌 - 주정차중,안전운전불이행,건조,맑음,단일로 - 기타,승용,남,24세,상해없음,승용,남,56세,경상
2015060700100088,2015년 6월 7일 06시,일요일,대구광역시 달성군 다사읍,경상사고,0,0,1,0,차량단독 - 공작물충돌,안전운전불이행,건조,맑음,단일로 - 기타,승용,남,32세,경상,,,,
2015060700100098,2015년 6월 7일 07시,일요일,대구광역시 달서구 월성동,중상사고,0,1,0,0,차량단독 - 기타,안전운전불이행,건조,맑음,교차로 - 교차로부근,화물,남,27세,중상,,,,
2015060700100099,2015년 6월 7일 07시,일요일,대구광역시 달서구 신당동,중상사고,0,1,1,0,차대차 - 측면직각충돌,안전운전불이행,건조,맑음,교차로 - 교차로부근,자전거,남,21세,중상,원동기,남,37세,경상
2015060700100146,2015년 6월 7일 10시,일요일,대구광역시 동구 율하동,경상사고,0,0,1,0,차대차 - 기타,교차로운행방법위반,건조,맑음,교차로 - 교차로안,승용,여,56세,상해없음,자전거,남,16세,경상
2015060700100147,2015년 6월 7일 10시,일요일,대구광역시 북구 태전동,경상사고,0,0,1,2,차대차 - 측면직각충돌,교차로운행방법위반,건조,맑음,교차로 - 교차로안,승용,남,55세,상해없음,화물,남,41세,경상
2015060700100195,2015년 6월 7일 12시,일요일,대구광역시 수성구 황금동,경상사고,0,0,1,0,차대차 - 측면직각충돌,신호위반,건조,맑음,교차로 - 교차로안,승용,남,61세,상해없음,승용,여,55세,경상
2015060700100254,2015년 6월 7일 14시,일요일,대구광역시 남구 봉덕동,경상사고,0,0,3,0,차대차 - 기타,안전운전불이행,건조,맑음,교차로 - 교차로부근,승용,남,72세,상해없음,승용,여,44세,경상
2015060700100255,2015년 6월 7일 14시,일요일,대구광역시 수성구 범어동,경상사고,0,0,1,0,차대차 - 측면직각충돌,교차로운행방법위반,건조,맑음,교차로 - 교차로안,승용,남,74세,상해없음,자전거,남,14세,경상
2015060700100293,2015년 6월 7일 15시,일요일,대구광역시 수성구 두산동,경상사고,0,0,2,0,차대차 - 기타,교차로운행방법위반,건조,맑음,교차로 - 교차로안,승용,남,52세,상해없음,이륜,남,23세,경상
2015060700100327,2015년 6월 7일 16시,일요일,대구광역시 서구 평리동,경상사고,0,0,1,0,차대사람 - 길가장자리구역통행중,안전운전불이행,건조,맑음,단일로 - 기타,승용,여,45세,상해없음,보행자,남,45세,경상
2015060700100389,2015년 6월 7일 18시,일요일,대구광역시 달서구 본동,중상사고,0,1,0,0,차량단독 - 공작물충돌,안전운전불이행,건조,맑음,교차로 - 교차로부근,화물,여,58세,중상,,,,
2015060700100409,2015년 6월 7일 19시,일요일,대구광역시 남구 대명동,경상사고,0,0,1,0,차대차 - 기타,교차로운행방법위반,건조,맑음,교차로 - 교차로안,승용,남,58세,상해없음,자전거,남,47세,경상
2015060700100410,2015년 6월 7일 19시,일요일,대구광역시 북구 칠성동2가,경상사고,0,0,1,0,차대차 - 측면직각충돌,안전거리미확보,건조,맑음,단일로 - 기타,승용,남,58세,상해없음,원동기,남,17세,경상
2015060700100440,2015년 6월 7일 20시,일요일,대구광역시 북구 복현동,경상사고,0,0,1,0,차대사람 - 기타,보행자보호의무위반,건조,맑음,단일로 - 기타,기타불명,기타불명,기타불명,기타불명,보행자,남,13세,경상
2015060700100441,2015년 6월 7일 20시,일요일,대구광역시 서구 내당동,중상사고,0,1,1,0,차대차 - 측면직각충돌,안전거리미확보,건조,맑음,단일로 - 기타,이륜,남,39세,중상,승용,남,29세,경상
2015060700100442,2015년 6월 7일 20시,일요일,대구광역시 서구 내당동,경상사고,0,0,3,0,차대차 - 추돌 - 주정차중,안전운전불이행,건조,맑음,단일로 - 기타,승용,남,46세,기타불명,승용,남,33세,경상
2015060700100443,2015년 6월 7일 20시,일요일,대구광역시 달서구 용산동,중상사고,0,1,0,0,차대사람 - 기타,안전운전불이행,건조,맑음,단일로 - 기타,화물,남,60세,상해없음,보행자,여,49세,중상
2015060700100444,2015년 6월 7일 20시,일요일,대구광역시 북구 동천동,경상사고,0,0,1,0,차대차 - 정면충돌,신호위반,건조,맑음,교차로 - 교차로안,승용,남,26세,상해없음,이륜,남,48세,경상
2015060700100473,2015년 6월 7일 21시,일요일,대구광역시 수성구 파동,중상사고,0,1,0,0,차대차 - 측면직각충돌,안전거리미확보,건조,맑음,교차로 - 교차로안,승용,남,31세,상해없음,이륜,남,22세,중상
2015060700100517,2015년 6월 7일 23시,일요일,대구광역시 북구 구암동,경상사고,0,0,1,0,차대차 - 기타,교차로운행방법위반,건조,맑음,단일로 - 기타,이륜,남,23세,경상,승용,남,58세,기타불명
2015060800100010,2015년 6월 8일 00시,월요일,대구광역시 북구 읍내동,경상사고,0,0,3,0,차대차 - 측면직각충돌,안전운전불이행,건조,맑음,교차로 - 교차로부근,승용,남,22세,경상,승용,남,51세,경상
2015060800100031,2015년 6월 8일 03시,월요일,대구광역시 남구 봉덕동,중상사고,0,1,1,0,차대차 - 기타,신호위반,건조,맑음,교차로 - 교차로부근,승용,남,31세,상해없음,이륜,남,17세,중상
2015060800100032,2015년 6월 8일 03시,월요일,대구광역시 수성구 대흥동,중상사고,0,1,0,0,차량단독 - 공작물충돌,안전운전불이행,건조,맑음,단일로 - 기타,승용,남,50세,상해없음,,,,
2015060800100076,2015년 6월 8일 07시,월요일,대구광역시 달성군 논공읍,경상사고,0,0,2,0,차대차 - 측면직각충돌,교차로운행방법위반,건조,맑음,교차로 - 교차로안,화물,남,59세,상해없음,승용,남,24세,경상
2015060800100077,2015년 6월 8일 07시,월요일,대구광역시 북구 태전동,중상사고,0,1,0,0,차대사람 - 횡단중,신호위반,건조,맑음,단일로 - 기타,화물,남,39세,상해없음,보행자,여,67세,중상
2015060800100117,2015년 6월 8일 08시,월요일,대구광역시 수성구 대흥동,경상사고,0,0,1,0,차대차 - 추돌 - 주정차중,안전운전불이행,건조,맑음,단일로 - 기타,승용,여,31세,상해없음,승용,여,44세,경상
2015060800100118,2015년 6월 8일 08시,월요일,대구광역시 북구 칠성동2가,부상신고사고,0,0,0,2,차대차 - 추돌 - 진행중,안전거리미확보,건조,맑음,단일로 - 기타,승용,남,51세,상해없음,승용,남,46세,부상신고
2015060800100119,2015년 6월 8일 08시,월요일,대구광역시 달서구 두류동,경상사고,0,0,1,0,차대차 - 기타,기타,건조,맑음,단일로 - 기타,승용,여,40세,상해없음,자전거,남,11세,경상
2015060800100155,2015년 6월 8일 09시,월요일,대구광역시 동구 신암동,경상사고,0,0,1,0,차대차 - 기타,안전거리미확보,건조,맑음,교차로 - 교차로부근,승용,남,33세,상해없음,승용,남,73세,경상
2015060800100156,2015년 6월 8일 09시,월요일,대구광역시 달성군 현풍면,중상사고,0,1,0,0,차대차 - 측면직각충돌,안전거리미확보,건조,맑음,단일로 - 기타,화물,남,57세,상해없음,승용,여,45세,중상
2015060800100157,2015년 6월 8일 09시,월요일,대구광역시 북구 노원동3가,경상사고,0,0,1,0,차대차 - 기타,중앙선침범,건조,맑음,교차로 - 교차로부근,자전거,남,62세,경상,화물,남,58세,상해없음
2015060800100158,2015년 6월 8일 09시,월요일,대구광역시 서구 평리동,경상사고,0,0,1,0,차대차 - 측면직각충돌,직진우회전진행방해,건조,맑음,교차로 - 교차로안,승용,남,54세,상해없음,자전거,남,80세,경상
2015060800100190,2015년 6월 8일 10시,월요일,대구광역시 수성구 중동,중상사고,0,1,0,0,차대차 - 측면직각충돌,안전운전불이행,건조,맑음,단일로 - 기타,화물,남,50세,상해없음,자전거,여,66세,중상
2015060800100191,2015년 6월 8일 10시,월요일,대구광역시 달서구 본동,경상사고,0,0,1,0,차대차 - 추돌 - 진행중,안전거리미확보,건조,맑음,단일로 - 기타,승용,남,22세,상해없음,승용,여,33세,경상
2015060800100216,2015년 6월 8일 11시,월요일,대구광역시 수성구 만촌동,중상사고,0,1,0,1,차대차 - 측면직각충돌,교차로운행방법위반,건조,맑음,교차로 - 교차로안,승용,여,32세,부상신고,승용,여,45세,중상
2015060800100217,2015년 6월 8일 11시,월요일,대구광역시 북구 매천동,경상사고,0,0,1,0,차대사람 - 횡단중,보행자보호의무위반,건조,맑음,교차로 - 교차로안,화물,남,49세,상해없음,보행자,남,63세,경상
2015060800100240,2015년 6월 8일 12시,월요일,대구광역시 동구 방촌동,경상사고,0,0,2,0,차대차 - 측면직각충돌,안전운전불이행,건조,맑음,단일로 - 기타,화물,남,50세,기타불명,자전거,남,17세,경상
2015060800100274,2015년 6월 8일 13시,월요일,대구광역시 수성구 범물동,경상사고,0,0,1,0,차대사람 - 차도통행중,기타,건조,맑음,단일로 - 기타,승용,여,40세,상해없음,보행자,여,7세,경상
2015060800100304,2015년 6월 8일 14시,월요일,대구광역시 수성구 두산동,경상사고,0,0,1,0,차대차 - 기타,안전운전불이행,건조,맑음,기타 - 기타,승용,남,50세,상해없음,승용,남,39세,경상
2015060800100305,2015년 6월 8일 14시,월요일,대구광역시 중구 태평로2가,중상사고,0,1,0,0,차대차 - 기타,안전운전불이행,건조,맑음,단일로 - 기타,화물,남,45세,상해없음,자전거,남,48세,중상
2015060800100340,2015년 6월 8일 15시,월요일,대구광역시 달서구 본리동,중상사고,0,1,1,0,차대사람 - 기타,안전운전불이행,건조,맑음,교차로 - 교차로안,화물,남,53세,상해없음,보행자,남,38세,경상
2015060800100372,2015년 6월 8일 16시,월요일,대구광역시 남구 대명동,경상사고,0,0,3,0,차대차 - 측면직각충돌,안전운전불이행,건조,흐림,단일로 - 기타,승용,여,33세,경상,승용,남,30세,경상
2015060800100373,2015년 6월 8일 16시,월요일,대구광역시 동구 신천동,경상사고,0,0,1,0,차대사람 - 기타,안전운전불이행,건조,맑음,단일로 - 기타,승용,여,55세,상해없음,보행자,여,8세,경상
2015060800100374,2015년 6월 8일 16시,월요일,대구광역시 수성구 범어동,경상사고,0,0,1,0,차대차 - 기타,안전운전불이행,건조,맑음,단일로 - 횡단보도부근,자전거,남,79세,경상,화물,남,31세,상해없음
2015060800100375,2015년 6월 8일 16시,월요일,대구광역시 수성구 만촌동,부상신고사고,0,0,0,2,차대차 - 추돌 - 주정차중,안전운전불이행,습기,비,교차로 - 교차로부근,승용,여,59세,상해없음,승용,여,27세,부상신고
2015060800100376,2015년 6월 8일 16시,월요일,대구광역시 서구 비산동,중상사고,0,1,0,0,차대사람 - 기타,안전운전불이행,건조,맑음,교차로 - 교차로안,기타불명,기타불명,기타불명,기타불명,보행자,여,83세,중상
2015060800100418,2015년 6월 8일 17시,월요일,대구광역시 남구 대명동,중상사고,0,1,0,0,차대사람 - 보도통행중,기타,건조,맑음,기타 - 기타,이륜,여,63세,상해없음,보행자,남,35세,중상
2015060800100419,2015년 6월 8일 17시,월요일,대구광역시 수성구 범어동,경상사고,0,0,1,0,차대차 - 추돌 - 주정차중,중앙선침범,습기,흐림,교차로 - 교차로부근,화물,남,55세,상해없음,승용,여,38세,경상
2015060800100455,2015년 6월 8일 18시,월요일,대구광역시 달서구 진천동,중상사고,0,1,0,0,차대차 - 측면직각충돌,안전거리미확보,건조,맑음,단일로 - 기타,승용,남,53세,상해없음,이륜,남,45세,중상
2015060800100456,2015년 6월 8일 18시,월요일,대구광역시 달서구 월암동,경상사고,0,0,1,0,차대차 - 추돌 - 진행중,안전거리미확보,건조,맑음,교차로 - 교차로부근,승용,남,48세,상해없음,승용,남,29세,경상
2015060800100487,2015년 6월 8일 19시,월요일,대구광역시 달성군 유가면,중상사고,0,1,2,0,차대차 - 측면직각충돌,신호위반,건조,맑음,교차로 - 교차로안,승용,남,19세,경상,승용,남,31세,경상
2015060800100512,2015년 6월 8일 20시,월요일,대구광역시 수성구 지산동,경상사고,0,0,2,0,차대차 - 추돌 - 주정차중,안전운전불이행,건조,맑음,단일로 - 기타,승용,남,56세,기타불명,승합,남,49세,경상
2015060800100539,2015년 6월 8일 21시,월요일,대구광역시 남구 대명동,경상사고,0,0,2,0,차대차 - 측면직각충돌,안전운전불이행,건조,맑음,교차로 - 교차로안,화물,남,43세,상해없음,승용,남,59세,경상
2015060800100540,2015년 6월 8일 21시,월요일,대구광역시 달서구 송현동,경상사고,0,0,1,0,차량단독 - 기타,안전운전불이행,건조,맑음,교차로 - 교차로부근,원동기,남,36세,경상,,,,
2015060800100541,2015년 6월 8일 21시,월요일,대구광역시 북구 읍내동,경상사고,0,0,1,0,차대사람 - 길가장자리구역통행중,안전운전불이행,건조,맑음,단일로 - 기타,승용,남,47세,상해없음,보행자,남,34세,경상
2015060900100048,2015년 6월 9일 03시,화요일,대구광역시 수성구 신매동,중상사고,0,1,0,0,차량단독 - 공작물충돌,안전운전불이행,건조,맑음,단일로 - 기타,화물,남,19세,상해없음,,,,
2015060900100049,2015년 6월 9일 03시,화요일,대구광역시 달서구 감삼동,부상신고사고,0,0,0,1,차량단독 - 전도전복,기타,건조,맑음,단일로 - 기타,원동기,남,22세,부상신고,,,,
2015060900100092,2015년 6월 9일 07시,화요일,대구광역시 북구 동천동,중상사고,0,1,0,0,차대차 - 측면직각충돌,안전운전불이행,건조,맑음,단일로 - 횡단보도상,승용,여,41세,상해없음,자전거,남,17세,중상
2015060900100150,2015년 6월 9일 09시,화요일,대구광역시 수성구 황금동,경상사고,0,0,3,0,차대차 - 측면직각충돌,안전운전불이행,건조,맑음,단일로 - 기타,승용,여,47세,경상,승용,여,49세,경상
2015060900100151,2015년 6월 9일 09시,화요일,대구광역시 수성구 매호동,경상사고,0,0,2,0,차대차 - 측면직각충돌,교차로운행방법위반,건조,맑음,교차로 - 교차로안,승용,여,55세,경상,승용,남,46세,경상
2015060900100152,2015년 6월 9일 09시,화요일,대구광역시 달서구 이곡동,부상신고사고,0,0,0,1,차대차 - 기타,안전거리미확보,건조,맑음,단일로 - 기타,화물,남,57세,부상신고,화물,남,56세,상해없음
2015060900100176,2015년 6월 9일 10시,화요일,대구광역시 동구 효목동,부상신고사고,0,0,0,1,차량단독 - 기타,안전운전불이행,건조,맑음,단일로 - 기타,승용,여,38세,부상신고,,,,
2015060900100177,2015년 6월 9일 10시,화요일,대구광역시 수성구 상동,중상사고,0,1,0,0,차대차 - 측면직각충돌,안전운전불이행,건조,맑음,교차로 - 교차로부근,승용,남,67세,상해없음,자전거,여,53세,중상
2015060900100178,2015년 6월 9일 10시,화요일,대구광역시 서구 비산동,경상사고,0,0,1,0,차대차 - 기타,안전운전불이행,건조,맑음,단일로 - 기타,화물,남,35세,상해없음,승용,남,34세,경상
2015060900100201,2015년 6월 9일 11시,화요일,대구광역시 달성군 가창면,중상사고,0,1,0,0,차대차 - 측면직각충돌,불법유턴,건조,맑음,교차로 - 교차로부근,자전거,남,66세,중상,승용,여,52세,상해없음
2015060900100233,2015년 6월 9일 12시,화요일,대구광역시 동구 봉무동,경상사고,0,0,1,0,차대차 - 기타,안전운전불이행,건조,맑음,단일로 - 기타,승용,남,55세,기타불명,승합,남,56세,상해없음
2015060900100264,2015년 6월 9일 13시,화요일,대구광역시 동구 불로동,경상사고,0,0,3,0,차대차 - 측면직각충돌,교차로운행방법위반,건조,맑음,교차로 - 교차로안,승용,남,60세,경상,승용,여,73세,경상
2015060900100265,2015년 6월 9일 13시,화요일,대구광역시 서구 비산동,중상사고,0,1,0,0,차대차 - 기타,안전운전불이행,건조,맑음,교차로 - 교차로안,승용,남,42세,상해없음,자전거,남,47세,중상
2015060900100266,2015년 6월 9일 13시,화요일,대구광역시 북구 태전동,중상사고,0,1,0,0,차대차 - 추돌 - 진행중,안전운전불이행,건조,맑음,단일로 - 기타,승용,남,75세,상해없음,원동기,남,42세,중상
2015060900100294,2015년 6월 9일 14시,화요일,대구광역시 달서구 진천동,경상사고,0,0,1,0,차대차 - 기타,안전운전불이행,건조,맑음,단일로 - 횡단보도상,화물,남,36세,상해없음,승용,여,35세,경상
2015060900100347,2015년 6월 9일 16시,화요일,대구광역시 동구 율하동,경상사고,0,0,1,0,차대차 - 측면직각충돌,안전거리미확보,건조,맑음,단일로 - 기타,화물,남,47세,상해없음,승용,여,54세,경상
2015060900100348,2015년 6월 9일 16시,화요일,대구광역시 수성구 황금동,경상사고,0,0,1,0,차대차 - 측면직각충돌,안전거리미확보,건조,맑음,단일로 - 기타,건설기계,남,39세,상해없음,승용,여,38세,경상
2015060900100349,2015년 6월 9일 16시,화요일,대구광역시 달서구 성당동,경상사고,0,0,1,0,차대차 - 기타,안전운전불이행,건조,맑음,단일로 - 기타,화물,남,46세,상해없음,자전거,남,13세,경상
2015060900100390,2015년 6월 9일 17시,화요일,대구광역시 동구 효목동,경상사고,0,0,1,0,차대차 - 측면직각충돌,안전운전불이행,건조,맑음,단일로 - 기타,승합,남,56세,상해없음,자전거,남,71세,경상
2015060900100391,2015년 6월 9일 17시,화요일,대구광역시 동구 지묘동,부상신고사고,0,0,0,1,차대차 - 측면직각충돌,안전운전불이행,건조,맑음,단일로 - 기타,자전거,남,13세,부상신고,승용,남,68세,상해없음
2015060900100392,2015년 6월 9일 17시,화요일,대구광역시 북구 침산동,중상사고,0,1,0,0,차대사람 - 횡단중,안전운전불이행,건조,맑음,교차로 - 교차로부근,원동기,남,54세,상해없음,보행자,남,29세,중상
2015060900100435,2015년 6월 9일 18시,화요일,대구광역시 동구 신천동,경상사고,0,0,1,0,차량단독 - 전도전복,안전운전불이행,건조,맑음,교차로 - 교차로안,이륜,남,28세,경상,,,,
2015060900100456,2015년 6월 9일 19시,화요일,대구광역시 달서구 본동,중상사고,0,1,0,0,차대차 - 측면직각충돌,안전운전불이행,건조,맑음,교차로 - 교차로안,승용,여,37세,상해없음,승용,여,52세,중상
2015060900100457,2015년 6월 9일 19시,화요일,대구광역시 중구 대봉동,중상사고,0,1,0,0,차대차 - 측면직각충돌,안전거리미확보,건조,맑음,교차로 - 교차로부근,승용,남,31세,상해없음,승용,여,52세,중상
2015060900100477,2015년 6월 9일 20시,화요일,대구광역시 동구 방촌동,중상사고,0,1,0,0,차대사람 - 기타,안전운전불이행,건조,맑음,교차로 - 교차로안,승용,여,49세,상해없음,보행자,여,80세,중상
2015060900100478,2015년 6월 9일 20시,화요일,대구광역시 수성구 성동,경상사고,0,0,2,0,차대차 - 추돌 - 주정차중,안전운전불이행,건조,맑음,교차로 - 교차로부근,승용,여,44세,상해없음,승용,남,25세,경상
2015060900100534,2015년 6월 9일 22시,화요일,대구광역시 동구 용계동,중상사고,0,2,0,0,차대차 - 측면직각충돌,신호위반,건조,맑음,교차로 - 교차로안,승용,남,65세,상해없음,승용,남,56세,중상
2015060900100535,2015년 6월 9일 22시,화요일,대구광역시 동구 효목동,중상사고,0,1,0,0,차대사람 - 횡단중,안전운전불이행,건조,맑음,단일로 - 횡단보도상,승용,남,60세,상해없음,보행자,남,60세,중상
2015060900100568,2015년 6월 9일 23시,화요일,대구광역시 남구 대명동,중상사고,0,1,1,0,차대차 - 측면직각충돌,신호위반,건조,맑음,교차로 - 교차로안,승용,남,43세,경상,원동기,남,18세,중상
2015060900100569,2015년 6월 9일 23시,화요일,대구광역시 수성구 상동,경상사고,0,0,1,0,차대차 - 추돌 - 주정차중,안전운전불이행,건조,맑음,단일로 - 기타,승용,남,28세,상해없음,승용,남,26세,경상
2015061000100045,2015년 6월 10일 03시,수요일,대구광역시 서구 비산동,경상사고,0,0,1,0,차대차 - 기타,안전운전불이행,건조,맑음,단일로 - 기타,승용,남,32세,경상,화물,남,57세,기타불명
2015061000100046,2015년 6월 10일 03시,수요일,대구광역시 중구 동인동1가,중상사고,0,2,1,0,차대차 - 측면직각충돌,직진우회전진행방해,건조,맑음,교차로 - 교차로안,승용,남,53세,경상,승용,남,57세,중상
2015061000100055,2015년 6월 10일 04시,수요일,대구광역시 북구 읍내동,중상사고,0,1,0,1,차대차 - 정면충돌,중앙선침범,건조,맑음,단일로 - 기타,승용,남,22세,상해없음,승용,남,34세,중상