사고번호,사고일시,요일,시군구,사고내용,사망자수,중상자수,경상자수,부상신고자수,사고유형,법규위반,노면상태,기상상태,도로형태,가해운전자 차종,가해운전자 성별,가해운전자 연령,가해운전자 상해정도,피해운전자 차종,피해운전자 성별,피해운전자 연령,피해운전자 상해정도
2015061300100281,2015년 6월 13일 12시,토요일,대구광역시 북구 금호동,경상사고,0,0,1,0,차대차 - 측면직각충돌,안전운전불이행,건조,맑음,단일로 - 기타,화물,남,62세,상해없음,승용,여,34세,경상
2015061300100306,2015년 6월 13일 13시,토요일,대구광역시 동구 신암동,부상신고사고,0,0,0,1,차대차 - 추돌 - 진행중,안전운전불이행,건조,맑음,단일로 - 기타,이륜,남,49세,부상신고,승용,남,49세,상해없음
2015061300100337,2015년 6월 13일 14시,토요일,대구광역시 수성구 만촌동,경상사고,0,0,1,0,차대차 - 기타,중앙선침범,건조,맑음,단일로 - 기타,이륜,남,73세,경상,승용,여,50세,상해없음
2015061300100365,2015년 6월 13일 15시,토요일,대구광역시 남구 대명동,경상사고,0,0,1,0,차대사람 - 횡단중,안전운전불이행,건조,맑음,단일로 - 기타,승용,여,54세,상해없음,보행자,남,44세,경상
2015061300100366,2015년 6월 13일 15시,토요일,대구광역시 동구 효목동,경상사고,0,0,1,0,차대차 - 측면직각충돌,안전거리미확보,건조,맑음,단일로 - 기타,승용,남,36세,상해없음,승용,남,56세,경상
2015061300100367,2015년 6월 13일 15시,토요일,대구광역시 동구 신암동,경상사고,0,0,1,0,차대차 - 측면직각충돌,안전운전불이행,건조,맑음,교차로 - 교차로부근,승용,여,57세,상해없음,승용,여,34세,경상
2015061300100368,2015년 6월 13일 15시,토요일,대구광역시 달서구 신당동,경상사고,0,0,1,0,차대차 - 추돌 - 진행중,안전운전불이행,건조,맑음,기타 - 기타,승용,여,51세,상해없음,승용,여,33세,경상
2015061300100408,2015년 6월 13일 16시,토요일,대구광역시 동구 서호동,경상사고,0,0,2,0,차대차 - 추돌 - 주정차중,안전운전불이행,건조,맑음,단일로 - 기타,건설기계,남,61세,상해없음,승용,남,49세,경상
2015061300100409,2015년 6월 13일 16시,토요일,대구광역시 북구 복현동,부상신고사고,0,0,0,1,차대차 - 기타,안전운전불이행,건조,맑음,단일로 - 기타,자전거,남,25세,부상신고,승용,남,56세,상해없음
2015061300100410,2015년 6월 13일 16시,토요일,대구광역시 북구 복현동,경상사고,0,0,1,0,차대차 - 측면직각충돌,안전운전불이행,건조,맑음,단일로 - 기타,승용,남,34세,상해없음,자전거,남,17세,경상
2015061300100462,2015년 6월 13일 17시,토요일,대구광역시 달서구 진천동,중상사고,0,1,0,0,차대차 - 기타,교차로운행방법위반,건조,맑음,교차로 - 교차로안,화물,기타불명,기타불명,기타불명,자전거,남,54세,중상
2015061300100496,2015년 6월 13일 18시,토요일,대구광역시 북구 금호동,경상사고,0,0,1,0,차대차 - 추돌 - 진행중,안전운전불이행,건조,흐림,단일로 - 기타,승용,남,69세,상해없음,건설기계,남,39세,경상
2015061300100502,2015년 6월 13일 18시,토요일,대구광역시 서구 내당동,경상사고,0,0,1,0,차대차 - 추돌 - 진행중,안전거리미확보,건조,맑음,교차로 - 교차로부근,승용,남,49세,상해없음,이륜,남,54세,경상
2015061300100529,2015년 6월 13일 19시,토요일,대구광역시 수성구 상동,중상사고,0,1,0,0,차대차 - 측면직각충돌,안전거리미확보,건조,맑음,단일로 - 기타,화물,남,43세,상해없음,이륜,남,43세,중상
2015061300100530,2015년 6월 13일 19시,토요일,대구광역시 달서구 두류동,중상사고,0,1,0,0,차대차 - 추돌 - 진행중,안전운전불이행,건조,맑음,단일로 - 기타,승용,남,27세,상해없음,자전거,남,23세,중상
2015061300100558,2015년 6월 13일 20시,토요일,대구광역시 수성구 범어동,경상사고,0,0,1,0,차대차 - 측면직각충돌,안전거리미확보,건조,맑음,단일로 - 기타,승용,남,46세,상해없음,이륜,남,18세,경상
2015061300100559,2015년 6월 13일 20시,토요일,대구광역시 서구 비산동,중상사고,0,1,0,0,차대차 - 기타,안전운전불이행,건조,맑음,단일로 - 기타,화물,남,44세,상해없음,승용,남,59세,중상
2015061300100560,2015년 6월 13일 20시,토요일,대구광역시 달서구 신당동,경상사고,0,0,2,0,차대차 - 측면직각충돌,안전운전불이행,건조,맑음,단일로 - 기타,이륜,남,14세,상해없음,이륜,남,37세,경상
2015061300100589,2015년 6월 13일 21시,토요일,대구광역시 남구 봉덕동,경상사고,0,0,1,1,차대차 - 추돌 - 주정차중,안전운전불이행,건조,맑음,단일로 - 기타,승용,남,59세,부상신고,승용,여,36세,상해없음
2015061300100590,2015년 6월 13일 21시,토요일,대구광역시 북구 복현동,경상사고,0,0,1,0,차대차 - 기타,안전운전불이행,건조,맑음,단일로 - 기타,승용,여,35세,기타불명,이륜,여,42세,경상
2015061300100591,2015년 6월 13일 21시,토요일,대구광역시 북구 복현동,중상사고,0,1,0,0,차대차 - 추돌 - 진행중,안전운전불이행,건조,맑음,단일로 - 기타,기타불명,기타불명,기타불명,기타불명,자전거,남,44세,중상
2015061300100662,2015년 6월 13일 23시,토요일,대구광역시 서구 내당동,경상사고,0,0,1,0,차대차 - 기타,안전운전불이행,건조,맑음,단일로 - 기타,승합,남,48세,기타불명,자전거,남,24세,상해없음
2015061300100663,2015년 6월 13일 23시,토요일,대구광역시 달서구 감삼동,중상사고,0,1,0,0,차대차 - 측면직각충돌,신호위반,건조,맑음,교차로 - 교차로안,이륜,남,22세,중상,승용,남,26세,상해없음
2015061400100017,2015년 6월 14일 00시,일요일,대구광역시 달서구 상인동,중상사고,0,1,3,0,차대차 - 추돌 - 주정차중,안전운전불이행,건조,맑음,단일로 - 기타,승용,남,63세,상해없음,승용,남,34세,경상
2015061400100046,2015년 6월 14일 01시,일요일,대구광역시 달서구 호산동,경상사고,0,0,2,0,차대차 - 측면직각충돌,교차로운행방법위반,건조,맑음,교차로 - 교차로안,승용,남,27세,경상,승용,남,42세,상해없음
2015061400100075,2015년 6월 14일 03시,일요일,대구광역시 동구 용계동,경상사고,0,0,1,0,차대차 - 측면직각충돌,안전거리미확보,건조,맑음,단일로 - 기타,승용,남,55세,상해없음,이륜,남,17세,경상
2015061400100076,2015년 6월 14일 03시,일요일,대구광역시 수성구 범어동,중상사고,0,1,0,0,차대차 - 추돌 - 주정차중,안전운전불이행,건조,맑음,교차로 - 교차로부근,승용,남,46세,상해없음,승용,남,33세,중상
2015061400100093,2015년 6월 14일 04시,일요일,대구광역시 북구 침산동,부상신고사고,0,0,0,1,차량단독 - 기타,안전운전불이행,건조,맑음,단일로 - 기타,이륜,남,18세,부상신고,,,,
2015061400100130,2015년 6월 14일 06시,일요일,대구광역시 중구 삼덕동1가,경상사고,0,0,1,0,차대사람 - 길가장자리구역통행중,안전운전불이행,건조,맑음,단일로 - 기타,승용,여,25세,상해없음,보행자,남,28세,경상
2015061400100152,2015년 6월 14일 08시,일요일,대구광역시 달서구 본동,경상사고,0,0,2,0,차대차 - 기타,신호위반,건조,맑음,교차로 - 교차로안,승용,남,52세,상해없음,승용,남,55세,경상
2015061400100171,2015년 6월 14일 09시,일요일,대구광역시 동구 방촌동,중상사고,0,3,7,1,차대차 - 기타,안전거리미확보,건조,맑음,교차로 - 교차로부근,승용,남,18세,상해없음,승용,남,34세,중상
2015061400100172,2015년 6월 14일 09시,일요일,대구광역시 달서구 상인동,중상사고,0,1,0,0,차대사람 - 기타,기타,건조,맑음,단일로 - 기타,승합,남,63세,상해없음,보행자,여,63세,중상
2015061400100211,2015년 6월 14일 11시,일요일,대구광역시 중구 달성동,중상사고,0,1,0,0,차대차 - 정면충돌,안전운전불이행,건조,맑음,단일로 - 기타,이륜,남,55세,기타불명,자전거,여,40세,중상
2015061400100212,2015년 6월 14일 11시,일요일,대구광역시 중구 대신동,중상사고,0,3,0,0,차대차 - 추돌 - 진행중,안전거리미확보,건조,맑음,단일로 - 기타,승용,남,76세,상해없음,승용,남,64세,중상
2015061400100234,2015년 6월 14일 12시,일요일,대구광역시 달서구 본동,경상사고,0,0,1,0,차대차 - 기타,안전운전불이행,건조,맑음,교차로 - 교차로안,승용,남,53세,기타불명,이륜,남,61세,경상
2015061400100260,2015년 6월 14일 13시,일요일,대구광역시 동구 신천동,경상사고,0,0,1,0,차대차 - 기타,기타,건조,맑음,교차로 - 교차로부근,승용,남,72세,상해없음,이륜,남,21세,경상
2015061400100308,2015년 6월 14일 15시,일요일,대구광역시 동구 신서동,중상사고,0,1,0,0,차대차 - 기타,안전운전불이행,건조,맑음,교차로 - 교차로부근,승용,남,68세,상해없음,자전거,남,88세,중상
2015061400100309,2015년 6월 14일 15시,일요일,대구광역시 수성구 연호동,경상사고,0,0,1,0,차대차 - 측면직각충돌,안전운전불이행,건조,맑음,교차로 - 교차로부근,승용,남,54세,상해없음,승용,여,32세,경상
2015061400100338,2015년 6월 14일 16시,일요일,대구광역시 달서구 본동,경상사고,0,0,1,0,차대차 - 측면직각충돌,차로위반,건조,맑음,단일로 - 기타,승용,남,52세,상해없음,이륜,남,29세,경상
2015061400100339,2015년 6월 14일 16시,일요일,대구광역시 달성군 유가면,중상사고,0,1,0,1,차대차 - 측면직각충돌,신호위반,건조,맑음,교차로 - 교차로안,승용,여,50세,부상신고,승용,남,30세,중상
2015061400100340,2015년 6월 14일 16시,일요일,대구광역시 서구 내당동,중상사고,0,2,0,0,차대차 - 추돌 - 주정차중,안전운전불이행,건조,맑음,단일로 - 기타,승용,남,62세,상해없음,승용,여,38세,중상
2015061400100367,2015년 6월 14일 17시,일요일,대구광역시 동구 신천동,중상사고,0,1,1,0,차대차 - 기타,안전운전불이행,건조,맑음,교차로 - 교차로부근,승용,남,27세,상해없음,승용,남,54세,중상
2015061400100368,2015년 6월 14일 17시,일요일,대구광역시 달성군 화원읍,경상사고,0,0,1,0,차대차 - 측면직각충돌,안전운전불이행,건조,맑음,교차로 - 교차로부근,기타불명,기타불명,기타불명,기타불명,원동기,남,17세,경상
2015061400100369,2015년 6월 14일 17시,일요일,대구광역시 북구 침산동,경상사고,0,0,1,0,차대사람 - 횡단중,보행자보호의무위반,건조,맑음,교차로 - 교차로안,승용,여,50세,상해없음,보행자,남,58세,경상
2015061400100370,2015년 6월 14일 17시,일요일,대구광역시 달서구 두류동,중상사고,0,1,0,0,차대차 - 측면직각충돌,안전운전불이행,건조,맑음,단일로 - 횡단보도부근,승용,남,57세,상해없음,자전거,남,13세,중상
2015061400100435,2015년 6월 14일 19시,일요일,대구광역시 남구 대명동,경상사고,0,0,1,0,차대차 - 추돌 - 주정차중,안전운전불이행,건조,맑음,교차로 - 교차로부근,승합,여,54세,상해없음,이륜,남,24세,경상
2015061400100436,2015년 6월 14일 19시,일요일,대구광역시 동구 불로동,경상사고,0,0,2,0,차대차 - 기타,안전운전불이행,건조,맑음,단일로 - 기타,승용,남,52세,상해없음,승용,남,37세,경상
2015061400100437,2015년 6월 14일 19시,일요일,대구광역시 수성구 상동,경상사고,0,0,4,0,차대차 - 기타,안전운전불이행,건조,맑음,단일로 - 기타,승용,남,53세,상해없음,승용,여,38세,경상
2015061400100464,2015년 6월 14일 20시,일요일,대구광역시 동구 신천동,경상사고,0,0,4,1,차대차 - 측면직각충돌,신호위반,건조,맑음,교차로 - 교차로부근,승용,남,55세,부상신고,승용,남,22세,경상
2015061400100465,2015년 6월 14일 20시,일요일,대구광역시 달서구 상인동,부상신고사고,0,0,0,1,차대차 - 측면직각충돌,안전운전불이행,건조,맑음,교차로 - 교차로안,이륜,남,69세,부상신고,승용,남,55세,상해없음
2015061400100466,2015년 6월 14일 20시,일요일,대구광역시 달성군 화원읍,경상사고,0,0,1,0,차대사람 - 횡단중,중앙선침범,건조,맑음,단일로 - 기타,승용,남,37세,상해없음,보행자,남,58세,경상
2015061400100498,2015년 6월 14일 21시,일요일,대구광역시 남구 대명동,중상사고,0,1,0,0,차대차 - 측면직각충돌,교차로운행방법위반,건조,맑음,교차로 - 교차로안,승용,남,27세,상해없음,자전거,남,24세,중상
2015061400100524,2015년 6월 14일 22시,일요일,대구광역시 동구 신천동,경상사고,0,0,1,0,차량단독 - 기타,기타,건조,맑음,단일로 - 기타,승합,남,55세,상해없음,,,,
2015061400100543,2015년 6월 14일 23시,일요일,대구광역시 동구 서호동,경상사고,0,0,2,0,차대차 - 추돌 - 주정차중,안전운전불이행,건조,맑음,단일로 - 기타,승용,남,46세,상해없음,승용,남,72세,경상
2015061400100544,2015년 6월 14일 23시,일요일,대구광역시 달서구 본리동,중상사고,0,1,0,0,차대차 - 기타,안전운전불이행,건조,맑음,기타 - 기타,승용,남,25세,상해없음,승용,남,26세,중상
2015061500100024,2015년 6월 15일 02시,월요일,대구광역시 남구 대명동,중상사고,0,1,0,0,차량단독 - 전도전복,기타,건조,맑음,단일로 - 기타,승용,여,48세,중상,,,,
2015061500100029,2015년 6월 15일 03시,월요일,대구광역시 달성군 가창면,경상사고,0,0,1,0,차대차 - 추돌 - 진행중,안전운전불이행,건조,맑음,교차로 - 교차로부근,승용,남,53세,상해없음,승용,남,38세,경상
2015061500100034,2015년 6월 15일 04시,월요일,대구광역시 중구 대봉동,경상사고,0,0,1,0,차대차 - 정면충돌,중앙선침범,건조,맑음,교차로 - 교차로부근,승용,남,40세,상해없음,승용,남,36세,경상
2015061500100137,2015년 6월 15일 08시,월요일,대구광역시 수성구 황금동,경상사고,0,0,1,0,차대차 - 측면직각충돌,신호위반,건조,맑음,단일로 - 횡단보도상,화물,남,54세,상해없음,자전거,남,75세,경상
2015061500100138,2015년 6월 15일 08시,월요일,대구광역시 북구 칠성동1가,중상사고,0,2,0,0,차대차 - 기타,안전거리미확보,건조,맑음,단일로 - 기타,화물,남,25세,상해없음,승용,여,38세,중상
2015061500100139,2015년 6월 15일 08시,월요일,대구광역시 북구 관음동,중상사고,0,1,0,0,차대차 - 측면직각충돌,교차로운행방법위반,건조,맑음,교차로 - 교차로안,승용,남,24세,상해없음,자전거,여,41세,중상
2015061500100162,2015년 6월 15일 09시,월요일,대구광역시 중구 북성로1가,경상사고,0,0,1,0,차대차 - 추돌 - 진행중,안전운전불이행,건조,맑음,단일로 - 기타,승용,남,67세,기타불명,승용,기타불명,기타불명,기타불명
2015061500100242,2015년 6월 15일 12시,월요일,대구광역시 동구 방촌동,중상사고,0,1,0,0,차대차 - 기타,교차로운행방법위반,건조,맑음,교차로 - 교차로안,승합,남,26세,상해없음,자전거,여,57세,중상
2015061500100243,2015년 6월 15일 12시,월요일,대구광역시 달성군 화원읍,경상사고,0,0,1,0,차대차 - 측면직각충돌,신호위반,건조,맑음,교차로 - 교차로안,이륜,남,80세,경상,승용,남,55세,상해없음
2015061500100244,2015년 6월 15일 12시,월요일,대구광역시 달서구 신당동,경상사고,0,0,3,0,차대차 - 추돌 - 진행중,안전거리미확보,건조,맑음,단일로 - 기타,화물,남,30세,상해없음,승용,여,36세,경상
2015061500100261,2015년 6월 15일 13시,월요일,대구광역시 서구 원대동1가,경상사고,0,0,1,0,차대차 - 기타,안전거리미확보,건조,맑음,교차로 - 교차로부근,승용,남,61세,상해없음,승용,여,34세,경상
2015061500100293,2015년 6월 15일 14시,월요일,대구광역시 달서구 상인동,중상사고,0,1,0,0,차대사람 - 횡단중,보행자보호의무위반,건조,맑음,단일로 - 기타,승용,여,60세,상해없음,보행자,여,74세,중상
2015061500100294,2015년 6월 15일 14시,월요일,대구광역시 달서구 송현동,부상신고사고,0,0,0,1,차대차 - 기타,안전운전불이행,건조,맑음,교차로 - 교차로안,승용,남,61세,상해없음,원동기,남,82세,부상신고
2015061500100295,2015년 6월 15일 14시,월요일,대구광역시 북구 노원동3가,경상사고,0,0,1,0,차대차 - 측면직각충돌,직진우회전진행방해,건조,맑음,교차로 - 교차로안,승용,남,32세,상해없음,원동기,남,59세,경상
2015061500100331,2015년 6월 15일 15시,월요일,대구광역시 수성구 파동,중상사고,0,2,0,1,차대차 - 추돌 - 진행중,안전운전불이행,건조,맑음,단일로 - 기타,승용,여,29세,부상신고,승용,여,57세,중상
2015061500100332,2015년 6월 15일 15시,월요일,대구광역시 북구 구암동,경상사고,0,0,1,0,차대사람 - 차도통행중,안전운전불이행,건조,맑음,단일로 - 횡단보도상,승용,남,33세,상해없음,보행자,남,11세,경상
2015061500100362,2015년 6월 15일 16시,월요일,대구광역시 서구 중리동,경상사고,0,0,1,0,차대차 - 기타,교차로운행방법위반,건조,맑음,교차로 - 교차로안,승용,남,55세,상해없음,자전거,여,69세,경상
2015061500100397,2015년 6월 15일 17시,월요일,대구광역시 동구 신암동,경상사고,0,0,1,0,차대사람 - 기타,안전운전불이행,습기,맑음,단일로 - 기타,승용,기타불명,기타불명,기타불명,보행자,여,10세,경상
2015061500100426,2015년 6월 15일 18시,월요일,대구광역시 남구 봉덕동,경상사고,0,0,1,0,차대차 - 측면직각충돌,안전거리미확보,건조,맑음,단일로 - 횡단보도상,이륜,남,72세,경상,승용,여,52세,상해없음
2015061500100427,2015년 6월 15일 18시,월요일,대구광역시 서구 내당동,부상신고사고,0,0,0,1,차대차 - 측면직각충돌,교차로운행방법위반,건조,맑음,교차로 - 교차로안,이륜,남,66세,상해없음,승용,여,37세,부상신고
2015061500100428,2015년 6월 15일 18시,월요일,대구광역시 서구 비산동,경상사고,0,0,1,0,차대차 - 기타,안전운전불이행,건조,맑음,단일로 - 기타,자전거,남,24세,상해없음,자전거,남,38세,경상
2015061500100429,2015년 6월 15일 18시,월요일,대구광역시 중구 봉산동,경상사고,0,0,1,0,차량단독 - 기타,안전운전불이행,건조,맑음,단일로 - 기타,승용,남,51세,상해없음,,,,
2015061500100450,2015년 6월 15일 19시,월요일,대구광역시 달성군 화원읍,경상사고,0,0,1,0,차대차 - 추돌 - 주정차중,안전운전불이행,건조,맑음,교차로 - 교차로부근,기타불명,기타불명,기타불명,기타불명,자전거,남,11세,경상
2015061500100451,2015년 6월 15일 19시,월요일,대구광역시 서구 내당동,경상사고,0,0,1,0,차대사람 - 보도통행중,기타,건조,맑음,단일로 - 기타,승용,남,57세,상해없음,보행자,남,37세,경상
2015061500100488,2015년 6월 15일 20시,월요일,대구광역시 수성구 수성동4가,경상사고,0,0,1,0,차대차 - 측면직각충돌,교차로운행방법위반,건조,맑음,교차로 - 교차로안,승용,남,36세,상해없음,승용,남,49세,경상
2015061500100490,2015년 6월 15일 20시,월요일,대구광역시 서구 내당동,중상사고,0,1,0,0,차대사람 - 횡단중,보행자보호의무위반,건조,맑음,기타 - 기타,승용,남,42세,상해없음,보행자,여,7세,중상
2015061500100491,2015년 6월 15일 20시,월요일,대구광역시 달서구 갈산동,부상신고사고,0,0,0,1,차대차 - 기타,안전운전불이행,건조,맑음,단일로 - 기타,이륜,기타불명,40세,기타불명,자전거,남,27세,부상신고
2015061500100528,2015년 6월 15일 21시,월요일,대구광역시 동구 신암동,중상사고,0,1,0,0,차대사람 - 기타,교차로운행방법위반,건조,맑음,교차로 - 교차로안,승용,남,33세,상해없음,보행자,여,65세,중상
2015061500100529,2015년 6월 15일 21시,월요일,대구광역시 북구 칠성동2가,중상사고,0,1,0,0,차대사람 - 횡단중,안전운전불이행,건조,맑음,단일로 - 기타,승용,여,30세,상해없음,보행자,남,47세,중상
2015061500100530,2015년 6월 15일 21시,월요일,대구광역시 북구 태전동,중상사고,0,1,0,0,차대차 - 정면충돌,교차로운행방법위반,건조,맑음,교차로 - 교차로부근,승용,남,55세,상해없음,이륜,남,17세,중상
2015061500100559,2015년 6월 15일 22시,월요일,대구광역시 수성구 범어동,경상사고,0,0,2,0,차대차 - 측면직각충돌,교차로운행방법위반,건조,맑음,교차로 - 교차로안,승용,남,50세,상해없음,승용,남,50세,상해없음
2015061500100560,2015년 6월 15일 22시,월요일,대구광역시 달서구 본동,경상사고,0,0,1,0,차대차 - 기타,안전운전불이행,건조,맑음,단일로 - 기타,승용,남,42세,상해없음,승용,남,35세,상해없음
2015061500100577,2015년 6월 15일 23시,월요일,대구광역시 동구 신암동,부상신고사고,0,0,0,1,차대차 - 기타,안전운전불이행,건조,맑음,단일로 - 기타,이륜,기타불명,기타불명,기타불명,자전거,남,27세,부상신고
2015061500100578,2015년 6월 15일 23시,월요일,대구광역시 수성구 상동,경상사고,0,0,1,0,차대차 - 기타,안전운전불이행,건조,맑음,교차로 - 교차로안,이륜,남,16세,경상,승용,여,43세,상해없음
2015061500100579,2015년 6월 15일 23시,월요일,대구광역시 서구 내당동,경상사고,0,0,2,0,차대차 - 추돌 - 주정차중,안전운전불이행,건조,맑음,교차로 - 교차로부근,승용,남,34세,상해없음,승용,여,25세,경상
2015061600100028,2015년 6월 16일 01시,화요일,대구광역시 달서구 대곡동,경상사고,0,0,1,0,차대차 - 측면직각충돌,안전운전불이행,건조,맑음,교차로 - 교차로안,승용,남,23세,상해없음,승용,남,55세,경상
2015061600100029,2015년 6월 16일 01시,화요일,대구광역시 달서구 두류동,경상사고,0,0,1,0,차대차 - 기타,안전운전불이행,건조,맑음,단일로 - 기타,승용,남,22세,상해없음,자전거,남,55세,경상
2015061600100038,2015년 6월 16일 03시,화요일,대구광역시 수성구 범어동,경상사고,0,0,1,0,차대차 - 추돌 - 주정차중,안전운전불이행,건조,맑음,단일로 - 기타,승용,남,26세,상해없음,이륜,남,34세,경상
2015061600100067,2015년 6월 16일 06시,화요일,대구광역시 수성구 상동,경상사고,0,0,1,0,차대사람 - 길가장자리구역통행중,안전운전불이행,건조,맑음,단일로 - 기타,승용,남,22세,상해없음,보행자,남,19세,경상
2015061600100096,2015년 6월 16일 07시,화요일,대구광역시 동구 입석동,경상사고,0,0,2,0,차대차 - 추돌 - 진행중,안전운전불이행,건조,맑음,단일로 - 기타,특수,남,54세,상해없음,승용,여,62세,경상
2015061600100121,2015년 6월 16일 08시,화요일,대구광역시 달성군 화원읍,중상사고,0,1,0,0,차대사람 - 횡단중,안전운전불이행,건조,맑음,교차로 - 교차로안,승용,남,28세,상해없음,보행자,여,82세,중상
2015061600100143,2015년 6월 16일 09시,화요일,대구광역시 동구 신천동,경상사고,0,0,1,0,차대차 - 기타,안전운전불이행,건조,맑음,교차로 - 교차로안,승용,남,49세,상해없음,승용,여,51세,경상
2015061600100174,2015년 6월 16일 10시,화요일,대구광역시 동구 신천동,경상사고,0,0,2,0,차대차 - 측면직각충돌,안전거리미확보,건조,맑음,단일로 - 기타,승용,남,58세,상해없음,승용,여,24세,상해없음
2015061600100204,2015년 6월 16일 11시,화요일,대구광역시 달서구 본동,중상사고,0,1,0,0,차대차 - 측면직각충돌,안전운전불이행,건조,맑음,교차로 - 교차로부근,승용,남,59세,상해없음,승용,남,49세,중상
2015061600100205,2015년 6월 16일 11시,화요일,대구광역시 달서구 도원동,경상사고,0,0,2,0,차대차 - 기타,안전운전불이행,건조,맑음,단일로 - 기타,승용,남,46세,상해없음,승용,남,41세,경상
2015061600100206,2015년 6월 16일 11시,화요일,대구광역시 서구 중리동,경상사고,0,0,1,0,차대차 - 기타,안전운전불이행,건조,맑음,단일로 - 기타,화물,남,36세,상해없음,승용,남,72세,경상
2015061600100207,2015년 6월 16일 11시,화요일,대구광역시 서구 이현동,경상사고,0,0,1,0,차대차 - 측면직각충돌,교차로운행방법위반,건조,맑음,교차로 - 교차로안,승용,남,68세,경상,승용,여,27세,상해없음
2015061600100234,2015년 6월 16일 12시,화요일,대구광역시 북구 구암동,중상사고,0,1,0,0,차대차 - 측면직각충돌,안전거리미확보,건조,맑음,교차로 - 교차로부근,승용,남,39세,상해없음,원동기,남,45세,중상
2015061600100255,2015년 6월 16일 13시,화요일,대구광역시 수성구 만촌동,경상사고,0,0,1,0,차대차 - 측면직각충돌,안전운전불이행,건조,맑음,교차로 - 교차로부근,승용,여,47세,상해없음,이륜,남,38세,경상
2015061600100256,2015년 6월 16일 13시,화요일,대구광역시 북구 침산동,중상사고,0,1,0,0,차대차 - 측면직각충돌,안전운전불이행,건조,맑음,단일로 - 횡단보도상,승용,남,45세,상해없음,자전거,여,64세,중상
2015061600100289,2015년 6월 16일 14시,화요일,대구광역시 서구 비산동,경상사고,0,0,1,0,차대차 - 추돌 - 진행중,안전거리미확보,건조,맑음,단일로 - 기타,건설기계,남,43세,상해없음,승용,여,53세,경상
2015061600100318,2015년 6월 16일 15시,화요일,대구광역시 달성군 현풍면,부상신고사고,0,0,0,1,차대차 - 측면직각충돌,안전운전불이행,건조,맑음,교차로 - 교차로안,이륜,남,22세,부상신고,승합,남,61세,상해없음
2015061600100319,2015년 6월 16일 15시,화요일,대구광역시 북구 대현동,중상사고,0,2,0,0,차대차 - 기타,기타,건조,맑음,단일로 - 기타,원동기,남,44세,상해없음,원동기,남,41세,중상
2015061600100320,2015년 6월 16일 15시,화요일,대구광역시 서구 비산동,중상사고,0,2,3,0,차대차 - 추돌 - 주정차중,안전거리미확보,건조,흐림,단일로 - 기타,승합,남,52세,상해없음,승용,남,31세,경상
2015061600100321,2015년 6월 16일 15시,화요일,대구광역시 달서구 이곡동,중상사고,0,1,0,0,차대차 - 추돌 - 진행중,안전운전불이행,건조,맑음,기타 - 기타,승용,남,65세,상해없음,자전거,여,31세,기타불명
2015061600100322,2015년 6월 16일 15시,화요일,대구광역시 북구 구암동,중상사고,0,1,0,0,차대차 - 측면직각충돌,교차로운행방법위반,건조,맑음,교차로 - 교차로안,승용,남,76세,상해없음,자전거,남,17세,중상
2015061600100369,2015년 6월 16일 16시,화요일,대구광역시 남구 대명동,중상사고,0,1,0,0,차대차 - 기타,교차로운행방법위반,습기,비,교차로 - 교차로안,승용,여,47세,상해없음,원동기,남,67세,중상
2015061600100370,2015년 6월 16일 16시,화요일,대구광역시 남구 봉덕동,경상사고,0,0,1,0,차대차 - 기타,안전운전불이행,건조,맑음,단일로 - 기타,이륜,남,16세,경상,승용,여,45세,상해없음
2015061600100371,2015년 6월 16일 16시,화요일,대구광역시 수성구 두산동,중상사고,0,1,0,0,차대차 - 측면직각충돌,안전운전불이행,건조,맑음,교차로 - 교차로부근,승용,여,42세,상해없음,승용,남,49세,중상
2015061600100373,2015년 6월 16일 16시,화요일,대구광역시 수성구 황금동,부상신고사고,0,0,0,1,차대사람 - 보도통행중,기타,건조,맑음,단일로 - 기타,승합,남,50세,상해없음,보행자,여,30세,부상신고
2015061600100374,2015년 6월 16일 16시,화요일,대구광역시 달서구 월성동,중상사고,0,1,0,0,차대차 - 측면직각충돌,중앙선침범,건조,맑음,교차로 - 교차로안,자전거,남,14세,중상,승용,여,34세,상해없음
2015061600100375,2015년 6월 16일 16시,화요일,대구광역시 중구 동인동1가,부상신고사고,0,0,0,1,차대차 - 측면직각충돌,안전운전불이행,습기,비,교차로 - 교차로부근,이륜,남,53세,부상신고,승용,남,55세,상해없음
2015061600100376,2015년 6월 16일 16시,화요일,대구광역시 달서구 본리동,경상사고,0,0,1,0,차대차 - 추돌 - 주정차중,안전운전불이행,습기,비,단일로 - 기타,승용,여,54세,상해없음,화물,남,22세,기타불명
2015061600100377,2015년 6월 16일 16시,화요일,대구광역시 북구 구암동,경상사고,0,0,1,0,차대차 - 추돌 - 진행중,안전운전불이행,건조,맑음,단일로 - 기타,승용,남,52세,상해없음,승용,남,40세,경상
2015061600100378,2015년 6월 16일 16시,화요일,대구광역시 북구 동천동,중상사고,0,1,0,0,차대차 - 정면충돌,신호위반,건조,맑음,교차로 - 교차로부근,승용,여,45세,상해없음,자전거,남,14세,중상
2015061600100406,2015년 6월 16일 17시,화요일,대구광역시 달서구 월성동,경상사고,0,0,1,0,차대차 - 기타,기타,습기,비,교차로 - 교차로안,승용,여,38세,상해없음,자전거,남,12세,경상
2015061600100407,2015년 6월 16일 17시,화요일,대구광역시 북구 산격동,중상사고,0,1,0,0,차대사람 - 기타,기타,건조,맑음,단일로 - 기타,화물,남,58세,상해없음,보행자,여,54세,중상