사고번호,사고일시,요일,시군구,사고내용,사망자수,중상자수,경상자수,부상신고자수,사고유형,법규위반,노면상태,기상상태,도로형태,가해운전자 차종,가해운전자 성별,가해운전자 연령,가해운전자 상해정도,피해운전자 차종,피해운전자 성별,피해운전자 연령,피해운전자 상해정도
2015061600100408,2015년 6월 16일 17시,화요일,대구광역시 북구 읍내동,경상사고,0,0,1,0,차대사람 - 횡단중,신호위반,건조,맑음,교차로 - 교차로부근,원동기,남,17세,상해없음,보행자,여,78세,경상
2015061600100452,2015년 6월 16일 18시,화요일,대구광역시 서구 내당동,경상사고,0,0,1,0,차대차 - 기타,안전운전불이행,건조,맑음,단일로 - 기타,이륜,남,16세,상해없음,승용,남,58세,상해없음
2015061600100453,2015년 6월 16일 18시,화요일,대구광역시 서구 내당동,경상사고,0,0,1,0,차대차 - 측면직각충돌,차로위반,건조,맑음,단일로 - 기타,승용,남,59세,상해없음,이륜,남,39세,경상
2015061600100521,2015년 6월 16일 20시,화요일,대구광역시 달서구 호산동,경상사고,0,0,2,0,차대차 - 기타,안전운전불이행,건조,맑음,교차로 - 교차로안,화물,남,32세,상해없음,승용,남,48세,경상
2015061600100553,2015년 6월 16일 21시,화요일,대구광역시 달성군 구지면,중상사고,0,1,0,0,차대사람 - 차도통행중,안전운전불이행,건조,맑음,교차로 - 교차로부근,이륜,남,50세,상해없음,보행자,남,54세,중상
2015061600100554,2015년 6월 16일 21시,화요일,대구광역시 달성군 구지면,중상사고,0,1,1,0,차대차 - 추돌 - 진행중,안전거리미확보,습기,비,단일로 - 기타,승용,남,38세,경상,농기계,남,67세,중상
2015061600100582,2015년 6월 16일 22시,화요일,대구광역시 남구 봉덕동,부상신고사고,0,0,0,1,차대차 - 기타,안전거리미확보,건조,맑음,교차로 - 교차로안,이륜,남,31세,부상신고,승용,여,32세,상해없음
2015061600100614,2015년 6월 16일 23시,화요일,대구광역시 달서구 본동,부상신고사고,0,0,0,1,차대차 - 기타,중앙선침범,건조,맑음,교차로 - 교차로부근,원동기,남,19세,부상신고,승용,남,26세,상해없음
2015061700100015,2015년 6월 17일 00시,수요일,대구광역시 달서구 장기동,중상사고,0,1,0,0,차대사람 - 길가장자리구역통행중,안전운전불이행,건조,맑음,단일로 - 기타,승용,여,58세,상해없음,보행자,남,51세,중상
2015061700100031,2015년 6월 17일 01시,수요일,대구광역시 수성구 황금동,부상신고사고,0,0,0,1,차대차 - 추돌 - 진행중,안전운전불이행,건조,맑음,단일로 - 기타,승용,여,21세,상해없음,승용,남,56세,부상신고
2015061700100039,2015년 6월 17일 02시,수요일,대구광역시 서구 비산동,경상사고,0,0,1,0,차대차 - 측면직각충돌,교차로운행방법위반,건조,맑음,교차로 - 교차로안,승용,남,49세,상해없음,이륜,남,27세,경상
2015061700100045,2015년 6월 17일 03시,수요일,대구광역시 북구 복현동,중상사고,0,1,0,0,차량단독 - 기타,안전운전불이행,건조,맑음,교차로 - 교차로부근,이륜,남,58세,중상,,,,
2015061700100053,2015년 6월 17일 04시,수요일,대구광역시 북구 고성동2가,중상사고,0,1,0,0,차대차 - 측면직각충돌,안전운전불이행,건조,맑음,교차로 - 교차로부근,승용,남,30세,기타불명,승용,여,43세,기타불명
2015061700100054,2015년 6월 17일 04시,수요일,대구광역시 서구 비산동,중상사고,0,1,0,0,차대차 - 측면직각충돌,신호위반,건조,맑음,단일로 - 횡단보도상,승용,남,50세,상해없음,기타불명,여,80세,중상
2015061700100098,2015년 6월 17일 07시,수요일,대구광역시 달서구 월성동,중상사고,0,1,0,0,차량단독 - 기타,안전운전불이행,건조,맑음,단일로 - 기타,승합,남,50세,상해없음,,,,
2015061700100099,2015년 6월 17일 07시,수요일,대구광역시 서구 비산동,경상사고,0,0,1,0,차대사람 - 기타,안전운전불이행,건조,맑음,단일로 - 기타,승용,남,57세,상해없음,보행자,남,54세,경상
2015061700100100,2015년 6월 17일 07시,수요일,대구광역시 북구 구암동,중상사고,0,1,0,0,차대차 - 측면직각충돌,중앙선침범,건조,맑음,단일로 - 기타,자전거,남,15세,중상,승용,남,52세,상해없음
2015061700100132,2015년 6월 17일 08시,수요일,대구광역시 수성구 두산동,경상사고,0,0,1,0,차대차 - 기타,안전운전불이행,건조,맑음,단일로 - 횡단보도상,승용,여,46세,상해없음,자전거,남,43세,경상
2015061700100133,2015년 6월 17일 08시,수요일,대구광역시 수성구 수성동4가,경상사고,0,0,1,0,차대사람 - 기타,안전운전불이행,건조,맑음,단일로 - 기타,승용,여,27세,상해없음,보행자,여,64세,경상
2015061700100159,2015년 6월 17일 09시,수요일,대구광역시 동구 신암동,부상신고사고,0,0,0,1,차대차 - 추돌 - 주정차중,안전운전불이행,건조,맑음,단일로 - 기타,이륜,남,20세,부상신고,승용,여,66세,상해없음
2015061700100187,2015년 6월 17일 10시,수요일,대구광역시 달성군 화원읍,경상사고,0,0,1,0,차대차 - 기타,안전운전불이행,건조,맑음,단일로 - 기타,승용,여,35세,상해없음,승합,남,51세,상해없음
2015061700100188,2015년 6월 17일 10시,수요일,대구광역시 서구 내당동,경상사고,0,0,1,0,차대사람 - 기타,안전운전불이행,건조,맑음,교차로 - 교차로부근,기타불명,기타불명,기타불명,기타불명,보행자,여,25세,경상
2015061700100217,2015년 6월 17일 11시,수요일,대구광역시 달서구 감삼동,경상사고,0,0,1,0,차대차 - 기타,안전거리미확보,건조,맑음,단일로 - 기타,승용,남,34세,상해없음,승용,남,36세,경상
2015061700100243,2015년 6월 17일 12시,수요일,대구광역시 동구 신암동,경상사고,0,0,2,0,차대차 - 추돌 - 주정차중,안전거리미확보,건조,맑음,교차로 - 교차로부근,화물,남,61세,상해없음,승용,남,21세,경상
2015061700100244,2015년 6월 17일 12시,수요일,대구광역시 수성구 범어동,경상사고,0,0,1,0,차대사람 - 보도통행중,보행자보호의무위반,건조,맑음,단일로 - 횡단보도상,승용,남,47세,상해없음,보행자,남,72세,경상
2015061700100262,2015년 6월 17일 13시,수요일,대구광역시 수성구 범어동,경상사고,0,0,2,0,차대차 - 기타,신호위반,건조,맑음,교차로 - 교차로안,승용,남,71세,상해없음,승용,남,33세,경상
2015061700100292,2015년 6월 17일 14시,수요일,대구광역시 달성군 다사읍,중상사고,0,1,0,0,차대차 - 측면직각충돌,안전운전불이행,건조,맑음,교차로 - 교차로안,화물,남,30세,상해없음,자전거,남,88세,중상
2015061700100383,2015년 6월 17일 17시,수요일,대구광역시 동구 신암동,중상사고,0,1,0,0,차대차 - 기타,안전운전불이행,건조,맑음,교차로 - 교차로안,자전거,남,22세,중상,화물,남,38세,기타불명
2015061700100384,2015년 6월 17일 17시,수요일,대구광역시 달서구 월성동,중상사고,0,1,0,0,차대차 - 측면직각충돌,직진우회전진행방해,건조,맑음,교차로 - 교차로안,승용,남,65세,상해없음,자전거,여,27세,중상
2015061700100385,2015년 6월 17일 17시,수요일,대구광역시 중구 대신동,경상사고,0,0,2,0,차대차 - 측면직각충돌,직진우회전진행방해,건조,맑음,교차로 - 교차로안,승용,남,56세,상해없음,이륜,남,31세,경상
2015061700100464,2015년 6월 17일 19시,수요일,대구광역시 서구 평리동,경상사고,0,0,1,0,차대차 - 측면직각충돌,교차로운행방법위반,건조,맑음,교차로 - 교차로부근,승용,여,30세,상해없음,승용,남,72세,경상
2015061700100493,2015년 6월 17일 20시,수요일,대구광역시 수성구 범어동,중상사고,0,1,0,0,차대사람 - 횡단중,보행자보호의무위반,건조,맑음,교차로 - 교차로안,승용,남,59세,상해없음,보행자,남,46세,중상
2015061700100494,2015년 6월 17일 20시,수요일,대구광역시 달서구 도원동,경상사고,0,0,1,0,차대차 - 측면직각충돌,안전거리미확보,건조,맑음,단일로 - 기타,화물,남,60세,상해없음,승용,남,34세,경상
2015061700100495,2015년 6월 17일 20시,수요일,대구광역시 달서구 진천동,경상사고,0,0,1,0,차대차 - 측면직각충돌,기타,건조,맑음,교차로 - 교차로부근,승용,남,31세,상해없음,자전거,남,14세,경상
2015061700100496,2015년 6월 17일 20시,수요일,대구광역시 중구 공평동,경상사고,0,0,1,0,차대차 - 추돌 - 진행중,안전운전불이행,건조,맑음,교차로 - 교차로부근,승용,남,49세,기타불명,승용,남,61세,경상
2015061700100497,2015년 6월 17일 20시,수요일,대구광역시 중구 봉산동,경상사고,0,0,1,0,차대차 - 정면충돌,교차로운행방법위반,건조,맑음,교차로 - 교차로안,승용,남,23세,상해없음,자전거,남,25세,경상
2015061700100547,2015년 6월 17일 22시,수요일,대구광역시 서구 비산동,경상사고,0,0,1,0,차량단독 - 기타,기타,건조,맑음,교차로 - 교차로부근,승용,남,52세,상해없음,,,,
2015061700100579,2015년 6월 17일 23시,수요일,대구광역시 달서구 두류동,경상사고,0,0,1,0,차대차 - 측면직각충돌,안전운전불이행,건조,맑음,단일로 - 기타,승용,남,42세,상해없음,승용,남,56세,경상
2015061800100024,2015년 6월 18일 00시,목요일,대구광역시 달서구 도원동,중상사고,0,1,0,0,차대사람 - 차도통행중,안전운전불이행,건조,맑음,단일로 - 기타,승용,남,27세,상해없음,보행자,남,45세,중상
2015061800100025,2015년 6월 18일 00시,목요일,대구광역시 달서구 월성동,경상사고,0,0,1,0,차대사람 - 횡단중,보행자보호의무위반,건조,맑음,교차로 - 교차로안,승용,남,55세,상해없음,보행자,남,18세,경상
2015061800100026,2015년 6월 18일 00시,목요일,대구광역시 중구 대봉동,경상사고,0,0,2,0,차대차 - 측면직각충돌,안전운전불이행,건조,맑음,단일로 - 기타,승용,남,31세,상해없음,승용,여,26세,경상
2015061800100058,2015년 6월 18일 02시,목요일,대구광역시 달성군 논공읍,부상신고사고,0,0,0,1,차대차 - 추돌 - 주정차중,안전운전불이행,건조,맑음,단일로 - 기타,이륜,남,22세,부상신고,화물,남,52세,기타불명
2015061800100093,2015년 6월 18일 06시,목요일,대구광역시 달성군 화원읍,부상신고사고,0,0,0,1,차대차 - 추돌 - 진행중,안전운전불이행,건조,맑음,단일로 - 기타,승용,남,79세,부상신고,건설기계,남,54세,상해없음
2015061800100094,2015년 6월 18일 06시,목요일,대구광역시 북구 고성동2가,경상사고,0,0,8,0,차대차 - 기타,안전운전불이행,건조,맑음,단일로 - 기타,특수,남,71세,상해없음,화물,남,44세,경상
2015061800100095,2015년 6월 18일 06시,목요일,대구광역시 북구 칠성동2가,중상사고,0,1,0,0,차대차 - 기타,직진우회전진행방해,건조,맑음,교차로 - 교차로안,화물,남,29세,상해없음,자전거,남,65세,중상
2015061800100118,2015년 6월 18일 07시,목요일,대구광역시 북구 노원동2가,경상사고,0,0,2,0,차대차 - 정면충돌,중앙선침범,건조,맑음,단일로 - 기타,승용,남,48세,상해없음,승용,남,25세,경상
2015061800100119,2015년 6월 18일 07시,목요일,대구광역시 서구 내당동,부상신고사고,0,0,0,1,차대차 - 기타,안전운전불이행,건조,맑음,단일로 - 기타,자전거,남,15세,부상신고,이륜,여,51세,상해없음
2015061800100162,2015년 6월 18일 08시,목요일,대구광역시 수성구 수성동3가,부상신고사고,0,0,0,1,차대차 - 추돌 - 진행중,안전운전불이행,건조,맑음,교차로 - 교차로안,승용,여,35세,상해없음,승용,여,57세,부상신고
2015061800100163,2015년 6월 18일 08시,목요일,대구광역시 수성구 범물동,경상사고,0,0,1,0,차대차 - 정면충돌,안전거리미확보,건조,맑음,교차로 - 교차로부근,승용,여,43세,상해없음,승용,남,48세,경상
2015061800100164,2015년 6월 18일 08시,목요일,대구광역시 달서구 본동,경상사고,0,0,1,0,차대차 - 기타,기타,건조,맑음,단일로 - 기타,승용,남,77세,상해없음,화물,남,39세,경상
2015061800100165,2015년 6월 18일 08시,목요일,대구광역시 중구 봉산동,경상사고,0,0,2,0,차대차 - 측면직각충돌,안전거리미확보,건조,맑음,교차로 - 교차로부근,승용,남,42세,상해없음,승용,남,58세,경상
2015061800100192,2015년 6월 18일 09시,목요일,대구광역시 달서구 월성동,경상사고,0,0,3,0,차대차 - 측면직각충돌,교차로운행방법위반,건조,맑음,교차로 - 교차로안,승용,남,68세,경상,승용,여,36세,경상
2015061800100193,2015년 6월 18일 09시,목요일,대구광역시 북구 구암동,중상사고,0,1,0,0,차대사람 - 횡단중,보행자보호의무위반,건조,흐림,교차로 - 교차로부근,화물,남,48세,상해없음,보행자,여,74세,중상
2015061800100213,2015년 6월 18일 10시,목요일,대구광역시 수성구 범어동,경상사고,0,0,1,0,차대차 - 추돌 - 진행중,안전운전불이행,건조,맑음,단일로 - 기타,승용,남,64세,상해없음,승용,남,24세,경상
2015061800100214,2015년 6월 18일 10시,목요일,대구광역시 서구 내당동,중상사고,0,1,0,0,차대차 - 측면직각충돌,교차로운행방법위반,건조,맑음,교차로 - 교차로안,승용,남,71세,상해없음,자전거,남,80세,중상
2015061800100215,2015년 6월 18일 10시,목요일,대구광역시 중구 태평로1가,경상사고,0,0,2,0,차대차 - 측면직각충돌,기타,건조,맑음,미분류 - 미분류,화물,남,66세,상해없음,승용,남,37세,경상
2015061800100237,2015년 6월 18일 11시,목요일,대구광역시 동구 불로동,중상사고,0,1,0,0,차대차 - 기타,안전운전불이행,건조,맑음,단일로 - 기타,화물,남,64세,상해없음,자전거,남,66세,중상
2015061800100282,2015년 6월 18일 13시,목요일,대구광역시 동구 불로동,중상사고,0,3,0,0,차대차 - 측면직각충돌,안전운전불이행,건조,맑음,단일로 - 기타,화물,남,29세,상해없음,화물,남,52세,상해없음
2015061800100335,2015년 6월 18일 15시,목요일,대구광역시 수성구 대흥동,경상사고,0,0,1,0,차량단독 - 공작물충돌,안전운전불이행,건조,맑음,단일로 - 기타,화물,남,39세,경상,,,,
2015061800100336,2015년 6월 18일 15시,목요일,대구광역시 수성구 신매동,경상사고,0,0,1,0,차대차 - 측면직각충돌,안전운전불이행,건조,맑음,단일로 - 기타,승용,남,39세,상해없음,자전거,남,10세,경상
2015061800100376,2015년 6월 18일 16시,목요일,대구광역시 남구 대명동,중상사고,0,1,0,0,차대차 - 측면직각충돌,안전운전불이행,건조,맑음,단일로 - 기타,자전거,여,8세,중상,승용,남,66세,상해없음
2015061800100377,2015년 6월 18일 16시,목요일,대구광역시 달서구 신당동,중상사고,0,1,2,0,차대차 - 측면직각충돌,교차로운행방법위반,건조,맑음,교차로 - 교차로안,승용,여,45세,경상,이륜,남,21세,중상
2015061800100409,2015년 6월 18일 17시,목요일,대구광역시 수성구 수성동3가,중상사고,0,2,3,0,차대차 - 측면직각충돌,안전거리미확보,건조,맑음,단일로 - 기타,승용,여,25세,중상,승용,남,39세,경상
2015061800100410,2015년 6월 18일 17시,목요일,대구광역시 달서구 본동,경상사고,0,0,1,0,차대차 - 추돌 - 진행중,안전거리미확보,건조,맑음,단일로 - 기타,승합,남,53세,상해없음,승용,여,53세,경상
2015061800100411,2015년 6월 18일 17시,목요일,대구광역시 달서구 감삼동,경상사고,0,0,1,0,차대차 - 측면직각충돌,교차로운행방법위반,건조,맑음,교차로 - 교차로안,승용,남,45세,상해없음,승합,남,51세,상해없음
2015061800100449,2015년 6월 18일 18시,목요일,대구광역시 동구 숙천동,중상사고,0,1,0,0,차대차 - 기타,안전운전불이행,건조,맑음,단일로 - 기타,승용,기타불명,기타불명,기타불명,승용,남,50세,중상
2015061800100482,2015년 6월 18일 19시,목요일,대구광역시 달성군 다사읍,경상사고,0,0,2,0,차대차 - 측면직각충돌,안전운전불이행,건조,맑음,교차로 - 교차로부근,승용,남,65세,상해없음,승용,남,36세,경상
2015061800100483,2015년 6월 18일 19시,목요일,대구광역시 서구 평리동,중상사고,0,1,0,0,차대차 - 기타,안전운전불이행,건조,맑음,단일로 - 기타,승용,남,63세,상해없음,자전거,남,50세,중상
2015061800100484,2015년 6월 18일 19시,목요일,대구광역시 서구 중리동,중상사고,0,1,0,0,차대차 - 기타,안전운전불이행,건조,맑음,단일로 - 기타,자전거,남,19세,중상,승용,남,47세,상해없음
2015061800100485,2015년 6월 18일 19시,목요일,대구광역시 북구 국우동,경상사고,0,0,2,0,차대차 - 추돌 - 진행중,교차로운행방법위반,건조,맑음,교차로 - 교차로안,승용,여,48세,경상,승용,남,63세,경상
2015061800100529,2015년 6월 18일 20시,목요일,대구광역시 수성구 신매동,중상사고,0,1,0,0,차대사람 - 길가장자리구역통행중,안전운전불이행,건조,맑음,교차로 - 교차로부근,승합,남,43세,상해없음,보행자,남,59세,중상
2015061800100530,2015년 6월 18일 20시,목요일,대구광역시 달서구 두류동,경상사고,0,0,1,0,차대차 - 측면직각충돌,중앙선침범,건조,흐림,단일로 - 기타,화물,남,59세,상해없음,승용,남,26세,경상
2015061800100566,2015년 6월 18일 21시,목요일,대구광역시 수성구 두산동,중상사고,0,1,0,0,차대차 - 추돌 - 진행중,안전운전불이행,건조,맑음,단일로 - 기타,승용,남,46세,중상,승용,남,26세,상해없음
2015061800100596,2015년 6월 18일 22시,목요일,대구광역시 수성구 황금동,중상사고,0,1,0,0,차대차 - 추돌 - 주정차중,안전운전불이행,건조,맑음,교차로 - 교차로부근,승용,남,36세,상해없음,승용,남,18세,중상
2015061800100597,2015년 6월 18일 22시,목요일,대구광역시 수성구 상동,경상사고,0,0,1,0,차대차 - 측면직각충돌,안전운전불이행,건조,맑음,기타 - 기타,승용,남,44세,상해없음,자전거,여,43세,경상
2015061800100598,2015년 6월 18일 22시,목요일,대구광역시 달서구 도원동,중상사고,0,1,0,0,차대사람 - 보도통행중,기타,건조,맑음,단일로 - 기타,자전거,남,15세,상해없음,보행자,남,55세,중상
2015061800100599,2015년 6월 18일 22시,목요일,대구광역시 북구 노원동3가,경상사고,0,0,2,0,차대차 - 추돌 - 주정차중,안전운전불이행,건조,맑음,단일로 - 기타,승용,남,62세,상해없음,승용,남,26세,경상
2015061900100045,2015년 6월 19일 01시,금요일,대구광역시 달서구 본리동,경상사고,0,0,3,0,차대차 - 추돌 - 주정차중,안전운전불이행,건조,맑음,교차로 - 교차로부근,승용,여,40세,기타불명,승용,남,60세,경상
2015061900100057,2015년 6월 19일 02시,금요일,대구광역시 달서구 송현동,경상사고,0,0,1,0,차대차 - 추돌 - 주정차중,안전운전불이행,건조,맑음,교차로 - 교차로부근,승용,여,33세,상해없음,승용,여,40세,경상
2015061900100087,2015년 6월 19일 05시,금요일,대구광역시 달성군 다사읍,경상사고,0,0,2,0,차대차 - 추돌 - 주정차중,안전운전불이행,건조,맑음,교차로 - 교차로부근,화물,남,58세,상해없음,승용,남,65세,경상
2015061900100103,2015년 6월 19일 06시,금요일,대구광역시 북구 태전동,경상사고,0,0,1,1,차대차 - 기타,안전운전불이행,건조,맑음,단일로 - 기타,승용,남,28세,상해없음,승합,남,58세,경상
2015061900100125,2015년 6월 19일 07시,금요일,대구광역시 북구 산격동,중상사고,0,1,0,0,차대차 - 기타,안전운전불이행,건조,맑음,교차로 - 교차로부근,자전거,남,63세,중상,승용,여,44세,상해없음
2015061900100126,2015년 6월 19일 07시,금요일,대구광역시 서구 이현동,중상사고,0,1,0,0,차대차 - 측면직각충돌,안전거리미확보,건조,맑음,단일로 - 기타,승용,남,60세,상해없음,원동기,남,53세,중상
2015061900100127,2015년 6월 19일 07시,금요일,대구광역시 서구 평리동,경상사고,0,0,1,0,차대차 - 추돌 - 주정차중,안전운전불이행,건조,맑음,교차로 - 교차로안,승용,남,42세,상해없음,승용,남,59세,경상
2015061900100161,2015년 6월 19일 08시,금요일,대구광역시 동구 신암동,경상사고,0,0,1,0,차대차 - 기타,직진우회전진행방해,건조,맑음,교차로 - 교차로안,승용,여,40세,상해없음,자전거,남,13세,경상
2015061900100188,2015년 6월 19일 09시,금요일,대구광역시 동구 사복동,경상사고,0,0,1,0,차대차 - 기타,안전운전불이행,건조,맑음,단일로 - 기타,승용,여,34세,상해없음,승용,남,37세,경상
2015061900100213,2015년 6월 19일 10시,금요일,대구광역시 중구 전동,중상사고,0,1,0,0,차대차 - 측면직각충돌,안전운전불이행,건조,맑음,단일로 - 기타,승용,남,54세,상해없음,이륜,남,66세,중상
2015061900100245,2015년 6월 19일 11시,금요일,대구광역시 동구 효목동,경상사고,0,0,1,0,차대사람 - 기타,안전운전불이행,건조,맑음,단일로 - 기타,승용,여,39세,상해없음,보행자,남,40세,경상
2015061900100246,2015년 6월 19일 11시,금요일,대구광역시 동구 신암동,경상사고,0,0,1,0,차대차 - 기타,불법유턴,건조,맑음,단일로 - 기타,승용,남,36세,상해없음,이륜,남,56세,경상
2015061900100247,2015년 6월 19일 11시,금요일,대구광역시 수성구 범어동,경상사고,0,0,1,0,차대차 - 측면직각충돌,안전운전불이행,건조,맑음,단일로 - 기타,승용,남,49세,상해없음,자전거,여,62세,경상
2015061900100248,2015년 6월 19일 11시,금요일,대구광역시 달서구 진천동,경상사고,0,0,1,0,차대차 - 추돌 - 주정차중,안전운전불이행,건조,맑음,단일로 - 기타,승용,남,71세,경상,승용,남,59세,상해없음
2015061900100270,2015년 6월 19일 12시,금요일,대구광역시 동구 불로동,경상사고,0,0,1,0,차대차 - 기타,중앙선침범,건조,맑음,단일로 - 기타,승용,여,62세,상해없음,이륜,남,38세,경상
2015061900100299,2015년 6월 19일 13시,금요일,대구광역시 동구 방촌동,경상사고,0,0,1,0,차대차 - 기타,안전운전불이행,건조,맑음,단일로 - 기타,승용,여,37세,상해없음,자전거,남,73세,경상
2015061900100300,2015년 6월 19일 13시,금요일,대구광역시 수성구 노변동,경상사고,0,0,1,0,차대사람 - 횡단중,보행자보호의무위반,건조,맑음,단일로 - 기타,화물,남,72세,기타불명,보행자,여,25세,경상
2015061900100301,2015년 6월 19일 13시,금요일,대구광역시 달서구 월성동,경상사고,0,0,1,0,차대차 - 추돌 - 진행중,안전거리미확보,건조,맑음,단일로 - 기타,화물,남,32세,상해없음,승용,여,57세,경상
2015061900100331,2015년 6월 19일 14시,금요일,대구광역시 서구 내당동,경상사고,0,0,1,0,차대사람 - 기타,신호위반,건조,맑음,단일로 - 기타,이륜,남,37세,상해없음,보행자,남,10세,경상
2015061900100332,2015년 6월 19일 14시,금요일,대구광역시 서구 내당동,중상사고,0,1,0,0,차량단독 - 기타,안전거리미확보,건조,맑음,단일로 - 기타,승합,남,37세,상해없음,,,,
2015061900100333,2015년 6월 19일 14시,금요일,대구광역시 서구 비산동,경상사고,0,0,1,0,차대사람 - 횡단중,기타,건조,맑음,교차로 - 교차로부근,화물,남,56세,상해없음,보행자,여,7세,경상
2015061900100360,2015년 6월 19일 15시,금요일,대구광역시 수성구 범어동,경상사고,0,0,1,0,차대차 - 추돌 - 주정차중,안전운전불이행,건조,맑음,단일로 - 기타,승용,남,39세,상해없음,승용,남,27세,경상
2015061900100398,2015년 6월 19일 16시,금요일,대구광역시 달서구 송현동,경상사고,0,0,1,0,차대차 - 추돌 - 진행중,안전거리미확보,건조,맑음,교차로 - 교차로안,승용,남,47세,기타불명,승용,남,21세,경상
2015061900100442,2015년 6월 19일 17시,금요일,대구광역시 동구 둔산동,중상사고,0,1,0,0,차대차 - 기타,기타,건조,맑음,단일로 - 기타,승용,여,61세,상해없음,승용,여,43세,중상
2015061900100443,2015년 6월 19일 17시,금요일,대구광역시 수성구 매호동,중상사고,0,1,0,0,차대차 - 측면직각충돌,안전운전불이행,건조,맑음,교차로 - 교차로안,자전거,남,13세,중상,승용,여,35세,상해없음
2015061900100444,2015년 6월 19일 17시,금요일,대구광역시 서구 내당동,중상사고,0,1,0,0,차대차 - 기타,안전거리미확보,건조,맑음,단일로 - 횡단보도부근,승용,남,60세,상해없음,승용,여,39세,중상
2015061900100494,2015년 6월 19일 18시,금요일,대구광역시 달서구 신당동,경상사고,0,0,1,0,차대차 - 측면직각충돌,교차로운행방법위반,건조,맑음,교차로 - 교차로안,승용,남,28세,상해없음,승용,남,49세,경상
2015061900100495,2015년 6월 19일 18시,금요일,대구광역시 북구 태전동,중상사고,0,1,1,0,차대차 - 측면직각충돌,안전운전불이행,건조,맑음,단일로 - 기타,승용,남,65세,상해없음,승용,남,37세,경상
2015061900100539,2015년 6월 19일 19시,금요일,대구광역시 달서구 대곡동,경상사고,0,0,1,0,차대사람 - 기타,안전운전불이행,건조,맑음,기타 - 기타,승용,여,38세,상해없음,보행자,여,43세,경상
2015061900100540,2015년 6월 19일 19시,금요일,대구광역시 중구 공평동,경상사고,0,0,1,0,차대차 - 측면직각충돌,안전운전불이행,건조,맑음,단일로 - 기타,승용,남,56세,상해없음,자전거,남,22세,경상
2015061900100541,2015년 6월 19일 19시,금요일,대구광역시 중구 남산동,중상사고,0,1,0,0,차대차 - 기타,신호위반,건조,맑음,교차로 - 교차로안,승용,남,64세,상해없음,이륜,남,45세,중상
2015061900100573,2015년 6월 19일 20시,금요일,대구광역시 남구 대명동,중상사고,0,1,0,0,차대차 - 측면직각충돌,차로위반,건조,맑음,단일로 - 기타,승용,남,63세,상해없음,원동기,남,22세,중상
2015061900100574,2015년 6월 19일 20시,금요일,대구광역시 남구 대명동,중상사고,0,1,1,0,차대차 - 추돌 - 주정차중,안전운전불이행,건조,맑음,교차로 - 교차로부근,원동기,남,37세,중상,승용,남,29세,경상
2015061900100575,2015년 6월 19일 20시,금요일,대구광역시 남구 대명동,경상사고,0,0,1,0,차대차 - 기타,안전운전불이행,건조,맑음,교차로 - 교차로부근,승합,남,63세,상해없음,승용,남,53세,경상
2015061900100576,2015년 6월 19일 20시,금요일,대구광역시 달서구 성당동,경상사고,0,0,1,0,차대사람 - 횡단중,안전운전불이행,건조,맑음,단일로 - 기타,승용,남,41세,상해없음,보행자,여,75세,경상
2015061900100619,2015년 6월 19일 21시,금요일,대구광역시 수성구 범어동,중상사고,0,1,0,0,차대차 - 측면직각충돌,안전거리미확보,건조,맑음,단일로 - 기타,승용,남,47세,상해없음,이륜,남,38세,중상
2015061900100620,2015년 6월 19일 21시,금요일,대구광역시 수성구 두산동,경상사고,0,0,1,0,차대차 - 측면직각충돌,신호위반,건조,맑음,단일로 - 횡단보도상,승용,남,23세,상해없음,이륜,남,47세,경상
2015061900100621,2015년 6월 19일 21시,금요일,대구광역시 달서구 도원동,중상사고,0,1,0,0,차대차 - 측면직각충돌,교차로운행방법위반,습기,비,교차로 - 교차로안,승용,남,49세,상해없음,이륜,남,29세,중상
2015061900100622,2015년 6월 19일 21시,금요일,대구광역시 달서구 월성동,중상사고,0,1,0,0,차대차 - 기타,안전거리미확보,건조,맑음,단일로 - 기타,승용,남,44세,상해없음,승용,남,36세,중상
2015061900100623,2015년 6월 19일 21시,금요일,대구광역시 서구 내당동,중상사고,0,1,1,0,차대차 - 측면직각충돌,신호위반,건조,맑음,교차로 - 교차로안,이륜,남,39세,중상,이륜,남,32세,경상
2015061900100624,2015년 6월 19일 21시,금요일,대구광역시 달서구 장기동,경상사고,0,0,1,0,차대차 - 측면직각충돌,안전운전불이행,습기,비,교차로 - 교차로부근,승용,남,31세,상해없음,이륜,남,37세,경상
2015061900100658,2015년 6월 19일 22시,금요일,대구광역시 수성구 지산동,경상사고,0,0,1,0,차대차 - 측면직각충돌,안전운전불이행,습기,비,단일로 - 기타,승용,여,55세,상해없음,자전거,남,33세,경상
2015061900100659,2015년 6월 19일 22시,금요일,대구광역시 달서구 신당동,중상사고,0,1,0,0,차대사람 - 기타,안전운전불이행,건조,맑음,단일로 - 기타,승용,남,47세,상해없음,보행자,남,19세,중상
2015061900100691,2015년 6월 19일 23시,금요일,대구광역시 서구 평리동,경상사고,0,0,1,0,차대차 - 측면직각충돌,안전운전불이행,건조,맑음,단일로 - 기타,승용,남,64세,상해없음,승용,남,43세,상해없음
2015061900100692,2015년 6월 19일 23시,금요일,대구광역시 달서구 이곡동,경상사고,0,0,1,0,차대차 - 추돌 - 진행중,안전운전불이행,건조,맑음,교차로 - 교차로부근,승용,여,42세,상해없음,승용,남,42세,상해없음
2015061900100693,2015년 6월 19일 23시,금요일,대구광역시 북구 태전동,부상신고사고,0,0,0,1,차대차 - 정면충돌,신호위반,건조,맑음,교차로 - 교차로안,승용,남,26세,상해없음,승용,남,46세,부상신고