사고번호,사고일시,요일,시군구,사고내용,사망자수,중상자수,경상자수,부상신고자수,사고유형,법규위반,노면상태,기상상태,도로형태,가해운전자 차종,가해운전자 성별,가해운전자 연령,가해운전자 상해정도,피해운전자 차종,피해운전자 성별,피해운전자 연령,피해운전자 상해정도
2015062000100024,2015년 6월 20일 00시,토요일,대구광역시 서구 내당동,부상신고사고,0,0,0,1,차량단독 - 전도전복,안전운전불이행,건조,맑음,단일로 - 기타,화물,남,21세,부상신고,,,,
2015062000100041,2015년 6월 20일 01시,토요일,대구광역시 달서구 본동,경상사고,0,0,1,0,차대사람 - 기타,안전운전불이행,건조,맑음,단일로 - 기타,승용,남,67세,상해없음,보행자,남,16세,경상
2015062000100063,2015년 6월 20일 02시,토요일,대구광역시 수성구 두산동,경상사고,0,0,1,0,차대차 - 추돌 - 주정차중,안전거리미확보,건조,맑음,교차로 - 교차로부근,승용,남,28세,상해없음,승용,여,66세,경상
2015062000100064,2015년 6월 20일 02시,토요일,대구광역시 북구 매천동,경상사고,0,0,3,0,차대차 - 측면직각충돌,안전거리미확보,건조,맑음,단일로 - 기타,원동기,남,18세,경상,승용,남,41세,경상
2015062000100108,2015년 6월 20일 05시,토요일,대구광역시 수성구 신매동,중상사고,0,1,0,0,차대차 - 측면직각충돌,신호위반,건조,맑음,단일로 - 기타,승용,남,57세,상해없음,자전거,남,45세,중상
2015062000100230,2015년 6월 20일 11시,토요일,대구광역시 동구 지묘동,중상사고,0,2,1,0,차대차 - 측면직각충돌,중앙선침범,건조,흐림,단일로 - 기타,승용,남,28세,상해없음,승용,여,60세,경상
2015062000100231,2015년 6월 20일 11시,토요일,대구광역시 북구 읍내동,경상사고,0,0,1,0,차대차 - 측면직각충돌,중앙선침범,건조,맑음,단일로 - 기타,승용,여,44세,상해없음,이륜,남,23세,경상
2015062000100298,2015년 6월 20일 13시,토요일,대구광역시 달서구 상인동,경상사고,0,0,1,0,차대차 - 기타,교차로운행방법위반,건조,흐림,교차로 - 교차로안,이륜,남,28세,상해없음,승용,남,74세,상해없음
2015062000100299,2015년 6월 20일 13시,토요일,대구광역시 달서구 상인동,경상사고,0,0,2,0,차대차 - 기타,중앙선침범,습기,비,단일로 - 기타,승용,남,39세,상해없음,승용,남,41세,경상
2015062000100300,2015년 6월 20일 13시,토요일,대구광역시 달성군 다사읍,경상사고,0,0,3,0,차대차 - 정면충돌,안전운전불이행,건조,맑음,단일로 - 기타,승용,여,37세,경상,승용,남,22세,경상
2015062000100301,2015년 6월 20일 13시,토요일,대구광역시 북구 침산동,경상사고,0,0,1,0,차대차 - 기타,안전거리미확보,건조,맑음,교차로 - 교차로안,기타불명,기타불명,기타불명,기타불명,원동기,남,25세,경상
2015062000100333,2015년 6월 20일 14시,토요일,대구광역시 수성구 범어동,중상사고,0,1,1,0,차대차 - 추돌 - 주정차중,안전거리미확보,건조,맑음,단일로 - 기타,승용,남,72세,상해없음,승용,남,46세,경상
2015062000100334,2015년 6월 20일 14시,토요일,대구광역시 수성구 지산동,경상사고,0,0,1,0,차대사람 - 횡단중,안전운전불이행,건조,맑음,교차로 - 교차로부근,승용,남,54세,상해없음,보행자,여,12세,경상
2015062000100335,2015년 6월 20일 14시,토요일,대구광역시 서구 이현동,경상사고,0,0,1,0,차대차 - 추돌 - 주정차중,안전운전불이행,습기,비,단일로 - 기타,화물,남,37세,상해없음,화물,남,63세,경상
2015062000100336,2015년 6월 20일 14시,토요일,대구광역시 남구 대명동,경상사고,0,0,1,0,차대사람 - 길가장자리구역통행중,안전운전불이행,건조,맑음,단일로 - 기타,이륜,남,18세,상해없음,보행자,남,22세,경상
2015062000100377,2015년 6월 20일 15시,토요일,대구광역시 수성구 수성동1가,중상사고,0,1,1,0,차대차 - 측면직각충돌,직진우회전진행방해,습기,비,교차로 - 교차로안,승용,남,39세,상해없음,승용,여,39세,중상
2015062000100378,2015년 6월 20일 15시,토요일,대구광역시 달서구 도원동,경상사고,0,0,1,0,차대차 - 측면직각충돌,신호위반,습기,비,교차로 - 교차로안,승용,여,32세,상해없음,승용,여,47세,경상
2015062000100379,2015년 6월 20일 15시,토요일,대구광역시 북구 관음동,경상사고,0,0,1,0,차대차 - 측면직각충돌,신호위반,습기,비,교차로 - 교차로안,승용,남,57세,상해없음,원동기,남,29세,경상
2015062000100419,2015년 6월 20일 16시,토요일,대구광역시 남구 대명동,경상사고,0,0,1,0,차대사람 - 기타,안전운전불이행,습기,비,교차로 - 교차로안,승용,남,59세,상해없음,보행자,남,55세,경상
2015062000100420,2015년 6월 20일 16시,토요일,대구광역시 남구 대명동,중상사고,0,2,1,0,차대차 - 측면직각충돌,교차로운행방법위반,습기,비,교차로 - 교차로안,승용,남,64세,중상,승용,남,30세,경상
2015062000100421,2015년 6월 20일 16시,토요일,대구광역시 북구 산격동,경상사고,0,0,1,0,차대차 - 정면충돌,중앙선침범,습기,맑음,단일로 - 기타,화물,남,48세,상해없음,화물,남,53세,경상
2015062000100422,2015년 6월 20일 16시,토요일,대구광역시 중구 남산동,부상신고사고,0,0,0,1,차대차 - 측면직각충돌,직진우회전진행방해,습기,맑음,교차로 - 교차로안,이륜,남,30세,부상신고,승용,남,46세,상해없음
2015062000100423,2015년 6월 20일 16시,토요일,대구광역시 북구 태전동,경상사고,0,0,1,0,차대차 - 추돌 - 진행중,안전운전불이행,습기,비,교차로 - 교차로안,이륜,남,53세,경상,승용,여,39세,상해없음
2015062000100461,2015년 6월 20일 17시,토요일,대구광역시 북구 복현동,경상사고,0,0,1,0,차대차 - 기타,차로위반,습기,비,교차로 - 교차로안,승용,남,39세,상해없음,승합,남,49세,상해없음
2015062000100462,2015년 6월 20일 17시,토요일,대구광역시 중구 남산동,중상사고,0,1,0,0,차대차 - 추돌 - 주정차중,기타,건조,맑음,교차로 - 교차로부근,승용,남,55세,상해없음,이륜,남,40세,중상
2015062000100463,2015년 6월 20일 17시,토요일,대구광역시 달서구 호산동,경상사고,0,0,1,0,차대차 - 추돌 - 진행중,불법유턴,건조,맑음,단일로 - 기타,화물,남,31세,상해없음,화물,남,38세,경상
2015062000100507,2015년 6월 20일 18시,토요일,대구광역시 북구 태전동,경상사고,0,0,4,0,차대차 - 측면직각충돌,안전거리미확보,건조,맑음,단일로 - 기타,건설기계,남,42세,상해없음,승용,남,38세,경상
2015062000100532,2015년 6월 20일 19시,토요일,대구광역시 달성군 논공읍,경상사고,0,0,1,0,차대사람 - 횡단중,보행자보호의무위반,건조,맑음,교차로 - 교차로부근,이륜,남,47세,상해없음,보행자,여,48세,경상
2015062000100560,2015년 6월 20일 20시,토요일,대구광역시 동구 불로동,경상사고,0,0,1,0,차대차 - 기타,교차로운행방법위반,건조,흐림,교차로 - 교차로안,승용,남,25세,상해없음,이륜,남,66세,경상
2015062000100561,2015년 6월 20일 20시,토요일,대구광역시 달서구 대천동,경상사고,0,0,5,0,차대차 - 추돌 - 주정차중,안전운전불이행,건조,맑음,교차로 - 교차로부근,화물,남,51세,경상,승용,여,52세,경상
2015062000100591,2015년 6월 20일 21시,토요일,대구광역시 달서구 상인동,경상사고,0,0,1,0,차대차 - 기타,교차로운행방법위반,습기,비,교차로 - 교차로안,승합,남,39세,상해없음,이륜,남,18세,경상
2015062000100592,2015년 6월 20일 21시,토요일,대구광역시 서구 내당동,중상사고,0,1,0,0,차대사람 - 횡단중,안전운전불이행,건조,맑음,단일로 - 기타,승용,남,66세,상해없음,보행자,남,56세,중상
2015062000100612,2015년 6월 20일 22시,토요일,대구광역시 남구 대명동,경상사고,0,0,1,0,차대차 - 추돌 - 진행중,안전운전불이행,습기,흐림,교차로 - 교차로부근,승용,남,59세,상해없음,이륜,남,16세,경상
2015062000100613,2015년 6월 20일 22시,토요일,대구광역시 달서구 호산동,중상사고,0,1,0,0,차대사람 - 길가장자리구역통행중,안전운전불이행,습기,비,단일로 - 기타,승합,남,43세,상해없음,보행자,남,15세,중상
2015062100100016,2015년 6월 21일 00시,일요일,대구광역시 동구 신천동,경상사고,0,0,2,0,차대차 - 측면직각충돌,안전운전불이행,건조,맑음,단일로 - 기타,승용,남,50세,기타불명,승용,남,58세,경상
2015062100100017,2015년 6월 21일 00시,일요일,대구광역시 북구 복현동,경상사고,0,0,2,0,차대차 - 측면직각충돌,안전거리미확보,습기,비,단일로 - 기타,승용,남,27세,상해없음,승용,남,34세,경상
2015062100100018,2015년 6월 21일 00시,일요일,대구광역시 서구 비산동,경상사고,0,0,2,1,차대차 - 측면직각충돌,신호위반,습기,비,교차로 - 교차로부근,원동기,남,41세,부상신고,승용,남,49세,경상
2015062100100019,2015년 6월 21일 00시,일요일,대구광역시 중구 동인동4가,중상사고,0,1,0,0,차대사람 - 횡단중,안전운전불이행,습기,비,단일로 - 기타,승용,남,63세,상해없음,보행자,남,60세,중상
2015062100100038,2015년 6월 21일 01시,일요일,대구광역시 동구 용계동,경상사고,0,0,2,0,차대차 - 측면직각충돌,안전운전불이행,습기,흐림,단일로 - 기타,승용,남,27세,상해없음,승용,여,26세,경상
2015062100100043,2015년 6월 21일 01시,일요일,대구광역시 수성구 두산동,경상사고,0,0,1,0,차대차 - 추돌 - 진행중,안전거리미확보,건조,맑음,교차로 - 교차로부근,승용,남,55세,상해없음,승용,여,23세,경상
2015062100100057,2015년 6월 21일 02시,일요일,대구광역시 북구 관음동,경상사고,0,0,1,0,차대차 - 측면직각충돌,안전거리미확보,습기,비,교차로 - 교차로부근,승용,남,61세,상해없음,승용,남,52세,경상
2015062100100083,2015년 6월 21일 04시,일요일,대구광역시 동구 신기동,부상신고사고,0,0,0,1,차대차 - 기타,안전운전불이행,건조,맑음,교차로 - 교차로안,승용,남,26세,상해없음,승용,남,54세,부상신고
2015062100100084,2015년 6월 21일 04시,일요일,대구광역시 북구 구암동,중상사고,0,1,0,0,차대차 - 측면직각충돌,안전운전불이행,건조,맑음,단일로 - 기타,승용,남,54세,상해없음,자전거,남,17세,중상
2015062100100115,2015년 6월 21일 07시,일요일,대구광역시 달성군 현풍면,경상사고,0,0,1,0,차대차 - 기타,안전거리미확보,건조,맑음,단일로 - 기타,기타불명,기타불명,기타불명,기타불명,화물,남,28세,경상
2015062100100116,2015년 6월 21일 07시,일요일,대구광역시 동구 신서동,경상사고,0,0,2,0,차대차 - 측면직각충돌,교차로운행방법위반,건조,맑음,교차로 - 교차로안,승용,여,24세,상해없음,승용,여,61세,경상
2015062100100117,2015년 6월 21일 07시,일요일,대구광역시 수성구 파동,중상사고,0,1,0,0,차대차 - 측면직각충돌,안전운전불이행,건조,맑음,교차로 - 교차로부근,승용,남,25세,상해없음,승용,여,51세,중상
2015062100100142,2015년 6월 21일 09시,일요일,대구광역시 중구 계산동2가,경상사고,0,0,1,0,차대사람 - 기타,안전운전불이행,건조,맑음,단일로 - 기타,승용,남,44세,상해없음,보행자,여,59세,경상
2015062100100164,2015년 6월 21일 10시,일요일,대구광역시 달서구 갈산동,경상사고,0,0,3,0,차대차 - 추돌 - 주정차중,신호위반,건조,맑음,교차로 - 교차로안,승용,여,22세,경상,승용,남,39세,경상
2015062100100182,2015년 6월 21일 11시,일요일,대구광역시 달성군 가창면,경상사고,0,0,2,0,차대차 - 정면충돌,중앙선침범,건조,맑음,단일로 - 기타,승용,남,86세,상해없음,화물,여,53세,경상
2015062100100183,2015년 6월 21일 11시,일요일,대구광역시 서구 중리동,경상사고,0,0,2,0,차대차 - 추돌 - 진행중,안전거리미확보,건조,맑음,단일로 - 기타,화물,남,51세,상해없음,승용,여,53세,경상
2015062100100184,2015년 6월 21일 11시,일요일,대구광역시 중구 봉산동,중상사고,0,1,0,0,차대차 - 기타,안전거리미확보,건조,맑음,교차로 - 교차로부근,승용,남,34세,상해없음,승용,남,22세,중상
2015062100100185,2015년 6월 21일 11시,일요일,대구광역시 중구 동인동1가,경상사고,0,0,2,0,차대차 - 측면직각충돌,직진우회전진행방해,건조,맑음,교차로 - 교차로부근,승용,남,33세,경상,승용,남,69세,경상
2015062100100213,2015년 6월 21일 12시,일요일,대구광역시 수성구 신매동,중상사고,0,1,0,0,차대차 - 기타,안전운전불이행,건조,맑음,단일로 - 기타,승용,여,39세,상해없음,화물,남,31세,중상
2015062100100214,2015년 6월 21일 12시,일요일,대구광역시 북구 고성동2가,중상사고,0,3,0,0,차대차 - 정면충돌,안전운전불이행,건조,맑음,교차로 - 교차로안,승용,남,55세,중상,승용,남,62세,상해없음
2015062100100248,2015년 6월 21일 13시,일요일,대구광역시 수성구 신매동,경상사고,0,0,1,0,차대차 - 기타,안전거리미확보,건조,맑음,단일로 - 기타,승용,남,45세,상해없음,이륜,남,23세,경상
2015062100100278,2015년 6월 21일 14시,일요일,대구광역시 동구 검사동,중상사고,0,1,1,0,차대차 - 기타,신호위반,건조,맑음,교차로 - 교차로안,승용,남,39세,상해없음,승합,남,40세,상해없음
2015062100100279,2015년 6월 21일 14시,일요일,대구광역시 달서구 상인동,부상신고사고,0,0,0,1,차대차 - 추돌 - 주정차중,안전운전불이행,건조,맑음,단일로 - 기타,이륜,남,19세,부상신고,화물,남,48세,기타불명
2015062100100280,2015년 6월 21일 14시,일요일,대구광역시 서구 평리동,중상사고,0,1,3,0,차대차 - 측면직각충돌,안전운전불이행,건조,맑음,단일로 - 기타,승용,남,46세,상해없음,승용,남,57세,경상
2015062100100369,2015년 6월 21일 17시,일요일,대구광역시 북구 산격동,경상사고,0,0,1,0,차대사람 - 기타,보행자보호의무위반,건조,맑음,단일로 - 횡단보도상,승용,남,68세,상해없음,보행자,남,59세,경상
2015062100100370,2015년 6월 21일 17시,일요일,대구광역시 중구 대안동,경상사고,0,0,4,0,차대차 - 측면직각충돌,직진우회전진행방해,건조,맑음,교차로 - 교차로안,승용,남,60세,상해없음,승용,남,69세,상해없음
2015062100100405,2015년 6월 21일 18시,일요일,대구광역시 동구 신기동,경상사고,0,0,1,0,차대사람 - 길가장자리구역통행중,안전운전불이행,건조,맑음,단일로 - 기타,승용,여,37세,상해없음,보행자,남,35세,경상
2015062100100432,2015년 6월 21일 19시,일요일,대구광역시 남구 대명동,중상사고,0,1,0,0,차대차 - 측면직각충돌,교차로운행방법위반,건조,맑음,교차로 - 교차로안,화물,남,62세,상해없음,자전거,남,11세,중상
2015062100100433,2015년 6월 21일 19시,일요일,대구광역시 동구 용계동,경상사고,0,0,3,0,차대차 - 측면직각충돌,안전운전불이행,건조,맑음,단일로 - 기타,승용,여,45세,경상,승용,남,64세,경상
2015062100100434,2015년 6월 21일 19시,일요일,대구광역시 북구 동천동,경상사고,0,0,2,0,차대차 - 측면직각충돌,안전운전불이행,건조,맑음,단일로 - 기타,승용,남,32세,상해없음,승용,남,70세,상해없음
2015062100100461,2015년 6월 21일 20시,일요일,대구광역시 달성군 화원읍,부상신고사고,0,0,0,1,차대차 - 측면직각충돌,안전운전불이행,건조,맑음,단일로 - 기타,자전거,남,58세,상해없음,자전거,여,53세,부상신고
2015062100100462,2015년 6월 21일 20시,일요일,대구광역시 북구 침산동,경상사고,0,0,4,0,차대차 - 추돌 - 진행중,안전운전불이행,건조,맑음,단일로 - 기타,승용,남,55세,상해없음,승용,남,48세,경상
2015062100100463,2015년 6월 21일 20시,일요일,대구광역시 달서구 이곡동,부상신고사고,0,0,0,1,차대차 - 측면직각충돌,교차로운행방법위반,건조,맑음,교차로 - 교차로안,승용,남,29세,상해없음,이륜,남,17세,부상신고
2015062100100506,2015년 6월 21일 22시,일요일,대구광역시 수성구 가천동,경상사고,0,0,2,0,차대차 - 측면직각충돌,안전운전불이행,건조,맑음,단일로 - 기타,승합,남,55세,상해없음,승용,남,28세,경상
2015062100100520,2015년 6월 21일 23시,일요일,대구광역시 동구 방촌동,경상사고,0,0,1,0,차대차 - 기타,안전운전불이행,건조,맑음,교차로 - 교차로안,승용,여,28세,상해없음,자전거,남,17세,경상
2015062100100521,2015년 6월 21일 23시,일요일,대구광역시 북구 침산동,중상사고,0,1,1,0,차대사람 - 기타,안전운전불이행,건조,맑음,단일로 - 기타,승용,남,66세,상해없음,보행자,여,53세,중상
2015062200100103,2015년 6월 22일 07시,월요일,대구광역시 달서구 월성동,중상사고,0,1,0,0,차대차 - 기타,안전운전불이행,건조,맑음,교차로 - 교차로안,자전거,남,31세,중상,승합,남,53세,상해없음
2015062200100147,2015년 6월 22일 08시,월요일,대구광역시 북구 대현동,중상사고,0,1,0,0,차대사람 - 횡단중,안전운전불이행,건조,맑음,단일로 - 기타,승용,여,47세,상해없음,보행자,여,78세,중상
2015062200100179,2015년 6월 22일 09시,월요일,대구광역시 북구 노원동2가,중상사고,0,1,0,0,차대차 - 기타,신호위반,건조,맑음,교차로 - 교차로안,이륜,남,71세,중상,화물,남,59세,상해없음
2015062200100180,2015년 6월 22일 09시,월요일,대구광역시 북구 대현동,부상신고사고,0,0,0,1,차대차 - 기타,안전운전불이행,건조,맑음,단일로 - 기타,자전거,남,24세,부상신고,승용,여,28세,상해없음
2015062200100202,2015년 6월 22일 10시,월요일,대구광역시 달성군 다사읍,경상사고,0,0,1,0,차대차 - 기타,안전운전불이행,건조,맑음,단일로 - 기타,자전거,여,58세,경상,자전거,여,42세,상해없음
2015062200100233,2015년 6월 22일 11시,월요일,대구광역시 북구 노원동3가,경상사고,0,0,2,1,차대차 - 측면직각충돌,신호위반,건조,맑음,교차로 - 교차로부근,화물,남,34세,부상신고,승용,남,72세,경상
2015062200100234,2015년 6월 22일 11시,월요일,대구광역시 북구 태전동,경상사고,0,0,1,0,차대차 - 정면충돌,직진우회전진행방해,건조,맑음,교차로 - 교차로안,승용,남,71세,상해없음,승용,여,33세,경상
2015062200100261,2015년 6월 22일 12시,월요일,대구광역시 달서구 도원동,중상사고,0,1,0,0,차대차 - 측면직각충돌,신호위반,건조,맑음,교차로 - 교차로안,자전거,남,22세,중상,승용,남,22세,상해없음
2015062200100262,2015년 6월 22일 12시,월요일,대구광역시 달서구 두류동,경상사고,0,0,1,0,차대차 - 추돌 - 진행중,안전운전불이행,건조,맑음,단일로 - 기타,이륜,남,37세,기타불명,승용,여,22세,경상
2015062200100291,2015년 6월 22일 13시,월요일,대구광역시 동구 입석동,경상사고,0,0,1,0,차대차 - 기타,안전운전불이행,건조,맑음,단일로 - 기타,화물,남,53세,상해없음,자전거,여,58세,경상
2015062200100292,2015년 6월 22일 13시,월요일,대구광역시 달서구 두류동,경상사고,0,0,1,0,차대차 - 측면직각충돌,안전운전불이행,건조,맑음,교차로 - 교차로안,이륜,남,62세,경상,승용,남,56세,상해없음
2015062200100328,2015년 6월 22일 14시,월요일,대구광역시 남구 대명동,부상신고사고,0,0,0,1,차대차 - 측면직각충돌,안전거리미확보,건조,맑음,단일로 - 기타,이륜,남,81세,부상신고,승용,여,54세,상해없음
2015062200100329,2015년 6월 22일 14시,월요일,대구광역시 남구 대명동,경상사고,0,0,1,0,차대사람 - 보도통행중,기타,기타,맑음,기타 - 기타,승용,남,43세,상해없음,보행자,여,48세,경상
2015062200100330,2015년 6월 22일 14시,월요일,대구광역시 동구 신천동,경상사고,0,0,1,0,차대사람 - 횡단중,보행자보호의무위반,건조,맑음,단일로 - 횡단보도상,승용,여,60세,상해없음,보행자,여,8세,경상
2015062200100366,2015년 6월 22일 15시,월요일,대구광역시 남구 대명동,경상사고,0,0,1,0,차대사람 - 차도통행중,안전운전불이행,건조,맑음,교차로 - 교차로안,승용,남,52세,상해없음,보행자,여,19세,경상
2015062200100367,2015년 6월 22일 15시,월요일,대구광역시 수성구 매호동,경상사고,0,0,1,0,차대차 - 기타,안전거리미확보,건조,맑음,단일로 - 기타,승용,여,41세,상해없음,승합,남,33세,상해없음
2015062200100368,2015년 6월 22일 15시,월요일,대구광역시 달서구 진천동,경상사고,0,0,1,0,차대차 - 기타,중앙선침범,건조,맑음,단일로 - 기타,승용,남,69세,상해없음,승용,여,62세,경상
2015062200100408,2015년 6월 22일 16시,월요일,대구광역시 동구 용계동,중상사고,0,1,1,0,차대차 - 기타,안전운전불이행,건조,맑음,교차로 - 교차로부근,화물,남,64세,상해없음,승용,여,56세,경상
2015062200100409,2015년 6월 22일 16시,월요일,대구광역시 수성구 만촌동,중상사고,0,1,0,0,차대사람 - 보도통행중,기타,건조,맑음,단일로 - 기타,승용,남,75세,상해없음,보행자,여,65세,중상
2015062200100410,2015년 6월 22일 16시,월요일,대구광역시 북구 고성동3가,중상사고,0,1,0,0,차대차 - 기타,안전운전불이행,건조,맑음,교차로 - 교차로부근,자전거,여,72세,중상,승용,여,42세,상해없음
2015062200100411,2015년 6월 22일 16시,월요일,대구광역시 달서구 감삼동,경상사고,0,0,1,1,차대차 - 측면직각충돌,안전운전불이행,건조,맑음,단일로 - 기타,승용,여,40세,상해없음,이륜,남,19세,경상
2015062200100450,2015년 6월 22일 17시,월요일,대구광역시 달서구 유천동,경상사고,0,0,2,0,차대차 - 기타,안전거리미확보,건조,맑음,단일로 - 기타,승용,여,43세,상해없음,승합,남,42세,경상
2015062200100451,2015년 6월 22일 17시,월요일,대구광역시 북구 노원동3가,경상사고,0,0,1,0,차대차 - 기타,안전거리미확보,건조,맑음,단일로 - 기타,승용,남,70세,상해없음,이륜,남,25세,경상
2015062200100452,2015년 6월 22일 17시,월요일,대구광역시 서구 내당동,경상사고,0,0,1,0,차대사람 - 길가장자리구역통행중,안전운전불이행,건조,맑음,기타 - 기타,승용,남,61세,상해없음,보행자,남,55세,경상
2015062200100453,2015년 6월 22일 17시,월요일,대구광역시 달서구 신당동,경상사고,0,0,1,0,차대차 - 기타,안전거리미확보,건조,맑음,단일로 - 기타,승용,남,51세,상해없음,이륜,남,18세,경상
2015062200100454,2015년 6월 22일 17시,월요일,대구광역시 달서구 감삼동,부상신고사고,0,0,0,1,차대차 - 측면직각충돌,안전운전불이행,건조,맑음,단일로 - 기타,자전거,남,17세,부상신고,승용,여,49세,상해없음
2015062200100455,2015년 6월 22일 17시,월요일,대구광역시 북구 동천동,경상사고,0,0,1,0,차대차 - 추돌 - 진행중,안전거리미확보,건조,맑음,교차로 - 교차로부근,승용,여,52세,상해없음,승용,여,54세,경상
2015062200100500,2015년 6월 22일 18시,월요일,대구광역시 남구 봉덕동,경상사고,0,0,1,0,차대사람 - 횡단중,보행자보호의무위반,건조,맑음,단일로 - 횡단보도상,승용,남,35세,상해없음,보행자,남,10세,경상
2015062200100501,2015년 6월 22일 18시,월요일,대구광역시 동구 신암동,경상사고,0,0,1,0,차대사람 - 기타,안전운전불이행,건조,맑음,기타 - 기타,승용,남,27세,상해없음,보행자,남,55세,경상
2015062200100502,2015년 6월 22일 18시,월요일,대구광역시 동구 효목동,경상사고,0,0,1,0,차대사람 - 기타,안전운전불이행,건조,맑음,단일로 - 기타,승용,남,69세,상해없음,보행자,여,71세,경상
2015062200100503,2015년 6월 22일 18시,월요일,대구광역시 동구 율하동,경상사고,0,0,1,2,차대차 - 기타,안전운전불이행,건조,맑음,교차로 - 교차로안,승용,여,57세,상해없음,승용,여,40세,경상
2015062200100504,2015년 6월 22일 18시,월요일,대구광역시 달성군 옥포면,경상사고,0,0,2,0,차대차 - 측면직각충돌,안전운전불이행,건조,맑음,교차로 - 교차로안,승용,여,58세,경상,승용,남,28세,경상
2015062200100537,2015년 6월 22일 19시,월요일,대구광역시 동구 효목동,경상사고,0,0,1,0,차대차 - 추돌 - 주정차중,안전거리미확보,건조,맑음,교차로 - 교차로부근,승용,남,51세,상해없음,승용,여,35세,경상
2015062200100538,2015년 6월 22일 19시,월요일,대구광역시 중구 삼덕동2가,경상사고,0,0,1,0,차대차 - 추돌 - 진행중,안전운전불이행,건조,맑음,단일로 - 기타,승용,남,76세,상해없음,승용,남,39세,경상
2015062200100539,2015년 6월 22일 19시,월요일,대구광역시 달서구 신당동,중상사고,0,1,1,0,차대차 - 측면직각충돌,신호위반,건조,맑음,교차로 - 교차로안,승용,남,37세,상해없음,자전거,남,24세,중상
2015062200100563,2015년 6월 22일 20시,월요일,대구광역시 남구 대명동,부상신고사고,0,0,0,1,차대사람 - 횡단중,보행자보호의무위반,건조,맑음,교차로 - 교차로부근,승용,남,62세,상해없음,보행자,남,23세,부상신고
2015062200100587,2015년 6월 22일 21시,월요일,대구광역시 동구 용계동,부상신고사고,0,0,0,1,차대차 - 측면직각충돌,안전운전불이행,건조,맑음,교차로 - 교차로안,자전거,여,14세,부상신고,승용,남,34세,상해없음
2015062200100588,2015년 6월 22일 21시,월요일,대구광역시 서구 내당동,경상사고,0,0,2,0,차대차 - 측면직각충돌,안전운전불이행,건조,맑음,단일로 - 기타,승용,여,32세,상해없음,승용,여,30세,경상
2015062200100611,2015년 6월 22일 22시,월요일,대구광역시 동구 각산동,경상사고,0,0,2,0,차대차 - 측면직각충돌,직진우회전진행방해,건조,맑음,교차로 - 교차로안,승용,여,38세,경상,승용,남,39세,경상
2015062200100612,2015년 6월 22일 22시,월요일,대구광역시 수성구 범어동,경상사고,0,0,1,0,차대차 - 측면직각충돌,안전운전불이행,건조,맑음,단일로 - 횡단보도상,승용,남,51세,상해없음,자전거,남,22세,경상
2015062200100613,2015년 6월 22일 22시,월요일,대구광역시 달서구 본동,경상사고,0,0,2,0,차대차 - 추돌 - 진행중,안전운전불이행,건조,맑음,단일로 - 기타,승용,남,43세,상해없음,승용,남,23세,경상
2015062200100614,2015년 6월 22일 22시,월요일,대구광역시 달서구 신당동,중상사고,0,1,0,0,차대차 - 측면직각충돌,신호위반,건조,흐림,단일로 - 기타,이륜,남,20세,중상,승합,남,27세,상해없음
2015062200100615,2015년 6월 22일 22시,월요일,대구광역시 달서구 감삼동,중상사고,0,1,3,0,차대차 - 기타,안전운전불이행,건조,맑음,교차로 - 교차로부근,승용,남,53세,상해없음,승용,남,53세,경상
2015062300100013,2015년 6월 23일 00시,화요일,대구광역시 수성구 황금동,경상사고,0,0,1,0,차대차 - 추돌 - 진행중,안전운전불이행,건조,맑음,단일로 - 기타,승용,여,19세,상해없음,승용,남,46세,경상
2015062300100014,2015년 6월 23일 00시,화요일,대구광역시 서구 내당동,중상사고,0,2,0,1,차대차 - 기타,신호위반,건조,맑음,교차로 - 교차로안,승용,남,25세,부상신고,승용,남,57세,중상
2015062300100045,2015년 6월 23일 02시,화요일,대구광역시 남구 대명동,중상사고,0,1,1,0,차대차 - 기타,안전운전불이행,건조,맑음,기타 - 기타,승용,남,57세,상해없음,승용,남,46세,중상
2015062300100052,2015년 6월 23일 03시,화요일,대구광역시 북구 관음동,경상사고,0,0,1,0,차대차 - 기타,안전운전불이행,건조,맑음,교차로 - 교차로안,승용,남,44세,상해없음,이륜,남,45세,경상
2015062300100072,2015년 6월 23일 05시,화요일,대구광역시 서구 비산동,중상사고,0,1,0,0,차량단독 - 전도전복,안전운전불이행,건조,맑음,단일로 - 기타,원동기,남,21세,상해없음,,,,
2015062300100086,2015년 6월 23일 06시,화요일,대구광역시 동구 불로동,중상사고,0,1,0,1,차량단독 - 기타,안전운전불이행,건조,맑음,단일로 - 기타,이륜,남,18세,부상신고,,,,
2015062300100107,2015년 6월 23일 07시,화요일,대구광역시 수성구 두산동,사망사고,1,0,0,0,차대사람 - 기타,안전운전불이행,건조,맑음,단일로 - 기타,승용,남,29세,상해없음,보행자,남,71세,사망
2015062300100108,2015년 6월 23일 07시,화요일,대구광역시 서구 내당동,경상사고,0,0,2,0,차대차 - 추돌 - 진행중,안전운전불이행,건조,맑음,단일로 - 기타,승용,남,28세,상해없음,승용,남,44세,경상
2015062300100145,2015년 6월 23일 08시,화요일,대구광역시 달서구 월성동,경상사고,0,0,1,0,차대차 - 기타,안전거리미확보,건조,맑음,단일로 - 기타,승용,여,44세,상해없음,승용,남,35세,경상