사고번호,사고일시,요일,시군구,사고내용,사망자수,중상자수,경상자수,부상신고자수,사고유형,법규위반,노면상태,기상상태,도로형태,가해운전자 차종,가해운전자 성별,가해운전자 연령,가해운전자 상해정도,피해운전자 차종,피해운전자 성별,피해운전자 연령,피해운전자 상해정도
2015070100100538,2015년 7월 1일 19시,수요일,대구광역시 달서구 송현동,경상사고,0,0,1,0,차대사람 - 기타,안전운전불이행,건조,맑음,교차로 - 교차로부근,화물,남,52세,상해없음,보행자,여,80세,경상
2015070100100577,2015년 7월 1일 20시,수요일,대구광역시 달서구 송현동,부상신고사고,0,0,0,1,차대사람 - 기타,안전운전불이행,건조,맑음,단일로 - 기타,승용,여,48세,상해없음,보행자,남,18세,부상신고
2015070100100578,2015년 7월 1일 20시,수요일,대구광역시 달서구 이곡동,중상사고,0,1,0,0,차대차 - 측면직각충돌,안전운전불이행,건조,맑음,단일로 - 기타,승용,여,44세,상해없음,이륜,남,19세,중상
2015070100100605,2015년 7월 1일 21시,수요일,대구광역시 동구 입석동,경상사고,0,0,1,0,차대사람 - 기타,보행자보호의무위반,건조,맑음,단일로 - 기타,자전거,남,13세,상해없음,보행자,여,53세,경상
2015070100100606,2015년 7월 1일 21시,수요일,대구광역시 달성군 화원읍,경상사고,0,0,1,0,차대차 - 측면직각충돌,안전운전불이행,건조,맑음,교차로 - 교차로부근,자전거,남,27세,경상,승용,여,54세,상해없음
2015070100100607,2015년 7월 1일 21시,수요일,대구광역시 북구 노원동3가,부상신고사고,0,0,0,1,차대차 - 기타,안전운전불이행,건조,맑음,기타 - 기타,이륜,남,56세,부상신고,승합,남,50세,상해없음
2015070100100608,2015년 7월 1일 21시,수요일,대구광역시 북구 노원동1가,경상사고,0,0,1,0,차량단독 - 기타,안전운전불이행,건조,맑음,단일로 - 기타,승합,남,51세,상해없음,,,,
2015070100100609,2015년 7월 1일 21시,수요일,대구광역시 서구 평리동,부상신고사고,0,0,0,1,차대차 - 기타,안전운전불이행,건조,맑음,단일로 - 기타,이륜,남,56세,부상신고,화물,남,53세,상해없음
2015070100100610,2015년 7월 1일 21시,수요일,대구광역시 북구 태전동,부상신고사고,0,0,0,1,차대차 - 측면직각충돌,안전운전불이행,기타,맑음,교차로 - 교차로부근,이륜,남,53세,상해없음,자전거,남,20세,부상신고
2015070100100611,2015년 7월 1일 21시,수요일,대구광역시 북구 동천동,경상사고,0,0,1,1,차대차 - 기타,안전운전불이행,건조,맑음,단일로 - 기타,이륜,남,18세,부상신고,승용,남,43세,경상
2015070100100640,2015년 7월 1일 22시,수요일,대구광역시 남구 대명동,경상사고,0,0,1,0,차대사람 - 횡단중,신호위반,건조,맑음,단일로 - 기타,이륜,남,54세,상해없음,보행자,여,54세,경상
2015070100100641,2015년 7월 1일 22시,수요일,대구광역시 북구 읍내동,중상사고,0,1,0,0,차대차 - 측면직각충돌,안전운전불이행,건조,맑음,단일로 - 기타,승용,남,56세,상해없음,이륜,남,16세,중상
2015070100100658,2015년 7월 1일 23시,수요일,대구광역시 중구 남일동,경상사고,0,0,1,1,차대차 - 측면직각충돌,안전운전불이행,건조,맑음,단일로 - 기타,이륜,남,24세,부상신고,자전거,남,22세,경상
2015070200100035,2015년 7월 2일 01시,목요일,대구광역시 북구 칠성동1가,경상사고,0,0,2,0,차대차 - 추돌 - 주정차중,안전운전불이행,건조,맑음,교차로 - 교차로부근,승용,남,41세,상해없음,승용,여,30세,경상
2015070200100044,2015년 7월 2일 02시,목요일,대구광역시 북구 대현동,중상사고,0,2,0,0,차대차 - 추돌 - 주정차중,안전운전불이행,건조,맑음,단일로 - 기타,승용,여,36세,상해없음,승용,여,47세,중상
2015070200100053,2015년 7월 2일 03시,목요일,대구광역시 서구 내당동,경상사고,0,0,2,0,차대차 - 측면직각충돌,신호위반,건조,맑음,교차로 - 교차로안,승용,남,22세,상해없음,화물,남,43세,경상
2015070200100068,2015년 7월 2일 05시,목요일,대구광역시 달성군 화원읍,경상사고,0,0,1,0,차대차 - 측면직각충돌,안전운전불이행,건조,맑음,미분류 - 미분류,승용,남,72세,상해없음,자전거,남,44세,경상
2015070200100084,2015년 7월 2일 06시,목요일,대구광역시 수성구 상동,경상사고,0,0,1,0,차대차 - 측면직각충돌,안전거리미확보,건조,맑음,단일로 - 기타,이륜,남,20세,경상,승용,남,48세,상해없음
2015070200100113,2015년 7월 2일 07시,목요일,대구광역시 서구 중리동,경상사고,0,0,1,0,차대차 - 측면직각충돌,교차로운행방법위반,건조,맑음,교차로 - 교차로안,자전거,남,16세,경상,승용,남,32세,상해없음
2015070200100166,2015년 7월 2일 08시,목요일,대구광역시 수성구 지산동,경상사고,0,0,1,0,차대차 - 측면직각충돌,안전운전불이행,건조,맑음,단일로 - 기타,승용,여,47세,상해없음,승용,여,53세,경상
2015070200100167,2015년 7월 2일 08시,목요일,대구광역시 북구 산격동,경상사고,0,0,1,0,차대차 - 측면직각충돌,안전거리미확보,건조,맑음,단일로 - 기타,승용,여,49세,상해없음,승용,남,32세,경상
2015070200100224,2015년 7월 2일 10시,목요일,대구광역시 동구 각산동,중상사고,0,1,1,0,차대차 - 추돌 - 진행중,안전운전불이행,건조,맑음,교차로 - 교차로부근,특수,남,46세,상해없음,화물,남,52세,경상
2015070200100265,2015년 7월 2일 12시,목요일,대구광역시 수성구 매호동,경상사고,0,0,1,0,차대차 - 기타,교차로운행방법위반,건조,맑음,교차로 - 교차로안,승용,남,51세,상해없음,이륜,남,40세,경상
2015070200100294,2015년 7월 2일 13시,목요일,대구광역시 북구 고성동3가,경상사고,0,0,1,0,차대차 - 기타,안전운전불이행,건조,맑음,단일로 - 기타,승용,남,47세,상해없음,승합,남,44세,상해없음
2015070200100333,2015년 7월 2일 14시,목요일,대구광역시 달서구 송현동,경상사고,0,0,1,0,차대차 - 측면직각충돌,안전운전불이행,건조,맑음,교차로 - 교차로부근,승용,여,62세,상해없음,원동기,남,19세,경상
2015070200100358,2015년 7월 2일 15시,목요일,대구광역시 북구 복현동,경상사고,0,0,3,0,차대차 - 측면직각충돌,신호위반,건조,맑음,교차로 - 교차로부근,승용,여,52세,상해없음,승용,여,41세,경상
2015070200100359,2015년 7월 2일 15시,목요일,대구광역시 서구 내당동,경상사고,0,0,2,0,차대차 - 기타,교차로운행방법위반,건조,맑음,교차로 - 교차로안,승용,여,28세,경상,이륜,남,20세,경상
2015070200100392,2015년 7월 2일 16시,목요일,대구광역시 수성구 파동,경상사고,0,0,1,0,차대사람 - 횡단중,기타,건조,맑음,단일로 - 기타,이륜,남,46세,상해없음,보행자,여,5세,경상
2015070200100434,2015년 7월 2일 17시,목요일,대구광역시 수성구 수성동4가,중상사고,0,1,0,0,차대사람 - 횡단중,안전운전불이행,건조,맑음,교차로 - 교차로부근,승용,남,31세,상해없음,보행자,여,72세,중상
2015070200100435,2015년 7월 2일 17시,목요일,대구광역시 달서구 월성동,경상사고,0,0,2,0,차대차 - 기타,안전거리미확보,건조,맑음,단일로 - 기타,승용,여,49세,상해없음,승용,남,22세,경상
2015070200100436,2015년 7월 2일 17시,목요일,대구광역시 중구 남산동,경상사고,0,0,1,0,차대차 - 기타,안전운전불이행,건조,맑음,기타 - 기타,이륜,남,41세,상해없음,자전거,남,22세,경상
2015070200100437,2015년 7월 2일 17시,목요일,대구광역시 달서구 두류동,중상사고,0,1,0,0,차대차 - 측면직각충돌,안전거리미확보,건조,맑음,단일로 - 기타,승용,남,67세,상해없음,이륜,남,54세,중상
2015070200100478,2015년 7월 2일 18시,목요일,대구광역시 달서구 상인동,부상신고사고,0,0,0,1,차대사람 - 기타,안전운전불이행,건조,맑음,단일로 - 기타,승용,기타불명,기타불명,기타불명,보행자,남,7세,부상신고
2015070200100533,2015년 7월 2일 20시,목요일,대구광역시 남구 이천동,경상사고,0,0,2,0,차대차 - 측면직각충돌,차로위반,건조,맑음,교차로 - 교차로부근,승용,남,55세,경상,승용,남,34세,경상
2015070200100534,2015년 7월 2일 20시,목요일,대구광역시 달서구 송현동,경상사고,0,0,1,0,차대사람 - 기타,기타,건조,맑음,기타 - 기타,승용,기타불명,기타불명,기타불명,보행자,여,67세,경상
2015070200100569,2015년 7월 2일 21시,목요일,대구광역시 수성구 두산동,경상사고,0,0,1,0,차대사람 - 기타,안전운전불이행,건조,맑음,단일로 - 기타,승용,여,20세,상해없음,보행자,여,3세,경상
2015070200100602,2015년 7월 2일 22시,목요일,대구광역시 남구 대명동,경상사고,0,0,1,0,차대사람 - 기타,안전운전불이행,건조,맑음,단일로 - 기타,승용,남,60세,상해없음,보행자,남,19세,경상
2015070200100603,2015년 7월 2일 22시,목요일,대구광역시 수성구 지산동,경상사고,0,0,2,0,차대차 - 추돌 - 진행중,안전운전불이행,건조,맑음,교차로 - 교차로부근,승용,여,33세,상해없음,승용,여,40세,경상
2015070200100604,2015년 7월 2일 22시,목요일,대구광역시 동구 신암동,경상사고,0,0,1,0,차대차 - 기타,안전운전불이행,건조,맑음,단일로 - 기타,승용,남,28세,상해없음,승용,남,60세,경상
2015070200100605,2015년 7월 2일 22시,목요일,대구광역시 서구 비산동,경상사고,0,0,1,0,차대사람 - 기타,기타,건조,맑음,기타 - 기타,이륜,남,49세,상해없음,보행자,남,71세,경상
2015070200100637,2015년 7월 2일 23시,목요일,대구광역시 남구 이천동,경상사고,0,0,1,0,차대차 - 기타,직진우회전진행방해,건조,맑음,단일로 - 기타,이륜,남,43세,경상,승용,여,49세,상해없음
2015070200100638,2015년 7월 2일 23시,목요일,대구광역시 달서구 상인동,경상사고,0,0,4,0,차대차 - 추돌 - 진행중,안전운전불이행,건조,맑음,교차로 - 교차로부근,승용,여,31세,상해없음,승용,여,34세,상해없음
2015070300100060,2015년 7월 3일 05시,금요일,대구광역시 달서구 송현동,경상사고,0,0,1,0,차대사람 - 길가장자리구역통행중,안전운전불이행,건조,맑음,단일로 - 기타,승합,남,39세,상해없음,보행자,남,23세,경상
2015070300100072,2015년 7월 3일 06시,금요일,대구광역시 동구 지묘동,경상사고,0,0,1,0,차대차 - 기타,안전거리미확보,건조,맑음,단일로 - 기타,화물,남,58세,상해없음,승용,여,51세,경상
2015070300100073,2015년 7월 3일 06시,금요일,대구광역시 동구 율하동,경상사고,0,0,1,0,차대차 - 추돌 - 주정차중,안전운전불이행,건조,맑음,단일로 - 기타,승용,남,58세,상해없음,승용,남,34세,경상
2015070300100096,2015년 7월 3일 07시,금요일,대구광역시 달서구 용산동,중상사고,0,1,0,0,차대사람 - 보도통행중,기타,건조,맑음,단일로 - 기타,자전거,남,57세,상해없음,보행자,여,49세,중상
2015070300100134,2015년 7월 3일 08시,금요일,대구광역시 달서구 대곡동,경상사고,0,0,1,0,차량단독 - 기타,기타,건조,맑음,단일로 - 기타,승합,남,55세,상해없음,,,,
2015070300100135,2015년 7월 3일 08시,금요일,대구광역시 서구 비산동,경상사고,0,0,1,0,차대차 - 기타,안전거리미확보,건조,맑음,단일로 - 기타,승용,여,43세,상해없음,자전거,남,22세,경상
2015070300100170,2015년 7월 3일 09시,금요일,대구광역시 동구 신천동,부상신고사고,0,0,0,1,차대사람 - 기타,안전운전불이행,건조,맑음,교차로 - 교차로안,승용,남,47세,상해없음,보행자,여,53세,부상신고
2015070300100185,2015년 7월 3일 10시,금요일,대구광역시 동구 율하동,사망사고,1,0,0,0,차대차 - 측면직각충돌,신호위반,건조,맑음,단일로 - 횡단보도상,승용,여,45세,상해없음,이륜,남,85세,사망
2015070300100186,2015년 7월 3일 10시,금요일,대구광역시 중구 공평동,경상사고,0,0,1,0,차대차 - 기타,안전운전불이행,건조,맑음,교차로 - 교차로부근,승합,남,46세,상해없음,자전거,여,64세,경상
2015070300100187,2015년 7월 3일 10시,금요일,대구광역시 달서구 이곡동,중상사고,0,1,0,0,차대사람 - 횡단중,신호위반,건조,맑음,단일로 - 횡단보도상,자전거,여,51세,상해없음,보행자,여,78세,중상
2015070300100247,2015년 7월 3일 12시,금요일,대구광역시 중구 남산동,경상사고,0,0,3,0,차대차 - 기타,안전거리미확보,건조,맑음,단일로 - 기타,승용,여,45세,상해없음,승용,여,33세,경상
2015070300100284,2015년 7월 3일 13시,금요일,대구광역시 남구 대명동,경상사고,0,0,1,0,차대사람 - 기타,안전운전불이행,건조,맑음,단일로 - 횡단보도부근,승용,남,42세,상해없음,보행자,남,60세,경상
2015070300100285,2015년 7월 3일 13시,금요일,대구광역시 수성구 신매동,경상사고,0,0,2,0,차대차 - 측면직각충돌,안전거리미확보,건조,맑음,단일로 - 기타,승용,남,47세,상해없음,승용,여,57세,경상
2015070300100312,2015년 7월 3일 14시,금요일,대구광역시 달서구 파호동,경상사고,0,0,1,0,차대차 - 기타,신호위반,건조,맑음,교차로 - 교차로안,승용,남,28세,상해없음,승용,남,37세,경상
2015070300100344,2015년 7월 3일 15시,금요일,대구광역시 달서구 월암동,경상사고,0,0,2,0,차대차 - 기타,교차로운행방법위반,건조,맑음,교차로 - 교차로안,화물,남,52세,상해없음,승용,남,56세,경상
2015070300100345,2015년 7월 3일 15시,금요일,대구광역시 서구 평리동,중상사고,0,1,0,1,차대차 - 측면직각충돌,기타,건조,맑음,교차로 - 교차로안,이륜,여,55세,부상신고,승용,남,59세,상해없음
2015070300100346,2015년 7월 3일 15시,금요일,대구광역시 중구 대봉동,경상사고,0,0,1,0,차대사람 - 보도통행중,보행자보호의무위반,건조,맑음,단일로 - 기타,이륜,남,45세,상해없음,보행자,남,34세,경상
2015070300100394,2015년 7월 3일 16시,금요일,대구광역시 북구 산격동,경상사고,0,0,1,0,차대차 - 기타,신호위반,건조,맑음,교차로 - 교차로안,승합,남,54세,상해없음,원동기,여,57세,경상
2015070300100395,2015년 7월 3일 16시,금요일,대구광역시 중구 문화동,중상사고,0,1,0,0,차대차 - 측면직각충돌,안전거리미확보,건조,맑음,단일로 - 기타,승용,남,22세,상해없음,이륜,남,37세,중상
2015070300100484,2015년 7월 3일 18시,금요일,대구광역시 동구 동호동,경상사고,0,0,1,0,차대차 - 기타,안전운전불이행,건조,맑음,기타 - 기타,승용,여,31세,상해없음,자전거,남,25세,경상
2015070300100525,2015년 7월 3일 19시,금요일,대구광역시 수성구 두산동,중상사고,0,1,0,0,차대사람 - 길가장자리구역통행중,안전운전불이행,건조,맑음,단일로 - 기타,이륜,기타불명,기타불명,기타불명,보행자,남,80세,중상
2015070300100526,2015년 7월 3일 19시,금요일,대구광역시 달서구 송현동,경상사고,0,0,1,0,차대차 - 기타,중앙선침범,건조,맑음,단일로 - 기타,승용,여,38세,상해없음,이륜,남,56세,경상
2015070300100527,2015년 7월 3일 19시,금요일,대구광역시 달서구 용산동,중상사고,0,1,0,0,차대사람 - 횡단중,보행자보호의무위반,건조,맑음,교차로 - 교차로부근,원동기,남,19세,상해없음,보행자,여,13세,중상
2015070300100565,2015년 7월 3일 20시,금요일,대구광역시 남구 대명동,경상사고,0,0,1,0,차대사람 - 횡단중,보행자보호의무위반,건조,맑음,교차로 - 교차로안,승용,남,71세,상해없음,보행자,여,51세,경상
2015070300100566,2015년 7월 3일 20시,금요일,대구광역시 달서구 죽전동,경상사고,0,0,1,0,차대차 - 추돌 - 진행중,안전거리미확보,건조,맑음,단일로 - 기타,승용,남,47세,상해없음,승용,남,32세,경상
2015070300100597,2015년 7월 3일 21시,금요일,대구광역시 달서구 감삼동,부상신고사고,0,0,0,1,차대차 - 추돌 - 진행중,신호위반,건조,맑음,단일로 - 기타,이륜,남,30세,부상신고,승용,남,43세,상해없음
2015070300100598,2015년 7월 3일 21시,금요일,대구광역시 달서구 장기동,중상사고,0,1,0,0,차대차 - 기타,안전운전불이행,건조,맑음,교차로 - 교차로부근,승용,여,29세,중상,승용,남,43세,상해없음
2015070300100631,2015년 7월 3일 22시,금요일,대구광역시 남구 대명동,중상사고,0,1,1,0,차대차 - 측면직각충돌,안전거리미확보,건조,맑음,단일로 - 기타,화물,남,54세,상해없음,승용,남,25세,중상
2015070300100632,2015년 7월 3일 22시,금요일,대구광역시 북구 산격동,경상사고,0,0,1,0,차대차 - 기타,안전거리미확보,건조,맑음,교차로 - 교차로부근,자전거,남,19세,경상,승용,남,65세,상해없음
2015070300100634,2015년 7월 3일 22시,금요일,대구광역시 달서구 감삼동,경상사고,0,0,2,0,차대차 - 추돌 - 주정차중,안전운전불이행,건조,맑음,단일로 - 기타,승용,남,48세,상해없음,승용,남,24세,경상
2015070300100635,2015년 7월 3일 22시,금요일,대구광역시 북구 구암동,부상신고사고,0,0,0,1,차대차 - 측면직각충돌,직진우회전진행방해,건조,맑음,교차로 - 교차로안,원동기,남,24세,부상신고,승용,남,52세,상해없음
2015070300100664,2015년 7월 3일 23시,금요일,대구광역시 달서구 용산동,경상사고,0,0,1,0,차대차 - 측면직각충돌,안전거리미확보,건조,맑음,단일로 - 기타,승용,여,55세,상해없음,승용,남,48세,경상
2015070400100034,2015년 7월 4일 00시,토요일,대구광역시 수성구 두산동,경상사고,0,0,1,0,차대차 - 추돌 - 진행중,안전운전불이행,건조,맑음,교차로 - 교차로부근,승용,남,49세,상해없음,승용,남,45세,경상
2015070400100035,2015년 7월 4일 00시,토요일,대구광역시 수성구 상동,중상사고,0,1,0,0,차대차 - 측면직각충돌,신호위반,건조,맑음,교차로 - 교차로안,승용,남,26세,상해없음,이륜,남,35세,중상
2015070400100036,2015년 7월 4일 00시,토요일,대구광역시 수성구 두산동,중상사고,0,2,0,0,차대차 - 측면직각충돌,안전운전불이행,건조,맑음,교차로 - 교차로부근,승용,남,65세,상해없음,승용,남,62세,중상
2015070400100037,2015년 7월 4일 00시,토요일,대구광역시 중구 남일동,부상신고사고,0,0,0,1,차대차 - 측면직각충돌,신호위반,건조,맑음,교차로 - 교차로안,자전거,남,30세,부상신고,승용,남,66세,상해없음
2015070400100038,2015년 7월 4일 00시,토요일,대구광역시 달서구 죽전동,경상사고,0,0,2,0,차대차 - 추돌 - 주정차중,안전거리미확보,건조,맑음,교차로 - 교차로부근,승용,남,31세,상해없음,승용,남,56세,경상
2015070400100039,2015년 7월 4일 00시,토요일,대구광역시 달서구 본리동,중상사고,0,1,1,0,차대차 - 추돌 - 진행중,안전운전불이행,건조,맑음,단일로 - 기타,승용,남,27세,상해없음,승용,남,30세,중상
2015070400100063,2015년 7월 4일 01시,토요일,대구광역시 북구 칠성동1가,중상사고,0,1,0,0,차대사람 - 기타,안전운전불이행,건조,맑음,단일로 - 기타,화물,남,65세,상해없음,보행자,남,42세,중상
2015070400100064,2015년 7월 4일 01시,토요일,대구광역시 서구 평리동,경상사고,0,0,2,0,차대차 - 측면직각충돌,신호위반,건조,맑음,교차로 - 교차로안,승용,남,23세,상해없음,승용,남,46세,경상
2015070400100065,2015년 7월 4일 01시,토요일,대구광역시 중구 대봉동,중상사고,0,1,0,0,차대차 - 기타,중앙선침범,건조,맑음,단일로 - 기타,승용,남,22세,상해없음,이륜,남,30세,중상
2015070400100080,2015년 7월 4일 02시,토요일,대구광역시 남구 대명동,중상사고,0,1,0,0,차대사람 - 길가장자리구역통행중,안전운전불이행,건조,맑음,단일로 - 기타,승용,남,32세,상해없음,보행자,남,39세,중상
2015070400100081,2015년 7월 4일 02시,토요일,대구광역시 수성구 수성동1가,중상사고,0,2,0,0,차대차 - 측면직각충돌,안전운전불이행,건조,맑음,단일로 - 기타,승용,남,45세,상해없음,승용,남,45세,중상
2015070400100082,2015년 7월 4일 02시,토요일,대구광역시 서구 평리동,중상사고,0,1,0,0,차대차 - 기타,안전운전불이행,건조,맑음,교차로 - 교차로부근,승용,남,70세,상해없음,승용,여,33세,기타불명
2015070400100098,2015년 7월 4일 03시,토요일,대구광역시 동구 효목동,중상사고,0,1,0,0,차대사람 - 기타,안전운전불이행,건조,맑음,단일로 - 기타,승용,남,29세,상해없음,보행자,남,67세,중상
2015070400100099,2015년 7월 4일 03시,토요일,대구광역시 수성구 대흥동,중상사고,0,1,4,0,차대차 - 추돌 - 주정차중,안전운전불이행,건조,맑음,교차로 - 교차로안,승용,남,32세,상해없음,승용,남,19세,경상
2015070400100119,2015년 7월 4일 04시,토요일,대구광역시 동구 불로동,경상사고,0,0,1,0,차대사람 - 기타,안전운전불이행,건조,맑음,단일로 - 기타,승용,남,27세,상해없음,보행자,남,23세,경상
2015070400100133,2015년 7월 4일 05시,토요일,대구광역시 서구 내당동,경상사고,0,0,2,0,차대차 - 추돌 - 주정차중,안전운전불이행,건조,맑음,단일로 - 기타,승용,남,31세,상해없음,승용,여,53세,경상
2015070400100150,2015년 7월 4일 06시,토요일,대구광역시 동구 신암동,경상사고,0,0,1,0,차대차 - 측면직각충돌,안전운전불이행,건조,맑음,교차로 - 교차로부근,승용,남,69세,상해없음,화물,남,57세,경상
2015070400100226,2015년 7월 4일 09시,토요일,대구광역시 달성군 화원읍,경상사고,0,0,2,0,차대차 - 추돌 - 진행중,안전운전불이행,건조,맑음,교차로 - 교차로부근,승용,남,42세,상해없음,승합,남,46세,경상
2015070400100249,2015년 7월 4일 10시,토요일,대구광역시 달서구 대천동,중상사고,0,1,0,0,차대차 - 기타,보행자보호의무위반,건조,맑음,단일로 - 횡단보도상,승용,여,37세,상해없음,자전거,남,74세,중상
2015070400100250,2015년 7월 4일 10시,토요일,대구광역시 달서구 진천동,중상사고,0,1,0,0,차대사람 - 기타,안전운전불이행,건조,맑음,단일로 - 기타,화물,남,40세,상해없음,보행자,남,32세,중상
2015070400100251,2015년 7월 4일 10시,토요일,대구광역시 달서구 상인동,중상사고,0,1,0,0,차대사람 - 횡단중,안전운전불이행,건조,맑음,교차로 - 교차로부근,승용,남,71세,상해없음,보행자,여,74세,중상
2015070400100289,2015년 7월 4일 11시,토요일,대구광역시 동구 율하동,중상사고,0,1,3,0,차대차 - 기타,신호위반,건조,맑음,교차로 - 교차로안,승용,남,34세,상해없음,승용,남,47세,경상
2015070400100290,2015년 7월 4일 11시,토요일,대구광역시 달서구 이곡동,중상사고,0,1,0,0,차대사람 - 기타,중앙선침범,건조,맑음,단일로 - 횡단보도상,승합,남,42세,상해없음,보행자,남,63세,중상
2015070400100291,2015년 7월 4일 11시,토요일,대구광역시 달서구 본리동,경상사고,0,0,1,0,차대차 - 측면직각충돌,신호위반,건조,맑음,교차로 - 교차로부근,승용,남,63세,상해없음,자전거,남,34세,경상
2015070400100316,2015년 7월 4일 12시,토요일,대구광역시 동구 신천동,부상신고사고,0,0,0,1,차량단독 - 전도전복,안전운전불이행,건조,맑음,교차로 - 교차로안,이륜,남,62세,부상신고,,,,
2015070400100317,2015년 7월 4일 12시,토요일,대구광역시 수성구 범어동,경상사고,0,0,1,0,차대사람 - 횡단중,보행자보호의무위반,건조,맑음,단일로 - 횡단보도상,기타불명,기타불명,기타불명,기타불명,보행자,여,17세,경상
2015070400100318,2015년 7월 4일 12시,토요일,대구광역시 북구 침산동,중상사고,0,1,0,0,차대사람 - 횡단중,중앙선침범,건조,맑음,단일로 - 기타,승용,여,53세,상해없음,보행자,여,8세,중상
2015070400100342,2015년 7월 4일 13시,토요일,대구광역시 동구 입석동,경상사고,0,0,1,0,차대차 - 측면직각충돌,안전거리미확보,건조,맑음,단일로 - 기타,승용,남,39세,상해없음,이륜,남,19세,경상
2015070400100343,2015년 7월 4일 13시,토요일,대구광역시 수성구 범어동,경상사고,0,0,1,0,차대사람 - 기타,안전운전불이행,건조,맑음,교차로 - 교차로안,승용,여,47세,상해없음,보행자,여,26세,경상
2015070400100344,2015년 7월 4일 13시,토요일,대구광역시 수성구 범어동,경상사고,0,0,2,0,차대차 - 측면직각충돌,안전거리미확보,건조,맑음,교차로 - 교차로안,승용,여,48세,상해없음,승용,여,44세,경상
2015070400100345,2015년 7월 4일 13시,토요일,대구광역시 북구 노원동2가,중상사고,0,2,0,0,차대차 - 측면직각충돌,안전거리미확보,건조,맑음,단일로 - 기타,승용,여,54세,상해없음,승용,남,39세,중상
2015070400100368,2015년 7월 4일 14시,토요일,대구광역시 동구 신천동,경상사고,0,0,1,0,차대차 - 기타,신호위반,건조,맑음,교차로 - 교차로안,승용,남,61세,상해없음,원동기,남,20세,경상
2015070400100413,2015년 7월 4일 15시,토요일,대구광역시 동구 신천동,경상사고,0,0,1,0,차대차 - 측면직각충돌,안전운전불이행,건조,맑음,단일로 - 기타,승합,남,20세,상해없음,승용,남,32세,경상
2015070400100414,2015년 7월 4일 15시,토요일,대구광역시 북구 산격동,중상사고,0,1,0,0,차량단독 - 기타,안전운전불이행,건조,맑음,단일로 - 기타,자전거,남,56세,중상,,,,
2015070400100457,2015년 7월 4일 16시,토요일,대구광역시 남구 이천동,경상사고,0,0,1,0,차대차 - 측면직각충돌,안전운전불이행,건조,맑음,교차로 - 교차로안,이륜,남,40세,경상,승용,남,37세,상해없음
2015070400100458,2015년 7월 4일 16시,토요일,대구광역시 북구 고성동1가,경상사고,0,0,1,0,차대차 - 기타,안전거리미확보,건조,맑음,단일로 - 기타,승용,기타불명,기타불명,기타불명,이륜,남,19세,경상
2015070400100459,2015년 7월 4일 16시,토요일,대구광역시 서구 평리동,경상사고,0,0,2,2,차대차 - 추돌 - 주정차중,안전거리미확보,건조,맑음,교차로 - 교차로부근,승용,여,30세,상해없음,승용,여,36세,경상
2015070400100506,2015년 7월 4일 17시,토요일,대구광역시 북구 태전동,경상사고,0,0,2,0,차대차 - 추돌 - 진행중,안전운전불이행,건조,맑음,단일로 - 기타,승용,남,49세,상해없음,승용,여,33세,경상
2015070400100539,2015년 7월 4일 18시,토요일,대구광역시 서구 비산동,중상사고,0,1,0,0,차대사람 - 기타,안전운전불이행,건조,맑음,단일로 - 기타,승용,여,61세,상해없음,보행자,여,67세,중상
2015070400100540,2015년 7월 4일 18시,토요일,대구광역시 달서구 감삼동,경상사고,0,0,1,0,차대차 - 측면직각충돌,교차로운행방법위반,건조,흐림,교차로 - 교차로안,승용,남,58세,상해없음,자전거,남,13세,경상
2015070400100568,2015년 7월 4일 19시,토요일,대구광역시 달서구 송현동,부상신고사고,0,0,0,1,차대사람 - 기타,안전운전불이행,건조,맑음,단일로 - 기타,기타불명,기타불명,기타불명,기타불명,보행자,여,24세,부상신고
2015070400100596,2015년 7월 4일 20시,토요일,대구광역시 달서구 월성동,부상신고사고,0,0,0,1,차대차 - 기타,교차로운행방법위반,건조,맑음,교차로 - 교차로부근,승용,남,30세,상해없음,이륜,남,32세,부상신고
2015070400100597,2015년 7월 4일 20시,토요일,대구광역시 달성군 옥포면,경상사고,0,0,1,0,차대차 - 측면직각충돌,중앙선침범,건조,맑음,단일로 - 기타,자전거,남,14세,상해없음,자전거,남,47세,경상
2015070400100627,2015년 7월 4일 21시,토요일,대구광역시 달성군 하빈면,경상사고,0,0,3,0,차대차 - 추돌 - 주정차중,안전운전불이행,건조,흐림,교차로 - 교차로부근,화물,남,59세,상해없음,승용,남,39세,경상
2015070400100628,2015년 7월 4일 21시,토요일,대구광역시 중구 대봉동,경상사고,0,0,1,0,차대차 - 기타,안전거리미확보,건조,맑음,단일로 - 기타,승용,여,25세,상해없음,승용,여,27세,경상
2015070400100650,2015년 7월 4일 22시,토요일,대구광역시 북구 노원동1가,경상사고,0,0,1,0,차대차 - 측면직각충돌,안전운전불이행,건조,맑음,단일로 - 기타,승용,남,50세,상해없음,이륜,남,29세,경상
2015070400100651,2015년 7월 4일 22시,토요일,대구광역시 달서구 본리동,경상사고,0,0,1,0,차대사람 - 횡단중,보행자보호의무위반,건조,맑음,교차로 - 교차로안,승용,남,53세,상해없음,보행자,남,44세,경상
2015070400100652,2015년 7월 4일 22시,토요일,대구광역시 북구 구암동,중상사고,0,1,0,0,차량단독 - 기타,안전운전불이행,건조,맑음,교차로 - 교차로부근,이륜,남,38세,상해없음,,,,
2015070400100676,2015년 7월 4일 23시,토요일,대구광역시 달서구 상인동,중상사고,0,2,0,0,차대차 - 기타,불법유턴,건조,맑음,교차로 - 교차로부근,승용,남,24세,상해없음,이륜,남,16세,중상
2015070500100016,2015년 7월 5일 00시,일요일,대구광역시 서구 원대동3가,경상사고,0,0,1,0,차대사람 - 보도통행중,기타,건조,맑음,기타 - 기타,승용,남,26세,상해없음,보행자,남,35세,경상