사고번호,사고일시,요일,시군구,사고내용,사망자수,중상자수,경상자수,부상신고자수,사고유형,법규위반,노면상태,기상상태,도로형태,가해운전자 차종,가해운전자 성별,가해운전자 연령,가해운전자 상해정도,피해운전자 차종,피해운전자 성별,피해운전자 연령,피해운전자 상해정도
2015071000100415,2015년 7월 10일 15시,금요일,대구광역시 달성군 화원읍,중상사고,0,1,1,0,차대차 - 추돌 - 진행중,안전운전불이행,건조,맑음,단일로 - 기타,건설기계,남,45세,상해없음,승용,남,35세,경상
2015071000100416,2015년 7월 10일 15시,금요일,대구광역시 달서구 두류동,중상사고,0,1,3,0,차대차 - 추돌 - 주정차중,안전운전불이행,건조,맑음,단일로 - 기타,승용,여,37세,상해없음,승용,남,28세,경상
2015071000100455,2015년 7월 10일 16시,금요일,대구광역시 남구 대명동,경상사고,0,0,1,0,차대차 - 측면직각충돌,안전운전불이행,건조,맑음,교차로 - 교차로안,승용,남,57세,상해없음,승용,여,49세,경상
2015071000100456,2015년 7월 10일 16시,금요일,대구광역시 동구 율하동,부상신고사고,0,0,0,1,차대차 - 측면직각충돌,안전운전불이행,건조,맑음,단일로 - 기타,자전거,남,75세,부상신고,승용,남,22세,상해없음
2015071000100457,2015년 7월 10일 16시,금요일,대구광역시 수성구 황금동,경상사고,0,0,3,0,차대차 - 측면직각충돌,교차로운행방법위반,건조,맑음,교차로 - 교차로안,화물,남,63세,경상,승용,여,51세,경상
2015071000100458,2015년 7월 10일 16시,금요일,대구광역시 달서구 상인동,부상신고사고,0,0,0,1,차대차 - 측면직각충돌,안전거리미확보,건조,맑음,단일로 - 기타,이륜,남,78세,부상신고,승용,남,45세,상해없음
2015071000100459,2015년 7월 10일 16시,금요일,대구광역시 북구 검단동,경상사고,0,0,1,0,차대사람 - 횡단중,신호위반,건조,맑음,교차로 - 교차로안,승용,여,51세,상해없음,보행자,남,17세,경상
2015071000100504,2015년 7월 10일 17시,금요일,대구광역시 북구 노원동3가,경상사고,0,0,1,0,차대차 - 추돌 - 진행중,안전거리미확보,건조,맑음,단일로 - 기타,승용,남,23세,상해없음,승용,남,33세,경상
2015071000100505,2015년 7월 10일 17시,금요일,대구광역시 북구 읍내동,경상사고,0,0,2,0,차대차 - 추돌 - 주정차중,안전운전불이행,건조,맑음,단일로 - 기타,승용,여,46세,상해없음,화물,남,36세,경상
2015071000100575,2015년 7월 10일 18시,금요일,대구광역시 달서구 월성동,경상사고,0,0,3,0,차대차 - 기타,안전운전불이행,습기,비,교차로 - 교차로안,화물,남,41세,경상,승용,여,50세,경상
2015071000100576,2015년 7월 10일 18시,금요일,대구광역시 달성군 화원읍,경상사고,0,0,1,0,차대차 - 추돌 - 진행중,안전운전불이행,건조,맑음,단일로 - 터널,승용,남,73세,상해없음,승용,여,49세,경상
2015071000100577,2015년 7월 10일 18시,금요일,대구광역시 북구 칠성동2가,경상사고,0,0,1,0,차대차 - 기타,중앙선침범,건조,맑음,단일로 - 기타,자전거,여,21세,경상,원동기,남,73세,상해없음
2015071000100578,2015년 7월 10일 18시,금요일,대구광역시 달서구 성당동,경상사고,0,0,1,0,차대차 - 기타,안전운전불이행,건조,맑음,단일로 - 기타,승용,남,43세,상해없음,승용,여,46세,경상
2015071000100617,2015년 7월 10일 19시,금요일,대구광역시 수성구 범어동,경상사고,0,0,1,0,차대사람 - 기타,안전운전불이행,건조,맑음,단일로 - 기타,승용,남,34세,상해없음,보행자,남,32세,경상
2015071000100618,2015년 7월 10일 19시,금요일,대구광역시 북구 서변동,경상사고,0,0,1,0,차대차 - 기타,안전거리미확보,건조,맑음,단일로 - 기타,승용,남,43세,상해없음,이륜,남,21세,경상
2015071000100668,2015년 7월 10일 20시,금요일,대구광역시 달서구 대천동,부상신고사고,0,0,0,1,차대차 - 측면직각충돌,안전운전불이행,건조,맑음,교차로 - 교차로안,승용,남,47세,상해없음,승용,여,29세,부상신고
2015071000100669,2015년 7월 10일 20시,금요일,대구광역시 중구 동인동3가,중상사고,0,1,0,0,차대차 - 측면직각충돌,신호위반,건조,맑음,교차로 - 교차로안,이륜,남,62세,중상,승용,여,54세,상해없음
2015071000100670,2015년 7월 10일 20시,금요일,대구광역시 중구 대봉동,경상사고,0,0,1,0,차대차 - 추돌 - 진행중,안전거리미확보,건조,맑음,단일로 - 기타,승용,여,59세,상해없음,승용,남,37세,경상
2015071000100707,2015년 7월 10일 21시,금요일,대구광역시 동구 동호동,중상사고,0,1,2,0,차대차 - 기타,안전운전불이행,건조,맑음,단일로 - 기타,승용,여,53세,상해없음,승용,남,28세,경상
2015071000100708,2015년 7월 10일 21시,금요일,대구광역시 북구 칠성동2가,경상사고,0,0,1,0,차대차 - 기타,기타,건조,맑음,교차로 - 교차로부근,이륜,남,75세,기타불명,이륜,남,18세,경상
2015071000100743,2015년 7월 10일 22시,금요일,대구광역시 북구 팔달동,중상사고,0,1,0,0,차량단독 - 공작물충돌,안전운전불이행,건조,맑음,단일로 - 기타,이륜,남,50세,중상,,,,
2015071000100784,2015년 7월 10일 23시,금요일,대구광역시 수성구 범어동,부상신고사고,0,0,0,1,차대사람 - 기타,신호위반,건조,맑음,교차로 - 교차로부근,원동기,남,18세,상해없음,보행자,여,51세,부상신고
2015071000100785,2015년 7월 10일 23시,금요일,대구광역시 북구 매천동,경상사고,0,0,2,0,차대차 - 기타,안전운전불이행,건조,맑음,기타 - 기타,승용,남,19세,상해없음,화물,남,49세,경상
2015071100100037,2015년 7월 11일 01시,토요일,대구광역시 수성구 중동,경상사고,0,0,2,0,차대차 - 추돌 - 주정차중,안전운전불이행,건조,맑음,단일로 - 기타,승용,남,42세,상해없음,원동기,남,16세,경상
2015071100100052,2015년 7월 11일 02시,토요일,대구광역시 남구 대명동,중상사고,0,2,2,1,차대차 - 추돌 - 주정차중,안전운전불이행,건조,맑음,기타 - 기타,승용,여,43세,상해없음,승용,남,57세,경상
2015071100100067,2015년 7월 11일 03시,토요일,대구광역시 달서구 월성동,경상사고,0,0,2,0,차대차 - 측면직각충돌,안전운전불이행,건조,맑음,교차로 - 교차로안,승용,남,54세,상해없음,승용,남,23세,경상
2015071100100068,2015년 7월 11일 03시,토요일,대구광역시 중구 삼덕동1가,경상사고,0,0,1,0,차대사람 - 길가장자리구역통행중,안전운전불이행,건조,맑음,단일로 - 기타,승용,남,38세,상해없음,보행자,여,28세,경상
2015071100100080,2015년 7월 11일 04시,토요일,대구광역시 서구 이현동,중상사고,0,1,0,1,차대차 - 추돌 - 진행중,안전운전불이행,건조,맑음,교차로 - 교차로부근,승용,남,31세,부상신고,승용,남,24세,중상
2015071100100081,2015년 7월 11일 04시,토요일,대구광역시 중구 삼덕동1가,경상사고,0,0,1,0,차대사람 - 길가장자리구역통행중,안전운전불이행,건조,맑음,단일로 - 기타,승용,남,71세,상해없음,보행자,남,29세,경상
2015071100100097,2015년 7월 11일 05시,토요일,대구광역시 수성구 만촌동,중상사고,0,1,1,0,차대차 - 추돌 - 주정차중,안전운전불이행,건조,맑음,단일로 - 기타,승용,남,31세,상해없음,승용,남,65세,중상
2015071100100152,2015년 7월 11일 08시,토요일,대구광역시 달서구 이곡동,부상신고사고,0,0,0,1,차대차 - 기타,안전운전불이행,습기,맑음,교차로 - 교차로부근,화물,남,48세,상해없음,원동기,남,18세,부상신고
2015071100100176,2015년 7월 11일 09시,토요일,대구광역시 북구 산격동,경상사고,0,0,1,0,차대사람 - 기타,보행자보호의무위반,건조,맑음,교차로 - 교차로안,화물,남,34세,상해없음,보행자,남,38세,경상
2015071100100203,2015년 7월 11일 10시,토요일,대구광역시 수성구 범어동,경상사고,0,0,1,0,차대차 - 기타,안전운전불이행,건조,맑음,단일로 - 횡단보도상,승합,남,48세,상해없음,자전거,남,87세,경상
2015071100100204,2015년 7월 11일 10시,토요일,대구광역시 수성구 범어동,경상사고,0,0,2,1,차대차 - 기타,안전운전불이행,건조,맑음,단일로 - 기타,승용,남,30세,부상신고,승용,여,40세,경상
2015071100100205,2015년 7월 11일 10시,토요일,대구광역시 북구 산격동,경상사고,0,0,1,0,차대차 - 기타,안전운전불이행,건조,맑음,단일로 - 횡단보도상,승용,남,36세,상해없음,자전거,여,35세,경상
2015071100100206,2015년 7월 11일 10시,토요일,대구광역시 서구 비산동,중상사고,0,1,0,0,차량단독 - 기타,기타,건조,맑음,단일로 - 기타,승합,남,44세,상해없음,,,,
2015071100100207,2015년 7월 11일 10시,토요일,대구광역시 서구 내당동,중상사고,0,1,1,0,차대차 - 추돌 - 주정차중,안전운전불이행,건조,맑음,교차로 - 교차로부근,승용,여,42세,상해없음,승용,여,37세,중상
2015071100100208,2015년 7월 11일 10시,토요일,대구광역시 달서구 본리동,경상사고,0,0,1,0,차대차 - 측면직각충돌,불법유턴,건조,맑음,교차로 - 교차로안,자전거,남,13세,경상,승용,남,51세,상해없음
2015071100100246,2015년 7월 11일 11시,토요일,대구광역시 달서구 본동,중상사고,0,1,0,0,차대사람 - 기타,기타,건조,맑음,단일로 - 기타,화물,남,30세,상해없음,보행자,여,55세,중상
2015071100100247,2015년 7월 11일 11시,토요일,대구광역시 서구 비산동,중상사고,0,1,0,0,차대차 - 추돌 - 진행중,안전운전불이행,건조,맑음,단일로 - 기타,이륜,남,37세,중상,승용,여,45세,상해없음
2015071100100248,2015년 7월 11일 11시,토요일,대구광역시 북구 태전동,경상사고,0,0,1,0,차대차 - 추돌 - 진행중,안전거리미확보,건조,맑음,단일로 - 횡단보도부근,승용,남,22세,상해없음,승용,남,52세,경상
2015071100100282,2015년 7월 11일 12시,토요일,대구광역시 수성구 중동,경상사고,0,0,1,0,차대차 - 기타,교차로운행방법위반,건조,맑음,교차로 - 교차로안,이륜,남,38세,상해없음,자전거,남,16세,경상
2015071100100283,2015년 7월 11일 12시,토요일,대구광역시 달서구 대곡동,경상사고,0,0,4,0,차대차 - 측면직각충돌,교차로운행방법위반,건조,맑음,교차로 - 교차로안,승용,여,62세,경상,승용,남,33세,경상
2015071100100284,2015년 7월 11일 12시,토요일,대구광역시 서구 비산동,경상사고,0,0,2,0,차대차 - 기타,안전거리미확보,건조,맑음,단일로 - 기타,승용,남,71세,상해없음,승용,남,25세,경상
2015071100100328,2015년 7월 11일 13시,토요일,대구광역시 달서구 월성동,경상사고,0,0,2,0,차대차 - 기타,안전운전불이행,건조,맑음,단일로 - 기타,이륜,남,25세,경상,자전거,남,16세,경상
2015071100100329,2015년 7월 11일 13시,토요일,대구광역시 서구 원대동2가,경상사고,0,0,1,0,차대사람 - 차도통행중,안전운전불이행,건조,맑음,단일로 - 기타,승용,남,23세,상해없음,보행자,여,41세,경상
2015071100100330,2015년 7월 11일 13시,토요일,대구광역시 달서구 신당동,경상사고,0,0,1,0,차대차 - 측면직각충돌,교차로운행방법위반,건조,맑음,교차로 - 교차로안,승용,여,33세,상해없음,이륜,남,61세,경상
2015071100100363,2015년 7월 11일 14시,토요일,대구광역시 동구 율하동,경상사고,0,0,1,0,차대차 - 측면직각충돌,안전운전불이행,건조,맑음,단일로 - 기타,승용,남,31세,상해없음,승용,여,38세,경상
2015071100100364,2015년 7월 11일 14시,토요일,대구광역시 수성구 지산동,중상사고,0,1,2,0,차대차 - 기타,신호위반,건조,맑음,교차로 - 교차로안,승용,여,39세,상해없음,승합,남,50세,상해없음
2015071100100365,2015년 7월 11일 14시,토요일,대구광역시 북구 구암동,중상사고,0,1,0,0,차대사람 - 기타,안전운전불이행,건조,맑음,단일로 - 기타,승용,여,21세,상해없음,보행자,남,8세,중상
2015071100100401,2015년 7월 11일 15시,토요일,대구광역시 수성구 만촌동,중상사고,0,1,0,0,차대사람 - 기타,안전운전불이행,건조,맑음,단일로 - 기타,이륜,남,31세,상해없음,보행자,남,9세,중상
2015071100100402,2015년 7월 11일 15시,토요일,대구광역시 서구 비산동,중상사고,0,1,0,0,차대차 - 측면직각충돌,안전운전불이행,건조,맑음,교차로 - 교차로안,이륜,남,63세,중상,승용,남,50세,상해없음
2015071100100441,2015년 7월 11일 16시,토요일,대구광역시 북구 연경동,경상사고,0,0,1,0,차대차 - 기타,안전운전불이행,건조,흐림,단일로 - 기타,승용,여,33세,상해없음,승용,남,51세,경상
2015071100100481,2015년 7월 11일 17시,토요일,대구광역시 달서구 유천동,경상사고,0,0,3,0,차대차 - 기타,안전거리미확보,건조,맑음,단일로 - 기타,화물,남,53세,상해없음,승용,여,48세,경상
2015071100100482,2015년 7월 11일 17시,토요일,대구광역시 북구 태전동,중상사고,0,1,0,0,차대사람 - 기타,신호위반,건조,맑음,단일로 - 횡단보도상,승용,여,53세,상해없음,보행자,여,27세,중상
2015071100100515,2015년 7월 11일 18시,토요일,대구광역시 수성구 수성동1가,경상사고,0,0,2,0,차대차 - 추돌 - 진행중,안전운전불이행,건조,맑음,단일로 - 기타,승용,남,27세,상해없음,승용,여,38세,경상
2015071100100516,2015년 7월 11일 18시,토요일,대구광역시 달성군 논공읍,경상사고,0,0,1,0,차대차 - 측면직각충돌,신호위반,건조,맑음,교차로 - 교차로안,승용,여,49세,상해없음,승용,남,70세,경상
2015071100100517,2015년 7월 11일 18시,토요일,대구광역시 서구 평리동,경상사고,0,0,1,0,차대차 - 측면직각충돌,안전운전불이행,습기,비,단일로 - 기타,화물,남,49세,상해없음,승용,남,29세,경상
2015071100100548,2015년 7월 11일 19시,토요일,대구광역시 수성구 만촌동,경상사고,0,0,1,0,차대차 - 측면직각충돌,안전운전불이행,습기,비,단일로 - 기타,승용,남,35세,상해없음,이륜,남,61세,경상
2015071100100549,2015년 7월 11일 19시,토요일,대구광역시 수성구 범어동,경상사고,0,0,1,0,차대차 - 측면직각충돌,교차로운행방법위반,건조,맑음,교차로 - 교차로안,이륜,남,20세,상해없음,이륜,남,17세,경상
2015071100100550,2015년 7월 11일 19시,토요일,대구광역시 달서구 송현동,경상사고,0,0,2,0,차대차 - 측면직각충돌,안전운전불이행,습기,비,교차로 - 교차로안,승용,남,65세,상해없음,승용,남,39세,경상
2015071100100595,2015년 7월 11일 20시,토요일,대구광역시 동구 율하동,경상사고,0,0,1,0,차대차 - 기타,안전거리미확보,습기,비,단일로 - 기타,승용,남,28세,상해없음,이륜,남,38세,경상
2015071100100596,2015년 7월 11일 20시,토요일,대구광역시 동구 신천동,경상사고,0,0,1,0,차대차 - 기타,안전거리미확보,습기,비,단일로 - 기타,승용,남,55세,상해없음,승용,남,71세,경상
2015071100100597,2015년 7월 11일 20시,토요일,대구광역시 북구 읍내동,경상사고,0,0,2,0,차대차 - 추돌 - 주정차중,안전운전불이행,습기,비,교차로 - 교차로부근,승용,남,59세,상해없음,승용,남,30세,경상
2015071100100627,2015년 7월 11일 21시,토요일,대구광역시 서구 비산동,중상사고,0,1,0,0,차대사람 - 기타,안전운전불이행,습기,비,단일로 - 횡단보도부근,승합,남,43세,상해없음,보행자,남,43세,중상
2015071100100628,2015년 7월 11일 21시,토요일,대구광역시 중구 대봉동,부상신고사고,0,0,0,3,차대차 - 추돌 - 주정차중,안전운전불이행,습기,비,단일로 - 기타,승용,여,27세,상해없음,승용,남,55세,부상신고
2015071100100657,2015년 7월 11일 22시,토요일,대구광역시 수성구 중동,경상사고,0,0,1,0,차대차 - 추돌 - 진행중,안전운전불이행,습기,비,단일로 - 횡단보도부근,승용,남,65세,상해없음,승용,남,56세,상해없음
2015071200100042,2015년 7월 12일 01시,일요일,대구광역시 수성구 범어동,중상사고,0,1,1,0,차대차 - 측면직각충돌,안전운전불이행,건조,맑음,단일로 - 횡단보도부근,승용,남,27세,상해없음,승용,여,54세,경상
2015071200100043,2015년 7월 12일 01시,일요일,대구광역시 중구 대봉동,경상사고,0,0,1,0,차대사람 - 길가장자리구역통행중,안전운전불이행,습기,비,단일로 - 기타,승용,남,62세,상해없음,보행자,여,31세,경상
2015071200100092,2015년 7월 12일 02시,일요일,대구광역시 수성구 수성동2가,경상사고,0,0,1,0,차대차 - 측면직각충돌,안전운전불이행,건조,맑음,교차로 - 교차로부근,승용,남,28세,상해없음,승용,남,46세,경상
2015071200100112,2015년 7월 12일 03시,일요일,대구광역시 북구 침산동,경상사고,0,0,1,0,차대차 - 측면직각충돌,신호위반,습기,흐림,교차로 - 교차로안,승용,남,25세,상해없음,승용,남,54세,경상
2015071200100113,2015년 7월 12일 03시,일요일,대구광역시 중구 삼덕동1가,경상사고,0,0,1,1,차대차 - 기타,안전운전불이행,습기,비,단일로 - 기타,원동기,남,16세,부상신고,승용,남,63세,경상
2015071200100162,2015년 7월 12일 06시,일요일,대구광역시 북구 산격동,경상사고,0,0,1,0,차대사람 - 횡단중,안전운전불이행,습기,흐림,단일로 - 기타,화물,남,72세,상해없음,보행자,남,23세,경상
2015071200100163,2015년 7월 12일 06시,일요일,대구광역시 중구 삼덕동1가,부상신고사고,0,0,0,1,차대사람 - 기타,안전운전불이행,습기,비,단일로 - 기타,승용,남,23세,상해없음,보행자,남,22세,부상신고
2015071200100172,2015년 7월 12일 07시,일요일,대구광역시 동구 효목동,부상신고사고,0,0,0,1,차대차 - 기타,직진우회전진행방해,건조,맑음,교차로 - 교차로안,이륜,남,59세,부상신고,화물,남,53세,상해없음
2015071200100173,2015년 7월 12일 07시,일요일,대구광역시 북구 팔달동,경상사고,0,0,1,0,차대차 - 추돌 - 진행중,안전거리미확보,습기,비,단일로 - 기타,화물,남,67세,상해없음,승용,남,60세,경상
2015071200100174,2015년 7월 12일 07시,일요일,대구광역시 북구 태전동,중상사고,0,1,3,0,차대차 - 추돌 - 주정차중,안전운전불이행,건조,맑음,교차로 - 교차로부근,승용,남,27세,상해없음,승합,남,37세,경상
2015071200100208,2015년 7월 12일 09시,일요일,대구광역시 수성구 두산동,중상사고,0,1,0,0,차대차 - 추돌 - 진행중,안전운전불이행,습기,비,교차로 - 교차로부근,승용,여,44세,상해없음,원동기,남,46세,중상
2015071200100227,2015년 7월 12일 10시,일요일,대구광역시 동구 검사동,중상사고,0,1,0,0,차대사람 - 기타,안전운전불이행,건조,맑음,단일로 - 기타,승합,남,45세,상해없음,보행자,여,83세,중상
2015071200100228,2015년 7월 12일 10시,일요일,대구광역시 동구 검사동,경상사고,0,0,1,0,차대차 - 측면직각충돌,교차로운행방법위반,건조,맑음,단일로 - 기타,승용,여,65세,상해없음,승용,여,45세,경상
2015071200100269,2015년 7월 12일 12시,일요일,대구광역시 중구 공평동,경상사고,0,0,1,0,차대차 - 측면직각충돌,중앙선침범,습기,비,단일로 - 기타,승용,여,45세,상해없음,이륜,남,32세,경상
2015071200100301,2015년 7월 12일 13시,일요일,대구광역시 달서구 진천동,중상사고,0,1,0,0,차대차 - 기타,안전운전불이행,건조,맑음,단일로 - 기타,원동기,남,25세,중상,승용,남,52세,상해없음
2015071200100331,2015년 7월 12일 14시,일요일,대구광역시 동구 신암동,경상사고,0,0,1,0,차대차 - 기타,안전운전불이행,습기,비,단일로 - 기타,승용,남,36세,상해없음,승용,여,43세,경상
2015071200100332,2015년 7월 12일 14시,일요일,대구광역시 동구 효목동,경상사고,0,0,1,0,차대차 - 기타,안전거리미확보,습기,비,단일로 - 기타,승용,여,38세,상해없음,승용,여,68세,경상
2015071200100333,2015년 7월 12일 14시,일요일,대구광역시 달서구 월성동,경상사고,0,0,1,0,차대차 - 측면직각충돌,교차로운행방법위반,습기,비,교차로 - 교차로안,승용,여,29세,상해없음,승용,남,58세,경상
2015071200100334,2015년 7월 12일 14시,일요일,대구광역시 달서구 상인동,중상사고,0,3,1,0,차대차 - 기타,중앙선침범,습기,비,단일로 - 기타,승용,남,46세,중상,화물,남,63세,중상
2015071200100363,2015년 7월 12일 15시,일요일,대구광역시 수성구 시지동,경상사고,0,0,1,0,차대차 - 추돌 - 진행중,안전운전불이행,습기,비,단일로 - 기타,승용,남,36세,상해없음,승용,남,22세,경상
2015071200100364,2015년 7월 12일 15시,일요일,대구광역시 달성군 현풍면,중상사고,0,1,4,0,차대차 - 추돌 - 진행중,안전운전불이행,습기,비,단일로 - 기타,승용,남,42세,상해없음,승용,남,73세,경상
2015071200100365,2015년 7월 12일 15시,일요일,대구광역시 북구 태전동,중상사고,0,1,0,0,차대사람 - 기타,안전운전불이행,습기,비,교차로 - 교차로부근,승용,남,22세,상해없음,보행자,남,57세,중상
2015071200100396,2015년 7월 12일 16시,일요일,대구광역시 중구 삼덕동2가,경상사고,0,0,2,0,차대차 - 추돌 - 진행중,안전운전불이행,습기,비,단일로 - 기타,승용,여,53세,상해없음,승용,남,28세,경상
2015071200100421,2015년 7월 12일 17시,일요일,대구광역시 동구 도동,경상사고,0,0,2,0,차대차 - 추돌 - 주정차중,안전운전불이행,건조,맑음,단일로 - 기타,승용,남,32세,상해없음,승용,남,33세,경상
2015071200100422,2015년 7월 12일 17시,일요일,대구광역시 달서구 송현동,경상사고,0,0,2,0,차대차 - 추돌 - 진행중,안전운전불이행,건조,맑음,단일로 - 기타,승용,남,51세,상해없음,승용,남,26세,경상
2015071200100423,2015년 7월 12일 17시,일요일,대구광역시 남구 대명동,경상사고,0,0,3,0,차대차 - 측면직각충돌,안전운전불이행,습기,비,단일로 - 기타,승용,남,52세,상해없음,승용,남,62세,상해없음
2015071200100455,2015년 7월 12일 18시,일요일,대구광역시 남구 대명동,경상사고,0,0,1,0,차대차 - 측면직각충돌,신호위반,습기,비,교차로 - 교차로안,승용,여,23세,상해없음,승용,남,25세,경상
2015071200100456,2015년 7월 12일 18시,일요일,대구광역시 북구 매천동,경상사고,0,0,1,0,차대차 - 측면직각충돌,안전운전불이행,습기,비,교차로 - 교차로안,승용,남,29세,상해없음,승용,남,47세,상해없음
2015071200100481,2015년 7월 12일 19시,일요일,대구광역시 북구 구암동,경상사고,0,0,1,0,차대차 - 기타,안전운전불이행,습기,흐림,단일로 - 기타,이륜,남,47세,경상,승용,여,49세,상해없음
2015071200100547,2015년 7월 12일 21시,일요일,대구광역시 중구 동인동1가,중상사고,0,1,0,0,차대사람 - 횡단중,신호위반,습기,비,단일로 - 횡단보도상,승용,남,26세,상해없음,보행자,여,39세,중상
2015071200100582,2015년 7월 12일 22시,일요일,대구광역시 동구 신천동,경상사고,0,0,2,1,차대차 - 측면직각충돌,안전거리미확보,습기,비,단일로 - 기타,승용,남,62세,부상신고,승용,남,53세,경상
2015071200100583,2015년 7월 12일 22시,일요일,대구광역시 동구 입석동,중상사고,0,1,0,0,차대사람 - 기타,안전운전불이행,습기,비,단일로 - 기타,화물,남,39세,상해없음,보행자,여,58세,중상
2015071200100584,2015년 7월 12일 22시,일요일,대구광역시 수성구 만촌동,중상사고,0,1,1,0,차대차 - 측면직각충돌,신호위반,습기,비,교차로 - 교차로안,승용,남,54세,상해없음,승용,남,22세,중상
2015071200100617,2015년 7월 12일 23시,일요일,대구광역시 동구 입석동,경상사고,0,0,1,0,차대차 - 기타,안전거리미확보,습기,비,단일로 - 기타,승용,남,30세,상해없음,이륜,남,58세,경상
2015071300100032,2015년 7월 13일 01시,월요일,대구광역시 동구 입석동,경상사고,0,0,1,0,차량단독 - 공작물충돌,안전운전불이행,습기,비,단일로 - 기타,승용,남,38세,상해없음,,,,
2015071300100091,2015년 7월 13일 07시,월요일,대구광역시 동구 입석동,중상사고,0,1,0,0,차대차 - 기타,신호위반,건조,흐림,단일로 - 횡단보도상,승용,여,31세,상해없음,자전거,남,71세,중상
2015071300100092,2015년 7월 13일 07시,월요일,대구광역시 중구 동인동2가,부상신고사고,0,0,0,1,차대차 - 정면충돌,안전운전불이행,건조,맑음,교차로 - 교차로안,자전거,남,58세,부상신고,승용,남,33세,상해없음
2015071300100093,2015년 7월 13일 07시,월요일,대구광역시 달서구 감삼동,경상사고,0,0,1,0,차대차 - 추돌 - 진행중,안전운전불이행,건조,맑음,단일로 - 기타,승용,여,57세,상해없음,자전거,남,20세,경상
2015071300100133,2015년 7월 13일 08시,월요일,대구광역시 수성구 범어동,경상사고,0,0,1,0,차대차 - 측면직각충돌,안전운전불이행,건조,맑음,단일로 - 기타,승용,남,50세,상해없음,승용,여,35세,경상
2015071300100134,2015년 7월 13일 08시,월요일,대구광역시 달서구 본리동,경상사고,0,0,1,0,차대차 - 기타,신호위반,건조,맑음,교차로 - 교차로안,승용,남,61세,상해없음,승용,여,56세,경상
2015071300100135,2015년 7월 13일 08시,월요일,대구광역시 중구 동문동,경상사고,0,0,1,0,차대차 - 기타,안전운전불이행,건조,맑음,단일로 - 기타,화물,기타불명,기타불명,기타불명,승용,남,55세,경상
2015071300100136,2015년 7월 13일 08시,월요일,대구광역시 북구 조야동,중상사고,0,1,0,0,차대차 - 측면직각충돌,안전운전불이행,건조,맑음,단일로 - 기타,승용,남,44세,상해없음,자전거,남,13세,중상
2015071300100181,2015년 7월 13일 09시,월요일,대구광역시 중구 동인동3가,부상신고사고,0,0,0,1,차대차 - 측면직각충돌,중앙선침범,건조,맑음,단일로 - 기타,자전거,남,80세,부상신고,승용,남,71세,상해없음
2015071300100182,2015년 7월 13일 09시,월요일,대구광역시 중구 계산동2가,부상신고사고,0,0,0,1,차대차 - 측면직각충돌,안전운전불이행,건조,맑음,단일로 - 횡단보도상,자전거,남,57세,상해없음,자전거,여,49세,부상신고
2015071300100220,2015년 7월 13일 10시,월요일,대구광역시 동구 신천동,경상사고,0,0,1,0,차대차 - 측면직각충돌,안전운전불이행,건조,맑음,단일로 - 기타,승용,남,31세,상해없음,자전거,남,86세,경상
2015071300100221,2015년 7월 13일 10시,월요일,대구광역시 북구 서변동,중상사고,0,1,0,0,차대차 - 측면직각충돌,안전운전불이행,건조,맑음,단일로 - 기타,승용,남,70세,상해없음,승용,여,66세,중상
2015071300100251,2015년 7월 13일 11시,월요일,대구광역시 동구 신암동,경상사고,0,0,1,0,차대사람 - 기타,안전운전불이행,건조,맑음,단일로 - 기타,승용,여,58세,상해없음,보행자,여,58세,경상
2015071300100252,2015년 7월 13일 11시,월요일,대구광역시 중구 봉산동,경상사고,0,0,1,0,차대사람 - 보도통행중,보행자보호의무위반,건조,맑음,교차로 - 교차로안,화물,남,28세,상해없음,보행자,남,49세,경상
2015071300100295,2015년 7월 13일 12시,월요일,대구광역시 동구 효목동,경상사고,0,0,1,0,차대차 - 측면직각충돌,안전거리미확보,건조,맑음,단일로 - 기타,승용,여,48세,상해없음,승용,남,55세,경상
2015071300100296,2015년 7월 13일 12시,월요일,대구광역시 수성구 사월동,중상사고,0,1,0,0,차대차 - 측면직각충돌,안전운전불이행,건조,맑음,단일로 - 기타,승용,남,52세,기타불명,화물,여,19세,중상
2015071300100328,2015년 7월 13일 13시,월요일,대구광역시 동구 신기동,중상사고,0,1,0,0,차대차 - 기타,중앙선침범,건조,맑음,교차로 - 교차로부근,이륜,남,48세,상해없음,이륜,남,36세,중상
2015071300100329,2015년 7월 13일 13시,월요일,대구광역시 수성구 가천동,중상사고,0,2,0,0,차대차 - 측면직각충돌,안전운전불이행,건조,맑음,단일로 - 기타,승용,여,49세,상해없음,승용,남,66세,중상
2015071300100408,2015년 7월 13일 15시,월요일,대구광역시 남구 봉덕동,경상사고,0,0,1,0,차대차 - 기타,안전운전불이행,건조,맑음,교차로 - 교차로부근,기타불명,기타불명,기타불명,기타불명,원동기,남,60세,경상
2015071300100409,2015년 7월 13일 15시,월요일,대구광역시 달서구 진천동,중상사고,0,1,0,0,차대사람 - 기타,안전운전불이행,건조,맑음,교차로 - 교차로부근,승용,남,41세,상해없음,보행자,여,76세,중상
2015071300100410,2015년 7월 13일 15시,월요일,대구광역시 북구 서변동,경상사고,0,0,1,0,차대차 - 측면직각충돌,안전운전불이행,건조,맑음,교차로 - 교차로부근,승용,여,45세,상해없음,승합,남,58세,경상