사고번호,사고일시,요일,시군구,사고내용,사망자수,중상자수,경상자수,부상신고자수,사고유형,법규위반,노면상태,기상상태,도로형태,가해운전자 차종,가해운전자 성별,가해운전자 연령,가해운전자 상해정도,피해운전자 차종,피해운전자 성별,피해운전자 연령,피해운전자 상해정도
2015071300100452,2015년 7월 13일 16시,월요일,대구광역시 동구 신암동,경상사고,0,0,3,1,차대차 - 기타,직진우회전진행방해,습기,비,교차로 - 교차로안,승용,남,24세,부상신고,승용,여,60세,경상
2015071300100453,2015년 7월 13일 16시,월요일,대구광역시 동구 신천동,중상사고,0,1,0,0,차대사람 - 기타,안전운전불이행,건조,맑음,교차로 - 교차로부근,승용,남,45세,상해없음,보행자,남,49세,중상
2015071300100486,2015년 7월 13일 17시,월요일,대구광역시 달서구 대천동,경상사고,0,0,1,0,차대차 - 추돌 - 진행중,안전거리미확보,건조,맑음,교차로 - 교차로안,승합,남,46세,기타불명,화물,남,47세,경상
2015071300100487,2015년 7월 13일 17시,월요일,대구광역시 북구 매천동,경상사고,0,0,1,0,차대차 - 기타,안전운전불이행,건조,맑음,단일로 - 기타,화물,남,25세,상해없음,승용,남,58세,경상
2015071300100488,2015년 7월 13일 17시,월요일,대구광역시 북구 관음동,중상사고,0,1,0,0,차대차 - 측면직각충돌,안전운전불이행,건조,맑음,교차로 - 교차로부근,승용,남,47세,상해없음,자전거,남,14세,중상
2015071300100519,2015년 7월 13일 18시,월요일,대구광역시 동구 불로동,경상사고,0,0,1,0,차대사람 - 기타,안전운전불이행,건조,맑음,단일로 - 기타,자전거,남,67세,상해없음,보행자,여,44세,경상
2015071300100520,2015년 7월 13일 18시,월요일,대구광역시 수성구 황금동,경상사고,0,0,1,0,차량단독 - 기타,안전운전불이행,건조,맑음,단일로 - 기타,승합,남,39세,상해없음,,,,
2015071300100521,2015년 7월 13일 18시,월요일,대구광역시 달서구 상인동,경상사고,0,0,2,0,차대차 - 측면직각충돌,안전운전불이행,건조,맑음,단일로 - 기타,승용,남,56세,상해없음,승용,남,20세,경상
2015071300100522,2015년 7월 13일 18시,월요일,대구광역시 북구 검단동,중상사고,0,1,0,0,차대사람 - 기타,안전운전불이행,건조,맑음,기타 - 기타,화물,남,47세,상해없음,보행자,남,52세,중상
2015071300100523,2015년 7월 13일 18시,월요일,대구광역시 달서구 이곡동,중상사고,0,1,0,0,차대사람 - 횡단중,신호위반,건조,흐림,교차로 - 교차로부근,원동기,남,14세,상해없음,보행자,남,42세,중상
2015071300100576,2015년 7월 13일 19시,월요일,대구광역시 남구 대명동,경상사고,0,0,1,0,차대차 - 추돌 - 진행중,안전운전불이행,건조,맑음,교차로 - 교차로안,자전거,남,67세,경상,승용,남,34세,상해없음
2015071300100577,2015년 7월 13일 19시,월요일,대구광역시 남구 봉덕동,중상사고,0,1,1,0,차대차 - 기타,교차로운행방법위반,건조,맑음,교차로 - 교차로안,승용,여,49세,경상,승용,남,29세,중상
2015071300100578,2015년 7월 13일 19시,월요일,대구광역시 남구 대명동,경상사고,0,0,1,0,차대차 - 측면직각충돌,안전운전불이행,건조,맑음,기타 - 기타,승용,남,67세,상해없음,승합,남,44세,경상
2015071300100579,2015년 7월 13일 19시,월요일,대구광역시 달서구 감삼동,경상사고,0,0,1,0,차대차 - 측면직각충돌,기타,건조,맑음,단일로 - 기타,승용,남,49세,상해없음,자전거,남,16세,경상
2015071300100604,2015년 7월 13일 20시,월요일,대구광역시 동구 지묘동,중상사고,0,1,0,0,차대사람 - 기타,안전운전불이행,건조,맑음,교차로 - 교차로부근,승용,남,57세,상해없음,보행자,여,61세,중상
2015071300100605,2015년 7월 13일 20시,월요일,대구광역시 동구 효목동,중상사고,0,1,0,0,차대사람 - 기타,안전운전불이행,건조,맑음,교차로 - 교차로부근,화물,남,53세,상해없음,보행자,남,67세,중상
2015071300100606,2015년 7월 13일 20시,월요일,대구광역시 수성구 황금동,경상사고,0,0,1,0,차대차 - 측면직각충돌,신호위반,건조,맑음,교차로 - 교차로안,이륜,여,46세,경상,승용,남,57세,상해없음
2015071300100607,2015년 7월 13일 20시,월요일,대구광역시 서구 평리동,부상신고사고,0,0,0,1,차량단독 - 공작물충돌,안전운전불이행,건조,맑음,단일로 - 기타,이륜,남,39세,부상신고,,,,
2015071300100672,2015년 7월 13일 22시,월요일,대구광역시 남구 대명동,사망사고,1,0,0,0,차대사람 - 횡단중,안전운전불이행,건조,맑음,단일로 - 기타,승용,남,50세,상해없음,보행자,남,47세,사망
2015071300100673,2015년 7월 13일 22시,월요일,대구광역시 동구 방촌동,경상사고,0,0,2,0,차대차 - 기타,안전거리미확보,건조,맑음,단일로 - 기타,승용,여,21세,상해없음,승용,남,58세,경상
2015071300100674,2015년 7월 13일 22시,월요일,대구광역시 동구 신천동,경상사고,0,0,2,0,차대차 - 측면직각충돌,교차로운행방법위반,건조,맑음,교차로 - 교차로안,승용,남,50세,경상,승용,여,43세,경상
2015071300100675,2015년 7월 13일 22시,월요일,대구광역시 달서구 본리동,중상사고,0,1,0,0,차대차 - 측면직각충돌,안전운전불이행,건조,맑음,단일로 - 기타,승용,남,29세,상해없음,화물,남,39세,기타불명
2015071300100676,2015년 7월 13일 22시,월요일,대구광역시 달서구 갈산동,중상사고,0,1,0,0,차대차 - 측면직각충돌,신호위반,건조,맑음,교차로 - 교차로안,승용,남,33세,상해없음,승용,여,43세,중상
2015071400100018,2015년 7월 14일 00시,화요일,대구광역시 북구 칠성동2가,중상사고,0,2,1,0,차대차 - 측면직각충돌,신호위반,건조,맑음,교차로 - 교차로안,승용,여,26세,경상,승용,남,47세,중상
2015071400100042,2015년 7월 14일 02시,화요일,대구광역시 달서구 상인동,중상사고,0,1,2,0,차대차 - 기타,교차로운행방법위반,건조,흐림,교차로 - 교차로부근,승용,남,26세,경상,승용,여,52세,경상
2015071400100043,2015년 7월 14일 02시,화요일,대구광역시 서구 내당동,경상사고,0,0,1,0,차대차 - 추돌 - 주정차중,안전운전불이행,건조,맑음,교차로 - 교차로부근,승용,남,31세,상해없음,화물,남,38세,경상
2015071400100051,2015년 7월 14일 03시,화요일,대구광역시 수성구 상동,사망사고,2,5,1,0,차대차 - 측면직각충돌,신호위반,건조,맑음,교차로 - 교차로부근,승용,남,26세,중상,승용,남,28세,경상
2015071400100052,2015년 7월 14일 03시,화요일,대구광역시 북구 칠성동2가,경상사고,0,0,1,0,차량단독 - 전도전복,안전운전불이행,건조,맑음,단일로 - 기타,특수,남,44세,경상,,,,
2015071400100058,2015년 7월 14일 04시,화요일,대구광역시 수성구 시지동,경상사고,0,0,2,0,차대차 - 추돌 - 주정차중,안전운전불이행,건조,맑음,교차로 - 교차로부근,승용,남,44세,상해없음,승용,남,48세,경상
2015071400100065,2015년 7월 14일 05시,화요일,대구광역시 중구 태평로3가,중상사고,0,1,0,0,차대차 - 기타,안전운전불이행,건조,맑음,교차로 - 교차로부근,이륜,남,54세,상해없음,이륜,남,53세,중상
2015071400100091,2015년 7월 14일 07시,화요일,대구광역시 남구 대명동,경상사고,0,0,1,0,차대차 - 기타,안전거리미확보,건조,맑음,단일로 - 기타,승용,남,64세,상해없음,승합,남,26세,경상
2015071400100092,2015년 7월 14일 07시,화요일,대구광역시 달서구 도원동,경상사고,0,0,1,0,차대사람 - 횡단중,안전운전불이행,건조,맑음,교차로 - 교차로안,승용,여,45세,상해없음,보행자,남,62세,경상
2015071400100093,2015년 7월 14일 07시,화요일,대구광역시 북구 검단동,중상사고,0,1,0,0,차대차 - 기타,안전운전불이행,건조,맑음,기타 - 기타,화물,남,44세,상해없음,자전거,남,60세,중상
2015071400100128,2015년 7월 14일 08시,화요일,대구광역시 북구 검단동,경상사고,0,0,3,0,차대차 - 추돌 - 진행중,교차로운행방법위반,건조,맑음,교차로 - 교차로안,화물,남,33세,상해없음,승용,여,36세,경상
2015071400100129,2015년 7월 14일 08시,화요일,대구광역시 북구 침산동,경상사고,0,0,2,0,차대차 - 추돌 - 진행중,안전거리미확보,건조,맑음,단일로 - 교량,화물,남,59세,상해없음,승용,남,61세,경상
2015071400100130,2015년 7월 14일 08시,화요일,대구광역시 달서구 용산동,경상사고,0,0,1,0,차대사람 - 횡단중,안전운전불이행,건조,맑음,단일로 - 기타,승용,남,38세,상해없음,보행자,여,15세,경상
2015071400100131,2015년 7월 14일 08시,화요일,대구광역시 북구 매천동,사망사고,1,0,0,0,차대사람 - 횡단중,보행자보호의무위반,건조,맑음,교차로 - 교차로안,승용,여,63세,상해없음,보행자,남,8세,사망
2015071400100161,2015년 7월 14일 09시,화요일,대구광역시 남구 대명동,경상사고,0,0,1,0,차대사람 - 차도통행중,안전운전불이행,건조,맑음,단일로 - 기타,승용,남,36세,상해없음,보행자,여,41세,경상
2015071400100162,2015년 7월 14일 09시,화요일,대구광역시 남구 대명동,경상사고,0,0,1,0,차대차 - 측면직각충돌,안전운전불이행,건조,맑음,단일로 - 기타,승용,남,35세,상해없음,승용,여,58세,경상
2015071400100163,2015년 7월 14일 09시,화요일,대구광역시 남구 봉덕동,경상사고,0,0,2,0,차대차 - 측면직각충돌,교차로운행방법위반,건조,맑음,교차로 - 교차로안,승용,남,52세,경상,승용,여,35세,경상
2015071400100164,2015년 7월 14일 09시,화요일,대구광역시 북구 대현동,경상사고,0,0,1,0,차대차 - 측면직각충돌,교차로운행방법위반,건조,맑음,교차로 - 교차로안,승용,여,43세,상해없음,승용,남,27세,경상
2015071400100165,2015년 7월 14일 09시,화요일,대구광역시 달서구 감삼동,경상사고,0,0,4,0,차대차 - 측면직각충돌,직진우회전진행방해,건조,맑음,교차로 - 교차로안,승용,여,43세,경상,승용,여,46세,경상
2015071400100189,2015년 7월 14일 10시,화요일,대구광역시 동구 입석동,경상사고,0,0,1,0,차대차 - 기타,안전운전불이행,건조,맑음,단일로 - 기타,승용,여,45세,상해없음,승합,남,45세,상해없음
2015071400100225,2015년 7월 14일 11시,화요일,대구광역시 동구 신천동,경상사고,0,0,3,0,차대차 - 기타,안전거리미확보,건조,맑음,교차로 - 교차로부근,승용,여,55세,경상,화물,남,57세,경상
2015071400100226,2015년 7월 14일 11시,화요일,대구광역시 중구 동인동2가,부상신고사고,0,0,0,1,차대차 - 측면직각충돌,신호위반,건조,맑음,교차로 - 교차로안,이륜,남,37세,부상신고,승용,여,56세,상해없음
2015071400100227,2015년 7월 14일 11시,화요일,대구광역시 중구 동인동3가,경상사고,0,0,1,0,차대차 - 측면직각충돌,안전거리미확보,건조,맑음,단일로 - 기타,이륜,남,75세,경상,화물,남,59세,상해없음
2015071400100251,2015년 7월 14일 12시,화요일,대구광역시 달서구 성당동,중상사고,0,1,0,0,차대사람 - 기타,안전운전불이행,건조,맑음,교차로 - 교차로안,승용,남,31세,상해없음,보행자,여,53세,중상
2015071400100282,2015년 7월 14일 13시,화요일,대구광역시 수성구 범어동,중상사고,0,1,0,0,차대차 - 측면직각충돌,교차로운행방법위반,건조,맑음,교차로 - 교차로안,승용,남,69세,상해없음,이륜,남,43세,중상
2015071400100309,2015년 7월 14일 14시,화요일,대구광역시 달성군 논공읍,경상사고,0,0,2,0,차대차 - 추돌 - 주정차중,안전운전불이행,건조,맑음,단일로 - 기타,승용,남,39세,상해없음,승용,여,19세,경상
2015071400100345,2015년 7월 14일 15시,화요일,대구광역시 달서구 상인동,경상사고,0,0,2,0,차대차 - 측면직각충돌,안전운전불이행,건조,맑음,단일로 - 기타,승합,남,25세,상해없음,승용,남,69세,경상
2015071400100392,2015년 7월 14일 16시,화요일,대구광역시 북구 고성동2가,중상사고,0,1,0,0,차대차 - 측면직각충돌,직진우회전진행방해,건조,맑음,교차로 - 교차로안,승용,여,58세,상해없음,원동기,남,34세,중상
2015071400100435,2015년 7월 14일 17시,화요일,대구광역시 동구 신기동,중상사고,0,1,0,0,차대차 - 기타,안전운전불이행,건조,맑음,교차로 - 교차로안,자전거,남,82세,중상,자전거,남,42세,상해없음
2015071400100470,2015년 7월 14일 18시,화요일,대구광역시 남구 대명동,경상사고,0,0,1,0,차대차 - 기타,안전운전불이행,건조,맑음,단일로 - 기타,화물,여,54세,상해없음,승용,남,36세,경상
2015071400100471,2015년 7월 14일 18시,화요일,대구광역시 달서구 두류동,부상신고사고,0,0,0,1,차대차 - 추돌 - 진행중,안전운전불이행,건조,맑음,단일로 - 기타,자전거,기타불명,기타불명,기타불명,자전거,여,46세,부상신고
2015071400100472,2015년 7월 14일 18시,화요일,대구광역시 북구 읍내동,경상사고,0,0,1,1,차대차 - 측면직각충돌,안전운전불이행,건조,맑음,교차로 - 교차로부근,승용,여,60세,부상신고,승용,여,46세,경상
2015071400100514,2015년 7월 14일 19시,화요일,대구광역시 달서구 상인동,경상사고,0,0,1,0,차대차 - 기타,안전운전불이행,건조,맑음,단일로 - 기타,자전거,남,10세,경상,승용,여,45세,상해없음
2015071400100515,2015년 7월 14일 19시,화요일,대구광역시 서구 중리동,중상사고,0,1,0,0,차대사람 - 보도통행중,안전운전불이행,건조,맑음,단일로 - 기타,화물,남,44세,상해없음,보행자,남,51세,중상
2015071400100516,2015년 7월 14일 19시,화요일,대구광역시 중구 대봉동,경상사고,0,0,1,0,차대사람 - 횡단중,안전운전불이행,건조,맑음,단일로 - 횡단보도상,승용,남,29세,상해없음,보행자,여,23세,경상
2015071400100555,2015년 7월 14일 20시,화요일,대구광역시 남구 대명동,경상사고,0,0,3,0,차대차 - 추돌 - 주정차중,안전거리미확보,습기,흐림,단일로 - 기타,승용,남,48세,상해없음,승용,남,38세,경상
2015071400100556,2015년 7월 14일 20시,화요일,대구광역시 북구 산격동,경상사고,0,0,1,0,차대사람 - 기타,기타,건조,맑음,단일로 - 기타,승용,남,59세,상해없음,보행자,남,49세,경상
2015071400100557,2015년 7월 14일 20시,화요일,대구광역시 중구 대신동,중상사고,0,1,0,0,차대사람 - 기타,안전운전불이행,건조,맑음,단일로 - 기타,자전거,남,41세,상해없음,보행자,여,71세,중상
2015071400100558,2015년 7월 14일 20시,화요일,대구광역시 달서구 용산동,중상사고,0,2,2,0,차대차 - 추돌 - 주정차중,안전거리미확보,건조,맑음,단일로 - 기타,화물,남,43세,상해없음,승용,여,34세,중상
2015071400100594,2015년 7월 14일 21시,화요일,대구광역시 달성군 현풍면,중상사고,0,1,0,0,차대차 - 측면직각충돌,안전운전불이행,건조,맑음,교차로 - 교차로안,승용,남,37세,상해없음,이륜,남,47세,중상
2015071400100595,2015년 7월 14일 21시,화요일,대구광역시 달성군 다사읍,중상사고,0,1,0,0,차대차 - 기타,안전운전불이행,건조,맑음,교차로 - 교차로부근,승용,여,32세,상해없음,자전거,남,22세,중상
2015071400100596,2015년 7월 14일 21시,화요일,대구광역시 북구 칠성동2가,부상신고사고,0,0,0,1,차대차 - 기타,신호위반,건조,맑음,교차로 - 교차로안,자전거,남,52세,부상신고,승용,남,68세,상해없음
2015071400100597,2015년 7월 14일 21시,화요일,대구광역시 중구 덕산동,중상사고,0,1,2,0,차대차 - 추돌 - 주정차중,안전운전불이행,건조,맑음,교차로 - 교차로부근,승용,여,46세,상해없음,승용,남,26세,중상
2015071400100620,2015년 7월 14일 22시,화요일,대구광역시 수성구 두산동,경상사고,0,0,1,0,차대차 - 기타,안전운전불이행,건조,맑음,교차로 - 교차로안,승용,남,63세,상해없음,자전거,여,21세,경상
2015071400100621,2015년 7월 14일 22시,화요일,대구광역시 서구 비산동,중상사고,0,1,1,0,차대차 - 추돌 - 주정차중,안전거리미확보,건조,맑음,교차로 - 교차로부근,승용,남,35세,상해없음,승용,여,37세,중상
2015071400100622,2015년 7월 14일 22시,화요일,대구광역시 중구 북성로1가,경상사고,0,0,1,0,차대차 - 추돌 - 진행중,안전거리미확보,건조,맑음,교차로 - 교차로안,승용,남,62세,상해없음,승용,남,58세,경상
2015071500100012,2015년 7월 15일 00시,수요일,대구광역시 달서구 본리동,경상사고,0,0,2,0,차대차 - 기타,안전거리미확보,건조,맑음,기타 - 기타,승용,남,55세,상해없음,승용,남,21세,경상
2015071500100040,2015년 7월 15일 02시,수요일,대구광역시 수성구 수성동1가,경상사고,0,0,1,0,차대차 - 추돌 - 주정차중,안전운전불이행,건조,맑음,단일로 - 기타,승용,남,42세,상해없음,승용,여,36세,경상
2015071500100041,2015년 7월 15일 02시,수요일,대구광역시 서구 평리동,경상사고,0,0,1,0,차대차 - 추돌 - 주정차중,안전운전불이행,건조,흐림,교차로 - 교차로부근,승용,기타불명,기타불명,기타불명,승용,남,51세,경상
2015071500100107,2015년 7월 15일 07시,수요일,대구광역시 달서구 장기동,경상사고,0,0,2,2,차대차 - 기타,안전운전불이행,건조,맑음,단일로 - 기타,승용,남,22세,상해없음,승용,남,21세,경상
2015071500100146,2015년 7월 15일 08시,수요일,대구광역시 달성군 논공읍,중상사고,0,1,0,0,차대사람 - 횡단중,안전운전불이행,건조,맑음,단일로 - 기타,승용,남,43세,상해없음,보행자,여,42세,중상
2015071500100147,2015년 7월 15일 08시,수요일,대구광역시 북구 고성동1가,경상사고,0,0,1,0,차대차 - 기타,안전거리미확보,건조,맑음,단일로 - 기타,화물,남,42세,상해없음,이륜,남,67세,경상
2015071500100148,2015년 7월 15일 08시,수요일,대구광역시 서구 내당동,경상사고,0,0,4,0,차대차 - 추돌 - 주정차중,안전거리미확보,건조,맑음,단일로 - 기타,승용,남,42세,상해없음,승용,남,52세,경상
2015071500100149,2015년 7월 15일 08시,수요일,대구광역시 달서구 용산동,경상사고,0,0,1,0,차대차 - 측면직각충돌,중앙선침범,건조,맑음,단일로 - 기타,이륜,남,24세,경상,승용,남,71세,상해없음
2015071500100150,2015년 7월 15일 08시,수요일,대구광역시 달서구 신당동,경상사고,0,0,1,0,차대차 - 측면직각충돌,교차로운행방법위반,건조,맑음,교차로 - 교차로안,승용,남,25세,상해없음,자전거,남,25세,경상
2015071500100151,2015년 7월 15일 08시,수요일,대구광역시 달서구 죽전동,경상사고,0,0,1,0,차대차 - 기타,안전거리미확보,건조,맑음,단일로 - 기타,승용,남,54세,상해없음,승합,남,47세,상해없음
2015071500100152,2015년 7월 15일 08시,수요일,대구광역시 북구 태전동,경상사고,0,0,1,0,차대사람 - 횡단중,안전운전불이행,건조,맑음,단일로 - 기타,화물,남,54세,상해없음,보행자,여,59세,경상
2015071500100185,2015년 7월 15일 09시,수요일,대구광역시 달성군 논공읍,경상사고,0,0,1,0,차대차 - 기타,안전운전불이행,건조,맑음,교차로 - 교차로부근,승용,남,41세,상해없음,원동기,여,54세,경상
2015071500100186,2015년 7월 15일 09시,수요일,대구광역시 서구 중리동,중상사고,0,1,0,1,차대차 - 측면직각충돌,안전운전불이행,건조,맑음,교차로 - 교차로안,승용,여,40세,부상신고,승용,남,58세,중상
2015071500100187,2015년 7월 15일 09시,수요일,대구광역시 서구 평리동,경상사고,0,0,1,0,차대차 - 기타,신호위반,건조,맑음,교차로 - 교차로안,승용,남,63세,상해없음,승용,남,28세,경상
2015071500100211,2015년 7월 15일 10시,수요일,대구광역시 수성구 수성동2가,경상사고,0,0,1,0,차대차 - 추돌 - 주정차중,안전운전불이행,건조,맑음,단일로 - 기타,승용,남,43세,상해없음,승용,남,26세,경상
2015071500100248,2015년 7월 15일 11시,수요일,대구광역시 남구 대명동,경상사고,0,0,1,0,차대차 - 측면직각충돌,기타,건조,맑음,교차로 - 교차로부근,승용,여,37세,상해없음,원동기,남,27세,경상
2015071500100249,2015년 7월 15일 11시,수요일,대구광역시 동구 불로동,경상사고,0,0,2,0,차대차 - 측면직각충돌,직진우회전진행방해,건조,맑음,교차로 - 교차로안,승용,남,33세,상해없음,승용,남,46세,상해없음
2015071500100250,2015년 7월 15일 11시,수요일,대구광역시 서구 내당동,중상사고,0,1,0,0,차대차 - 측면직각충돌,신호위반,건조,맑음,교차로 - 교차로안,승용,여,50세,상해없음,원동기,남,47세,중상
2015071500100278,2015년 7월 15일 12시,수요일,대구광역시 남구 대명동,중상사고,0,1,0,0,차대차 - 측면직각충돌,신호위반,건조,맑음,단일로 - 횡단보도상,자전거,여,37세,중상,승용,남,56세,상해없음
2015071500100280,2015년 7월 15일 12시,수요일,대구광역시 북구 대현동,중상사고,0,1,0,0,차대차 - 기타,차로위반,건조,맑음,교차로 - 교차로부근,이륜,남,78세,중상,승용,여,67세,상해없음
2015071500100313,2015년 7월 15일 13시,수요일,대구광역시 북구 노원동3가,부상신고사고,0,0,0,1,차대차 - 정면충돌,안전운전불이행,건조,맑음,교차로 - 교차로안,자전거,여,76세,부상신고,화물,남,33세,상해없음
2015071500100314,2015년 7월 15일 13시,수요일,대구광역시 중구 동인동1가,중상사고,0,1,0,0,차대차 - 기타,신호위반,건조,맑음,교차로 - 교차로안,승용,남,39세,상해없음,승용,남,51세,상해없음
2015071500100384,2015년 7월 15일 15시,수요일,대구광역시 수성구 범물동,중상사고,0,1,0,0,차대사람 - 기타,보행자보호의무위반,건조,맑음,단일로 - 횡단보도상,승용,여,57세,상해없음,보행자,남,8세,중상
2015071500100385,2015년 7월 15일 15시,수요일,대구광역시 달서구 월성동,경상사고,0,0,2,0,차대차 - 기타,안전거리미확보,건조,맑음,교차로 - 교차로부근,승용,여,41세,경상,승용,여,39세,경상
2015071500100386,2015년 7월 15일 15시,수요일,대구광역시 달성군 옥포면,경상사고,0,0,3,0,차대차 - 측면직각충돌,안전운전불이행,건조,맑음,교차로 - 교차로안,기타불명,기타불명,기타불명,기타불명,승용,남,24세,상해없음
2015071500100387,2015년 7월 15일 15시,수요일,대구광역시 달성군 다사읍,경상사고,0,0,1,0,차대차 - 기타,안전운전불이행,건조,맑음,단일로 - 기타,자전거,남,12세,경상,승용,여,48세,상해없음
2015071500100388,2015년 7월 15일 15시,수요일,대구광역시 달서구 호산동,중상사고,0,1,0,0,차대사람 - 횡단중,신호위반,건조,맑음,단일로 - 횡단보도상,화물,남,62세,상해없음,보행자,여,10세,중상
2015071500100424,2015년 7월 15일 16시,수요일,대구광역시 중구 봉산동,부상신고사고,0,0,0,1,차대차 - 추돌 - 진행중,안전거리미확보,건조,맑음,단일로 - 기타,이륜,남,20세,부상신고,승합,남,39세,상해없음
2015071500100425,2015년 7월 15일 16시,수요일,대구광역시 북구 구암동,중상사고,0,1,0,0,차대차 - 측면직각충돌,안전운전불이행,건조,맑음,단일로 - 기타,승용,남,46세,상해없음,자전거,남,18세,중상
2015071500100478,2015년 7월 15일 17시,수요일,대구광역시 달성군 화원읍,중상사고,0,1,0,0,차대차 - 추돌 - 진행중,안전운전불이행,건조,맑음,단일로 - 터널,승용,여,32세,상해없음,승합,남,59세,중상
2015071500100479,2015년 7월 15일 17시,수요일,대구광역시 달성군 옥포면,경상사고,0,0,1,0,차대차 - 기타,안전운전불이행,건조,맑음,교차로 - 교차로부근,승용,여,36세,상해없음,승용,여,53세,경상
2015071500100480,2015년 7월 15일 17시,수요일,대구광역시 달성군 옥포면,중상사고,0,1,0,0,차대차 - 정면충돌,안전운전불이행,건조,맑음,단일로 - 기타,승용,여,50세,상해없음,자전거,남,13세,중상
2015071500100481,2015년 7월 15일 17시,수요일,대구광역시 북구 노원동3가,경상사고,0,0,1,0,차대차 - 기타,안전운전불이행,건조,맑음,교차로 - 교차로안,화물,남,66세,상해없음,이륜,남,26세,경상
2015071500100482,2015년 7월 15일 17시,수요일,대구광역시 중구 동성로2가,경상사고,0,0,1,0,차대차 - 기타,안전운전불이행,건조,맑음,단일로 - 기타,승용,남,22세,상해없음,이륜,남,32세,경상
2015071500100530,2015년 7월 15일 18시,수요일,대구광역시 동구 신서동,경상사고,0,0,1,0,차대차 - 측면직각충돌,직진우회전진행방해,건조,맑음,교차로 - 교차로안,화물,남,23세,상해없음,승용,여,55세,경상
2015071500100531,2015년 7월 15일 18시,수요일,대구광역시 달서구 월성동,중상사고,0,1,0,0,차대차 - 기타,중앙선침범,건조,맑음,단일로 - 기타,자전거,남,50세,중상,승용,남,41세,상해없음
2015071500100561,2015년 7월 15일 19시,수요일,대구광역시 동구 검사동,경상사고,0,0,1,0,차대차 - 기타,안전운전불이행,건조,맑음,교차로 - 교차로부근,승용,여,55세,상해없음,승용,여,52세,경상
2015071500100562,2015년 7월 15일 19시,수요일,대구광역시 북구 복현동,경상사고,0,0,2,0,차대차 - 측면직각충돌,안전운전불이행,건조,맑음,단일로 - 기타,자전거,남,23세,경상,원동기,남,22세,경상
2015071500100563,2015년 7월 15일 19시,수요일,대구광역시 서구 평리동,경상사고,0,0,1,0,차대사람 - 기타,안전운전불이행,건조,맑음,단일로 - 기타,승용,여,62세,상해없음,보행자,남,49세,경상
2015071500100564,2015년 7월 15일 19시,수요일,대구광역시 서구 중리동,경상사고,0,0,1,0,차대사람 - 횡단중,신호위반,건조,맑음,단일로 - 횡단보도상,승용,남,46세,상해없음,보행자,여,8세,경상
2015071500100600,2015년 7월 15일 20시,수요일,대구광역시 수성구 수성동1가,중상사고,0,2,2,0,차대차 - 측면직각충돌,안전거리미확보,건조,맑음,단일로 - 기타,승용,여,26세,중상,승용,여,51세,상해없음
2015071500100601,2015년 7월 15일 20시,수요일,대구광역시 수성구 범어동,경상사고,0,0,2,0,차대차 - 측면직각충돌,안전운전불이행,건조,맑음,교차로 - 교차로부근,승용,여,48세,기타불명,승용,여,71세,경상
2015071500100636,2015년 7월 15일 21시,수요일,대구광역시 서구 내당동,중상사고,0,1,1,0,차대차 - 추돌 - 주정차중,안전운전불이행,습기,흐림,단일로 - 기타,화물,남,50세,상해없음,승용,여,45세,중상
2015071500100637,2015년 7월 15일 21시,수요일,대구광역시 북구 국우동,경상사고,0,0,2,0,차대차 - 정면충돌,중앙선침범,건조,맑음,단일로 - 기타,자전거,남,15세,경상,자전거,남,42세,경상
2015071500100671,2015년 7월 15일 22시,수요일,대구광역시 중구 남산동,중상사고,0,2,0,1,차대차 - 측면직각충돌,안전운전불이행,건조,흐림,교차로 - 교차로부근,승용,남,64세,부상신고,승용,남,20세,상해없음
2015071500100697,2015년 7월 15일 23시,수요일,대구광역시 동구 봉무동,중상사고,0,1,13,1,차대차 - 측면직각충돌,신호위반,건조,맑음,교차로 - 교차로안,승용,남,20세,경상,승합,남,59세,경상
2015071500100698,2015년 7월 15일 23시,수요일,대구광역시 달서구 진천동,중상사고,0,1,0,0,차대차 - 측면직각충돌,안전운전불이행,건조,맑음,단일로 - 기타,원동기,남,32세,중상,승용,남,25세,상해없음
2015071500100699,2015년 7월 15일 23시,수요일,대구광역시 달서구 상인동,중상사고,0,1,0,0,차대차 - 측면직각충돌,신호위반,건조,맑음,교차로 - 교차로안,이륜,남,37세,상해없음,이륜,남,19세,중상
2015071500100700,2015년 7월 15일 23시,수요일,대구광역시 서구 내당동,경상사고,0,0,1,0,차대차 - 기타,신호위반,건조,맑음,단일로 - 횡단보도부근,승용,남,42세,상해없음,승용,남,42세,경상
2015071600100031,2015년 7월 16일 01시,목요일,대구광역시 남구 대명동,경상사고,0,0,1,0,차대사람 - 횡단중,보행자보호의무위반,건조,맑음,교차로 - 교차로안,승용,남,47세,상해없음,보행자,남,59세,경상
2015071600100038,2015년 7월 16일 02시,목요일,대구광역시 수성구 범어동,중상사고,0,1,0,0,차대사람 - 횡단중,안전운전불이행,건조,맑음,단일로 - 기타,승용,남,37세,상해없음,보행자,남,46세,중상
2015071600100039,2015년 7월 16일 02시,목요일,대구광역시 달서구 본리동,경상사고,0,0,1,0,차대사람 - 기타,보행자보호의무위반,건조,맑음,단일로 - 횡단보도상,승용,남,59세,상해없음,보행자,여,22세,경상
2015071600100049,2015년 7월 16일 04시,목요일,대구광역시 달서구 용산동,중상사고,0,1,0,0,차대차 - 추돌 - 진행중,신호위반,건조,흐림,교차로 - 교차로안,승용,남,55세,상해없음,승용,남,71세,상해없음
2015071600100062,2015년 7월 16일 05시,목요일,대구광역시 남구 대명동,중상사고,0,1,1,0,차대차 - 측면직각충돌,안전운전불이행,건조,맑음,교차로 - 교차로부근,승용,남,32세,경상,승용,남,58세,중상