사고번호,사고일시,요일,시군구,사고내용,사망자수,중상자수,경상자수,부상신고자수,사고유형,법규위반,노면상태,기상상태,도로형태,가해운전자 차종,가해운전자 성별,가해운전자 연령,가해운전자 상해정도,피해운전자 차종,피해운전자 성별,피해운전자 연령,피해운전자 상해정도
2015071600100099,2015년 7월 16일 07시,목요일,대구광역시 북구 검단동,경상사고,0,0,1,0,차대차 - 기타,안전거리미확보,건조,맑음,단일로 - 기타,승용,남,56세,상해없음,승용,남,35세,경상
2015071600100147,2015년 7월 16일 08시,목요일,대구광역시 남구 대명동,경상사고,0,0,2,0,차대차 - 기타,교차로운행방법위반,건조,맑음,교차로 - 교차로안,승용,남,52세,경상,승용,남,19세,경상
2015071600100149,2015년 7월 16일 08시,목요일,대구광역시 북구 노원동3가,중상사고,0,1,0,0,차대차 - 측면직각충돌,안전운전불이행,건조,맑음,교차로 - 교차로안,승용,여,18세,상해없음,이륜,남,54세,중상
2015071600100180,2015년 7월 16일 09시,목요일,대구광역시 중구 대봉동,경상사고,0,0,2,0,차대차 - 측면직각충돌,신호위반,건조,맑음,교차로 - 교차로안,승용,여,47세,상해없음,승용,남,47세,경상
2015071600100210,2015년 7월 16일 10시,목요일,대구광역시 달서구 본동,경상사고,0,0,1,0,차대차 - 추돌 - 주정차중,안전운전불이행,건조,맑음,단일로 - 기타,승용,남,28세,상해없음,승용,여,34세,경상
2015071600100211,2015년 7월 16일 10시,목요일,대구광역시 북구 동변동,경상사고,0,0,1,0,차대차 - 추돌 - 주정차중,안전운전불이행,건조,맑음,교차로 - 교차로부근,승용,남,41세,상해없음,승용,남,31세,경상
2015071600100243,2015년 7월 16일 11시,목요일,대구광역시 수성구 지산동,경상사고,0,0,1,0,차대차 - 측면직각충돌,안전운전불이행,건조,맑음,단일로 - 횡단보도상,승용,남,24세,상해없음,자전거,남,74세,경상
2015071600100280,2015년 7월 16일 12시,목요일,대구광역시 수성구 시지동,중상사고,0,1,0,0,차대차 - 측면직각충돌,안전운전불이행,건조,맑음,교차로 - 교차로안,승용,여,44세,상해없음,자전거,남,66세,중상
2015071600100281,2015년 7월 16일 12시,목요일,대구광역시 중구 공평동,경상사고,0,0,2,1,차대차 - 추돌 - 진행중,안전운전불이행,건조,맑음,교차로 - 교차로부근,승용,남,48세,상해없음,승용,남,24세,경상
2015071600100305,2015년 7월 16일 13시,목요일,대구광역시 수성구 지산동,경상사고,0,0,1,0,차대차 - 기타,안전운전불이행,건조,맑음,교차로 - 교차로안,화물,남,45세,상해없음,자전거,남,50세,경상
2015071600100306,2015년 7월 16일 13시,목요일,대구광역시 수성구 연호동,경상사고,0,0,1,0,차대차 - 기타,안전운전불이행,건조,맑음,기타 - 기타,승용,남,68세,상해없음,자전거,남,55세,경상
2015071600100340,2015년 7월 16일 14시,목요일,대구광역시 북구 산격동,부상신고사고,0,0,0,1,차대사람 - 기타,보행자보호의무위반,건조,맑음,교차로 - 교차로부근,화물,남,38세,상해없음,보행자,남,6세,부상신고
2015071600100341,2015년 7월 16일 14시,목요일,대구광역시 중구 달성동,중상사고,0,1,0,0,차대차 - 기타,직진우회전진행방해,건조,맑음,단일로 - 기타,승용,남,54세,상해없음,이륜,남,50세,중상
2015071600100342,2015년 7월 16일 14시,목요일,대구광역시 남구 대명동,중상사고,0,1,0,0,차대차 - 측면직각충돌,안전운전불이행,건조,맑음,교차로 - 교차로부근,승용,남,34세,상해없음,승용,여,43세,중상
2015071600100375,2015년 7월 16일 15시,목요일,대구광역시 동구 신기동,경상사고,0,0,1,0,차대차 - 기타,교차로운행방법위반,건조,맑음,교차로 - 교차로안,승합,남,68세,상해없음,승합,남,48세,상해없음
2015071600100376,2015년 7월 16일 15시,목요일,대구광역시 달서구 월성동,경상사고,0,0,1,0,차대차 - 기타,교차로운행방법위반,건조,맑음,교차로 - 교차로안,승용,여,36세,상해없음,승용,남,41세,경상
2015071600100377,2015년 7월 16일 15시,목요일,대구광역시 북구 검단동,중상사고,0,1,0,0,차량단독 - 공작물충돌,안전운전불이행,건조,맑음,단일로 - 기타,이륜,남,55세,중상,,,,
2015071600100416,2015년 7월 16일 16시,목요일,대구광역시 수성구 만촌동,경상사고,0,0,1,0,차대사람 - 기타,안전운전불이행,건조,맑음,기타 - 기타,승용,여,55세,상해없음,보행자,여,41세,경상
2015071600100417,2015년 7월 16일 16시,목요일,대구광역시 달성군 다사읍,경상사고,0,0,1,0,차대차 - 측면직각충돌,안전운전불이행,건조,맑음,교차로 - 교차로안,승합,남,59세,상해없음,승용,남,29세,경상
2015071600100461,2015년 7월 16일 17시,목요일,대구광역시 동구 입석동,경상사고,0,0,1,0,차대차 - 기타,안전거리미확보,건조,맑음,단일로 - 기타,승합,남,54세,상해없음,승용,남,66세,상해없음
2015071600100462,2015년 7월 16일 17시,목요일,대구광역시 수성구 범어동,경상사고,0,0,1,0,차대차 - 기타,안전운전불이행,건조,맑음,단일로 - 기타,승용,여,67세,상해없음,자전거,여,25세,경상
2015071600100463,2015년 7월 16일 17시,목요일,대구광역시 달서구 상인동,중상사고,0,1,0,0,차대차 - 측면직각충돌,직진우회전진행방해,건조,맑음,교차로 - 교차로안,승용,여,48세,상해없음,자전거,남,16세,중상
2015071600100464,2015년 7월 16일 17시,목요일,대구광역시 중구 달성동,중상사고,0,1,0,0,차대차 - 추돌 - 진행중,안전운전불이행,건조,맑음,교차로 - 교차로안,승용,남,54세,상해없음,자전거,남,74세,중상
2015071600100465,2015년 7월 16일 17시,목요일,대구광역시 달서구 용산동,중상사고,0,1,0,0,차대사람 - 횡단중,보행자보호의무위반,건조,맑음,단일로 - 횡단보도상,승용,남,43세,상해없음,보행자,여,15세,중상
2015071600100511,2015년 7월 16일 18시,목요일,대구광역시 동구 신암동,경상사고,0,0,1,0,차대차 - 기타,안전운전불이행,건조,맑음,단일로 - 횡단보도상,승용,여,44세,상해없음,자전거,여,50세,경상
2015071600100512,2015년 7월 16일 18시,목요일,대구광역시 수성구 범어동,경상사고,0,0,1,0,차대차 - 기타,안전거리미확보,건조,맑음,단일로 - 기타,이륜,남,20세,상해없음,승용,여,35세,경상
2015071600100513,2015년 7월 16일 18시,목요일,대구광역시 달서구 송현동,중상사고,0,1,0,0,차대사람 - 보도통행중,안전운전불이행,건조,맑음,교차로 - 교차로안,승용,여,46세,상해없음,보행자,여,71세,중상
2015071600100514,2015년 7월 16일 18시,목요일,대구광역시 달성군 유가면,중상사고,0,1,2,0,차대차 - 기타,안전운전불이행,건조,맑음,교차로 - 교차로안,승용,남,47세,경상,화물,남,64세,상해없음
2015071600100515,2015년 7월 16일 18시,목요일,대구광역시 북구 읍내동,경상사고,0,0,1,0,차대차 - 측면직각충돌,안전운전불이행,건조,맑음,단일로 - 기타,승용,남,59세,상해없음,승용,남,33세,경상
2015071600100549,2015년 7월 16일 19시,목요일,대구광역시 달서구 본동,중상사고,0,1,0,0,차대차 - 기타,신호위반,건조,맑음,교차로 - 교차로안,승용,남,47세,상해없음,이륜,남,34세,중상
2015071600100550,2015년 7월 16일 19시,목요일,대구광역시 달서구 월성동,경상사고,0,0,1,0,차대차 - 기타,신호위반,건조,맑음,교차로 - 교차로안,자전거,남,14세,경상,승용,남,50세,상해없음
2015071600100585,2015년 7월 16일 20시,목요일,대구광역시 동구 방촌동,중상사고,0,1,0,0,차대사람 - 기타,안전운전불이행,건조,맑음,단일로 - 기타,자전거,여,52세,상해없음,보행자,남,45세,중상
2015071600100659,2015년 7월 16일 22시,목요일,대구광역시 남구 봉덕동,부상신고사고,0,0,0,1,차대차 - 추돌 - 주정차중,안전운전불이행,건조,맑음,단일로 - 기타,원동기,남,19세,부상신고,승용,남,59세,상해없음
2015071600100660,2015년 7월 16일 22시,목요일,대구광역시 서구 내당동,경상사고,0,0,1,1,차대차 - 기타,안전거리미확보,건조,맑음,단일로 - 기타,이륜,남,21세,부상신고,승용,남,67세,상해없음
2015071600100687,2015년 7월 16일 23시,목요일,대구광역시 달서구 파호동,경상사고,0,0,1,0,차대차 - 기타,신호위반,건조,맑음,교차로 - 교차로안,화물,남,58세,상해없음,자전거,남,23세,경상
2015071700100027,2015년 7월 17일 01시,금요일,대구광역시 달성군 논공읍,중상사고,0,1,0,0,차대사람 - 기타,안전운전불이행,건조,맑음,교차로 - 교차로부근,기타불명,기타불명,기타불명,기타불명,보행자,남,26세,중상
2015071700100040,2015년 7월 17일 02시,금요일,대구광역시 수성구 이천동,경상사고,0,0,2,0,차대차 - 추돌 - 진행중,안전운전불이행,건조,맑음,교차로 - 교차로부근,화물,남,44세,상해없음,승용,남,59세,경상
2015071700100042,2015년 7월 17일 02시,금요일,대구광역시 달서구 성당동,경상사고,0,0,1,1,차대차 - 기타,신호위반,건조,맑음,교차로 - 교차로안,승용,남,45세,부상신고,승용,남,53세,경상
2015071700100074,2015년 7월 17일 06시,금요일,대구광역시 서구 내당동,경상사고,0,0,1,0,차대사람 - 길가장자리구역통행중,기타,건조,맑음,단일로 - 기타,승용,여,55세,상해없음,보행자,남,72세,경상
2015071700100092,2015년 7월 17일 07시,금요일,대구광역시 북구 산격동,중상사고,0,1,0,0,차대차 - 측면직각충돌,신호위반,건조,맑음,교차로 - 교차로안,승용,여,50세,상해없음,승용,남,58세,중상
2015071700100093,2015년 7월 17일 07시,금요일,대구광역시 중구 동인동3가,경상사고,0,0,2,0,차대차 - 기타,안전거리미확보,건조,맑음,단일로 - 기타,승용,남,37세,상해없음,승용,남,74세,경상
2015071700100141,2015년 7월 17일 08시,금요일,대구광역시 수성구 상동,중상사고,0,1,1,1,차대차 - 기타,신호위반,건조,맑음,교차로 - 교차로안,승용,남,83세,부상신고,승용,여,60세,경상
2015071700100142,2015년 7월 17일 08시,금요일,대구광역시 수성구 파동,부상신고사고,0,0,0,1,차대차 - 측면직각충돌,안전운전불이행,건조,맑음,교차로 - 교차로부근,자전거,남,14세,부상신고,승용,남,61세,상해없음
2015071700100143,2015년 7월 17일 08시,금요일,대구광역시 수성구 황금동,경상사고,0,0,4,0,차대차 - 기타,안전운전불이행,건조,맑음,교차로 - 교차로부근,승용,남,21세,상해없음,화물,남,44세,경상
2015071700100144,2015년 7월 17일 08시,금요일,대구광역시 수성구 신매동,부상신고사고,0,0,0,1,차대차 - 기타,안전운전불이행,건조,맑음,단일로 - 횡단보도상,자전거,남,14세,부상신고,승용,여,44세,상해없음
2015071700100145,2015년 7월 17일 08시,금요일,대구광역시 달서구 월암동,중상사고,0,1,0,0,차대사람 - 횡단중,보행자보호의무위반,건조,맑음,단일로 - 횡단보도상,승용,남,57세,상해없음,보행자,여,35세,중상
2015071700100178,2015년 7월 17일 09시,금요일,대구광역시 동구 신천동,중상사고,0,1,0,0,차대차 - 기타,안전운전불이행,건조,맑음,단일로 - 기타,자전거,남,28세,중상,승용,남,36세,상해없음
2015071700100179,2015년 7월 17일 09시,금요일,대구광역시 달서구 감삼동,중상사고,0,1,0,0,차대차 - 기타,중앙선침범,건조,흐림,교차로 - 교차로부근,승용,남,28세,상해없음,승용,남,46세,중상
2015071700100235,2015년 7월 17일 11시,금요일,대구광역시 서구 내당동,중상사고,0,1,0,0,차대차 - 기타,안전운전불이행,건조,맑음,교차로 - 교차로안,화물,남,52세,상해없음,원동기,남,75세,중상
2015071700100265,2015년 7월 17일 12시,금요일,대구광역시 북구 동천동,중상사고,0,1,0,0,차대차 - 측면직각충돌,중앙선침범,건조,맑음,단일로 - 기타,승용,남,58세,상해없음,원동기,남,49세,중상
2015071700100325,2015년 7월 17일 14시,금요일,대구광역시 남구 대명동,중상사고,0,1,0,0,차대차 - 기타,신호위반,건조,맑음,교차로 - 교차로부근,이륜,남,41세,상해없음,자전거,여,20세,중상
2015071700100326,2015년 7월 17일 14시,금요일,대구광역시 달서구 성당동,경상사고,0,0,1,0,차대사람 - 기타,안전운전불이행,건조,맑음,단일로 - 기타,승용,남,70세,상해없음,보행자,남,32세,경상
2015071700100365,2015년 7월 17일 15시,금요일,대구광역시 동구 율하동,중상사고,0,1,0,0,차대차 - 측면직각충돌,신호위반,건조,맑음,단일로 - 횡단보도상,승용,여,34세,상해없음,자전거,남,82세,중상
2015071700100366,2015년 7월 17일 15시,금요일,대구광역시 달서구 송현동,경상사고,0,0,1,0,차대차 - 측면직각충돌,불법유턴,건조,맑음,교차로 - 교차로안,자전거,남,13세,경상,승용,여,34세,상해없음
2015071700100367,2015년 7월 17일 15시,금요일,대구광역시 북구 태전동,부상신고사고,0,0,0,1,차대차 - 측면직각충돌,차로위반,건조,흐림,단일로 - 교량,건설기계,남,53세,상해없음,승용,남,34세,부상신고
2015071700100460,2015년 7월 17일 17시,금요일,대구광역시 수성구 매호동,경상사고,0,0,2,1,차대차 - 기타,안전운전불이행,건조,맑음,교차로 - 교차로부근,승용,여,63세,부상신고,승용,남,56세,경상
2015071700100461,2015년 7월 17일 17시,금요일,대구광역시 달서구 대곡동,중상사고,0,3,3,0,차대차 - 추돌 - 진행중,안전운전불이행,건조,맑음,단일로 - 기타,승용,남,22세,상해없음,승용,남,54세,중상
2015071700100462,2015년 7월 17일 17시,금요일,대구광역시 달성군 논공읍,경상사고,0,0,1,0,차대차 - 기타,기타,건조,맑음,기타 - 기타,승용,남,39세,상해없음,승용,남,54세,상해없음
2015071700100464,2015년 7월 17일 17시,금요일,대구광역시 달서구 감삼동,중상사고,0,1,0,0,차대차 - 측면직각충돌,교차로운행방법위반,건조,맑음,교차로 - 교차로부근,승합,남,61세,상해없음,자전거,남,12세,중상
2015071700100465,2015년 7월 17일 17시,금요일,대구광역시 북구 태전동,경상사고,0,0,1,0,차대사람 - 횡단중,보행자보호의무위반,건조,맑음,단일로 - 횡단보도상,기타불명,기타불명,기타불명,기타불명,보행자,여,14세,경상
2015071700100503,2015년 7월 17일 18시,금요일,대구광역시 달서구 상인동,경상사고,0,0,2,0,차대차 - 측면직각충돌,차로위반,건조,맑음,단일로 - 기타,승용,남,74세,상해없음,승용,남,27세,경상
2015071700100538,2015년 7월 17일 19시,금요일,대구광역시 동구 용계동,경상사고,0,0,2,0,차대차 - 측면직각충돌,안전운전불이행,건조,맑음,단일로 - 기타,화물,남,54세,상해없음,승용,남,24세,경상
2015071700100573,2015년 7월 17일 20시,금요일,대구광역시 달서구 진천동,경상사고,0,0,2,0,차대차 - 기타,중앙선침범,건조,맑음,교차로 - 교차로안,승용,남,47세,상해없음,승용,남,43세,경상
2015071700100574,2015년 7월 17일 20시,금요일,대구광역시 달서구 진천동,경상사고,0,0,1,0,차대차 - 기타,안전운전불이행,건조,맑음,교차로 - 교차로안,승용,여,43세,상해없음,이륜,남,16세,경상
2015071700100651,2015년 7월 17일 22시,금요일,대구광역시 동구 신천동,중상사고,0,2,0,0,차대사람 - 횡단중,보행자보호의무위반,건조,맑음,단일로 - 횡단보도상,화물,남,56세,상해없음,보행자,남,34세,중상
2015071700100687,2015년 7월 17일 23시,금요일,대구광역시 동구 신천동,경상사고,0,0,2,0,차대차 - 추돌 - 주정차중,불법유턴,건조,맑음,단일로 - 기타,승용,남,35세,상해없음,승용,남,45세,경상
2015071700100688,2015년 7월 17일 23시,금요일,대구광역시 수성구 가천동,경상사고,0,0,2,0,차대차 - 기타,안전운전불이행,건조,맑음,단일로 - 기타,승용,기타불명,기타불명,기타불명,자전거,남,20세,경상
2015071700100689,2015년 7월 17일 23시,금요일,대구광역시 북구 침산동,중상사고,0,1,0,1,차대사람 - 횡단중,신호위반,건조,맑음,교차로 - 교차로안,이륜,남,25세,부상신고,보행자,남,84세,중상
2015071800100017,2015년 7월 18일 00시,토요일,대구광역시 달서구 상인동,경상사고,0,0,2,0,차대사람 - 기타,안전운전불이행,건조,맑음,단일로 - 기타,승용,남,51세,상해없음,보행자,남,30세,경상
2015071800100044,2015년 7월 18일 01시,토요일,대구광역시 달서구 상인동,중상사고,0,1,2,1,차대차 - 추돌 - 주정차중,안전운전불이행,건조,맑음,교차로 - 교차로부근,승용,남,32세,부상신고,승용,남,54세,경상
2015071800100059,2015년 7월 18일 02시,토요일,대구광역시 동구 신천동,경상사고,0,0,4,0,차대차 - 기타,안전거리미확보,건조,맑음,단일로 - 기타,승용,남,49세,상해없음,승용,남,21세,경상
2015071800100080,2015년 7월 18일 04시,토요일,대구광역시 중구 공평동,경상사고,0,0,1,0,차대사람 - 차도통행중,안전운전불이행,건조,맑음,단일로 - 기타,승용,남,32세,상해없음,보행자,남,31세,경상
2015071800100107,2015년 7월 18일 06시,토요일,대구광역시 중구 봉산동,중상사고,0,1,0,0,차대차 - 추돌 - 진행중,안전운전불이행,건조,맑음,단일로 - 기타,승용,남,22세,기타불명,승용,남,30세,중상
2015071800100129,2015년 7월 18일 07시,토요일,대구광역시 북구 태전동,경상사고,0,0,1,0,차대차 - 추돌 - 주정차중,안전운전불이행,건조,맑음,단일로 - 기타,승용,남,26세,상해없음,승용,남,32세,상해없음
2015071800100154,2015년 7월 18일 08시,토요일,대구광역시 수성구 범어동,경상사고,0,0,1,0,차대사람 - 길가장자리구역통행중,안전운전불이행,건조,맑음,단일로 - 기타,화물,남,47세,상해없음,보행자,남,53세,경상
2015071800100177,2015년 7월 18일 09시,토요일,대구광역시 동구 신암동,중상사고,0,1,0,0,차대사람 - 횡단중,보행자보호의무위반,건조,맑음,단일로 - 횡단보도상,이륜,남,71세,상해없음,보행자,여,30세,중상
2015071800100178,2015년 7월 18일 09시,토요일,대구광역시 수성구 파동,중상사고,0,2,0,0,차대차 - 측면직각충돌,안전거리미확보,건조,맑음,교차로 - 교차로안,승용,남,25세,상해없음,승용,여,70세,중상
2015071800100179,2015년 7월 18일 09시,토요일,대구광역시 달성군 화원읍,중상사고,0,1,0,0,차대차 - 측면직각충돌,안전운전불이행,건조,맑음,교차로 - 교차로안,자전거,남,59세,중상,승용,남,25세,상해없음
2015071800100180,2015년 7월 18일 09시,토요일,대구광역시 달서구 감삼동,부상신고사고,0,0,0,1,차대차 - 추돌 - 진행중,안전운전불이행,건조,맑음,단일로 - 기타,자전거,기타불명,기타불명,기타불명,자전거,남,11세,부상신고
2015071800100210,2015년 7월 18일 10시,토요일,대구광역시 수성구 범어동,중상사고,0,4,0,0,차대차 - 측면직각충돌,안전거리미확보,건조,맑음,교차로 - 교차로부근,화물,여,54세,상해없음,승용,여,42세,중상
2015071800100245,2015년 7월 18일 11시,토요일,대구광역시 수성구 수성동4가,경상사고,0,0,1,0,차대차 - 추돌 - 주정차중,안전운전불이행,건조,맑음,교차로 - 교차로부근,승용,남,47세,상해없음,승용,남,29세,경상
2015071800100280,2015년 7월 18일 12시,토요일,대구광역시 달서구 상인동,중상사고,0,1,0,0,차대차 - 기타,중앙선침범,건조,맑음,단일로 - 기타,승용,남,81세,상해없음,이륜,여,51세,중상
2015071800100281,2015년 7월 18일 12시,토요일,대구광역시 북구 고성동2가,부상신고사고,0,0,0,1,차대사람 - 기타,안전운전불이행,건조,맑음,단일로 - 기타,승용,남,29세,상해없음,보행자,여,81세,부상신고
2015071800100282,2015년 7월 18일 12시,토요일,대구광역시 서구 비산동,경상사고,0,0,1,0,차대사람 - 기타,안전운전불이행,건조,맑음,단일로 - 기타,화물,남,47세,상해없음,보행자,여,76세,경상
2015071800100283,2015년 7월 18일 12시,토요일,대구광역시 달서구 성당동,경상사고,0,0,4,0,차대차 - 측면직각충돌,안전거리미확보,건조,맑음,단일로 - 기타,승용,남,62세,상해없음,화물,남,53세,경상
2015071800100307,2015년 7월 18일 13시,토요일,대구광역시 달서구 신당동,중상사고,0,2,0,0,차대차 - 측면직각충돌,교차로운행방법위반,건조,맑음,교차로 - 교차로안,화물,남,55세,상해없음,이륜,남,17세,중상
2015071800100348,2015년 7월 18일 14시,토요일,대구광역시 수성구 범어동,경상사고,0,0,1,0,차대차 - 측면직각충돌,기타,건조,맑음,단일로 - 기타,승용,남,68세,상해없음,자전거,남,16세,경상
2015071800100349,2015년 7월 18일 14시,토요일,대구광역시 북구 산격동,경상사고,0,0,1,0,차대차 - 추돌 - 진행중,안전거리미확보,건조,맑음,단일로 - 기타,승용,남,31세,상해없음,승용,여,36세,경상
2015071800100350,2015년 7월 18일 14시,토요일,대구광역시 서구 내당동,중상사고,0,1,0,0,차대사람 - 횡단중,안전운전불이행,건조,맑음,단일로 - 횡단보도상,승용,남,61세,상해없음,보행자,여,67세,중상
2015071800100384,2015년 7월 18일 15시,토요일,대구광역시 북구 대현동,중상사고,0,2,3,0,차대차 - 기타,안전거리미확보,건조,맑음,단일로 - 기타,승용,남,31세,상해없음,승합,남,50세,상해없음
2015071800100385,2015년 7월 18일 15시,토요일,대구광역시 달서구 성당동,부상신고사고,0,0,0,1,차대차 - 기타,안전운전불이행,건조,맑음,교차로 - 교차로부근,자전거,남,59세,부상신고,승용,남,27세,상해없음
2015071800100415,2015년 7월 18일 16시,토요일,대구광역시 동구 봉무동,경상사고,0,0,1,0,차대사람 - 기타,안전운전불이행,건조,맑음,기타 - 기타,승용,남,33세,상해없음,보행자,남,66세,경상
2015071800100416,2015년 7월 18일 16시,토요일,대구광역시 서구 내당동,경상사고,0,0,1,0,차대차 - 기타,안전운전불이행,건조,맑음,교차로 - 교차로안,이륜,남,77세,경상,승용,남,55세,상해없음
2015071800100417,2015년 7월 18일 16시,토요일,대구광역시 중구 공평동,경상사고,0,0,1,0,차량단독 - 기타,안전운전불이행,습기,비,교차로 - 교차로안,승합,남,53세,상해없음,,,,
2015071800100451,2015년 7월 18일 17시,토요일,대구광역시 동구 신천동,경상사고,0,0,1,0,차대차 - 측면직각충돌,안전운전불이행,건조,맑음,교차로 - 교차로안,승용,여,37세,상해없음,이륜,남,35세,경상
2015071800100452,2015년 7월 18일 17시,토요일,대구광역시 달서구 대곡동,경상사고,0,0,1,0,차대차 - 측면직각충돌,안전거리미확보,건조,맑음,단일로 - 기타,승용,남,41세,상해없음,원동기,남,27세,경상
2015071800100453,2015년 7월 18일 17시,토요일,대구광역시 달서구 용산동,중상사고,0,1,2,0,차대차 - 기타,안전거리미확보,건조,맑음,단일로 - 기타,승합,남,50세,상해없음,승용,남,54세,경상
2015071800100484,2015년 7월 18일 18시,토요일,대구광역시 중구 계산동2가,경상사고,0,0,1,1,차대차 - 기타,안전거리미확보,건조,맑음,단일로 - 기타,승용,여,63세,상해없음,승합,여,60세,부상신고
2015071800100552,2015년 7월 18일 20시,토요일,대구광역시 달성군 가창면,경상사고,0,0,4,0,차대차 - 추돌 - 주정차중,안전운전불이행,건조,맑음,교차로 - 교차로안,승용,여,33세,상해없음,승용,남,53세,경상
2015071800100553,2015년 7월 18일 20시,토요일,대구광역시 달서구 이곡동,경상사고,0,0,5,0,차대차 - 기타,안전운전불이행,건조,맑음,단일로 - 기타,승용,남,55세,상해없음,승용,남,35세,경상
2015071800100586,2015년 7월 18일 21시,토요일,대구광역시 수성구 만촌동,중상사고,0,1,1,0,차대차 - 추돌 - 주정차중,안전운전불이행,건조,맑음,단일로 - 횡단보도부근,승용,남,33세,상해없음,승용,남,33세,경상
2015071800100587,2015년 7월 18일 21시,토요일,대구광역시 달서구 신당동,경상사고,0,0,1,0,차대차 - 기타,안전운전불이행,건조,맑음,교차로 - 교차로안,화물,여,54세,상해없음,자전거,남,33세,경상
2015071800100588,2015년 7월 18일 21시,토요일,대구광역시 북구 구암동,경상사고,0,0,2,0,차대차 - 기타,안전운전불이행,건조,맑음,단일로 - 기타,승용,남,54세,상해없음,승용,남,29세,경상
2015071900100012,2015년 7월 19일 00시,일요일,대구광역시 북구 노원동2가,경상사고,0,0,1,0,차대차 - 기타,안전거리미확보,건조,맑음,교차로 - 교차로부근,승용,남,46세,상해없음,승용,남,33세,경상
2015071900100026,2015년 7월 19일 01시,일요일,대구광역시 동구 율하동,경상사고,0,0,1,0,차대사람 - 길가장자리구역통행중,안전운전불이행,건조,맑음,단일로 - 기타,화물,남,48세,상해없음,보행자,남,37세,경상
2015071900100027,2015년 7월 19일 01시,일요일,대구광역시 달서구 죽전동,중상사고,0,3,3,0,차대차 - 측면직각충돌,신호위반,건조,맑음,교차로 - 교차로안,승용,남,22세,상해없음,승용,남,24세,경상
2015071900100066,2015년 7월 19일 03시,일요일,대구광역시 북구 구암동,경상사고,0,0,1,0,차대차 - 측면직각충돌,안전운전불이행,건조,맑음,교차로 - 교차로부근,승용,남,41세,상해없음,승용,남,33세,경상
2015071900100082,2015년 7월 19일 04시,일요일,대구광역시 달성군 다사읍,중상사고,0,1,0,0,차량단독 - 공작물충돌,안전운전불이행,건조,맑음,교차로 - 교차로안,승용,남,37세,기타불명,,,,
2015071900100108,2015년 7월 19일 06시,일요일,대구광역시 달성군 다사읍,중상사고,0,1,0,0,차대차 - 기타,안전운전불이행,건조,맑음,단일로 - 기타,승용,남,35세,상해없음,승용,남,56세,중상
2015071900100109,2015년 7월 19일 06시,일요일,대구광역시 달서구 성당동,경상사고,0,0,1,0,차대사람 - 기타,안전운전불이행,건조,맑음,단일로 - 기타,승용,남,45세,상해없음,보행자,남,46세,경상
2015071900100120,2015년 7월 19일 07시,일요일,대구광역시 달서구 월성동,경상사고,0,0,1,0,차대차 - 측면직각충돌,교차로운행방법위반,건조,맑음,단일로 - 기타,화물,남,56세,상해없음,승용,남,58세,경상
2015071900100142,2015년 7월 19일 08시,일요일,대구광역시 수성구 신매동,경상사고,0,0,1,0,차대차 - 기타,안전거리미확보,건조,맑음,교차로 - 교차로부근,승용,남,47세,상해없음,특수,남,33세,경상
2015071900100143,2015년 7월 19일 08시,일요일,대구광역시 북구 동변동,중상사고,0,1,0,0,차대차 - 기타,안전운전불이행,건조,맑음,기타 - 기타,건설기계,남,62세,상해없음,이륜,남,56세,중상
2015071900100159,2015년 7월 19일 09시,일요일,대구광역시 달서구 두류동,경상사고,0,0,1,0,차대사람 - 횡단중,보행자보호의무위반,건조,맑음,교차로 - 교차로안,자전거,남,67세,상해없음,보행자,여,74세,경상
2015071900100177,2015년 7월 19일 10시,일요일,대구광역시 달성군 가창면,중상사고,0,1,0,0,차대사람 - 횡단중,안전운전불이행,건조,맑음,단일로 - 기타,승용,남,71세,상해없음,보행자,여,78세,중상
2015071900100178,2015년 7월 19일 10시,일요일,대구광역시 서구 이현동,경상사고,0,0,2,0,차대차 - 추돌 - 주정차중,안전거리미확보,건조,맑음,단일로 - 기타,승용,남,60세,상해없음,화물,남,56세,경상
2015071900100201,2015년 7월 19일 11시,일요일,대구광역시 달서구 호림동,경상사고,0,0,3,0,차대차 - 추돌 - 진행중,안전운전불이행,건조,맑음,교차로 - 교차로안,승용,남,66세,상해없음,승용,여,58세,경상
2015071900100257,2015년 7월 19일 13시,일요일,대구광역시 달서구 상인동,부상신고사고,0,0,0,1,차대차 - 기타,안전운전불이행,습기,맑음,단일로 - 기타,자전거,남,12세,부상신고,승용,남,29세,상해없음
2015071900100258,2015년 7월 19일 13시,일요일,대구광역시 중구 공평동,경상사고,0,0,1,0,차대차 - 기타,안전운전불이행,건조,맑음,교차로 - 교차로안,자전거,여,56세,경상,승용,남,25세,상해없음
2015071900100288,2015년 7월 19일 14시,일요일,대구광역시 북구 대현동,경상사고,0,0,1,0,차대사람 - 횡단중,안전운전불이행,건조,맑음,단일로 - 기타,원동기,남,51세,상해없음,보행자,여,6세,경상
2015071900100289,2015년 7월 19일 14시,일요일,대구광역시 중구 대신동,중상사고,0,1,0,0,차대사람 - 길가장자리구역통행중,안전운전불이행,건조,맑음,단일로 - 기타,승용,남,40세,상해없음,보행자,남,70세,중상
2015071900100327,2015년 7월 19일 15시,일요일,대구광역시 북구 팔달동,중상사고,0,1,0,0,차량단독 - 기타,안전운전불이행,건조,맑음,단일로 - 기타,이륜,남,55세,중상,,,,