사고번호,사고일시,요일,시군구,사고내용,사망자수,중상자수,경상자수,부상신고자수,사고유형,법규위반,노면상태,기상상태,도로형태,가해운전자 차종,가해운전자 성별,가해운전자 연령,가해운전자 상해정도,피해운전자 차종,피해운전자 성별,피해운전자 연령,피해운전자 상해정도
2015072200100451,2015년 7월 22일 16시,수요일,대구광역시 서구 비산동,중상사고,0,1,0,0,차대차 - 기타,안전운전불이행,건조,맑음,단일로 - 기타,승용,남,71세,상해없음,이륜,남,46세,중상
2015072200100452,2015년 7월 22일 16시,수요일,대구광역시 달서구 이곡동,중상사고,0,1,0,0,차대차 - 정면충돌,신호위반,건조,맑음,교차로 - 교차로안,승용,남,50세,상해없음,승용,남,45세,중상
2015072200100489,2015년 7월 22일 17시,수요일,대구광역시 수성구 만촌동,중상사고,0,1,0,0,차대차 - 기타,안전거리미확보,건조,맑음,교차로 - 교차로부근,이륜,남,32세,상해없음,승용,여,40세,중상
2015072200100490,2015년 7월 22일 17시,수요일,대구광역시 달서구 상인동,경상사고,0,0,1,0,차대차 - 측면직각충돌,안전거리미확보,건조,맑음,교차로 - 교차로부근,승합,남,79세,상해없음,승용,남,24세,경상
2015072200100491,2015년 7월 22일 17시,수요일,대구광역시 달성군 다사읍,경상사고,0,0,3,0,차대차 - 측면직각충돌,안전거리미확보,건조,맑음,교차로 - 교차로안,승용,남,38세,경상,승합,남,64세,경상
2015072200100492,2015년 7월 22일 17시,수요일,대구광역시 달서구 성당동,경상사고,0,0,1,0,차대차 - 기타,안전운전불이행,건조,맑음,교차로 - 교차로부근,승용,여,38세,기타불명,승용,남,37세,경상
2015072200100540,2015년 7월 22일 18시,수요일,대구광역시 수성구 만촌동,경상사고,0,0,1,0,차대차 - 측면직각충돌,안전운전불이행,건조,맑음,단일로 - 횡단보도상,승용,남,51세,상해없음,자전거,남,16세,경상
2015072200100541,2015년 7월 22일 18시,수요일,대구광역시 서구 내당동,경상사고,0,0,1,0,차대차 - 측면직각충돌,신호위반,건조,맑음,단일로 - 기타,승용,여,33세,상해없음,이륜,남,35세,경상
2015072200100542,2015년 7월 22일 18시,수요일,대구광역시 서구 비산동,경상사고,0,0,1,0,차대사람 - 보도통행중,보행자보호의무위반,건조,맑음,교차로 - 교차로부근,화물,남,61세,상해없음,보행자,남,67세,경상
2015072200100543,2015년 7월 22일 18시,수요일,대구광역시 중구 동문동,중상사고,0,1,0,0,차대사람 - 횡단중,보행자보호의무위반,건조,맑음,교차로 - 교차로부근,승용,여,28세,상해없음,보행자,남,75세,중상
2015072200100544,2015년 7월 22일 18시,수요일,대구광역시 중구 동인동2가,중상사고,0,1,0,0,차대사람 - 보도통행중,기타,건조,맑음,단일로 - 기타,승용,남,59세,상해없음,보행자,남,51세,중상
2015072200100573,2015년 7월 22일 19시,수요일,대구광역시 남구 봉덕동,경상사고,0,0,1,0,차대사람 - 기타,안전운전불이행,건조,맑음,단일로 - 기타,승합,남,71세,상해없음,보행자,여,15세,경상
2015072200100574,2015년 7월 22일 19시,수요일,대구광역시 남구 봉덕동,경상사고,0,0,1,0,차량단독 - 전도전복,안전운전불이행,건조,맑음,교차로 - 교차로부근,자전거,남,72세,경상,,,,
2015072200100575,2015년 7월 22일 19시,수요일,대구광역시 달성군 화원읍,중상사고,0,1,0,0,차대차 - 측면직각충돌,불법유턴,건조,맑음,단일로 - 횡단보도상,자전거,남,88세,중상,승용,여,38세,상해없음
2015072200100576,2015년 7월 22일 19시,수요일,대구광역시 서구 평리동,경상사고,0,0,1,0,차대차 - 기타,안전운전불이행,건조,맑음,단일로 - 기타,화물,남,55세,상해없음,원동기,남,17세,경상
2015072200100577,2015년 7월 22일 19시,수요일,대구광역시 중구 달성동,부상신고사고,0,0,0,1,차대사람 - 길가장자리구역통행중,안전운전불이행,건조,맑음,단일로 - 기타,승용,남,44세,상해없음,보행자,남,59세,부상신고
2015072200100607,2015년 7월 22일 20시,수요일,대구광역시 달서구 상인동,경상사고,0,0,1,0,차대차 - 측면직각충돌,안전운전불이행,건조,맑음,단일로 - 기타,이륜,남,41세,경상,승용,여,40세,상해없음
2015072200100608,2015년 7월 22일 20시,수요일,대구광역시 달서구 송현동,경상사고,0,0,2,0,차대차 - 추돌 - 주정차중,안전운전불이행,건조,맑음,단일로 - 기타,승용,남,61세,상해없음,승용,남,61세,경상
2015072200100638,2015년 7월 22일 21시,수요일,대구광역시 달서구 장동,경상사고,0,0,1,0,차대차 - 추돌 - 주정차중,안전운전불이행,건조,맑음,단일로 - 기타,승용,남,27세,상해없음,승용,여,49세,경상
2015072200100673,2015년 7월 22일 22시,수요일,대구광역시 달서구 본동,경상사고,0,0,2,0,차대차 - 기타,차로위반,건조,맑음,교차로 - 교차로부근,승용,여,53세,상해없음,이륜,남,17세,경상
2015072200100707,2015년 7월 22일 23시,수요일,대구광역시 북구 침산동,중상사고,0,1,0,0,차대차 - 기타,안전운전불이행,건조,맑음,단일로 - 기타,자전거,남,45세,상해없음,자전거,남,28세,중상
2015072200100708,2015년 7월 22일 23시,수요일,대구광역시 달서구 용산동,경상사고,0,0,2,0,차대차 - 측면직각충돌,안전거리미확보,건조,맑음,단일로 - 기타,승용,남,68세,상해없음,이륜,남,40세,경상
2015072300100013,2015년 7월 23일 00시,목요일,대구광역시 북구 침산동,중상사고,0,1,0,0,차대차 - 추돌 - 주정차중,안전운전불이행,건조,맑음,교차로 - 교차로부근,승용,남,34세,상해없음,승용,남,50세,중상
2015072300100034,2015년 7월 23일 01시,목요일,대구광역시 수성구 황금동,경상사고,0,0,2,0,차대차 - 추돌 - 진행중,안전운전불이행,건조,맑음,교차로 - 교차로부근,승용,남,29세,상해없음,승용,남,29세,경상
2015072300100035,2015년 7월 23일 01시,목요일,대구광역시 북구 읍내동,경상사고,0,0,1,0,차대사람 - 기타,기타,건조,맑음,단일로 - 기타,승용,남,69세,상해없음,보행자,여,34세,경상
2015072300100058,2015년 7월 23일 04시,목요일,대구광역시 중구 대신동,중상사고,0,2,4,0,차대차 - 측면직각충돌,신호위반,건조,맑음,교차로 - 교차로안,승용,남,22세,상해없음,승용,남,43세,경상
2015072300100097,2015년 7월 23일 07시,목요일,대구광역시 달성군 다사읍,경상사고,0,0,1,0,차대차 - 측면직각충돌,신호위반,건조,맑음,교차로 - 교차로안,화물,남,29세,상해없음,이륜,남,19세,경상
2015072300100164,2015년 7월 23일 09시,목요일,대구광역시 서구 비산동,중상사고,0,1,0,0,차대차 - 측면직각충돌,안전운전불이행,습기,비,교차로 - 교차로안,화물,남,48세,상해없음,자전거,여,56세,중상
2015072300100165,2015년 7월 23일 09시,목요일,대구광역시 서구 비산동,중상사고,0,1,0,0,차대사람 - 차도통행중,안전운전불이행,습기,비,단일로 - 기타,승용,남,42세,상해없음,보행자,여,77세,중상
2015072300100200,2015년 7월 23일 10시,목요일,대구광역시 수성구 대흥동,중상사고,0,1,1,0,차대차 - 측면직각충돌,신호위반,습기,비,교차로 - 교차로안,승용,여,43세,상해없음,승용,여,40세,중상
2015072300100201,2015년 7월 23일 10시,목요일,대구광역시 북구 노원동2가,중상사고,0,1,0,0,차대사람 - 기타,안전운전불이행,건조,맑음,단일로 - 기타,이륜,남,47세,상해없음,보행자,남,79세,중상
2015072300100202,2015년 7월 23일 10시,목요일,대구광역시 북구 구암동,경상사고,0,0,1,0,차대차 - 기타,안전운전불이행,건조,흐림,기타 - 기타,승용,남,32세,상해없음,승용,남,42세,경상
2015072300100232,2015년 7월 23일 11시,목요일,대구광역시 달서구 파호동,경상사고,0,0,1,0,차대차 - 추돌 - 진행중,안전운전불이행,습기,흐림,단일로 - 기타,승용,여,69세,상해없음,승합,남,56세,경상
2015072300100270,2015년 7월 23일 12시,목요일,대구광역시 중구 태평로3가,부상신고사고,0,0,0,1,차대차 - 추돌 - 진행중,안전운전불이행,건조,맑음,단일로 - 기타,이륜,남,72세,부상신고,화물,남,41세,상해없음
2015072300100313,2015년 7월 23일 13시,목요일,대구광역시 수성구 황금동,중상사고,0,1,0,0,차대차 - 측면직각충돌,직진우회전진행방해,건조,맑음,단일로 - 기타,화물,남,32세,상해없음,승용,남,67세,중상
2015072300100344,2015년 7월 23일 14시,목요일,대구광역시 남구 대명동,부상신고사고,0,0,0,1,차대차 - 기타,안전운전불이행,건조,맑음,단일로 - 기타,이륜,남,54세,부상신고,승용,여,55세,상해없음
2015072300100345,2015년 7월 23일 14시,목요일,대구광역시 남구 대명동,경상사고,0,0,1,0,차대사람 - 횡단중,안전운전불이행,건조,맑음,교차로 - 교차로안,승용,남,55세,상해없음,보행자,남,57세,경상
2015072300100346,2015년 7월 23일 14시,목요일,대구광역시 수성구 범어동,경상사고,0,0,2,0,차대차 - 추돌 - 진행중,안전거리미확보,건조,맑음,단일로 - 기타,승용,남,71세,상해없음,승용,남,67세,경상
2015072300100347,2015년 7월 23일 14시,목요일,대구광역시 달서구 진천동,중상사고,0,1,0,0,차대차 - 기타,교차로운행방법위반,건조,맑음,단일로 - 기타,승용,남,71세,상해없음,자전거,남,14세,중상
2015072300100388,2015년 7월 23일 15시,목요일,대구광역시 수성구 욱수동,중상사고,0,2,1,0,차량단독 - 공작물충돌,안전운전불이행,건조,맑음,단일로 - 기타,승합,남,68세,경상,,,,
2015072300100389,2015년 7월 23일 15시,목요일,대구광역시 북구 국우동,중상사고,0,1,0,0,차대차 - 측면직각충돌,교차로운행방법위반,건조,맑음,교차로 - 교차로안,승용,여,34세,상해없음,원동기,여,48세,중상
2015072300100426,2015년 7월 23일 16시,목요일,대구광역시 북구 검단동,중상사고,0,1,0,0,차대사람 - 기타,안전운전불이행,건조,맑음,교차로 - 교차로부근,승합,남,66세,상해없음,보행자,남,76세,중상
2015072300100427,2015년 7월 23일 16시,목요일,대구광역시 달서구 신당동,경상사고,0,0,1,0,차대차 - 기타,차로위반,습기,흐림,교차로 - 교차로부근,승용,여,24세,상해없음,화물,남,35세,경상
2015072300100470,2015년 7월 23일 17시,목요일,대구광역시 동구 신서동,중상사고,0,1,2,1,차대차 - 측면직각충돌,교차로운행방법위반,건조,맑음,교차로 - 교차로안,승용,여,36세,부상신고,승용,여,35세,중상
2015072300100471,2015년 7월 23일 17시,목요일,대구광역시 수성구 고모동,경상사고,0,0,1,0,차대차 - 추돌 - 진행중,안전운전불이행,건조,맑음,교차로 - 교차로부근,승용,남,47세,상해없음,승용,여,41세,경상
2015072300100472,2015년 7월 23일 17시,목요일,대구광역시 달서구 감삼동,중상사고,0,1,0,0,차대차 - 추돌 - 주정차중,안전거리미확보,건조,맑음,교차로 - 교차로안,승용,남,54세,상해없음,이륜,남,42세,중상
2015072300100514,2015년 7월 23일 18시,목요일,대구광역시 남구 대명동,경상사고,0,0,1,0,차대차 - 측면직각충돌,차로위반,건조,맑음,교차로 - 교차로부근,승용,남,47세,상해없음,원동기,남,41세,경상
2015072300100515,2015년 7월 23일 18시,목요일,대구광역시 동구 서호동,경상사고,0,0,2,0,차대차 - 기타,직진우회전진행방해,건조,맑음,교차로 - 교차로안,승용,남,23세,상해없음,화물,남,38세,경상
2015072300100516,2015년 7월 23일 18시,목요일,대구광역시 달서구 월성동,경상사고,0,0,1,1,차대차 - 기타,교차로운행방법위반,건조,맑음,교차로 - 교차로부근,승용,여,39세,상해없음,이륜,남,16세,경상
2015072300100554,2015년 7월 23일 19시,목요일,대구광역시 달서구 상인동,경상사고,0,0,3,0,차대차 - 측면직각충돌,신호위반,건조,맑음,교차로 - 교차로안,승용,남,57세,상해없음,승용,남,23세,경상
2015072300100555,2015년 7월 23일 19시,목요일,대구광역시 북구 노원동3가,경상사고,0,0,3,0,차대차 - 추돌 - 주정차중,안전운전불이행,건조,맑음,단일로 - 기타,승용,남,65세,상해없음,승용,남,23세,경상
2015072300100556,2015년 7월 23일 19시,목요일,대구광역시 북구 복현동,경상사고,0,0,5,0,차대차 - 추돌 - 주정차중,안전거리미확보,건조,맑음,단일로 - 기타,승용,남,43세,경상,승용,여,58세,상해없음
2015072300100557,2015년 7월 23일 19시,목요일,대구광역시 달서구 죽전동,경상사고,0,0,2,0,차대차 - 추돌 - 주정차중,안전거리미확보,건조,맑음,교차로 - 교차로부근,화물,남,37세,상해없음,화물,남,68세,경상
2015072300100649,2015년 7월 23일 21시,목요일,대구광역시 동구 검사동,경상사고,0,0,1,0,차대사람 - 기타,안전운전불이행,건조,맑음,단일로 - 기타,화물,남,72세,기타불명,보행자,남,50세,경상
2015072300100650,2015년 7월 23일 21시,목요일,대구광역시 북구 복현동,부상신고사고,0,0,0,1,차대차 - 기타,안전거리미확보,건조,맑음,단일로 - 기타,원동기,남,39세,부상신고,승용,여,40세,상해없음
2015072300100703,2015년 7월 23일 22시,목요일,대구광역시 수성구 범어동,경상사고,0,0,2,0,차대차 - 추돌 - 주정차중,안전운전불이행,습기,비,단일로 - 횡단보도부근,승용,남,42세,상해없음,승용,남,33세,경상
2015072300100704,2015년 7월 23일 22시,목요일,대구광역시 수성구 지산동,중상사고,0,1,0,0,차대차 - 측면직각충돌,안전운전불이행,건조,맑음,교차로 - 교차로부근,승용,여,64세,상해없음,자전거,남,25세,중상
2015072300100705,2015년 7월 23일 22시,목요일,대구광역시 북구 대현동,경상사고,0,0,1,0,차대차 - 추돌 - 주정차중,안전운전불이행,건조,맑음,교차로 - 교차로안,승용,남,55세,상해없음,승용,남,64세,경상
2015072400100035,2015년 7월 24일 00시,금요일,대구광역시 달서구 월성동,중상사고,0,1,0,0,차대사람 - 횡단중,안전운전불이행,건조,맑음,교차로 - 교차로안,승용,남,25세,상해없음,보행자,남,15세,중상
2015072400100059,2015년 7월 24일 01시,금요일,대구광역시 북구 동천동,부상신고사고,0,0,0,1,차대차 - 측면직각충돌,안전운전불이행,건조,맑음,단일로 - 교량,승용,남,32세,상해없음,원동기,남,58세,부상신고
2015072400100095,2015년 7월 24일 03시,금요일,대구광역시 남구 대명동,중상사고,0,1,0,0,차대사람 - 기타,안전운전불이행,건조,맑음,단일로 - 기타,기타불명,기타불명,기타불명,기타불명,보행자,남,43세,중상
2015072400100136,2015년 7월 24일 06시,금요일,대구광역시 달서구 이곡동,경상사고,0,0,2,0,차대차 - 추돌 - 진행중,안전거리미확보,건조,맑음,단일로 - 기타,화물,남,55세,상해없음,승용,남,56세,경상
2015072400100155,2015년 7월 24일 07시,금요일,대구광역시 남구 봉덕동,경상사고,0,0,1,0,차대차 - 기타,안전운전불이행,건조,맑음,교차로 - 교차로안,승용,남,54세,상해없음,자전거,남,17세,경상
2015072400100156,2015년 7월 24일 07시,금요일,대구광역시 서구 비산동,부상신고사고,0,0,0,1,차대차 - 측면직각충돌,안전운전불이행,건조,맑음,단일로 - 기타,자전거,여,55세,부상신고,승용,남,65세,상해없음
2015072400100231,2015년 7월 24일 09시,금요일,대구광역시 남구 대명동,경상사고,0,0,1,0,차대차 - 기타,신호위반,건조,맑음,단일로 - 기타,승용,기타불명,기타불명,기타불명,자전거,남,10세,경상
2015072400100232,2015년 7월 24일 09시,금요일,대구광역시 수성구 만촌동,경상사고,0,0,2,0,차대차 - 측면직각충돌,신호위반,건조,흐림,교차로 - 교차로안,승용,여,63세,경상,승용,여,43세,경상
2015072400100233,2015년 7월 24일 09시,금요일,대구광역시 수성구 범어동,중상사고,0,1,0,0,차대차 - 측면직각충돌,안전운전불이행,건조,맑음,단일로 - 기타,승용,여,55세,상해없음,자전거,여,56세,중상
2015072400100234,2015년 7월 24일 09시,금요일,대구광역시 달성군 화원읍,중상사고,0,1,0,0,차대차 - 추돌 - 진행중,안전거리미확보,건조,맑음,단일로 - 기타,승용,남,66세,상해없음,이륜,남,69세,중상
2015072400100235,2015년 7월 24일 09시,금요일,대구광역시 북구 산격동,경상사고,0,0,3,0,차대차 - 기타,신호위반,건조,맑음,교차로 - 교차로안,승용,남,51세,상해없음,승용,여,37세,경상
2015072400100266,2015년 7월 24일 10시,금요일,대구광역시 달서구 본동,경상사고,0,0,1,0,차대차 - 기타,안전운전불이행,건조,맑음,단일로 - 기타,화물,남,54세,상해없음,승용,남,29세,경상
2015072400100267,2015년 7월 24일 10시,금요일,대구광역시 달서구 두류동,경상사고,0,0,1,0,차대차 - 측면직각충돌,안전운전불이행,건조,맑음,교차로 - 교차로안,승용,남,58세,상해없음,이륜,여,45세,경상
2015072400100313,2015년 7월 24일 11시,금요일,대구광역시 북구 동천동,경상사고,0,0,1,0,차대차 - 측면직각충돌,안전운전불이행,건조,맑음,단일로 - 기타,화물,남,42세,상해없음,원동기,남,19세,경상
2015072400100343,2015년 7월 24일 12시,금요일,대구광역시 동구 봉무동,중상사고,0,1,0,0,차대차 - 기타,신호위반,건조,맑음,교차로 - 교차로안,승용,남,52세,상해없음,승용,남,65세,중상
2015072400100376,2015년 7월 24일 13시,금요일,대구광역시 수성구 만촌동,중상사고,0,1,0,0,차대사람 - 횡단중,안전운전불이행,건조,맑음,단일로 - 기타,자전거,남,67세,상해없음,보행자,여,64세,중상
2015072400100377,2015년 7월 24일 13시,금요일,대구광역시 북구 읍내동,사망사고,1,2,0,0,차대차 - 측면직각충돌,중앙선침범,건조,맑음,단일로 - 기타,승용,여,56세,중상,승용,남,50세,중상
2015072400100411,2015년 7월 24일 14시,금요일,대구광역시 남구 봉덕동,중상사고,0,1,0,0,차대차 - 측면직각충돌,안전운전불이행,건조,맑음,교차로 - 교차로부근,승용,남,77세,상해없음,승용,남,63세,중상
2015072400100412,2015년 7월 24일 14시,금요일,대구광역시 북구 태전동,중상사고,0,1,0,0,차대차 - 기타,안전운전불이행,건조,맑음,단일로 - 기타,승용,여,34세,상해없음,자전거,남,18세,중상
2015072400100413,2015년 7월 24일 14시,금요일,대구광역시 북구 태전동,경상사고,0,0,1,0,차대차 - 정면충돌,직진우회전진행방해,건조,맑음,교차로 - 교차로안,승용,남,29세,상해없음,이륜,여,42세,경상
2015072400100457,2015년 7월 24일 15시,금요일,대구광역시 달서구 송현동,경상사고,0,0,1,0,차대사람 - 차도통행중,안전운전불이행,건조,맑음,단일로 - 기타,승용,여,34세,상해없음,보행자,남,62세,경상
2015072400100458,2015년 7월 24일 15시,금요일,대구광역시 달성군 다사읍,경상사고,0,0,1,0,차대차 - 기타,안전운전불이행,건조,맑음,교차로 - 교차로부근,승합,남,62세,상해없음,자전거,남,45세,경상
2015072400100459,2015년 7월 24일 15시,금요일,대구광역시 중구 봉산동,경상사고,0,0,1,0,차대차 - 추돌 - 주정차중,안전운전불이행,건조,맑음,단일로 - 기타,승용,남,33세,상해없음,승용,여,58세,경상
2015072400100493,2015년 7월 24일 16시,금요일,대구광역시 동구 신천동,중상사고,0,1,0,0,차대차 - 기타,안전운전불이행,건조,맑음,단일로 - 횡단보도상,승용,남,70세,상해없음,자전거,남,74세,중상
2015072400100494,2015년 7월 24일 16시,금요일,대구광역시 북구 국우동,경상사고,0,0,1,0,차대차 - 기타,안전운전불이행,건조,맑음,기타 - 기타,승용,남,73세,상해없음,승용,여,54세,경상
2015072400100531,2015년 7월 24일 17시,금요일,대구광역시 남구 대명동,중상사고,0,1,0,0,차대차 - 측면직각충돌,교차로운행방법위반,건조,맑음,교차로 - 교차로안,승용,남,40세,상해없음,자전거,남,16세,중상
2015072400100532,2015년 7월 24일 17시,금요일,대구광역시 북구 노원동1가,중상사고,0,1,0,0,차대사람 - 횡단중,신호위반,건조,맑음,단일로 - 기타,화물,남,55세,상해없음,보행자,여,61세,중상
2015072400100533,2015년 7월 24일 17시,금요일,대구광역시 중구 삼덕동2가,경상사고,0,0,2,0,차대차 - 측면직각충돌,직진우회전진행방해,건조,맑음,교차로 - 교차로안,승용,여,69세,상해없음,승용,여,43세,경상
2015072400100534,2015년 7월 24일 17시,금요일,대구광역시 북구 태전동,경상사고,0,0,2,0,차대차 - 측면직각충돌,안전운전불이행,건조,맑음,단일로 - 기타,승용,남,44세,상해없음,승용,남,58세,경상
2015072400100570,2015년 7월 24일 18시,금요일,대구광역시 달성군 화원읍,중상사고,0,1,0,0,차대차 - 측면직각충돌,중앙선침범,건조,맑음,교차로 - 교차로부근,승용,남,30세,상해없음,이륜,남,39세,중상
2015072400100571,2015년 7월 24일 18시,금요일,대구광역시 달서구 두류동,경상사고,0,0,1,0,차대차 - 측면직각충돌,기타,건조,맑음,단일로 - 기타,승용,남,48세,상해없음,자전거,여,32세,경상
2015072400100572,2015년 7월 24일 18시,금요일,대구광역시 달서구 감삼동,경상사고,0,0,1,0,차대사람 - 기타,안전운전불이행,건조,맑음,기타 - 기타,기타불명,남,60세,상해없음,보행자,여,80세,경상
2015072400100602,2015년 7월 24일 19시,금요일,대구광역시 동구 각산동,중상사고,0,2,1,0,차대차 - 측면직각충돌,신호위반,건조,맑음,교차로 - 교차로안,승용,남,56세,경상,화물,남,28세,중상
2015072400100603,2015년 7월 24일 19시,금요일,대구광역시 동구 효목동,부상신고사고,0,0,0,1,차대차 - 기타,안전거리미확보,건조,맑음,교차로 - 교차로부근,원동기,남,21세,부상신고,승용,남,26세,상해없음
2015072400100604,2015년 7월 24일 19시,금요일,대구광역시 달서구 월성동,경상사고,0,0,1,0,차대차 - 측면직각충돌,안전운전불이행,건조,맑음,단일로 - 기타,이륜,남,18세,상해없음,자전거,여,13세,경상
2015072400100605,2015년 7월 24일 19시,금요일,대구광역시 서구 내당동,중상사고,0,1,0,0,차대사람 - 기타,안전운전불이행,건조,맑음,단일로 - 기타,승용,여,24세,상해없음,보행자,여,57세,중상
2015072400100654,2015년 7월 24일 20시,금요일,대구광역시 동구 각산동,경상사고,0,0,1,0,차대차 - 기타,신호위반,건조,맑음,교차로 - 교차로안,이륜,남,68세,상해없음,승용,남,46세,경상
2015072400100655,2015년 7월 24일 20시,금요일,대구광역시 수성구 범어동,경상사고,0,0,1,0,차대차 - 추돌 - 주정차중,안전운전불이행,건조,맑음,단일로 - 기타,승용,남,33세,상해없음,승용,여,38세,경상
2015072400100656,2015년 7월 24일 20시,금요일,대구광역시 달성군 다사읍,중상사고,0,1,0,0,차대차 - 측면직각충돌,안전운전불이행,건조,맑음,교차로 - 교차로안,승용,남,49세,상해없음,이륜,남,56세,중상
2015072400100737,2015년 7월 24일 22시,금요일,대구광역시 달성군 화원읍,경상사고,0,0,3,0,차대차 - 측면직각충돌,안전운전불이행,건조,맑음,단일로 - 기타,이륜,남,19세,경상,승용,남,24세,경상
2015072400100738,2015년 7월 24일 22시,금요일,대구광역시 서구 평리동,경상사고,0,0,1,0,차대차 - 추돌 - 진행중,안전거리미확보,건조,맑음,단일로 - 기타,승용,남,40세,상해없음,승용,남,31세,경상
2015072400100739,2015년 7월 24일 22시,금요일,대구광역시 중구 대안동,경상사고,0,0,2,0,차대차 - 측면직각충돌,안전거리미확보,건조,맑음,단일로 - 기타,승용,여,25세,상해없음,승용,남,53세,경상
2015072400100740,2015년 7월 24일 22시,금요일,대구광역시 중구 태평로3가,중상사고,0,1,0,0,차대사람 - 기타,안전운전불이행,건조,맑음,단일로 - 기타,기타불명,기타불명,기타불명,기타불명,보행자,남,58세,중상
2015072400100741,2015년 7월 24일 22시,금요일,대구광역시 달서구 성당동,경상사고,0,0,1,0,차대사람 - 횡단중,안전운전불이행,건조,흐림,단일로 - 기타,승용,여,48세,상해없음,보행자,남,43세,경상
2015072400100742,2015년 7월 24일 22시,금요일,대구광역시 북구 구암동,경상사고,0,0,2,0,차대차 - 측면직각충돌,신호위반,건조,맑음,교차로 - 교차로안,승용,남,53세,상해없음,승용,남,60세,경상
2015072400100774,2015년 7월 24일 23시,금요일,대구광역시 수성구 상동,경상사고,0,0,1,0,차대차 - 측면직각충돌,안전운전불이행,건조,맑음,단일로 - 기타,승용,남,49세,상해없음,원동기,남,55세,경상
2015072400100775,2015년 7월 24일 23시,금요일,대구광역시 서구 내당동,경상사고,0,0,2,0,차대차 - 기타,안전거리미확보,건조,맑음,단일로 - 기타,이륜,남,42세,기타불명,승용,남,51세,경상
2015072400100776,2015년 7월 24일 23시,금요일,대구광역시 중구 동산동,중상사고,0,1,0,1,차대차 - 추돌 - 주정차중,안전운전불이행,건조,맑음,단일로 - 기타,승용,남,32세,상해없음,승용,여,66세,중상
2015072500100021,2015년 7월 25일 00시,토요일,대구광역시 북구 산격동,사망사고,1,0,0,0,차대사람 - 횡단중,신호위반,건조,맑음,단일로 - 횡단보도상,승용,남,25세,상해없음,보행자,남,26세,사망
2015072500100022,2015년 7월 25일 00시,토요일,대구광역시 북구 읍내동,경상사고,0,0,1,0,차대차 - 기타,안전운전불이행,건조,맑음,단일로 - 기타,승용,남,55세,상해없음,승용,남,31세,경상
2015072500100059,2015년 7월 25일 01시,토요일,대구광역시 수성구 이천동,경상사고,0,0,5,0,차대차 - 추돌 - 주정차중,안전운전불이행,건조,맑음,단일로 - 기타,승용,남,31세,상해없음,승용,남,55세,경상
2015072500100060,2015년 7월 25일 01시,토요일,대구광역시 달성군 논공읍,중상사고,0,1,0,0,차량단독 - 공작물충돌,안전운전불이행,건조,맑음,교차로 - 교차로부근,승용,남,62세,중상,,,,
2015072500100061,2015년 7월 25일 01시,토요일,대구광역시 북구 노원동2가,사망사고,1,0,0,0,차대차 - 추돌 - 주정차중,안전운전불이행,건조,맑음,단일로 - 기타,이륜,남,16세,사망,승용,남,49세,기타불명
2015072500100083,2015년 7월 25일 02시,토요일,대구광역시 수성구 범어동,중상사고,0,1,0,0,차대차 - 추돌 - 진행중,안전거리미확보,건조,맑음,단일로 - 기타,승용,남,23세,상해없음,승용,남,56세,중상
2015072500100084,2015년 7월 25일 02시,토요일,대구광역시 북구 동천동,경상사고,0,0,3,0,차대차 - 기타,신호위반,건조,흐림,교차로 - 교차로안,승용,남,20세,경상,승용,여,30세,경상
2015072500100099,2015년 7월 25일 03시,토요일,대구광역시 동구 각산동,중상사고,0,1,5,0,차대차 - 기타,안전운전불이행,건조,맑음,단일로 - 기타,승용,남,19세,경상,승용,남,19세,상해없음
2015072500100125,2015년 7월 25일 04시,토요일,대구광역시 수성구 가천동,경상사고,0,0,1,0,차대차 - 추돌 - 주정차중,안전운전불이행,건조,흐림,교차로 - 교차로부근,승용,남,33세,상해없음,승용,남,42세,경상
2015072500100146,2015년 7월 25일 05시,토요일,대구광역시 수성구 시지동,경상사고,0,0,1,0,차대차 - 측면직각충돌,안전운전불이행,건조,맑음,교차로 - 교차로부근,화물,남,53세,상해없음,승용,남,30세,경상
2015072500100147,2015년 7월 25일 05시,토요일,대구광역시 중구 동인동2가,경상사고,0,0,2,0,차대차 - 기타,안전운전불이행,건조,맑음,교차로 - 교차로부근,승용,남,60세,상해없음,승용,남,45세,경상
2015072500100190,2015년 7월 25일 07시,토요일,대구광역시 북구 산격동,경상사고,0,0,1,0,차대차 - 측면직각충돌,교차로운행방법위반,건조,맑음,교차로 - 교차로안,승용,여,63세,상해없음,승용,남,58세,경상
2015072500100191,2015년 7월 25일 07시,토요일,대구광역시 달서구 두류동,중상사고,0,1,0,0,차대차 - 측면직각충돌,교차로운행방법위반,건조,맑음,교차로 - 교차로안,승용,여,58세,상해없음,자전거,남,18세,중상
2015072500100212,2015년 7월 25일 08시,토요일,대구광역시 달서구 월암동,중상사고,0,1,0,0,차대사람 - 기타,안전운전불이행,건조,맑음,교차로 - 교차로부근,승용,여,25세,상해없음,보행자,남,65세,중상
2015072500100213,2015년 7월 25일 08시,토요일,대구광역시 서구 내당동,중상사고,0,1,0,0,차대차 - 측면직각충돌,교차로운행방법위반,건조,맑음,교차로 - 교차로안,화물,남,22세,상해없음,승용,여,50세,중상
2015072500100214,2015년 7월 25일 08시,토요일,대구광역시 중구 동인동4가,부상신고사고,0,0,0,1,차대차 - 측면직각충돌,안전운전불이행,건조,맑음,단일로 - 기타,자전거,남,58세,부상신고,승용,여,68세,상해없음
2015072500100215,2015년 7월 25일 08시,토요일,대구광역시 중구 북성로2가,경상사고,0,0,1,0,차대사람 - 기타,기타,건조,맑음,단일로 - 기타,이륜,여,54세,상해없음,보행자,남,55세,경상