사고번호,사고일시,요일,시군구,사고내용,사망자수,중상자수,경상자수,부상신고자수,사고유형,법규위반,노면상태,기상상태,도로형태,가해운전자 차종,가해운전자 성별,가해운전자 연령,가해운전자 상해정도,피해운전자 차종,피해운전자 성별,피해운전자 연령,피해운전자 상해정도
2015073000100655,2015년 7월 30일 22시,목요일,대구광역시 북구 구암동,경상사고,0,0,1,0,차대차 - 기타,안전운전불이행,건조,맑음,교차로 - 교차로부근,승용,여,64세,경상,승합,남,57세,상해없음
2015073000100683,2015년 7월 30일 23시,목요일,대구광역시 달서구 두류동,중상사고,0,4,1,0,차대차 - 기타,안전운전불이행,건조,맑음,교차로 - 교차로안,승용,남,58세,상해없음,승용,남,20세,중상
2015073100100017,2015년 7월 31일 00시,금요일,대구광역시 수성구 황금동,경상사고,0,0,3,0,차대차 - 기타,안전운전불이행,건조,맑음,교차로 - 교차로부근,승용,남,46세,상해없음,승용,남,42세,경상
2015073100100074,2015년 7월 31일 05시,금요일,대구광역시 달성군 옥포면,경상사고,0,0,1,0,차량단독 - 공작물충돌,안전운전불이행,건조,맑음,단일로 - 기타,이륜,남,17세,경상,,,,
2015073100100083,2015년 7월 31일 06시,금요일,대구광역시 서구 평리동,경상사고,0,0,1,0,차대차 - 기타,안전운전불이행,건조,맑음,단일로 - 기타,자전거,남,39세,경상,원동기,남,63세,상해없음
2015073100100103,2015년 7월 31일 07시,금요일,대구광역시 달서구 대곡동,중상사고,0,1,0,0,차대차 - 기타,안전운전불이행,건조,맑음,단일로 - 기타,승용,남,21세,상해없음,이륜,남,64세,중상
2015073100100157,2015년 7월 31일 09시,금요일,대구광역시 달서구 송현동,경상사고,0,0,1,1,차대차 - 기타,안전운전불이행,건조,맑음,교차로 - 교차로부근,승용,여,32세,상해없음,이륜,남,17세,경상
2015073100100158,2015년 7월 31일 09시,금요일,대구광역시 북구 산격동,중상사고,0,1,0,0,차대차 - 기타,안전거리미확보,건조,맑음,교차로 - 교차로부근,승용,남,47세,상해없음,승용,여,57세,상해없음
2015073100100159,2015년 7월 31일 09시,금요일,대구광역시 북구 산격동,경상사고,0,0,1,0,차대사람 - 기타,보행자보호의무위반,건조,맑음,단일로 - 횡단보도상,승용,남,34세,상해없음,보행자,여,24세,경상
2015073100100160,2015년 7월 31일 09시,금요일,대구광역시 서구 내당동,부상신고사고,0,0,0,1,차대사람 - 기타,기타,건조,맑음,단일로 - 기타,승용,남,62세,상해없음,보행자,여,87세,부상신고
2015073100100194,2015년 7월 31일 10시,금요일,대구광역시 수성구 수성동1가,중상사고,0,1,1,0,차대차 - 측면직각충돌,안전거리미확보,건조,맑음,단일로 - 기타,승용,남,72세,중상,승용,남,57세,경상
2015073100100195,2015년 7월 31일 10시,금요일,대구광역시 달서구 상인동,경상사고,0,0,1,0,차대차 - 측면직각충돌,직진우회전진행방해,건조,맑음,교차로 - 교차로안,화물,남,28세,상해없음,이륜,남,16세,경상
2015073100100231,2015년 7월 31일 11시,금요일,대구광역시 남구 봉덕동,경상사고,0,0,1,0,차대사람 - 횡단중,안전운전불이행,건조,맑음,단일로 - 기타,승용,남,50세,상해없음,보행자,남,5세,경상
2015073100100264,2015년 7월 31일 12시,금요일,대구광역시 수성구 시지동,경상사고,0,0,1,0,차대차 - 기타,안전운전불이행,건조,맑음,단일로 - 횡단보도상,이륜,남,38세,경상,승용,여,28세,상해없음
2015073100100296,2015년 7월 31일 13시,금요일,대구광역시 동구 신천동,경상사고,0,0,1,0,차대차 - 측면직각충돌,중앙선침범,건조,맑음,단일로 - 횡단보도상,이륜,남,23세,경상,승용,여,41세,상해없음
2015073100100297,2015년 7월 31일 13시,금요일,대구광역시 서구 내당동,경상사고,0,0,1,0,차대차 - 기타,차로위반,건조,맑음,단일로 - 기타,승용,여,43세,상해없음,승용,남,48세,경상
2015073100100298,2015년 7월 31일 13시,금요일,대구광역시 달서구 이곡동,부상신고사고,0,0,0,1,차량단독 - 전도전복,안전운전불이행,건조,맑음,기타 - 기타,이륜,남,51세,부상신고,,,,
2015073100100334,2015년 7월 31일 14시,금요일,대구광역시 수성구 범어동,경상사고,0,0,1,0,차대사람 - 기타,기타,건조,맑음,단일로 - 기타,자전거,남,12세,상해없음,보행자,여,78세,경상
2015073100100374,2015년 7월 31일 15시,금요일,대구광역시 서구 비산동,경상사고,0,0,1,0,차대차 - 기타,안전운전불이행,건조,맑음,단일로 - 기타,화물,남,36세,상해없음,승용,여,54세,경상
2015073100100375,2015년 7월 31일 15시,금요일,대구광역시 중구 대봉동,경상사고,0,0,1,0,차대차 - 기타,교차로운행방법위반,건조,맑음,교차로 - 교차로안,승용,여,56세,상해없음,승용,남,45세,경상
2015073100100417,2015년 7월 31일 16시,금요일,대구광역시 북구 칠성동1가,경상사고,0,0,1,0,차대사람 - 차도통행중,안전운전불이행,건조,맑음,단일로 - 기타,승용,여,49세,상해없음,보행자,남,62세,경상
2015073100100467,2015년 7월 31일 17시,금요일,대구광역시 달성군 옥포면,경상사고,0,0,2,0,차대차 - 측면직각충돌,안전운전불이행,건조,맑음,단일로 - 기타,화물,남,63세,상해없음,승용,여,21세,경상
2015073100100468,2015년 7월 31일 17시,금요일,대구광역시 중구 삼덕동3가,경상사고,0,0,1,0,차대차 - 기타,교차로운행방법위반,건조,맑음,교차로 - 교차로안,승용,남,31세,상해없음,자전거,여,59세,경상
2015073100100512,2015년 7월 31일 18시,금요일,대구광역시 동구 중대동,경상사고,0,0,1,0,차대사람 - 기타,안전운전불이행,건조,맑음,단일로 - 기타,승용,남,46세,상해없음,보행자,여,21세,경상
2015073100100559,2015년 7월 31일 19시,금요일,대구광역시 동구 신기동,중상사고,0,1,0,0,차대사람 - 횡단중,보행자보호의무위반,건조,맑음,교차로 - 교차로부근,승용,여,28세,상해없음,보행자,남,44세,중상
2015073100100560,2015년 7월 31일 19시,금요일,대구광역시 수성구 두산동,중상사고,0,1,0,0,차대차 - 측면직각충돌,신호위반,건조,맑음,교차로 - 교차로안,이륜,남,68세,중상,승용,남,58세,상해없음
2015073100100561,2015년 7월 31일 19시,금요일,대구광역시 서구 상리동,경상사고,0,0,1,0,차대차 - 기타,안전거리미확보,건조,맑음,단일로 - 교량,화물,남,34세,상해없음,승용,남,39세,경상
2015073100100598,2015년 7월 31일 20시,금요일,대구광역시 남구 대명동,경상사고,0,0,1,0,차대사람 - 기타,기타,건조,맑음,단일로 - 기타,승용,남,56세,상해없음,보행자,여,21세,경상
2015073100100599,2015년 7월 31일 20시,금요일,대구광역시 동구 신천동,경상사고,0,0,1,0,차대차 - 측면직각충돌,안전운전불이행,건조,맑음,교차로 - 교차로안,승용,남,29세,상해없음,승용,여,34세,경상
2015073100100640,2015년 7월 31일 21시,금요일,대구광역시 달서구 본동,중상사고,0,1,2,0,차대차 - 추돌 - 주정차중,안전운전불이행,건조,맑음,교차로 - 교차로부근,승용,남,38세,상해없음,승용,남,42세,중상
2015073100100641,2015년 7월 31일 21시,금요일,대구광역시 서구 내당동,경상사고,0,0,3,0,차대차 - 측면직각충돌,안전거리미확보,건조,맑음,단일로 - 기타,승용,남,66세,경상,승용,남,58세,경상
2015073100100675,2015년 7월 31일 22시,금요일,대구광역시 북구 대현동,경상사고,0,0,1,0,차대차 - 기타,안전운전불이행,건조,맑음,단일로 - 기타,기타불명,기타불명,기타불명,기타불명,승합,남,51세,경상
2015073100100676,2015년 7월 31일 22시,금요일,대구광역시 서구 비산동,경상사고,0,0,1,0,차대차 - 기타,불법유턴,건조,맑음,교차로 - 교차로부근,이륜,남,24세,상해없음,승용,남,52세,상해없음
2015073100100677,2015년 7월 31일 22시,금요일,대구광역시 달서구 두류동,경상사고,0,0,1,0,차대사람 - 길가장자리구역통행중,안전운전불이행,건조,맑음,교차로 - 교차로부근,승용,여,59세,상해없음,보행자,남,39세,경상
2015073100100720,2015년 7월 31일 23시,금요일,대구광역시 수성구 신매동,경상사고,0,0,1,0,차대사람 - 횡단중,신호위반,건조,맑음,단일로 - 기타,원동기,남,16세,상해없음,보행자,여,46세,경상
2015080100100013,2015년 8월 1일 00시,토요일,대구광역시 동구 신서동,경상사고,0,0,1,0,차대사람 - 기타,안전운전불이행,건조,맑음,교차로 - 교차로안,승용,남,49세,상해없음,보행자,남,31세,경상
2015080100100029,2015년 8월 1일 01시,토요일,대구광역시 동구 부동,경상사고,0,0,2,0,차대차 - 추돌 - 주정차중,안전운전불이행,건조,맑음,단일로 - 기타,특수,남,51세,상해없음,승용,남,25세,경상
2015080100100031,2015년 8월 1일 01시,토요일,대구광역시 달서구 본동,중상사고,0,1,0,0,차대차 - 측면직각충돌,신호위반,건조,맑음,교차로 - 교차로안,승용,남,24세,상해없음,원동기,남,32세,중상
2015080100100032,2015년 8월 1일 01시,토요일,대구광역시 달서구 대천동,경상사고,0,0,2,0,차대차 - 측면직각충돌,안전운전불이행,건조,맑음,교차로 - 교차로안,승용,남,28세,경상,승용,남,27세,경상
2015080100100050,2015년 8월 1일 02시,토요일,대구광역시 북구 산격동,중상사고,0,1,0,0,차대사람 - 횡단중,보행자보호의무위반,건조,맑음,단일로 - 기타,승용,여,44세,상해없음,보행자,남,41세,중상
2015080100100075,2015년 8월 1일 04시,토요일,대구광역시 서구 평리동,중상사고,0,1,0,0,차대차 - 기타,중앙선침범,건조,맑음,교차로 - 교차로안,승용,남,30세,상해없음,승용,여,53세,중상
2015080100100139,2015년 8월 1일 08시,토요일,대구광역시 서구 내당동,중상사고,0,1,1,0,차대차 - 측면직각충돌,신호위반,건조,맑음,교차로 - 교차로안,승용,여,58세,상해없음,승용,여,61세,경상
2015080100100158,2015년 8월 1일 09시,토요일,대구광역시 동구 신서동,중상사고,0,1,0,0,차대차 - 측면직각충돌,신호위반,건조,맑음,교차로 - 교차로안,승용,남,59세,상해없음,승용,남,72세,중상
2015080100100192,2015년 8월 1일 10시,토요일,대구광역시 중구 삼덕동2가,중상사고,0,1,0,0,차대차 - 측면직각충돌,신호위반,건조,맑음,교차로 - 교차로안,승용,여,41세,상해없음,이륜,여,48세,중상
2015080100100268,2015년 8월 1일 12시,토요일,대구광역시 동구 방촌동,경상사고,0,0,1,0,차대차 - 추돌 - 진행중,안전운전불이행,건조,맑음,단일로 - 기타,승용,남,19세,상해없음,승용,여,47세,경상
2015080100100269,2015년 8월 1일 12시,토요일,대구광역시 북구 복현동,부상신고사고,0,0,0,1,차대차 - 기타,안전운전불이행,건조,맑음,단일로 - 기타,원동기,남,67세,부상신고,승용,남,68세,상해없음
2015080100100270,2015년 8월 1일 12시,토요일,대구광역시 중구 삼덕동1가,경상사고,0,0,1,0,차대사람 - 길가장자리구역통행중,안전운전불이행,건조,맑음,단일로 - 기타,승용,남,22세,상해없음,보행자,남,41세,경상
2015080100100301,2015년 8월 1일 13시,토요일,대구광역시 북구 대현동,경상사고,0,0,1,0,차대차 - 기타,안전운전불이행,건조,맑음,기타 - 기타,승용,남,22세,상해없음,원동기,남,48세,경상
2015080100100337,2015년 8월 1일 14시,토요일,대구광역시 수성구 황금동,중상사고,0,1,0,0,차대차 - 추돌 - 진행중,안전운전불이행,건조,맑음,교차로 - 교차로부근,승용,남,49세,상해없음,승용,여,44세,중상
2015080100100338,2015년 8월 1일 14시,토요일,대구광역시 서구 내당동,경상사고,0,0,1,0,차대차 - 측면직각충돌,안전운전불이행,건조,맑음,단일로 - 기타,승용,남,53세,상해없음,승용,남,32세,경상
2015080100100339,2015년 8월 1일 14시,토요일,대구광역시 북구 동천동,중상사고,0,1,0,0,차대차 - 정면충돌,안전운전불이행,건조,맑음,교차로 - 교차로안,승용,여,33세,상해없음,자전거,남,7세,중상
2015080100100380,2015년 8월 1일 15시,토요일,대구광역시 수성구 범어동,경상사고,0,0,1,0,차대차 - 추돌 - 진행중,안전거리미확보,건조,맑음,단일로 - 기타,승용,기타불명,기타불명,기타불명,이륜,남,73세,경상
2015080100100452,2015년 8월 1일 17시,토요일,대구광역시 수성구 신매동,부상신고사고,0,0,0,1,차대차 - 추돌 - 주정차중,안전운전불이행,건조,맑음,단일로 - 기타,승용,여,57세,부상신고,화물,남,41세,상해없음
2015080100100453,2015년 8월 1일 17시,토요일,대구광역시 중구 동성로2가,경상사고,0,0,1,0,차대사람 - 기타,안전운전불이행,건조,맑음,단일로 - 기타,승용,남,26세,상해없음,보행자,여,30세,경상
2015080100100488,2015년 8월 1일 18시,토요일,대구광역시 동구 지묘동,경상사고,0,0,2,0,차대차 - 측면직각충돌,안전거리미확보,건조,맑음,단일로 - 기타,승용,남,40세,상해없음,승용,남,35세,경상
2015080100100489,2015년 8월 1일 18시,토요일,대구광역시 달성군 하빈면,경상사고,0,0,1,0,차대차 - 기타,안전운전불이행,건조,맑음,단일로 - 기타,화물,남,59세,상해없음,자전거,남,6세,경상
2015080100100555,2015년 8월 1일 20시,토요일,대구광역시 동구 율하동,중상사고,0,1,0,0,차대사람 - 횡단중,보행자보호의무위반,건조,맑음,단일로 - 횡단보도상,승용,여,47세,상해없음,보행자,남,17세,중상
2015080100100556,2015년 8월 1일 20시,토요일,대구광역시 수성구 상동,중상사고,0,1,0,0,차대차 - 추돌 - 주정차중,안전운전불이행,건조,맑음,단일로 - 기타,이륜,남,18세,중상,승용,남,52세,상해없음
2015080100100557,2015년 8월 1일 20시,토요일,대구광역시 달서구 죽전동,중상사고,0,1,0,0,차대사람 - 횡단중,안전운전불이행,건조,맑음,교차로 - 교차로부근,화물,남,35세,상해없음,보행자,여,57세,중상
2015080100100558,2015년 8월 1일 20시,토요일,대구광역시 북구 관음동,경상사고,0,0,1,0,차대차 - 기타,신호위반,건조,맑음,교차로 - 교차로안,승용,남,68세,상해없음,승용,남,38세,경상
2015080100100592,2015년 8월 1일 21시,토요일,대구광역시 남구 대명동,경상사고,0,0,1,0,차대차 - 측면직각충돌,차로위반,건조,맑음,단일로 - 기타,승용,남,58세,상해없음,승용,남,23세,경상
2015080100100593,2015년 8월 1일 21시,토요일,대구광역시 수성구 만촌동,경상사고,0,0,1,0,차량단독 - 기타,기타,건조,맑음,단일로 - 기타,승합,남,55세,상해없음,,,,
2015080100100624,2015년 8월 1일 22시,토요일,대구광역시 남구 봉덕동,경상사고,0,0,2,0,차대차 - 기타,안전운전불이행,건조,맑음,단일로 - 기타,자전거,남,15세,경상,승합,남,46세,상해없음
2015080100100625,2015년 8월 1일 22시,토요일,대구광역시 북구 대현동,경상사고,0,0,3,0,차대차 - 추돌 - 진행중,안전거리미확보,건조,맑음,교차로 - 교차로부근,승용,여,53세,상해없음,승용,남,56세,경상
2015080100100646,2015년 8월 1일 23시,토요일,대구광역시 남구 대명동,부상신고사고,0,0,0,1,차대차 - 기타,안전운전불이행,건조,맑음,교차로 - 교차로부근,자전거,남,46세,부상신고,승용,여,48세,상해없음
2015080200100018,2015년 8월 2일 00시,일요일,대구광역시 동구 도동,중상사고,0,1,0,0,차대차 - 추돌 - 진행중,안전운전불이행,건조,맑음,단일로 - 기타,화물,남,45세,상해없음,승용,남,37세,중상
2015080200100038,2015년 8월 2일 01시,일요일,대구광역시 서구 내당동,중상사고,0,1,0,0,차대사람 - 기타,신호위반,건조,맑음,교차로 - 교차로안,승용,남,56세,상해없음,보행자,남,35세,중상
2015080200100079,2015년 8월 2일 03시,일요일,대구광역시 남구 대명동,중상사고,0,1,0,0,차대사람 - 기타,안전운전불이행,건조,맑음,단일로 - 기타,승용,남,32세,상해없음,보행자,여,23세,중상
2015080200100093,2015년 8월 2일 04시,일요일,대구광역시 남구 대명동,사망사고,2,1,0,0,차대차 - 측면직각충돌,중앙선침범,건조,흐림,단일로 - 기타,자전거,남,74세,사망,이륜,남,17세,중상
2015080200100105,2015년 8월 2일 05시,일요일,대구광역시 수성구 범어동,중상사고,0,1,0,0,차량단독 - 공작물충돌,안전운전불이행,습기,맑음,단일로 - 기타,승용,남,38세,상해없음,,,,
2015080200100106,2015년 8월 2일 05시,일요일,대구광역시 중구 삼덕동1가,중상사고,0,2,0,1,차대차 - 측면직각충돌,안전운전불이행,건조,맑음,단일로 - 기타,승용,남,32세,상해없음,승용,여,30세,부상신고
2015080200100115,2015년 8월 2일 06시,일요일,대구광역시 달서구 용산동,경상사고,0,0,1,0,차대차 - 기타,안전운전불이행,건조,맑음,단일로 - 기타,승용,남,25세,상해없음,승용,여,45세,경상
2015080200100126,2015년 8월 2일 07시,일요일,대구광역시 달성군 옥포면,중상사고,0,1,0,0,차량단독 - 전도전복,안전운전불이행,건조,맑음,단일로 - 기타,이륜,남,61세,중상,,,,
2015080200100154,2015년 8월 2일 09시,일요일,대구광역시 달성군 가창면,경상사고,0,0,1,0,차대차 - 추돌 - 진행중,안전운전불이행,건조,맑음,교차로 - 교차로부근,기타불명,기타불명,기타불명,기타불명,승용,남,71세,경상
2015080200100155,2015년 8월 2일 09시,일요일,대구광역시 북구 산격동,경상사고,0,0,1,0,차대차 - 기타,안전운전불이행,건조,맑음,단일로 - 기타,자전거,여,72세,상해없음,자전거,남,62세,경상
2015080200100173,2015년 8월 2일 10시,일요일,대구광역시 동구 도동,중상사고,0,1,6,0,차대차 - 추돌 - 주정차중,안전운전불이행,건조,맑음,단일로 - 기타,승용,여,33세,상해없음,승용,남,44세,경상
2015080200100175,2015년 8월 2일 10시,일요일,대구광역시 달서구 감삼동,중상사고,0,1,0,0,차대차 - 기타,안전운전불이행,건조,맑음,단일로 - 기타,화물,남,31세,상해없음,자전거,남,73세,중상
2015080200100198,2015년 8월 2일 11시,일요일,대구광역시 동구 효목동,경상사고,0,0,5,0,차대차 - 기타,안전운전불이행,건조,맑음,교차로 - 교차로부근,화물,남,65세,상해없음,승용,남,54세,경상
2015080200100199,2015년 8월 2일 11시,일요일,대구광역시 중구 동인동1가,중상사고,0,1,0,0,차대차 - 추돌 - 진행중,안전운전불이행,건조,맑음,단일로 - 기타,승용,여,61세,상해없음,이륜,여,46세,중상
2015080200100252,2015년 8월 2일 13시,일요일,대구광역시 동구 동호동,경상사고,0,0,4,0,차대차 - 기타,안전운전불이행,건조,맑음,교차로 - 교차로부근,승용,남,25세,상해없음,승용,남,35세,경상
2015080200100253,2015년 8월 2일 13시,일요일,대구광역시 수성구 두산동,부상신고사고,0,0,0,1,차대차 - 측면직각충돌,안전운전불이행,건조,맑음,교차로 - 교차로안,자전거,남,53세,부상신고,승용,남,29세,상해없음
2015080200100285,2015년 8월 2일 14시,일요일,대구광역시 수성구 지산동,경상사고,0,0,1,0,차대사람 - 기타,안전운전불이행,건조,맑음,기타 - 기타,자전거,남,73세,상해없음,보행자,남,48세,경상
2015080200100347,2015년 8월 2일 16시,일요일,대구광역시 남구 대명동,중상사고,0,1,0,0,차대사람 - 차도통행중,안전운전불이행,습기,비,단일로 - 기타,승용,남,24세,상해없음,보행자,남,17세,중상
2015080200100348,2015년 8월 2일 16시,일요일,대구광역시 북구 태전동,경상사고,0,0,1,0,차대차 - 추돌 - 주정차중,안전운전불이행,건조,맑음,교차로 - 교차로부근,화물,남,71세,상해없음,승용,남,49세,경상
2015080200100375,2015년 8월 2일 17시,일요일,대구광역시 수성구 범어동,경상사고,0,0,1,0,차대차 - 측면직각충돌,교차로운행방법위반,건조,맑음,교차로 - 교차로안,승용,여,67세,상해없음,승용,여,55세,경상
2015080200100399,2015년 8월 2일 18시,일요일,대구광역시 수성구 범어동,부상신고사고,0,0,0,1,차대차 - 측면직각충돌,안전운전불이행,건조,맑음,교차로 - 교차로부근,승용,남,60세,상해없음,원동기,남,17세,부상신고
2015080200100436,2015년 8월 2일 19시,일요일,대구광역시 동구 용계동,중상사고,0,1,0,0,차대사람 - 기타,안전운전불이행,건조,맑음,단일로 - 기타,승용,남,36세,상해없음,보행자,남,20세,중상
2015080200100486,2015년 8월 2일 21시,일요일,대구광역시 중구 남산동,경상사고,0,0,2,0,차대차 - 추돌 - 진행중,교차로운행방법위반,건조,맑음,교차로 - 교차로안,승합,남,50세,상해없음,승용,남,48세,경상
2015080200100506,2015년 8월 2일 22시,일요일,대구광역시 북구 구암동,경상사고,0,0,1,0,차대차 - 기타,안전운전불이행,건조,맑음,교차로 - 교차로안,승용,남,28세,상해없음,이륜,남,20세,경상
2015080200100529,2015년 8월 2일 23시,일요일,대구광역시 남구 대명동,중상사고,0,1,0,0,차대차 - 기타,안전거리미확보,건조,맑음,단일로 - 기타,승용,남,53세,상해없음,이륜,남,18세,중상
2015080200100530,2015년 8월 2일 23시,일요일,대구광역시 수성구 파동,경상사고,0,0,1,0,차대차 - 기타,안전운전불이행,건조,맑음,교차로 - 교차로부근,승용,남,33세,상해없음,승용,여,30세,경상
2015080300100024,2015년 8월 3일 01시,월요일,대구광역시 중구 삼덕동1가,부상신고사고,0,0,0,1,차대사람 - 길가장자리구역통행중,안전운전불이행,건조,맑음,교차로 - 교차로부근,기타불명,기타불명,기타불명,기타불명,보행자,남,24세,부상신고
2015080300100040,2015년 8월 3일 03시,월요일,대구광역시 달성군 화원읍,경상사고,0,0,1,0,차량단독 - 공작물충돌,안전운전불이행,건조,맑음,단일로 - 기타,자전거,남,38세,경상,,,,
2015080300100056,2015년 8월 3일 05시,월요일,대구광역시 동구 신암동,중상사고,0,1,0,0,차대사람 - 기타,안전운전불이행,건조,맑음,단일로 - 기타,승용,남,35세,상해없음,보행자,남,54세,중상
2015080300100057,2015년 8월 3일 05시,월요일,대구광역시 중구 삼덕동3가,중상사고,0,1,0,0,차대차 - 측면직각충돌,직진우회전진행방해,건조,맑음,교차로 - 교차로안,승용,남,23세,상해없음,이륜,남,41세,중상
2015080300100072,2015년 8월 3일 06시,월요일,대구광역시 서구 평리동,경상사고,0,0,1,0,차대차 - 기타,안전운전불이행,건조,맑음,단일로 - 기타,화물,남,68세,상해없음,자전거,남,46세,경상
2015080300100098,2015년 8월 3일 07시,월요일,대구광역시 동구 괴전동,중상사고,0,1,0,0,차대차 - 기타,안전운전불이행,건조,맑음,단일로 - 기타,화물,남,23세,상해없음,자전거,여,65세,중상
2015080300100099,2015년 8월 3일 07시,월요일,대구광역시 달성군 논공읍,중상사고,0,1,0,0,차대차 - 측면직각충돌,교차로운행방법위반,건조,맑음,교차로 - 교차로안,승용,남,45세,상해없음,자전거,남,29세,중상
2015080300100100,2015년 8월 3일 07시,월요일,대구광역시 북구 노원동2가,중상사고,0,1,0,0,차대사람 - 횡단중,보행자보호의무위반,건조,맑음,단일로 - 기타,승용,남,34세,상해없음,보행자,남,34세,중상
2015080300100119,2015년 8월 3일 08시,월요일,대구광역시 남구 대명동,경상사고,0,0,2,0,차대차 - 추돌 - 진행중,안전운전불이행,건조,맑음,기타 - 기타,승용,남,39세,상해없음,승용,여,44세,경상
2015080300100120,2015년 8월 3일 08시,월요일,대구광역시 수성구 가천동,경상사고,0,0,1,0,차대차 - 측면직각충돌,신호위반,건조,맑음,교차로 - 교차로부근,승용,남,31세,상해없음,이륜,남,66세,경상
2015080300100121,2015년 8월 3일 08시,월요일,대구광역시 달성군 하빈면,경상사고,0,0,1,0,차대차 - 측면직각충돌,신호위반,건조,맑음,교차로 - 교차로안,화물,남,25세,상해없음,승용,남,54세,경상
2015080300100142,2015년 8월 3일 09시,월요일,대구광역시 달서구 송현동,부상신고사고,0,0,0,1,차대차 - 기타,직진우회전진행방해,건조,맑음,교차로 - 교차로안,승용,여,24세,부상신고,승용,남,57세,상해없음
2015080300100175,2015년 8월 3일 10시,월요일,대구광역시 동구 신암동,중상사고,0,1,0,0,차대사람 - 횡단중,신호위반,건조,맑음,단일로 - 기타,이륜,남,74세,상해없음,보행자,여,78세,중상
2015080300100176,2015년 8월 3일 10시,월요일,대구광역시 동구 신서동,중상사고,0,1,0,0,차대사람 - 횡단중,보행자보호의무위반,건조,맑음,교차로 - 교차로안,화물,남,45세,상해없음,보행자,남,6세,중상
2015080300100212,2015년 8월 3일 11시,월요일,대구광역시 동구 봉무동,중상사고,0,1,1,0,차대차 - 기타,교차로운행방법위반,건조,맑음,교차로 - 교차로안,이륜,남,78세,중상,승용,남,43세,상해없음
2015080300100213,2015년 8월 3일 11시,월요일,대구광역시 서구 내당동,경상사고,0,0,1,0,차대차 - 측면직각충돌,교차로운행방법위반,건조,맑음,교차로 - 교차로안,승용,여,47세,상해없음,승용,남,39세,경상
2015080300100282,2015년 8월 3일 13시,월요일,대구광역시 남구 대명동,경상사고,0,0,1,0,차대차 - 측면직각충돌,안전운전불이행,건조,맑음,기타 - 기타,이륜,남,60세,상해없음,승용,여,43세,경상
2015080300100283,2015년 8월 3일 13시,월요일,대구광역시 달서구 송현동,중상사고,0,1,0,0,차대차 - 기타,중앙선침범,건조,맑음,단일로 - 기타,승용,여,55세,상해없음,이륜,남,53세,중상
2015080300100332,2015년 8월 3일 14시,월요일,대구광역시 달성군 다사읍,경상사고,0,0,1,0,차대사람 - 보도통행중,기타,건조,맑음,단일로 - 기타,이륜,남,65세,상해없음,보행자,남,13세,경상
2015080300100333,2015년 8월 3일 14시,월요일,대구광역시 서구 내당동,경상사고,0,0,2,0,차대차 - 추돌 - 주정차중,안전운전불이행,건조,맑음,단일로 - 기타,승용,여,59세,상해없음,승용,여,38세,경상
2015080300100334,2015년 8월 3일 14시,월요일,대구광역시 서구 평리동,경상사고,0,0,2,0,차대차 - 기타,안전운전불이행,건조,맑음,교차로 - 교차로부근,승용,남,49세,경상,이륜,남,16세,경상
2015080300100369,2015년 8월 3일 15시,월요일,대구광역시 남구 봉덕동,부상신고사고,0,0,0,1,차량단독 - 기타,안전운전불이행,건조,맑음,기타 - 기타,자전거,여,58세,부상신고,,,,
2015080300100370,2015년 8월 3일 15시,월요일,대구광역시 달서구 상인동,중상사고,0,1,0,0,차대사람 - 횡단중,안전운전불이행,건조,맑음,교차로 - 교차로부근,승용,남,61세,상해없음,보행자,남,15세,중상
2015080300100371,2015년 8월 3일 15시,월요일,대구광역시 서구 비산동,경상사고,0,0,1,0,차대사람 - 기타,기타,건조,맑음,단일로 - 횡단보도부근,자전거,남,73세,상해없음,보행자,여,51세,경상
2015080300100413,2015년 8월 3일 16시,월요일,대구광역시 남구 봉덕동,경상사고,0,0,1,0,차대차 - 측면직각충돌,신호위반,건조,맑음,교차로 - 교차로안,승용,여,51세,상해없음,승용,여,58세,경상
2015080300100414,2015년 8월 3일 16시,월요일,대구광역시 수성구 범어동,경상사고,0,0,1,0,차대사람 - 길가장자리구역통행중,안전운전불이행,건조,맑음,단일로 - 기타,승용,남,80세,상해없음,보행자,여,40세,경상
2015080300100415,2015년 8월 3일 16시,월요일,대구광역시 달서구 장기동,중상사고,0,2,1,0,차대차 - 측면직각충돌,중앙선침범,건조,맑음,단일로 - 기타,승용,여,44세,상해없음,승용,남,46세,경상
2015080300100464,2015년 8월 3일 17시,월요일,대구광역시 달서구 송현동,부상신고사고,0,0,0,1,차대차 - 기타,불법유턴,건조,맑음,단일로 - 기타,이륜,남,47세,부상신고,승용,남,62세,상해없음
2015080300100465,2015년 8월 3일 17시,월요일,대구광역시 달서구 상인동,경상사고,0,0,1,0,차대차 - 측면직각충돌,안전운전불이행,건조,맑음,교차로 - 교차로부근,승용,남,31세,상해없음,승용,남,31세,상해없음
2015080300100466,2015년 8월 3일 17시,월요일,대구광역시 서구 비산동,경상사고,0,0,1,0,차대차 - 측면직각충돌,안전운전불이행,건조,맑음,단일로 - 기타,승용,남,64세,상해없음,자전거,여,24세,경상
2015080300100467,2015년 8월 3일 17시,월요일,대구광역시 중구 삼덕동2가,경상사고,0,0,1,0,차대차 - 기타,안전운전불이행,건조,맑음,단일로 - 기타,승용,남,51세,상해없음,이륜,남,68세,경상
2015080300100503,2015년 8월 3일 18시,월요일,대구광역시 수성구 신매동,경상사고,0,0,1,0,차대차 - 측면직각충돌,안전거리미확보,건조,맑음,단일로 - 기타,승합,남,54세,상해없음,이륜,남,16세,경상
2015080300100504,2015년 8월 3일 18시,월요일,대구광역시 달서구 상인동,부상신고사고,0,0,0,1,차대차 - 기타,안전운전불이행,건조,맑음,교차로 - 교차로안,이륜,남,46세,부상신고,승용,남,44세,상해없음