사고번호,사고일시,요일,시군구,사고내용,사망자수,중상자수,경상자수,부상신고자수,사고유형,법규위반,노면상태,기상상태,도로형태,가해운전자 차종,가해운전자 성별,가해운전자 연령,가해운전자 상해정도,피해운전자 차종,피해운전자 성별,피해운전자 연령,피해운전자 상해정도
2015080300100505,2015년 8월 3일 18시,월요일,대구광역시 달서구 용산동,경상사고,0,0,1,0,차대차 - 기타,안전운전불이행,건조,맑음,교차로 - 교차로안,승용,남,49세,상해없음,승용,여,56세,경상
2015080300100535,2015년 8월 3일 19시,월요일,대구광역시 수성구 지산동,경상사고,0,0,2,0,차대차 - 측면직각충돌,기타,건조,맑음,교차로 - 교차로부근,승용,여,40세,상해없음,이륜,남,47세,경상
2015080300100536,2015년 8월 3일 19시,월요일,대구광역시 수성구 범어동,중상사고,0,1,0,0,차대차 - 기타,안전운전불이행,건조,맑음,단일로 - 기타,승용,남,24세,상해없음,자전거,남,60세,중상
2015080300100537,2015년 8월 3일 19시,월요일,대구광역시 달서구 도원동,경상사고,0,0,1,0,차대사람 - 기타,안전운전불이행,건조,맑음,단일로 - 기타,승용,남,40세,상해없음,보행자,여,81세,경상
2015080300100539,2015년 8월 3일 19시,월요일,대구광역시 달서구 두류동,경상사고,0,0,1,0,차대차 - 기타,안전운전불이행,건조,맑음,단일로 - 기타,승용,여,26세,상해없음,자전거,여,48세,경상
2015080300100569,2015년 8월 3일 20시,월요일,대구광역시 북구 동천동,경상사고,0,0,1,0,차대사람 - 기타,안전운전불이행,건조,맑음,단일로 - 기타,승용,남,22세,기타불명,보행자,남,27세,경상
2015080300100611,2015년 8월 3일 21시,월요일,대구광역시 남구 대명동,경상사고,0,0,2,0,차대차 - 추돌 - 주정차중,안전거리미확보,건조,맑음,단일로 - 기타,승용,남,22세,상해없음,승용,남,51세,경상
2015080300100612,2015년 8월 3일 21시,월요일,대구광역시 수성구 신매동,경상사고,0,0,1,0,차대사람 - 횡단중,안전운전불이행,건조,맑음,단일로 - 기타,승용,여,54세,상해없음,보행자,여,3세,경상
2015080300100613,2015년 8월 3일 21시,월요일,대구광역시 수성구 범어동,경상사고,0,0,1,0,차대차 - 측면직각충돌,신호위반,건조,맑음,교차로 - 교차로안,승용,여,51세,상해없음,승용,남,46세,경상
2015080300100614,2015년 8월 3일 21시,월요일,대구광역시 수성구 범어동,경상사고,0,0,1,0,차대차 - 측면직각충돌,안전운전불이행,건조,맑음,단일로 - 기타,승용,여,49세,기타불명,승용,여,35세,경상
2015080300100615,2015년 8월 3일 21시,월요일,대구광역시 달서구 장기동,경상사고,0,0,2,0,차대차 - 기타,안전운전불이행,건조,맑음,기타 - 기타,승용,남,28세,상해없음,이륜,남,17세,경상
2015080300100639,2015년 8월 3일 22시,월요일,대구광역시 북구 산격동,경상사고,0,0,3,0,차대차 - 추돌 - 주정차중,안전거리미확보,건조,맑음,단일로 - 기타,승용,남,21세,경상,승용,남,37세,경상
2015080300100640,2015년 8월 3일 22시,월요일,대구광역시 중구 봉산동,중상사고,0,1,0,0,차대차 - 측면직각충돌,안전운전불이행,건조,맑음,단일로 - 기타,승용,여,24세,상해없음,자전거,남,73세,중상
2015080300100662,2015년 8월 3일 23시,월요일,대구광역시 수성구 만촌동,경상사고,0,0,1,0,차대차 - 측면직각충돌,안전운전불이행,건조,맑음,교차로 - 교차로부근,승용,여,41세,상해없음,승용,남,23세,경상
2015080400100014,2015년 8월 4일 00시,화요일,대구광역시 북구 금호동,경상사고,0,0,3,0,차대차 - 추돌 - 진행중,안전운전불이행,건조,맑음,단일로 - 기타,승용,여,61세,상해없음,화물,남,46세,경상
2015080400100034,2015년 8월 4일 01시,화요일,대구광역시 남구 대명동,경상사고,0,0,3,0,차대차 - 추돌 - 주정차중,안전운전불이행,건조,맑음,교차로 - 교차로부근,승용,여,23세,상해없음,승용,남,51세,경상
2015080400100041,2015년 8월 4일 02시,화요일,대구광역시 중구 공평동,경상사고,0,0,2,0,차대차 - 측면직각충돌,안전운전불이행,건조,맑음,교차로 - 교차로안,승용,남,31세,상해없음,승용,남,35세,경상
2015080400100056,2015년 8월 4일 04시,화요일,대구광역시 북구 서변동,경상사고,0,0,4,0,차대차 - 추돌 - 진행중,안전운전불이행,건조,맑음,단일로 - 기타,화물,남,53세,상해없음,승용,여,20세,경상
2015080400100110,2015년 8월 4일 07시,화요일,대구광역시 남구 대명동,경상사고,0,0,1,0,차대차 - 추돌 - 주정차중,안전운전불이행,건조,맑음,단일로 - 기타,특수,남,47세,경상,승용,남,50세,기타불명
2015080400100133,2015년 8월 4일 08시,화요일,대구광역시 서구 비산동,경상사고,0,0,1,0,차대차 - 기타,안전운전불이행,건조,맑음,교차로 - 교차로안,승용,남,65세,상해없음,자전거,남,72세,경상
2015080400100134,2015년 8월 4일 08시,화요일,대구광역시 중구 삼덕동2가,중상사고,0,1,0,0,차대사람 - 횡단중,보행자보호의무위반,건조,맑음,단일로 - 횡단보도상,화물,남,49세,상해없음,보행자,여,25세,중상
2015080400100158,2015년 8월 4일 09시,화요일,대구광역시 달서구 월성동,경상사고,0,0,1,0,차대차 - 기타,안전운전불이행,건조,맑음,교차로 - 교차로부근,승용,남,49세,상해없음,승용,여,52세,경상
2015080400100196,2015년 8월 4일 10시,화요일,대구광역시 수성구 욱수동,중상사고,0,1,2,0,차대차 - 정면충돌,안전운전불이행,건조,맑음,단일로 - 기타,승용,남,49세,상해없음,승용,남,72세,경상
2015080400100197,2015년 8월 4일 10시,화요일,대구광역시 달서구 도원동,중상사고,0,1,0,0,차대사람 - 횡단중,보행자보호의무위반,건조,맑음,단일로 - 횡단보도상,승용,여,37세,상해없음,보행자,남,36세,중상
2015080400100198,2015년 8월 4일 10시,화요일,대구광역시 달서구 진천동,경상사고,0,0,2,0,차대차 - 기타,안전운전불이행,건조,맑음,단일로 - 기타,화물,남,40세,상해없음,승용,남,54세,경상
2015080400100199,2015년 8월 4일 10시,화요일,대구광역시 북구 칠성동1가,중상사고,0,1,0,0,차대차 - 기타,기타,건조,맑음,단일로 - 기타,승용,남,50세,상해없음,원동기,남,50세,중상
2015080400100200,2015년 8월 4일 10시,화요일,대구광역시 달서구 이곡동,중상사고,0,1,0,0,차대차 - 측면직각충돌,신호위반,습기,맑음,교차로 - 교차로안,이륜,남,51세,중상,승용,여,57세,상해없음
2015080400100201,2015년 8월 4일 10시,화요일,대구광역시 달서구 이곡동,경상사고,0,0,3,0,차대차 - 기타,교차로운행방법위반,건조,맑음,교차로 - 교차로안,승용,남,58세,상해없음,화물,여,47세,경상
2015080400100235,2015년 8월 4일 11시,화요일,대구광역시 북구 관음동,경상사고,0,0,1,0,차대차 - 측면직각충돌,직진우회전진행방해,건조,맑음,교차로 - 교차로안,승용,남,60세,상해없음,화물,남,44세,경상
2015080400100266,2015년 8월 4일 12시,화요일,대구광역시 남구 봉덕동,경상사고,0,0,1,0,차대차 - 추돌 - 주정차중,안전운전불이행,건조,맑음,교차로 - 교차로부근,승용,남,53세,상해없음,승용,여,58세,경상
2015080400100267,2015년 8월 4일 12시,화요일,대구광역시 북구 산격동,경상사고,0,0,1,0,차대차 - 측면직각충돌,안전운전불이행,건조,맑음,단일로 - 기타,승용,여,38세,상해없음,승용,남,66세,경상
2015080400100268,2015년 8월 4일 12시,화요일,대구광역시 중구 남산동,경상사고,0,0,1,0,차대차 - 추돌 - 주정차중,기타,건조,맑음,단일로 - 기타,승용,남,61세,상해없음,자전거,여,23세,경상
2015080400100345,2015년 8월 4일 14시,화요일,대구광역시 동구 용계동,경상사고,0,0,3,0,차대차 - 기타,안전거리미확보,건조,맑음,미분류 - 미분류,승용,남,27세,경상,승용,여,52세,경상
2015080400100352,2015년 8월 4일 14시,화요일,대구광역시 동구 효목동,중상사고,0,1,0,0,차대차 - 추돌 - 진행중,안전거리미확보,건조,맑음,교차로 - 교차로안,승합,남,46세,상해없음,승용,남,35세,중상
2015080400100353,2015년 8월 4일 14시,화요일,대구광역시 북구 동천동,경상사고,0,0,1,0,차대사람 - 기타,안전운전불이행,건조,맑음,기타 - 기타,화물,남,40세,상해없음,보행자,여,75세,경상
2015080400100387,2015년 8월 4일 15시,화요일,대구광역시 동구 율하동,경상사고,0,0,3,0,차대차 - 기타,안전거리미확보,건조,맑음,교차로 - 교차로부근,승용,남,23세,상해없음,승용,남,36세,경상
2015080400100423,2015년 8월 4일 16시,화요일,대구광역시 동구 신천동,경상사고,0,0,2,0,차대차 - 추돌 - 주정차중,보행자보호의무위반,건조,맑음,단일로 - 횡단보도상,승용,남,45세,상해없음,승용,여,47세,경상
2015080400100424,2015년 8월 4일 16시,화요일,대구광역시 달성군 다사읍,중상사고,0,1,0,0,차대차 - 측면직각충돌,안전운전불이행,건조,맑음,교차로 - 교차로안,특수,남,54세,상해없음,이륜,남,33세,중상
2015080400100425,2015년 8월 4일 16시,화요일,대구광역시 북구 침산동,경상사고,0,0,1,0,차대차 - 기타,교차로운행방법위반,건조,맑음,교차로 - 교차로부근,화물,남,39세,상해없음,이륜,남,76세,경상
2015080400100426,2015년 8월 4일 16시,화요일,대구광역시 달서구 두류동,중상사고,0,1,0,0,차대사람 - 기타,안전운전불이행,건조,맑음,단일로 - 기타,승용,남,49세,상해없음,보행자,여,68세,중상
2015080400100511,2015년 8월 4일 18시,화요일,대구광역시 달서구 월성동,부상신고사고,0,0,0,1,차대사람 - 횡단중,보행자보호의무위반,건조,맑음,교차로 - 교차로안,원동기,기타불명,기타불명,기타불명,보행자,남,15세,부상신고
2015080400100512,2015년 8월 4일 18시,화요일,대구광역시 달성군 구지면,경상사고,0,0,1,0,차대차 - 추돌 - 주정차중,중앙선침범,건조,맑음,교차로 - 교차로부근,화물,남,45세,상해없음,승용,남,33세,경상
2015080400100513,2015년 8월 4일 18시,화요일,대구광역시 달서구 본리동,중상사고,0,1,0,0,차대차 - 기타,안전거리미확보,건조,맑음,단일로 - 기타,승용,남,53세,상해없음,승용,남,38세,중상
2015080400100542,2015년 8월 4일 19시,화요일,대구광역시 수성구 범어동,경상사고,0,0,2,0,차대차 - 측면직각충돌,안전거리미확보,건조,맑음,단일로 - 기타,승합,남,47세,경상,승용,여,49세,경상
2015080400100587,2015년 8월 4일 20시,화요일,대구광역시 남구 이천동,중상사고,0,2,0,0,차대차 - 정면충돌,교차로운행방법위반,건조,맑음,교차로 - 교차로부근,승용,여,47세,상해없음,승용,남,32세,중상
2015080400100588,2015년 8월 4일 20시,화요일,대구광역시 북구 태전동,경상사고,0,0,1,0,차대차 - 측면직각충돌,중앙선침범,건조,맑음,단일로 - 횡단보도상,화물,남,45세,상해없음,승용,남,50세,경상
2015080400100621,2015년 8월 4일 21시,화요일,대구광역시 남구 봉덕동,경상사고,0,0,2,0,차대차 - 추돌 - 주정차중,안전운전불이행,건조,흐림,교차로 - 교차로부근,승용,남,62세,상해없음,승용,여,47세,경상
2015080400100622,2015년 8월 4일 21시,화요일,대구광역시 달성군 현풍면,중상사고,0,1,0,0,차대차 - 측면직각충돌,신호위반,건조,맑음,교차로 - 교차로안,승합,여,59세,상해없음,승용,여,59세,중상
2015080400100650,2015년 8월 4일 22시,화요일,대구광역시 수성구 대흥동,중상사고,0,1,0,0,차대차 - 추돌 - 주정차중,안전운전불이행,건조,맑음,단일로 - 기타,자전거,남,14세,중상,화물,남,56세,기타불명
2015080400100651,2015년 8월 4일 22시,화요일,대구광역시 북구 침산동,경상사고,0,0,2,0,차대차 - 추돌 - 진행중,안전운전불이행,건조,맑음,단일로 - 기타,승용,여,30세,상해없음,승용,여,23세,경상
2015080400100652,2015년 8월 4일 22시,화요일,대구광역시 중구 북성로2가,경상사고,0,0,3,0,차대차 - 측면직각충돌,안전운전불이행,건조,맑음,교차로 - 교차로부근,승용,남,62세,상해없음,화물,남,24세,경상
2015080400100678,2015년 8월 4일 23시,화요일,대구광역시 수성구 노변동,중상사고,0,1,0,0,차대차 - 기타,안전운전불이행,건조,흐림,교차로 - 교차로안,기타불명,기타불명,기타불명,기타불명,자전거,남,24세,중상
2015080500100017,2015년 8월 5일 00시,수요일,대구광역시 남구 봉덕동,경상사고,0,0,1,0,차대차 - 기타,중앙선침범,건조,맑음,단일로 - 기타,승용,기타불명,기타불명,기타불명,승용,여,52세,경상
2015080500100018,2015년 8월 5일 00시,수요일,대구광역시 북구 읍내동,경상사고,0,0,2,0,차대차 - 추돌 - 주정차중,안전운전불이행,건조,맑음,교차로 - 교차로부근,승용,남,49세,상해없음,승용,남,23세,경상
2015080500100032,2015년 8월 5일 01시,수요일,대구광역시 북구 칠성동1가,중상사고,0,2,0,0,차대차 - 측면직각충돌,안전거리미확보,건조,맑음,단일로 - 기타,승용,남,64세,상해없음,원동기,남,46세,중상
2015080500100047,2015년 8월 5일 02시,수요일,대구광역시 달서구 본리동,경상사고,0,0,2,0,차대차 - 측면직각충돌,신호위반,건조,맑음,교차로 - 교차로안,승용,남,22세,상해없음,승용,남,38세,경상
2015080500100085,2015년 8월 5일 06시,수요일,대구광역시 남구 봉덕동,경상사고,0,0,1,0,차대차 - 추돌 - 진행중,안전거리미확보,건조,맑음,교차로 - 교차로안,승용,여,34세,상해없음,승용,남,28세,경상
2015080500100086,2015년 8월 5일 06시,수요일,대구광역시 수성구 만촌동,중상사고,0,1,0,0,차대차 - 기타,안전거리미확보,건조,맑음,단일로 - 기타,승용,남,57세,상해없음,이륜,남,63세,중상
2015080500100103,2015년 8월 5일 07시,수요일,대구광역시 달서구 본동,중상사고,0,1,1,0,차대차 - 추돌 - 주정차중,안전운전불이행,건조,맑음,교차로 - 교차로부근,승용,남,21세,상해없음,승용,남,44세,중상
2015080500100128,2015년 8월 5일 08시,수요일,대구광역시 달서구 용산동,경상사고,0,0,2,0,차대차 - 측면직각충돌,안전거리미확보,건조,맑음,단일로 - 기타,승용,여,53세,상해없음,이륜,남,17세,경상
2015080500100232,2015년 8월 5일 11시,수요일,대구광역시 동구 신암동,경상사고,0,0,1,0,차대사람 - 기타,기타,건조,맑음,단일로 - 기타,이륜,기타불명,기타불명,기타불명,보행자,남,40세,경상
2015080500100233,2015년 8월 5일 11시,수요일,대구광역시 달성군 유가면,경상사고,0,0,1,1,차대차 - 추돌 - 진행중,안전운전불이행,건조,맑음,단일로 - 기타,이륜,남,25세,부상신고,승용,남,43세,경상
2015080500100285,2015년 8월 5일 13시,수요일,대구광역시 수성구 범어동,경상사고,0,0,2,0,차대차 - 추돌 - 주정차중,안전운전불이행,건조,맑음,단일로 - 기타,승용,여,38세,기타불명,승용,남,28세,경상
2015080500100286,2015년 8월 5일 13시,수요일,대구광역시 달서구 대천동,경상사고,0,0,1,0,차대차 - 기타,불법유턴,건조,맑음,단일로 - 횡단보도상,자전거,남,13세,경상,화물,남,41세,상해없음
2015080500100287,2015년 8월 5일 13시,수요일,대구광역시 달성군 다사읍,부상신고사고,0,0,0,1,차량단독 - 공작물충돌,안전운전불이행,건조,맑음,단일로 - 기타,화물,남,58세,부상신고,,,,
2015080500100326,2015년 8월 5일 14시,수요일,대구광역시 달서구 월성동,중상사고,0,1,0,0,차량단독 - 기타,기타,건조,맑음,단일로 - 기타,승합,남,40세,상해없음,,,,
2015080500100327,2015년 8월 5일 14시,수요일,대구광역시 중구 동인동2가,중상사고,0,1,0,0,차대사람 - 횡단중,안전운전불이행,건조,맑음,교차로 - 교차로부근,승용,남,26세,상해없음,보행자,남,28세,중상
2015080500100328,2015년 8월 5일 14시,수요일,대구광역시 달서구 이곡동,경상사고,0,0,1,0,차대차 - 추돌 - 진행중,안전거리미확보,건조,맑음,단일로 - 기타,승용,남,40세,상해없음,승용,남,60세,경상
2015080500100361,2015년 8월 5일 15시,수요일,대구광역시 동구 신암동,경상사고,0,0,2,0,차대차 - 추돌 - 주정차중,안전운전불이행,건조,맑음,단일로 - 기타,승용,남,39세,상해없음,승용,남,61세,경상
2015080500100397,2015년 8월 5일 16시,수요일,대구광역시 남구 봉덕동,경상사고,0,0,1,0,차대차 - 기타,차로위반,건조,맑음,단일로 - 기타,건설기계,남,48세,상해없음,승용,여,48세,경상
2015080500100398,2015년 8월 5일 16시,수요일,대구광역시 달서구 월암동,경상사고,0,0,1,0,차대차 - 측면직각충돌,교차로운행방법위반,건조,맑음,교차로 - 교차로안,승용,남,25세,상해없음,승용,남,38세,경상
2015080500100441,2015년 8월 5일 17시,수요일,대구광역시 북구 태전동,경상사고,0,0,1,0,차대차 - 측면직각충돌,신호위반,건조,맑음,단일로 - 횡단보도상,원동기,남,19세,상해없음,자전거,남,64세,경상
2015080500100489,2015년 8월 5일 18시,수요일,대구광역시 동구 신서동,중상사고,0,1,0,0,차대차 - 기타,안전운전불이행,건조,맑음,교차로 - 교차로부근,승용,남,32세,상해없음,자전거,남,12세,중상
2015080500100490,2015년 8월 5일 18시,수요일,대구광역시 수성구 중동,경상사고,0,0,2,0,차대차 - 기타,교차로운행방법위반,건조,맑음,단일로 - 기타,승용,남,51세,경상,승용,여,61세,경상
2015080500100491,2015년 8월 5일 18시,수요일,대구광역시 달서구 상인동,중상사고,0,1,0,0,차대차 - 기타,기타,건조,맑음,단일로 - 기타,승용,남,57세,상해없음,원동기,남,24세,중상
2015080500100492,2015년 8월 5일 18시,수요일,대구광역시 북구 산격동,중상사고,0,1,0,0,차대차 - 측면직각충돌,안전운전불이행,건조,맑음,교차로 - 교차로안,자전거,여,57세,중상,승용,남,45세,상해없음
2015080500100523,2015년 8월 5일 19시,수요일,대구광역시 남구 대명동,경상사고,0,0,1,0,차대차 - 추돌 - 진행중,안전거리미확보,건조,맑음,교차로 - 교차로부근,승용,남,21세,상해없음,승용,남,42세,경상
2015080500100524,2015년 8월 5일 19시,수요일,대구광역시 남구 대명동,경상사고,0,0,1,0,차대차 - 기타,안전운전불이행,건조,맑음,단일로 - 기타,승용,남,53세,기타불명,이륜,남,53세,경상
2015080500100525,2015년 8월 5일 19시,수요일,대구광역시 남구 봉덕동,경상사고,0,0,1,0,차대사람 - 기타,불법유턴,건조,맑음,단일로 - 기타,승용,여,47세,상해없음,보행자,여,64세,경상
2015080500100526,2015년 8월 5일 19시,수요일,대구광역시 수성구 지산동,경상사고,0,0,1,0,차대차 - 기타,직진우회전진행방해,건조,맑음,단일로 - 기타,승용,남,37세,상해없음,자전거,남,11세,경상
2015080500100527,2015년 8월 5일 19시,수요일,대구광역시 달서구 상인동,경상사고,0,0,1,0,차대사람 - 기타,기타,건조,맑음,단일로 - 기타,승합,남,58세,기타불명,보행자,남,60세,경상
2015080500100552,2015년 8월 5일 20시,수요일,대구광역시 동구 동호동,부상신고사고,0,0,0,1,차대차 - 측면직각충돌,안전운전불이행,건조,맑음,단일로 - 기타,이륜,남,16세,부상신고,이륜,여,41세,상해없음
2015080500100553,2015년 8월 5일 20시,수요일,대구광역시 달서구 진천동,경상사고,0,0,1,0,차대사람 - 기타,안전운전불이행,건조,맑음,교차로 - 교차로안,승용,남,46세,상해없음,보행자,여,39세,경상
2015080500100554,2015년 8월 5일 20시,수요일,대구광역시 달서구 본동,경상사고,0,0,2,0,차대차 - 추돌 - 주정차중,안전운전불이행,건조,맑음,단일로 - 기타,승용,남,53세,상해없음,승용,남,29세,경상
2015080600100017,2015년 8월 6일 00시,목요일,대구광역시 북구 고성동2가,경상사고,0,0,1,0,차대사람 - 차도통행중,교차로운행방법위반,건조,맑음,교차로 - 교차로안,승용,남,59세,상해없음,보행자,여,19세,경상
2015080600100030,2015년 8월 6일 01시,목요일,대구광역시 중구 동산동,중상사고,0,2,0,0,차대차 - 기타,안전운전불이행,건조,맑음,교차로 - 교차로부근,승용,남,27세,상해없음,승용,여,32세,중상
2015080600100043,2015년 8월 6일 03시,목요일,대구광역시 동구 방촌동,중상사고,0,2,0,1,차대차 - 정면충돌,중앙선침범,건조,맑음,단일로 - 기타,승용,남,29세,부상신고,승용,남,55세,중상
2015080600100094,2015년 8월 6일 07시,목요일,대구광역시 수성구 수성동3가,경상사고,0,0,1,0,차대차 - 기타,신호위반,건조,맑음,교차로 - 교차로안,승용,남,63세,상해없음,이륜,남,23세,경상
2015080600100128,2015년 8월 6일 08시,목요일,대구광역시 수성구 중동,경상사고,0,0,1,0,차대차 - 기타,안전운전불이행,건조,맑음,단일로 - 기타,승용,여,42세,상해없음,자전거,여,47세,경상
2015080600100160,2015년 8월 6일 09시,목요일,대구광역시 수성구 노변동,중상사고,0,1,0,0,차대차 - 측면직각충돌,교차로운행방법위반,건조,맑음,교차로 - 교차로안,자전거,남,19세,중상,승용,남,34세,상해없음
2015080600100161,2015년 8월 6일 09시,목요일,대구광역시 수성구 중동,경상사고,0,0,2,0,차대차 - 기타,차로위반,건조,맑음,단일로 - 기타,화물,남,54세,상해없음,승용,여,53세,경상
2015080600100184,2015년 8월 6일 10시,목요일,대구광역시 북구 노원동2가,중상사고,0,1,7,0,차대차 - 추돌 - 진행중,안전거리미확보,건조,맑음,단일로 - 교량,건설기계,남,51세,상해없음,승용,여,37세,경상
2015080600100185,2015년 8월 6일 10시,목요일,대구광역시 서구 평리동,경상사고,0,0,2,0,차대차 - 기타,안전운전불이행,건조,맑음,단일로 - 기타,승용,남,41세,경상,승합,남,55세,경상
2015080600100186,2015년 8월 6일 10시,목요일,대구광역시 달서구 용산동,경상사고,0,0,1,0,차대사람 - 횡단중,신호위반,건조,맑음,교차로 - 교차로부근,화물,남,37세,상해없음,보행자,남,13세,경상
2015080600100229,2015년 8월 6일 11시,목요일,대구광역시 달서구 상인동,경상사고,0,0,1,0,차대차 - 기타,안전거리미확보,건조,맑음,단일로 - 기타,승용,여,51세,상해없음,승용,여,59세,경상
2015080600100289,2015년 8월 6일 13시,목요일,대구광역시 달서구 본동,부상신고사고,0,0,0,1,차대차 - 기타,교차로운행방법위반,건조,맑음,교차로 - 교차로안,원동기,남,44세,상해없음,원동기,남,44세,부상신고
2015080600100290,2015년 8월 6일 13시,목요일,대구광역시 달성군 화원읍,중상사고,0,1,0,0,차대차 - 측면직각충돌,안전운전불이행,건조,맑음,교차로 - 교차로안,승용,남,68세,상해없음,이륜,남,68세,중상
2015080600100291,2015년 8월 6일 13시,목요일,대구광역시 달성군 가창면,중상사고,0,1,1,0,차대차 - 기타,안전운전불이행,건조,맑음,단일로 - 기타,승용,남,28세,상해없음,승합,남,50세,경상
2015080600100292,2015년 8월 6일 13시,목요일,대구광역시 중구 남산동,경상사고,0,0,1,0,차대차 - 기타,안전운전불이행,건조,맑음,단일로 - 횡단보도상,이륜,남,31세,상해없음,자전거,여,52세,경상
2015080600100293,2015년 8월 6일 13시,목요일,대구광역시 달서구 두류동,중상사고,0,1,0,0,차대사람 - 기타,안전운전불이행,건조,맑음,단일로 - 기타,승합,남,44세,상해없음,보행자,남,59세,중상
2015080600100366,2015년 8월 6일 15시,목요일,대구광역시 북구 관음동,경상사고,0,0,1,0,차대사람 - 길가장자리구역통행중,안전운전불이행,건조,맑음,단일로 - 기타,승용,남,61세,상해없음,보행자,남,21세,경상
2015080600100413,2015년 8월 6일 16시,목요일,대구광역시 남구 이천동,부상신고사고,0,0,0,1,차대차 - 측면직각충돌,안전운전불이행,건조,맑음,교차로 - 교차로안,화물,남,46세,상해없음,승용,남,40세,부상신고
2015080600100414,2015년 8월 6일 16시,목요일,대구광역시 수성구 노변동,경상사고,0,0,1,0,차대차 - 기타,안전운전불이행,건조,맑음,단일로 - 기타,승용,남,43세,상해없음,자전거,여,44세,경상
2015080600100415,2015년 8월 6일 16시,목요일,대구광역시 수성구 신매동,경상사고,0,0,1,0,차대차 - 기타,안전거리미확보,건조,맑음,단일로 - 횡단보도부근,승용,여,58세,상해없음,승합,남,43세,상해없음
2015080600100416,2015년 8월 6일 16시,목요일,대구광역시 중구 종로1가,경상사고,0,0,1,0,차대사람 - 기타,보행자보호의무위반,건조,맑음,교차로 - 교차로부근,승용,여,63세,상해없음,보행자,여,55세,경상
2015080600100455,2015년 8월 6일 17시,목요일,대구광역시 동구 율하동,경상사고,0,0,2,0,차대차 - 추돌 - 주정차중,안전운전불이행,건조,맑음,단일로 - 기타,승용,여,51세,상해없음,승용,여,42세,경상
2015080600100456,2015년 8월 6일 17시,목요일,대구광역시 동구 신암동,경상사고,0,0,1,0,차대차 - 기타,안전거리미확보,건조,맑음,교차로 - 교차로부근,승용,여,23세,상해없음,승합,남,45세,상해없음
2015080600100457,2015년 8월 6일 17시,목요일,대구광역시 북구 구암동,부상신고사고,0,0,0,1,차대차 - 기타,안전운전불이행,건조,맑음,기타 - 기타,이륜,남,42세,부상신고,승용,남,25세,상해없음
2015080600100500,2015년 8월 6일 18시,목요일,대구광역시 동구 지묘동,경상사고,0,0,2,0,차대차 - 추돌 - 주정차중,안전운전불이행,건조,맑음,교차로 - 교차로부근,승용,남,72세,상해없음,승용,여,56세,경상
2015080600100501,2015년 8월 6일 18시,목요일,대구광역시 북구 동천동,중상사고,0,1,0,0,차대차 - 측면직각충돌,안전거리미확보,건조,맑음,단일로 - 기타,화물,남,52세,상해없음,이륜,남,21세,중상
2015080600100538,2015년 8월 6일 19시,목요일,대구광역시 수성구 만촌동,경상사고,0,0,1,0,차대사람 - 횡단중,보행자보호의무위반,건조,맑음,단일로 - 횡단보도상,이륜,남,76세,상해없음,보행자,남,15세,경상
2015080600100539,2015년 8월 6일 19시,목요일,대구광역시 수성구 신매동,경상사고,0,0,1,0,차대사람 - 횡단중,중앙선침범,건조,맑음,단일로 - 횡단보도상,이륜,기타불명,기타불명,기타불명,보행자,여,42세,경상
2015080600100540,2015년 8월 6일 19시,목요일,대구광역시 수성구 중동,경상사고,0,0,1,0,차대차 - 측면직각충돌,신호위반,건조,맑음,단일로 - 횡단보도상,승용,남,23세,상해없음,이륜,남,28세,경상
2015080600100541,2015년 8월 6일 19시,목요일,대구광역시 달서구 용산동,경상사고,0,0,1,0,차대차 - 측면직각충돌,안전거리미확보,건조,맑음,단일로 - 기타,승용,남,26세,상해없음,이륜,남,47세,경상
2015080600100542,2015년 8월 6일 19시,목요일,대구광역시 달서구 장기동,중상사고,0,1,1,0,차대차 - 기타,안전거리미확보,건조,맑음,단일로 - 기타,승용,남,48세,기타불명,승용,여,48세,상해없음
2015080600100591,2015년 8월 6일 20시,목요일,대구광역시 북구 국우동,중상사고,0,1,1,0,차대사람 - 차도통행중,안전운전불이행,건조,맑음,교차로 - 교차로안,승용,남,46세,상해없음,보행자,여,23세,중상
2015080600100634,2015년 8월 6일 21시,목요일,대구광역시 달서구 월성동,경상사고,0,0,1,0,차대사람 - 횡단중,안전운전불이행,건조,맑음,단일로 - 기타,승용,남,58세,상해없음,보행자,남,18세,경상
2015080600100635,2015년 8월 6일 21시,목요일,대구광역시 북구 칠성동1가,중상사고,0,1,0,0,차대사람 - 기타,안전운전불이행,건조,맑음,교차로 - 교차로부근,승용,여,49세,상해없음,보행자,여,49세,중상
2015080600100636,2015년 8월 6일 21시,목요일,대구광역시 달서구 용산동,부상신고사고,0,0,0,2,차대차 - 측면직각충돌,차로위반,건조,맑음,단일로 - 기타,승용,남,49세,부상신고,승용,남,18세,상해없음
2015080600100661,2015년 8월 6일 22시,목요일,대구광역시 북구 노원동1가,중상사고,0,1,0,0,차대차 - 측면직각충돌,안전운전불이행,건조,맑음,단일로 - 기타,승용,여,43세,상해없음,자전거,여,67세,중상
2015080600100662,2015년 8월 6일 22시,목요일,대구광역시 달서구 용산동,경상사고,0,0,1,0,차대사람 - 기타,안전운전불이행,건조,맑음,단일로 - 기타,승용,남,32세,상해없음,보행자,여,28세,경상
2015080600100681,2015년 8월 6일 23시,목요일,대구광역시 동구 신암동,경상사고,0,0,1,0,차대차 - 기타,직진우회전진행방해,건조,맑음,교차로 - 교차로안,화물,남,21세,상해없음,이륜,남,19세,경상
2015080700100021,2015년 8월 7일 00시,금요일,대구광역시 동구 지저동,경상사고,0,0,1,0,차대사람 - 기타,안전운전불이행,건조,맑음,단일로 - 기타,승용,남,28세,상해없음,보행자,남,62세,경상
2015080700100035,2015년 8월 7일 01시,금요일,대구광역시 북구 구암동,중상사고,0,1,0,0,차대차 - 추돌 - 주정차중,안전운전불이행,건조,맑음,교차로 - 교차로부근,승용,남,42세,상해없음,승용,남,41세,중상