사고번호,사고일시,요일,시군구,사고내용,사망자수,중상자수,경상자수,부상신고자수,사고유형,법규위반,노면상태,기상상태,도로형태,가해운전자 차종,가해운전자 성별,가해운전자 연령,가해운전자 상해정도,피해운전자 차종,피해운전자 성별,피해운전자 연령,피해운전자 상해정도
2015080700100062,2015년 8월 7일 04시,금요일,대구광역시 수성구 중동,경상사고,0,0,1,0,차량단독 - 공작물충돌,안전운전불이행,건조,맑음,단일로 - 기타,이륜,남,28세,경상,,,,
2015080700100063,2015년 8월 7일 04시,금요일,대구광역시 북구 산격동,경상사고,0,0,2,0,차대차 - 측면직각충돌,신호위반,건조,맑음,교차로 - 교차로안,승용,남,53세,상해없음,화물,남,47세,경상
2015080700100073,2015년 8월 7일 05시,금요일,대구광역시 남구 대명동,경상사고,0,0,1,0,차대사람 - 횡단중,안전운전불이행,건조,맑음,단일로 - 기타,화물,남,38세,상해없음,보행자,여,59세,경상
2015080700100089,2015년 8월 7일 06시,금요일,대구광역시 수성구 두산동,경상사고,0,0,1,0,차대차 - 측면직각충돌,신호위반,건조,맑음,단일로 - 횡단보도상,승용,남,53세,상해없음,자전거,남,20세,경상
2015080700100110,2015년 8월 7일 07시,금요일,대구광역시 달서구 파호동,중상사고,0,1,0,0,차대차 - 측면직각충돌,불법유턴,건조,맑음,단일로 - 횡단보도부근,자전거,남,30세,중상,화물,남,55세,상해없음
2015080700100148,2015년 8월 7일 08시,금요일,대구광역시 남구 봉덕동,중상사고,0,1,0,0,차량단독 - 공작물충돌,안전운전불이행,건조,맑음,교차로 - 교차로안,승용,여,61세,상해없음,,,,
2015080700100149,2015년 8월 7일 08시,금요일,대구광역시 북구 산격동,경상사고,0,0,1,0,차대차 - 기타,교차로운행방법위반,건조,맑음,교차로 - 교차로안,승용,여,48세,상해없음,승용,여,52세,경상
2015080700100150,2015년 8월 7일 08시,금요일,대구광역시 서구 비산동,경상사고,0,0,1,0,차대사람 - 기타,안전운전불이행,건조,맑음,기타 - 기타,화물,남,42세,상해없음,보행자,남,57세,경상
2015080700100151,2015년 8월 7일 08시,금요일,대구광역시 서구 내당동,부상신고사고,0,0,0,1,차대차 - 추돌 - 진행중,안전운전불이행,건조,맑음,교차로 - 교차로부근,기타불명,기타불명,기타불명,기타불명,승용,남,67세,상해없음
2015080700100186,2015년 8월 7일 09시,금요일,대구광역시 서구 비산동,경상사고,0,0,1,0,차대차 - 기타,안전거리미확보,건조,맑음,교차로 - 교차로부근,승합,남,58세,상해없음,승용,남,38세,경상
2015080700100215,2015년 8월 7일 10시,금요일,대구광역시 달서구 장동,경상사고,0,0,1,0,차대차 - 기타,안전거리미확보,건조,맑음,단일로 - 기타,승용,남,59세,상해없음,건설기계,남,51세,경상
2015080700100242,2015년 8월 7일 11시,금요일,대구광역시 중구 대봉동,경상사고,0,0,1,0,차대차 - 기타,안전거리미확보,건조,맑음,단일로 - 기타,승용,남,68세,상해없음,승합,남,57세,상해없음
2015080700100243,2015년 8월 7일 11시,금요일,대구광역시 달서구 용산동,경상사고,0,0,1,0,차대차 - 추돌 - 진행중,안전운전불이행,건조,맑음,단일로 - 기타,승용,남,75세,상해없음,이륜,남,22세,경상
2015080700100278,2015년 8월 7일 12시,금요일,대구광역시 동구 율하동,경상사고,0,0,1,0,차량단독 - 공작물충돌,안전운전불이행,건조,맑음,교차로 - 교차로부근,승합,여,23세,상해없음,,,,
2015080700100279,2015년 8월 7일 12시,금요일,대구광역시 달성군 옥포면,경상사고,0,0,1,0,차대차 - 측면직각충돌,안전운전불이행,건조,맑음,단일로 - 기타,이륜,남,50세,경상,승용,여,41세,상해없음
2015080700100309,2015년 8월 7일 13시,금요일,대구광역시 북구 서변동,경상사고,0,0,1,0,차대사람 - 횡단중,안전운전불이행,건조,맑음,교차로 - 교차로안,승용,여,38세,상해없음,보행자,남,8세,경상
2015080700100340,2015년 8월 7일 14시,금요일,대구광역시 북구 고성동3가,중상사고,0,1,0,0,차대사람 - 기타,안전운전불이행,건조,맑음,교차로 - 교차로안,승용,남,52세,상해없음,보행자,여,70세,중상
2015080700100372,2015년 8월 7일 15시,금요일,대구광역시 서구 평리동,경상사고,0,0,2,0,차대차 - 기타,안전거리미확보,건조,맑음,교차로 - 교차로부근,승합,남,36세,상해없음,화물,남,74세,경상
2015080700100373,2015년 8월 7일 15시,금요일,대구광역시 북구 읍내동,경상사고,0,0,1,0,차대차 - 측면직각충돌,안전운전불이행,건조,맑음,교차로 - 교차로부근,이륜,남,80세,경상,승용,남,48세,상해없음
2015080700100411,2015년 8월 7일 16시,금요일,대구광역시 남구 봉덕동,경상사고,0,0,1,0,차대차 - 측면직각충돌,안전운전불이행,건조,맑음,단일로 - 기타,승용,남,71세,상해없음,승용,남,56세,상해없음
2015080700100412,2015년 8월 7일 16시,금요일,대구광역시 동구 신암동,경상사고,0,0,1,0,차대차 - 추돌 - 주정차중,안전운전불이행,습기,비,단일로 - 기타,승용,남,70세,상해없음,승용,남,34세,경상
2015080700100448,2015년 8월 7일 17시,금요일,대구광역시 달서구 유천동,경상사고,0,0,1,0,차대차 - 추돌 - 주정차중,안전운전불이행,건조,맑음,교차로 - 교차로부근,승용,여,74세,상해없음,승용,여,51세,경상
2015080700100449,2015년 8월 7일 17시,금요일,대구광역시 동구 불로동,경상사고,0,0,3,1,차대차 - 추돌 - 주정차중,안전운전불이행,습기,비,단일로 - 교량,승용,남,27세,부상신고,화물,남,43세,경상
2015080700100450,2015년 8월 7일 17시,금요일,대구광역시 서구 평리동,중상사고,0,1,0,0,차대사람 - 횡단중,보행자보호의무위반,건조,기타,교차로 - 교차로부근,이륜,남,55세,상해없음,보행자,남,26세,중상
2015080700100501,2015년 8월 7일 18시,금요일,대구광역시 동구 율하동,경상사고,0,0,1,0,차대차 - 기타,안전운전불이행,건조,맑음,교차로 - 교차로안,승용,남,45세,상해없음,이륜,남,51세,경상
2015080700100502,2015년 8월 7일 18시,금요일,대구광역시 수성구 범물동,경상사고,0,0,1,0,차대사람 - 횡단중,보행자보호의무위반,건조,맑음,교차로 - 교차로부근,승용,여,47세,상해없음,보행자,남,7세,경상
2015080700100503,2015년 8월 7일 18시,금요일,대구광역시 달서구 두류동,경상사고,0,0,1,0,차대차 - 기타,불법유턴,건조,맑음,단일로 - 기타,승용,여,54세,상해없음,이륜,남,63세,경상
2015080700100529,2015년 8월 7일 19시,금요일,대구광역시 북구 매천동,경상사고,0,0,1,0,차대차 - 추돌 - 주정차중,안전거리미확보,건조,맑음,단일로 - 기타,승용,남,43세,상해없음,승용,여,29세,경상
2015080700100561,2015년 8월 7일 20시,금요일,대구광역시 동구 부동,경상사고,0,0,1,0,차대차 - 측면직각충돌,안전거리미확보,건조,맑음,단일로 - 기타,승용,남,23세,상해없음,승용,남,34세,경상
2015080700100563,2015년 8월 7일 20시,금요일,대구광역시 중구 봉산동,중상사고,0,1,0,0,차대차 - 측면직각충돌,안전운전불이행,건조,맑음,단일로 - 기타,승용,여,53세,상해없음,자전거,여,55세,중상
2015080700100605,2015년 8월 7일 21시,금요일,대구광역시 동구 지저동,경상사고,0,0,2,0,차대차 - 기타,중앙선침범,건조,맑음,단일로 - 기타,승용,남,65세,상해없음,승용,남,32세,경상
2015080700100606,2015년 8월 7일 21시,금요일,대구광역시 동구 불로동,경상사고,0,0,2,0,차대차 - 기타,안전운전불이행,건조,맑음,단일로 - 기타,승용,남,49세,상해없음,승용,남,45세,경상
2015080700100607,2015년 8월 7일 21시,금요일,대구광역시 동구 용계동,경상사고,0,0,1,0,차대차 - 기타,안전운전불이행,건조,맑음,교차로 - 교차로부근,승용,남,49세,상해없음,승용,남,39세,경상
2015080700100608,2015년 8월 7일 21시,금요일,대구광역시 서구 비산동,경상사고,0,0,1,0,차대차 - 정면충돌,안전운전불이행,건조,맑음,교차로 - 교차로안,승용,남,66세,상해없음,자전거,남,13세,경상
2015080700100659,2015년 8월 7일 23시,금요일,대구광역시 남구 대명동,경상사고,0,0,1,0,차대차 - 기타,안전운전불이행,건조,맑음,단일로 - 기타,이륜,남,52세,상해없음,승용,여,24세,경상
2015080800100019,2015년 8월 8일 00시,토요일,대구광역시 중구 삼덕동2가,경상사고,0,0,1,0,차대차 - 추돌 - 주정차중,안전운전불이행,건조,맑음,단일로 - 기타,승용,남,38세,상해없음,승용,남,70세,경상
2015080800100020,2015년 8월 8일 00시,토요일,대구광역시 중구 삼덕동1가,경상사고,0,0,1,0,차대차 - 측면직각충돌,안전운전불이행,건조,맑음,교차로 - 교차로부근,승용,남,59세,상해없음,승용,여,47세,경상
2015080800100043,2015년 8월 8일 01시,토요일,대구광역시 달서구 송현동,경상사고,0,0,1,0,차대차 - 기타,안전운전불이행,건조,맑음,단일로 - 기타,승용,남,57세,상해없음,자전거,남,31세,경상
2015080800100044,2015년 8월 8일 01시,토요일,대구광역시 서구 평리동,경상사고,0,0,2,0,차대차 - 추돌 - 주정차중,안전운전불이행,건조,맑음,단일로 - 기타,이륜,남,30세,경상,승용,남,51세,경상
2015080800100056,2015년 8월 8일 02시,토요일,대구광역시 수성구 두산동,중상사고,0,1,0,0,차대사람 - 기타,안전운전불이행,건조,맑음,단일로 - 기타,승용,기타불명,기타불명,기타불명,보행자,남,40세,중상
2015080800100057,2015년 8월 8일 02시,토요일,대구광역시 달서구 도원동,경상사고,0,0,1,0,차량단독 - 전도전복,안전운전불이행,건조,맑음,단일로 - 기타,승용,남,16세,상해없음,,,,
2015080800100058,2015년 8월 8일 02시,토요일,대구광역시 달서구 용산동,중상사고,0,1,0,0,차대차 - 측면직각충돌,안전운전불이행,건조,맑음,단일로 - 기타,승용,남,28세,상해없음,승용,남,50세,중상
2015080800100093,2015년 8월 8일 04시,토요일,대구광역시 수성구 상동,경상사고,0,0,1,0,차대차 - 추돌 - 주정차중,안전운전불이행,건조,맑음,교차로 - 교차로부근,승용,남,39세,상해없음,승용,남,42세,경상
2015080800100094,2015년 8월 8일 04시,토요일,대구광역시 서구 평리동,중상사고,0,1,0,0,차대차 - 기타,안전운전불이행,건조,맑음,단일로 - 기타,화물,남,39세,상해없음,자전거,남,72세,중상
2015080800100095,2015년 8월 8일 04시,토요일,대구광역시 달서구 성당동,경상사고,0,0,1,0,차대사람 - 횡단중,신호위반,건조,맑음,단일로 - 횡단보도상,승용,여,57세,상해없음,보행자,여,37세,경상
2015080800100107,2015년 8월 8일 05시,토요일,대구광역시 달서구 죽전동,중상사고,0,1,0,0,차대차 - 측면직각충돌,신호위반,건조,맑음,단일로 - 횡단보도부근,승용,남,45세,상해없음,이륜,남,25세,중상
2015080800100139,2015년 8월 8일 07시,토요일,대구광역시 남구 대명동,경상사고,0,0,1,0,차대차 - 추돌 - 진행중,안전운전불이행,건조,맑음,단일로 - 기타,승용,남,27세,상해없음,승용,남,62세,경상
2015080800100140,2015년 8월 8일 07시,토요일,대구광역시 동구 각산동,중상사고,0,1,0,0,차대사람 - 차도통행중,안전운전불이행,기타,맑음,단일로 - 기타,승용,남,30세,상해없음,보행자,여,61세,중상
2015080800100165,2015년 8월 8일 08시,토요일,대구광역시 중구 도원동,중상사고,0,1,0,0,차대사람 - 기타,안전운전불이행,건조,맑음,단일로 - 기타,건설기계,남,48세,상해없음,보행자,여,88세,중상
2015080800100192,2015년 8월 8일 09시,토요일,대구광역시 수성구 만촌동,중상사고,0,1,0,0,차대차 - 측면직각충돌,안전운전불이행,건조,맑음,단일로 - 기타,승용,남,51세,상해없음,승용,여,53세,중상
2015080800100193,2015년 8월 8일 09시,토요일,대구광역시 달성군 가창면,중상사고,0,1,0,0,차대차 - 기타,안전운전불이행,건조,맑음,단일로 - 기타,농기계,남,67세,기타불명,승용,남,61세,중상
2015080800100257,2015년 8월 8일 11시,토요일,대구광역시 북구 산격동,부상신고사고,0,0,0,1,차대차 - 측면직각충돌,신호위반,건조,맑음,교차로 - 교차로부근,이륜,남,23세,부상신고,화물,남,41세,상해없음
2015080800100258,2015년 8월 8일 11시,토요일,대구광역시 서구 비산동,경상사고,0,0,1,0,차대차 - 기타,안전운전불이행,건조,맑음,교차로 - 교차로부근,승용,남,24세,상해없음,화물,남,37세,경상
2015080800100259,2015년 8월 8일 11시,토요일,대구광역시 중구 대봉동,경상사고,0,0,1,1,차대사람 - 길가장자리구역통행중,중앙선침범,건조,맑음,단일로 - 기타,자전거,남,52세,부상신고,보행자,남,61세,경상
2015080800100293,2015년 8월 8일 12시,토요일,대구광역시 수성구 두산동,중상사고,0,1,0,0,차대차 - 기타,안전운전불이행,건조,맑음,단일로 - 기타,건설기계,남,48세,기타불명,자전거,여,71세,중상
2015080800100332,2015년 8월 8일 13시,토요일,대구광역시 수성구 이천동,중상사고,0,1,0,0,차량단독 - 공작물충돌,안전운전불이행,건조,맑음,단일로 - 기타,승용,남,62세,상해없음,,,,
2015080800100368,2015년 8월 8일 14시,토요일,대구광역시 서구 내당동,경상사고,0,0,1,1,차대사람 - 기타,안전운전불이행,건조,맑음,단일로 - 기타,자전거,남,16세,부상신고,보행자,여,46세,경상
2015080800100412,2015년 8월 8일 15시,토요일,대구광역시 동구 입석동,경상사고,0,0,1,0,차대차 - 기타,기타,건조,맑음,단일로 - 기타,승용,남,57세,상해없음,이륜,남,45세,경상
2015080800100413,2015년 8월 8일 15시,토요일,대구광역시 달성군 다사읍,중상사고,0,1,0,0,차대차 - 측면직각충돌,안전운전불이행,건조,맑음,교차로 - 교차로안,화물,남,62세,상해없음,승용,여,44세,중상
2015080800100414,2015년 8월 8일 15시,토요일,대구광역시 북구 동천동,중상사고,0,1,0,0,차대차 - 측면직각충돌,안전거리미확보,건조,맑음,교차로 - 교차로부근,승용,여,39세,상해없음,이륜,남,46세,중상
2015080800100501,2015년 8월 8일 17시,토요일,대구광역시 중구 대봉동,경상사고,0,0,1,0,차대차 - 기타,안전거리미확보,습기,흐림,단일로 - 기타,승용,여,42세,상해없음,화물,남,72세,경상
2015080800100540,2015년 8월 8일 18시,토요일,대구광역시 동구 각산동,경상사고,0,0,1,0,차대차 - 측면직각충돌,안전거리미확보,건조,맑음,단일로 - 기타,승용,여,36세,상해없음,승용,남,31세,경상
2015080800100541,2015년 8월 8일 18시,토요일,대구광역시 동구 신천동,경상사고,0,0,1,0,차대차 - 추돌 - 진행중,안전운전불이행,건조,맑음,교차로 - 교차로안,승용,남,51세,상해없음,승용,남,54세,경상
2015080800100542,2015년 8월 8일 18시,토요일,대구광역시 동구 율하동,경상사고,0,0,1,0,차대사람 - 기타,안전운전불이행,건조,맑음,기타 - 기타,이륜,남,24세,상해없음,보행자,여,7세,경상
2015080800100543,2015년 8월 8일 18시,토요일,대구광역시 달서구 진천동,경상사고,0,0,1,0,차대차 - 추돌 - 진행중,안전운전불이행,건조,흐림,단일로 - 기타,승용,남,24세,상해없음,이륜,남,16세,경상
2015080800100544,2015년 8월 8일 18시,토요일,대구광역시 서구 내당동,중상사고,0,2,0,0,차대차 - 추돌 - 진행중,안전운전불이행,습기,비,단일로 - 기타,승용,남,61세,상해없음,승용,여,33세,중상
2015080800100575,2015년 8월 8일 19시,토요일,대구광역시 남구 대명동,경상사고,0,0,1,0,차대차 - 측면직각충돌,안전운전불이행,습기,비,단일로 - 기타,승용,남,56세,상해없음,승용,여,36세,경상
2015080800100576,2015년 8월 8일 19시,토요일,대구광역시 동구 방촌동,부상신고사고,0,0,0,1,차대사람 - 기타,안전운전불이행,건조,맑음,단일로 - 기타,이륜,남,56세,부상신고,보행자,남,64세,상해없음
2015080800100577,2015년 8월 8일 19시,토요일,대구광역시 달서구 신당동,경상사고,0,0,1,0,차대차 - 추돌 - 진행중,안전운전불이행,습기,흐림,단일로 - 기타,이륜,남,66세,상해없음,승용,남,41세,경상
2015080800100606,2015년 8월 8일 20시,토요일,대구광역시 남구 봉덕동,경상사고,0,0,1,0,차대차 - 기타,안전거리미확보,건조,맑음,교차로 - 교차로부근,승용,남,54세,상해없음,승용,남,33세,상해없음
2015080800100607,2015년 8월 8일 20시,토요일,대구광역시 동구 신천동,경상사고,0,0,1,0,차대차 - 기타,안전거리미확보,건조,맑음,단일로 - 기타,화물,남,55세,상해없음,승용,남,30세,상해없음
2015080800100608,2015년 8월 8일 20시,토요일,대구광역시 달서구 상인동,중상사고,0,1,0,0,차량단독 - 기타,안전운전불이행,건조,맑음,단일로 - 기타,원동기,남,52세,중상,,,,
2015080800100609,2015년 8월 8일 20시,토요일,대구광역시 달성군 가창면,중상사고,0,1,1,0,차대차 - 추돌 - 주정차중,안전운전불이행,건조,맑음,단일로 - 횡단보도부근,화물,남,55세,상해없음,승용,여,45세,중상
2015080800100610,2015년 8월 8일 20시,토요일,대구광역시 서구 평리동,경상사고,0,0,1,0,차대차 - 측면직각충돌,안전거리미확보,건조,맑음,단일로 - 기타,승용,남,35세,상해없음,이륜,남,16세,경상
2015080800100668,2015년 8월 8일 22시,토요일,대구광역시 동구 신천동,경상사고,0,0,1,0,차대차 - 측면직각충돌,신호위반,건조,맑음,교차로 - 교차로안,승용,남,65세,상해없음,이륜,남,17세,경상
2015080800100669,2015년 8월 8일 22시,토요일,대구광역시 달서구 월암동,중상사고,0,1,1,0,차대차 - 기타,안전운전불이행,건조,맑음,단일로 - 기타,승용,남,26세,경상,화물,남,43세,기타불명
2015080800100670,2015년 8월 8일 22시,토요일,대구광역시 서구 내당동,경상사고,0,0,1,0,차량단독 - 기타,안전운전불이행,건조,맑음,단일로 - 기타,승용,남,54세,상해없음,,,,
2015080800100693,2015년 8월 8일 23시,토요일,대구광역시 수성구 수성동4가,경상사고,0,0,1,0,차대차 - 추돌 - 진행중,안전운전불이행,건조,흐림,단일로 - 기타,승용,남,43세,상해없음,승용,남,54세,경상
2015080800100694,2015년 8월 8일 23시,토요일,대구광역시 수성구 상동,중상사고,0,1,0,0,차대차 - 측면직각충돌,교차로운행방법위반,건조,맑음,교차로 - 교차로안,승용,남,27세,상해없음,이륜,남,42세,중상
2015080900100014,2015년 8월 9일 00시,일요일,대구광역시 달서구 월성동,중상사고,0,1,6,1,차대차 - 측면직각충돌,교차로운행방법위반,건조,맑음,교차로 - 교차로안,승합,남,47세,상해없음,승용,여,45세,경상
2015080900100031,2015년 8월 9일 01시,일요일,대구광역시 동구 효목동,중상사고,0,1,0,0,차대사람 - 기타,안전운전불이행,건조,맑음,단일로 - 기타,승용,남,55세,상해없음,보행자,남,52세,중상
2015080900100048,2015년 8월 9일 02시,일요일,대구광역시 남구 봉덕동,중상사고,0,1,1,0,차대차 - 추돌 - 진행중,안전거리미확보,건조,맑음,단일로 - 기타,승용,남,36세,상해없음,승용,남,68세,경상
2015080900100049,2015년 8월 9일 02시,일요일,대구광역시 남구 대명동,중상사고,0,1,2,0,차대차 - 추돌 - 주정차중,안전거리미확보,건조,맑음,단일로 - 기타,승용,남,69세,상해없음,승용,남,39세,경상
2015080900100078,2015년 8월 9일 05시,일요일,대구광역시 서구 이현동,중상사고,0,1,0,0,차대차 - 측면직각충돌,신호위반,건조,맑음,교차로 - 교차로안,승용,남,46세,상해없음,이륜,남,20세,중상
2015080900100079,2015년 8월 9일 05시,일요일,대구광역시 달서구 감삼동,경상사고,0,0,3,0,차대차 - 측면직각충돌,신호위반,건조,맑음,교차로 - 교차로부근,승용,남,29세,상해없음,승용,남,37세,경상
2015080900100093,2015년 8월 9일 06시,일요일,대구광역시 동구 신천동,중상사고,0,1,0,0,차대사람 - 횡단중,안전운전불이행,건조,맑음,교차로 - 교차로안,화물,남,52세,상해없음,보행자,남,44세,중상
2015080900100094,2015년 8월 9일 06시,일요일,대구광역시 달서구 진천동,경상사고,0,0,2,0,차대차 - 측면직각충돌,안전거리미확보,건조,맑음,단일로 - 기타,승용,남,20세,상해없음,승용,남,31세,경상
2015080900100095,2015년 8월 9일 06시,일요일,대구광역시 서구 평리동,경상사고,0,0,1,0,차대차 - 측면직각충돌,중앙선침범,건조,맑음,단일로 - 기타,승용,남,74세,기타불명,승용,남,27세,경상
2015080900100107,2015년 8월 9일 07시,일요일,대구광역시 북구 노원동1가,경상사고,0,0,1,0,차대차 - 측면직각충돌,신호위반,건조,맑음,교차로 - 교차로안,승용,남,56세,상해없음,승용,남,63세,경상
2015080900100155,2015년 8월 9일 10시,일요일,대구광역시 달서구 대곡동,중상사고,0,1,0,0,차대사람 - 기타,보행자보호의무위반,건조,맑음,교차로 - 교차로부근,승용,남,76세,상해없음,보행자,여,69세,중상
2015080900100156,2015년 8월 9일 10시,일요일,대구광역시 중구 동성로1가,경상사고,0,0,2,1,차대차 - 추돌 - 진행중,안전운전불이행,건조,맑음,단일로 - 기타,이륜,남,17세,부상신고,승용,여,30세,경상
2015080900100175,2015년 8월 9일 11시,일요일,대구광역시 동구 효목동,경상사고,0,0,2,0,차대차 - 측면직각충돌,안전운전불이행,건조,맑음,교차로 - 교차로안,승용,남,58세,상해없음,승용,여,53세,경상
2015080900100198,2015년 8월 9일 12시,일요일,대구광역시 남구 대명동,부상신고사고,0,0,0,1,차대차 - 측면직각충돌,중앙선침범,건조,맑음,단일로 - 기타,자전거,남,47세,부상신고,승합,남,58세,상해없음
2015080900100199,2015년 8월 9일 12시,일요일,대구광역시 북구 국우동,부상신고사고,0,0,0,1,차대차 - 추돌 - 주정차중,안전운전불이행,건조,맑음,단일로 - 기타,자전거,남,65세,부상신고,화물,남,65세,기타불명
2015080900100274,2015년 8월 9일 15시,일요일,대구광역시 수성구 만촌동,경상사고,0,0,1,0,차대차 - 측면직각충돌,안전운전불이행,건조,맑음,단일로 - 기타,이륜,남,47세,경상,승용,여,43세,상해없음
2015080900100338,2015년 8월 9일 17시,일요일,대구광역시 수성구 매호동,중상사고,0,1,0,0,차대차 - 측면직각충돌,교차로운행방법위반,건조,맑음,교차로 - 교차로안,승용,남,54세,상해없음,승용,여,40세,중상
2015080900100364,2015년 8월 9일 18시,일요일,대구광역시 남구 대명동,경상사고,0,0,1,0,차대사람 - 보도통행중,기타,건조,맑음,기타 - 기타,승용,남,48세,상해없음,보행자,여,24세,경상
2015080900100365,2015년 8월 9일 18시,일요일,대구광역시 동구 율하동,부상신고사고,0,0,0,1,차대차 - 기타,안전운전불이행,건조,맑음,단일로 - 기타,이륜,남,55세,부상신고,자전거,남,53세,상해없음
2015080900100439,2015년 8월 9일 20시,일요일,대구광역시 달성군 다사읍,경상사고,0,0,2,0,차대차 - 기타,불법유턴,건조,맑음,단일로 - 기타,승용,남,43세,상해없음,승용,남,30세,경상
2015080900100465,2015년 8월 9일 21시,일요일,대구광역시 남구 봉덕동,부상신고사고,0,0,0,1,차대차 - 추돌 - 진행중,안전운전불이행,건조,맑음,교차로 - 교차로안,승용,남,37세,상해없음,승용,남,32세,상해없음
2015080900100485,2015년 8월 9일 22시,일요일,대구광역시 수성구 시지동,중상사고,0,1,1,0,차대차 - 기타,안전거리미확보,건조,맑음,단일로 - 기타,승용,여,41세,상해없음,승용,남,54세,중상
2015080900100486,2015년 8월 9일 22시,일요일,대구광역시 달서구 호산동,경상사고,0,0,1,0,차대차 - 기타,신호위반,건조,맑음,교차로 - 교차로안,자전거,남,48세,경상,승용,남,43세,상해없음
2015080900100505,2015년 8월 9일 23시,일요일,대구광역시 달서구 송현동,경상사고,0,0,3,0,차대차 - 기타,직진우회전진행방해,건조,맑음,교차로 - 교차로안,이륜,남,16세,경상,승용,남,60세,경상
2015081000100019,2015년 8월 10일 01시,월요일,대구광역시 중구 공평동,경상사고,0,0,2,1,차대차 - 기타,안전운전불이행,건조,맑음,단일로 - 기타,이륜,남,20세,경상,승용,남,44세,경상
2015081000100025,2015년 8월 10일 02시,월요일,대구광역시 중구 동인동1가,경상사고,0,0,3,1,차대차 - 기타,안전운전불이행,건조,맑음,단일로 - 횡단보도부근,승용,남,31세,부상신고,승용,남,23세,경상
2015081000100046,2015년 8월 10일 04시,월요일,대구광역시 남구 대명동,중상사고,0,1,2,0,차대차 - 측면직각충돌,신호위반,건조,맑음,교차로 - 교차로부근,이륜,남,24세,상해없음,승용,남,51세,경상
2015081000100047,2015년 8월 10일 04시,월요일,대구광역시 중구 남산동,중상사고,0,1,0,0,차대사람 - 횡단중,안전운전불이행,건조,맑음,교차로 - 교차로안,승용,남,59세,상해없음,보행자,남,39세,중상
2015081000100065,2015년 8월 10일 06시,월요일,대구광역시 북구 복현동,부상신고사고,0,0,0,1,차대차 - 기타,신호위반,건조,맑음,단일로 - 기타,자전거,남,30세,부상신고,승용,남,42세,상해없음
2015081000100066,2015년 8월 10일 06시,월요일,대구광역시 서구 이현동,중상사고,0,1,0,0,차대차 - 추돌 - 주정차중,안전거리미확보,건조,맑음,단일로 - 기타,승용,남,47세,상해없음,승용,남,42세,중상
2015081000100118,2015년 8월 10일 08시,월요일,대구광역시 달서구 진천동,중상사고,0,1,2,0,차대차 - 측면직각충돌,신호위반,건조,흐림,교차로 - 교차로안,승용,여,42세,상해없음,승용,여,23세,경상
2015081000100119,2015년 8월 10일 08시,월요일,대구광역시 북구 산격동,경상사고,0,0,1,0,차대차 - 측면직각충돌,안전거리미확보,건조,맑음,교차로 - 교차로부근,승용,남,77세,상해없음,원동기,남,36세,경상
2015081000100248,2015년 8월 10일 12시,월요일,대구광역시 서구 내당동,경상사고,0,0,6,0,차대차 - 기타,안전거리미확보,건조,맑음,단일로 - 기타,승용,남,61세,경상,승용,여,54세,경상
2015081000100249,2015년 8월 10일 12시,월요일,대구광역시 중구 계산동2가,경상사고,0,0,1,0,차대차 - 추돌 - 주정차중,안전운전불이행,건조,맑음,단일로 - 기타,승용,여,45세,상해없음,승용,여,42세,경상
2015081000100338,2015년 8월 10일 14시,월요일,대구광역시 달성군 하빈면,중상사고,0,1,0,0,차대사람 - 기타,안전운전불이행,건조,맑음,단일로 - 기타,화물,남,59세,상해없음,보행자,여,47세,중상
2015081000100374,2015년 8월 10일 15시,월요일,대구광역시 북구 서변동,경상사고,0,0,1,0,차대차 - 추돌 - 주정차중,안전운전불이행,건조,맑음,단일로 - 기타,승용,여,33세,상해없음,승용,여,34세,상해없음
2015081000100376,2015년 8월 10일 15시,월요일,대구광역시 수성구 이천동,경상사고,0,0,2,1,차대차 - 기타,신호위반,건조,맑음,교차로 - 교차로안,승용,여,33세,부상신고,승용,남,37세,경상
2015081000100377,2015년 8월 10일 15시,월요일,대구광역시 서구 평리동,경상사고,0,0,1,0,차대차 - 기타,안전운전불이행,건조,맑음,교차로 - 교차로안,승용,남,60세,경상,화물,남,51세,상해없음
2015081000100378,2015년 8월 10일 15시,월요일,대구광역시 중구 태평로1가,경상사고,0,0,2,0,차대차 - 측면직각충돌,안전거리미확보,건조,맑음,교차로 - 교차로부근,승용,여,40세,상해없음,승용,남,66세,경상
2015081000100421,2015년 8월 10일 16시,월요일,대구광역시 동구 효목동,경상사고,0,0,1,0,차대차 - 기타,안전거리미확보,건조,맑음,교차로 - 교차로부근,승용,기타불명,기타불명,기타불명,승용,여,55세,경상
2015081000100422,2015년 8월 10일 16시,월요일,대구광역시 달서구 성당동,경상사고,0,0,1,0,차대차 - 측면직각충돌,교차로운행방법위반,건조,맑음,교차로 - 교차로안,승용,여,60세,상해없음,이륜,남,63세,경상
2015081000100423,2015년 8월 10일 16시,월요일,대구광역시 북구 매천동,중상사고,0,1,0,0,차대차 - 측면직각충돌,안전운전불이행,건조,맑음,기타 - 기타,승용,여,45세,상해없음,이륜,남,22세,중상
2015081000100505,2015년 8월 10일 18시,월요일,대구광역시 수성구 범어동,경상사고,0,0,1,0,차대사람 - 횡단중,안전운전불이행,건조,맑음,교차로 - 교차로부근,승용,남,63세,상해없음,보행자,여,78세,경상
2015081000100506,2015년 8월 10일 18시,월요일,대구광역시 북구 동천동,중상사고,0,1,0,0,차대사람 - 횡단중,신호위반,건조,맑음,교차로 - 교차로부근,화물,남,27세,상해없음,보행자,여,47세,중상
2015081000100544,2015년 8월 10일 19시,월요일,대구광역시 달서구 월성동,중상사고,0,1,0,0,차대사람 - 기타,중앙선침범,건조,맑음,단일로 - 기타,자전거,남,14세,상해없음,보행자,여,41세,중상