사고번호,사고일시,요일,시군구,사고내용,사망자수,중상자수,경상자수,부상신고자수,사고유형,법규위반,노면상태,기상상태,도로형태,가해운전자 차종,가해운전자 성별,가해운전자 연령,가해운전자 상해정도,피해운전자 차종,피해운전자 성별,피해운전자 연령,피해운전자 상해정도
2015081000100545,2015년 8월 10일 19시,월요일,대구광역시 북구 침산동,경상사고,0,0,1,0,차대사람 - 차도통행중,안전운전불이행,건조,맑음,교차로 - 교차로부근,승용,남,28세,상해없음,보행자,남,65세,경상
2015081000100583,2015년 8월 10일 20시,월요일,대구광역시 서구 평리동,경상사고,0,0,1,0,차대차 - 기타,중앙선침범,건조,맑음,교차로 - 교차로부근,승용,남,57세,상해없음,승용,남,42세,경상
2015081000100584,2015년 8월 10일 20시,월요일,대구광역시 중구 서성로1가,중상사고,0,1,0,0,차대사람 - 횡단중,안전운전불이행,건조,맑음,단일로 - 기타,기타불명,기타불명,기타불명,기타불명,보행자,남,70세,중상
2015081000100585,2015년 8월 10일 20시,월요일,대구광역시 달서구 신당동,중상사고,0,1,0,0,차대사람 - 횡단중,안전운전불이행,습기,비,단일로 - 횡단보도상,승용,남,49세,상해없음,보행자,여,47세,중상
2015081000100610,2015년 8월 10일 21시,월요일,대구광역시 서구 내당동,중상사고,0,1,0,0,차대차 - 추돌 - 주정차중,안전운전불이행,건조,맑음,단일로 - 기타,승용,여,51세,상해없음,화물,남,56세,상해없음
2015081000100611,2015년 8월 10일 21시,월요일,대구광역시 서구 비산동,경상사고,0,0,1,0,차대차 - 측면직각충돌,안전운전불이행,건조,맑음,교차로 - 교차로부근,기타불명,기타불명,기타불명,기타불명,자전거,여,14세,경상
2015081000100644,2015년 8월 10일 22시,월요일,대구광역시 서구 내당동,경상사고,0,0,1,0,차대차 - 추돌 - 주정차중,안전운전불이행,건조,맑음,단일로 - 기타,승용,남,59세,상해없음,승용,남,45세,경상
2015081000100645,2015년 8월 10일 22시,월요일,대구광역시 북구 구암동,경상사고,0,0,1,0,차대사람 - 횡단중,안전운전불이행,건조,맑음,교차로 - 교차로안,승용,남,40세,상해없음,보행자,여,78세,경상
2015081000100646,2015년 8월 10일 22시,월요일,대구광역시 북구 서변동,중상사고,0,3,1,0,차대차 - 측면직각충돌,안전거리미확보,습기,비,교차로 - 교차로안,승용,남,41세,상해없음,승용,여,33세,경상
2015081000100669,2015년 8월 10일 23시,월요일,대구광역시 남구 대명동,중상사고,0,1,2,1,차대차 - 추돌 - 주정차중,안전거리미확보,건조,맑음,교차로 - 교차로부근,승용,남,33세,상해없음,승용,여,42세,중상
2015081000100670,2015년 8월 10일 23시,월요일,대구광역시 북구 노원동3가,경상사고,0,0,2,0,차대차 - 측면직각충돌,안전운전불이행,건조,맑음,교차로 - 교차로안,승용,남,67세,상해없음,승용,여,30세,경상
2015081000100671,2015년 8월 10일 23시,월요일,대구광역시 중구 동인동1가,경상사고,0,0,1,0,차대차 - 측면직각충돌,안전거리미확보,건조,맑음,단일로 - 기타,승용,여,62세,상해없음,승용,남,21세,상해없음
2015081100100021,2015년 8월 11일 00시,화요일,대구광역시 수성구 중동,중상사고,0,1,0,0,차량단독 - 전도전복,안전운전불이행,건조,맑음,단일로 - 기타,이륜,남,45세,중상,,,,
2015081100100053,2015년 8월 11일 04시,화요일,대구광역시 달서구 감삼동,경상사고,0,0,1,0,차대차 - 추돌 - 주정차중,안전운전불이행,건조,맑음,단일로 - 기타,승용,기타불명,기타불명,기타불명,승용,남,46세,경상
2015081100100068,2015년 8월 11일 05시,화요일,대구광역시 남구 봉덕동,경상사고,0,0,3,0,차대차 - 정면충돌,신호위반,건조,맑음,교차로 - 교차로안,승용,남,30세,상해없음,승용,남,44세,경상
2015081100100078,2015년 8월 11일 06시,화요일,대구광역시 수성구 수성동4가,중상사고,0,1,0,0,차대차 - 측면직각충돌,안전운전불이행,건조,맑음,단일로 - 횡단보도상,승용,남,52세,상해없음,자전거,남,81세,중상
2015081100100099,2015년 8월 11일 07시,화요일,대구광역시 북구 구암동,경상사고,0,0,1,0,차대차 - 측면직각충돌,신호위반,건조,맑음,단일로 - 횡단보도상,승용,남,26세,상해없음,자전거,남,16세,경상
2015081100100137,2015년 8월 11일 08시,화요일,대구광역시 남구 대명동,중상사고,0,1,0,0,차대차 - 기타,안전운전불이행,건조,맑음,단일로 - 기타,화물,남,54세,상해없음,원동기,여,66세,중상
2015081100100138,2015년 8월 11일 08시,화요일,대구광역시 북구 구암동,부상신고사고,0,0,0,1,차대차 - 측면직각충돌,교차로운행방법위반,건조,맑음,교차로 - 교차로안,자전거,여,45세,부상신고,승용,남,27세,상해없음
2015081100100163,2015년 8월 11일 09시,화요일,대구광역시 동구 방촌동,중상사고,0,1,0,0,차대사람 - 횡단중,신호위반,건조,맑음,교차로 - 교차로부근,화물,남,67세,상해없음,보행자,여,8세,중상
2015081100100164,2015년 8월 11일 09시,화요일,대구광역시 달성군 화원읍,경상사고,0,0,2,0,차대차 - 추돌 - 진행중,안전운전불이행,건조,맑음,단일로 - 기타,승용,여,59세,상해없음,승용,여,52세,경상
2015081100100165,2015년 8월 11일 09시,화요일,대구광역시 달성군 논공읍,중상사고,0,1,0,0,차대차 - 측면직각충돌,안전운전불이행,건조,맑음,교차로 - 교차로안,화물,남,59세,상해없음,승용,남,60세,중상
2015081100100166,2015년 8월 11일 09시,화요일,대구광역시 서구 내당동,경상사고,0,0,2,0,차대차 - 측면직각충돌,안전거리미확보,습기,비,단일로 - 횡단보도부근,승용,남,49세,상해없음,승용,남,65세,경상
2015081100100167,2015년 8월 11일 09시,화요일,대구광역시 북구 동변동,경상사고,0,0,1,0,차대차 - 추돌 - 주정차중,안전운전불이행,건조,맑음,단일로 - 기타,승용,여,53세,경상,승용,남,29세,기타불명
2015081100100195,2015년 8월 11일 10시,화요일,대구광역시 북구 동변동,경상사고,0,0,1,0,차대차 - 기타,안전운전불이행,건조,맑음,단일로 - 기타,화물,남,18세,상해없음,화물,남,42세,경상
2015081100100228,2015년 8월 11일 11시,화요일,대구광역시 동구 각산동,중상사고,0,1,0,0,차대차 - 측면직각충돌,교차로운행방법위반,건조,맑음,교차로 - 교차로안,화물,남,57세,상해없음,화물,남,33세,중상
2015081100100257,2015년 8월 11일 12시,화요일,대구광역시 달성군 화원읍,중상사고,0,1,2,0,차대차 - 추돌 - 진행중,안전운전불이행,건조,맑음,단일로 - 기타,승용,남,47세,상해없음,승용,남,64세,중상
2015081100100260,2015년 8월 11일 12시,화요일,대구광역시 수성구 만촌동,경상사고,0,0,2,0,차대차 - 측면직각충돌,신호위반,건조,흐림,교차로 - 교차로안,승용,남,65세,상해없음,승용,여,40세,경상
2015081100100299,2015년 8월 11일 13시,화요일,대구광역시 북구 침산동,경상사고,0,0,1,0,차대사람 - 기타,안전운전불이행,건조,맑음,단일로 - 기타,화물,남,41세,상해없음,보행자,여,51세,경상
2015081100100300,2015년 8월 11일 13시,화요일,대구광역시 북구 금호동,경상사고,0,0,2,0,차대차 - 추돌 - 진행중,안전운전불이행,건조,맑음,교차로 - 교차로부근,승용,여,60세,상해없음,승용,남,56세,경상
2015081100100301,2015년 8월 11일 13시,화요일,대구광역시 북구 구암동,경상사고,0,0,1,0,차대차 - 측면직각충돌,안전운전불이행,건조,맑음,단일로 - 기타,승용,남,64세,상해없음,자전거,남,21세,경상
2015081100100338,2015년 8월 11일 14시,화요일,대구광역시 동구 서호동,경상사고,0,0,4,0,차대차 - 기타,안전운전불이행,건조,맑음,단일로 - 기타,승용,여,49세,상해없음,승용,남,36세,경상
2015081100100376,2015년 8월 11일 15시,화요일,대구광역시 동구 동호동,부상신고사고,0,0,0,1,차량단독 - 기타,안전운전불이행,건조,맑음,단일로 - 기타,이륜,남,23세,부상신고,,,,
2015081100100412,2015년 8월 11일 16시,화요일,대구광역시 달성군 가창면,중상사고,0,1,0,0,차량단독 - 기타,안전운전불이행,건조,맑음,교차로 - 교차로안,자전거,남,48세,중상,,,,
2015081100100499,2015년 8월 11일 18시,화요일,대구광역시 수성구 만촌동,경상사고,0,0,1,0,차대차 - 측면직각충돌,안전운전불이행,건조,맑음,단일로 - 기타,승용,여,56세,상해없음,승용,여,43세,경상
2015081100100500,2015년 8월 11일 18시,화요일,대구광역시 달서구 신당동,중상사고,0,1,0,0,차대사람 - 기타,안전운전불이행,건조,흐림,교차로 - 교차로부근,승합,남,52세,상해없음,보행자,남,63세,중상
2015081100100537,2015년 8월 11일 19시,화요일,대구광역시 달서구 도원동,부상신고사고,0,0,0,1,차대차 - 기타,신호위반,습기,비,단일로 - 기타,원동기,남,24세,부상신고,원동기,남,47세,상해없음
2015081100100538,2015년 8월 11일 19시,화요일,대구광역시 달성군 화원읍,경상사고,0,0,1,0,차대사람 - 기타,안전운전불이행,건조,맑음,교차로 - 교차로부근,승합,남,57세,상해없음,보행자,여,66세,경상
2015081100100539,2015년 8월 11일 19시,화요일,대구광역시 서구 원대동3가,경상사고,0,0,1,0,차대사람 - 횡단중,안전운전불이행,건조,맑음,교차로 - 교차로안,승용,남,23세,상해없음,보행자,남,70세,경상
2015081100100580,2015년 8월 11일 20시,화요일,대구광역시 동구 신암동,경상사고,0,0,5,0,차대차 - 추돌 - 진행중,안전거리미확보,습기,비,단일로 - 기타,승용,남,45세,상해없음,승용,남,37세,경상
2015081100100581,2015년 8월 11일 20시,화요일,대구광역시 달서구 월성동,중상사고,0,1,0,0,차대사람 - 횡단중,신호위반,습기,비,교차로 - 교차로안,승용,남,54세,상해없음,보행자,남,64세,중상
2015081100100582,2015년 8월 11일 20시,화요일,대구광역시 서구 평리동,중상사고,0,1,0,0,차대차 - 기타,안전운전불이행,습기,비,교차로 - 교차로부근,승용,여,29세,상해없음,이륜,남,27세,중상
2015081100100583,2015년 8월 11일 20시,화요일,대구광역시 달서구 갈산동,경상사고,0,0,1,0,차대차 - 추돌 - 진행중,교차로운행방법위반,습기,비,교차로 - 교차로안,승용,남,42세,상해없음,승용,남,43세,상해없음
2015081100100584,2015년 8월 11일 20시,화요일,대구광역시 북구 태전동,중상사고,0,1,0,0,차대차 - 측면직각충돌,차로위반,습기,비,단일로 - 기타,승용,여,38세,상해없음,이륜,남,19세,중상
2015081100100585,2015년 8월 11일 20시,화요일,대구광역시 북구 동천동,경상사고,0,0,3,0,차대차 - 측면직각충돌,신호위반,건조,맑음,교차로 - 교차로안,승용,남,43세,경상,승용,남,41세,경상
2015081100100675,2015년 8월 11일 22시,화요일,대구광역시 동구 서호동,중상사고,0,1,0,0,차대사람 - 횡단중,안전운전불이행,습기,비,단일로 - 기타,승용,남,32세,상해없음,보행자,남,54세,중상
2015081100100676,2015년 8월 11일 22시,화요일,대구광역시 달서구 상인동,중상사고,0,1,0,0,차대사람 - 횡단중,안전운전불이행,습기,비,단일로 - 기타,승용,남,40세,상해없음,보행자,여,54세,중상
2015081100100677,2015년 8월 11일 22시,화요일,대구광역시 달서구 성당동,중상사고,0,1,2,0,차대사람 - 기타,안전운전불이행,습기,비,교차로 - 교차로부근,승용,남,77세,상해없음,보행자,여,40세,경상
2015081100100712,2015년 8월 11일 23시,화요일,대구광역시 수성구 중동,중상사고,0,1,0,0,차대차 - 기타,안전운전불이행,습기,비,교차로 - 교차로안,승용,남,55세,상해없음,자전거,여,63세,중상
2015081100100713,2015년 8월 11일 23시,화요일,대구광역시 북구 산격동,경상사고,0,0,1,0,차대차 - 기타,안전운전불이행,적설,비,단일로 - 기타,화물,남,38세,상해없음,승용,남,32세,상해없음
2015081100100714,2015년 8월 11일 23시,화요일,대구광역시 서구 상리동,중상사고,0,1,0,0,차량단독 - 기타,안전운전불이행,습기,맑음,단일로 - 기타,승용,남,56세,상해없음,,,,
2015081200100026,2015년 8월 12일 01시,수요일,대구광역시 달서구 용산동,경상사고,0,0,1,0,차대차 - 정면충돌,중앙선침범,건조,맑음,교차로 - 교차로부근,승용,남,19세,상해없음,승용,남,30세,경상
2015081200100039,2015년 8월 12일 02시,수요일,대구광역시 서구 평리동,중상사고,0,1,2,0,차대차 - 기타,안전거리미확보,습기,비,교차로 - 교차로부근,승용,남,18세,상해없음,이륜,남,16세,경상
2015081200100057,2015년 8월 12일 04시,수요일,대구광역시 달서구 진천동,경상사고,0,0,1,0,차대차 - 측면직각충돌,신호위반,습기,비,교차로 - 교차로안,승용,여,37세,상해없음,승합,남,43세,경상
2015081200100073,2015년 8월 12일 05시,수요일,대구광역시 북구 검단동,부상신고사고,0,0,0,1,차량단독 - 기타,안전운전불이행,습기,비,단일로 - 기타,원동기,남,50세,부상신고,,,,
2015081200100074,2015년 8월 12일 05시,수요일,대구광역시 서구 비산동,경상사고,0,0,1,0,차대사람 - 보도통행중,보행자보호의무위반,습기,비,단일로 - 횡단보도상,이륜,남,75세,상해없음,보행자,남,53세,경상
2015081200100075,2015년 8월 12일 05시,수요일,대구광역시 달서구 감삼동,경상사고,0,0,2,0,차대차 - 기타,안전운전불이행,습기,비,교차로 - 교차로부근,승용,남,35세,기타불명,승용,남,37세,경상
2015081200100101,2015년 8월 12일 07시,수요일,대구광역시 달서구 본동,경상사고,0,0,1,0,차대사람 - 기타,안전운전불이행,건조,맑음,단일로 - 기타,승합,남,41세,기타불명,보행자,여,54세,경상
2015081200100102,2015년 8월 12일 07시,수요일,대구광역시 달서구 신당동,중상사고,0,1,0,0,차대차 - 측면직각충돌,기타,습기,비,단일로 - 기타,승용,남,34세,상해없음,자전거,여,47세,중상
2015081200100103,2015년 8월 12일 07시,수요일,대구광역시 달서구 두류동,경상사고,0,0,1,0,차대차 - 기타,안전운전불이행,습기,비,단일로 - 기타,승용,남,32세,상해없음,승용,여,48세,경상
2015081200100104,2015년 8월 12일 07시,수요일,대구광역시 달서구 이곡동,경상사고,0,0,3,0,차대차 - 추돌 - 주정차중,안전운전불이행,습기,흐림,단일로 - 기타,승용,남,54세,상해없음,승용,남,47세,경상
2015081200100134,2015년 8월 12일 08시,수요일,대구광역시 달서구 송현동,경상사고,0,0,1,0,차대차 - 추돌 - 진행중,안전거리미확보,습기,비,단일로 - 기타,승용,남,49세,상해없음,승용,남,32세,경상
2015081200100135,2015년 8월 12일 08시,수요일,대구광역시 중구 동인동3가,경상사고,0,0,1,0,차대차 - 기타,안전거리미확보,습기,비,단일로 - 기타,승용,남,30세,상해없음,화물,남,48세,상해없음
2015081200100136,2015년 8월 12일 08시,수요일,대구광역시 달서구 갈산동,중상사고,0,1,0,0,차대차 - 측면직각충돌,안전운전불이행,습기,비,단일로 - 기타,승용,남,38세,상해없음,자전거,여,51세,중상
2015081200100137,2015년 8월 12일 08시,수요일,대구광역시 북구 노곡동,경상사고,0,0,1,1,차대차 - 측면직각충돌,교차로운행방법위반,습기,비,교차로 - 교차로안,승용,남,59세,부상신고,승용,남,65세,경상
2015081200100163,2015년 8월 12일 09시,수요일,대구광역시 달서구 호림동,경상사고,0,0,2,0,차대차 - 측면직각충돌,교차로운행방법위반,습기,비,교차로 - 교차로안,승용,남,30세,상해없음,승용,여,32세,경상
2015081200100194,2015년 8월 12일 10시,수요일,대구광역시 달서구 상인동,경상사고,0,0,1,0,차대차 - 측면직각충돌,안전운전불이행,습기,비,단일로 - 기타,승용,남,40세,상해없음,승용,남,62세,경상
2015081200100195,2015년 8월 12일 10시,수요일,대구광역시 중구 남산동,부상신고사고,0,0,0,1,차대차 - 기타,교차로운행방법위반,습기,비,교차로 - 교차로안,이륜,여,57세,부상신고,승용,남,54세,상해없음
2015081200100196,2015년 8월 12일 10시,수요일,대구광역시 중구 삼덕동1가,경상사고,0,0,1,0,차대차 - 기타,안전거리미확보,습기,비,단일로 - 기타,승용,남,38세,상해없음,승용,남,67세,상해없음
2015081200100227,2015년 8월 12일 11시,수요일,대구광역시 수성구 두산동,경상사고,0,0,1,0,차대차 - 기타,안전운전불이행,습기,비,단일로 - 기타,승합,남,59세,상해없음,화물,남,33세,경상
2015081200100261,2015년 8월 12일 12시,수요일,대구광역시 동구 신천동,경상사고,0,0,1,0,차대차 - 기타,안전운전불이행,습기,비,교차로 - 교차로안,승용,남,52세,상해없음,이륜,남,39세,경상
2015081200100262,2015년 8월 12일 12시,수요일,대구광역시 달서구 대천동,경상사고,0,0,1,0,차대차 - 기타,안전운전불이행,습기,비,교차로 - 교차로부근,이륜,남,25세,경상,승용,남,44세,상해없음
2015081200100263,2015년 8월 12일 12시,수요일,대구광역시 북구 노원동3가,중상사고,0,1,0,0,차대차 - 기타,안전운전불이행,습기,비,단일로 - 기타,화물,남,56세,상해없음,화물,남,56세,중상
2015081200100264,2015년 8월 12일 12시,수요일,대구광역시 중구 삼덕동2가,중상사고,0,1,0,0,차대차 - 측면직각충돌,직진우회전진행방해,건조,맑음,교차로 - 교차로안,승용,여,69세,상해없음,승용,여,68세,중상
2015081200100293,2015년 8월 12일 13시,수요일,대구광역시 동구 입석동,경상사고,0,0,1,0,차대차 - 추돌 - 주정차중,안전운전불이행,건조,맑음,교차로 - 교차로부근,승용,남,46세,상해없음,승용,남,43세,경상
2015081200100294,2015년 8월 12일 13시,수요일,대구광역시 수성구 파동,경상사고,0,0,1,0,차대차 - 측면직각충돌,안전운전불이행,건조,맑음,교차로 - 교차로안,승용,여,61세,상해없음,승용,남,38세,경상
2015081200100296,2015년 8월 12일 13시,수요일,대구광역시 중구 동인동1가,경상사고,0,0,1,0,차대사람 - 길가장자리구역통행중,안전운전불이행,습기,맑음,단일로 - 기타,승용,여,44세,기타불명,보행자,남,55세,경상
2015081200100329,2015년 8월 12일 14시,수요일,대구광역시 남구 대명동,경상사고,0,0,1,0,차대차 - 기타,안전운전불이행,건조,맑음,단일로 - 기타,승용,남,63세,상해없음,승용,남,57세,경상
2015081200100330,2015년 8월 12일 14시,수요일,대구광역시 동구 중대동,중상사고,0,2,1,0,차대차 - 기타,중앙선침범,습기,비,단일로 - 기타,화물,남,54세,상해없음,승용,남,45세,중상
2015081200100331,2015년 8월 12일 14시,수요일,대구광역시 수성구 황금동,경상사고,0,0,1,0,차대차 - 측면직각충돌,안전거리미확보,습기,비,단일로 - 기타,승용,여,26세,상해없음,승용,여,57세,경상
2015081200100332,2015년 8월 12일 14시,수요일,대구광역시 서구 비산동,경상사고,0,0,3,0,차대차 - 기타,안전거리미확보,습기,비,단일로 - 기타,승용,여,51세,경상,승용,남,55세,경상
2015081200100405,2015년 8월 12일 16시,수요일,대구광역시 북구 칠성동2가,경상사고,0,0,1,0,차대사람 - 기타,안전운전불이행,건조,맑음,단일로 - 기타,이륜,남,17세,상해없음,보행자,여,64세,경상
2015081200100406,2015년 8월 12일 16시,수요일,대구광역시 달서구 본리동,경상사고,0,0,2,0,차대차 - 기타,교차로운행방법위반,습기,비,교차로 - 교차로안,승용,여,39세,경상,승용,남,44세,경상
2015081200100485,2015년 8월 12일 18시,수요일,대구광역시 달서구 신당동,경상사고,0,0,1,0,차대차 - 추돌 - 주정차중,안전운전불이행,습기,비,단일로 - 기타,승용,남,62세,상해없음,승용,남,31세,경상
2015081200100523,2015년 8월 12일 19시,수요일,대구광역시 남구 봉덕동,경상사고,0,0,1,0,차대차 - 추돌 - 주정차중,안전거리미확보,습기,비,교차로 - 교차로부근,승용,남,49세,상해없음,승용,여,55세,경상
2015081200100524,2015년 8월 12일 19시,수요일,대구광역시 동구 신천동,중상사고,0,1,0,0,차대차 - 추돌 - 진행중,안전거리미확보,건조,맑음,단일로 - 기타,승용,남,58세,상해없음,승용,남,37세,중상
2015081200100525,2015년 8월 12일 19시,수요일,대구광역시 중구 태평로3가,중상사고,0,1,1,1,차대차 - 기타,안전운전불이행,습기,비,단일로 - 기타,승용,여,55세,상해없음,승용,남,30세,경상
2015081200100564,2015년 8월 12일 20시,수요일,대구광역시 남구 대명동,경상사고,0,0,2,0,차대차 - 측면직각충돌,안전거리미확보,습기,비,교차로 - 교차로안,승용,남,46세,상해없음,승용,남,23세,경상
2015081200100565,2015년 8월 12일 20시,수요일,대구광역시 달서구 송현동,중상사고,0,1,0,0,차대차 - 기타,보행자보호의무위반,습기,맑음,단일로 - 횡단보도상,승용,여,45세,상해없음,승용,여,29세,상해없음
2015081200100566,2015년 8월 12일 20시,수요일,대구광역시 달성군 하빈면,사망사고,1,1,0,0,차대차 - 추돌 - 진행중,안전운전불이행,건조,맑음,단일로 - 기타,화물,남,64세,사망,화물,남,55세,상해없음
2015081200100603,2015년 8월 12일 21시,수요일,대구광역시 동구 각산동,부상신고사고,0,0,0,3,차대차 - 측면직각충돌,안전운전불이행,습기,비,교차로 - 교차로안,승용,남,75세,상해없음,승용,여,31세,부상신고
2015081200100628,2015년 8월 12일 22시,수요일,대구광역시 달서구 송현동,중상사고,0,1,0,0,차대사람 - 길가장자리구역통행중,안전운전불이행,건조,맑음,단일로 - 기타,승용,여,52세,상해없음,보행자,남,44세,중상
2015081300100019,2015년 8월 13일 00시,목요일,대구광역시 남구 봉덕동,경상사고,0,0,1,0,차대차 - 추돌 - 주정차중,안전운전불이행,건조,맑음,단일로 - 기타,승용,남,22세,상해없음,승용,남,38세,경상
2015081300100020,2015년 8월 13일 00시,목요일,대구광역시 달서구 대천동,경상사고,0,0,1,0,차대차 - 측면직각충돌,안전운전불이행,습기,흐림,교차로 - 교차로부근,기타불명,기타불명,기타불명,기타불명,승용,여,45세,경상
2015081300100021,2015년 8월 13일 00시,목요일,대구광역시 중구 교동,경상사고,0,0,1,1,차대차 - 측면직각충돌,신호위반,건조,맑음,교차로 - 교차로안,승용,여,54세,상해없음,화물,남,55세,부상신고
2015081300100038,2015년 8월 13일 01시,목요일,대구광역시 달서구 본동,중상사고,0,1,0,0,차대차 - 추돌 - 주정차중,중앙선침범,건조,맑음,교차로 - 교차로부근,승용,남,29세,상해없음,화물,남,33세,중상
2015081300100039,2015년 8월 13일 01시,목요일,대구광역시 서구 비산동,중상사고,0,1,2,0,차대차 - 측면직각충돌,신호위반,건조,맑음,교차로 - 교차로안,승용,남,65세,상해없음,승용,남,70세,경상
2015081300100053,2015년 8월 13일 02시,목요일,대구광역시 수성구 사월동,중상사고,0,1,2,0,차대차 - 추돌 - 주정차중,안전운전불이행,건조,맑음,교차로 - 교차로부근,승용,남,29세,상해없음,승용,남,43세,중상
2015081300100060,2015년 8월 13일 03시,목요일,대구광역시 동구 신암동,경상사고,0,0,1,0,차대차 - 측면직각충돌,차로위반,건조,맑음,단일로 - 기타,승용,기타불명,기타불명,기타불명,승용,남,65세,경상
2015081300100077,2015년 8월 13일 05시,목요일,대구광역시 달서구 본리동,경상사고,0,0,1,0,차대사람 - 횡단중,신호위반,건조,맑음,단일로 - 기타,기타불명,기타불명,기타불명,기타불명,보행자,여,52세,경상
2015081300100111,2015년 8월 13일 07시,목요일,대구광역시 수성구 신매동,경상사고,0,0,1,0,차대차 - 기타,안전거리미확보,건조,맑음,단일로 - 기타,승용,여,39세,상해없음,승합,남,41세,상해없음
2015081300100143,2015년 8월 13일 08시,목요일,대구광역시 동구 신암동,경상사고,0,0,1,0,차대사람 - 기타,안전운전불이행,건조,맑음,단일로 - 횡단보도상,건설기계,남,55세,상해없음,보행자,남,29세,경상
2015081300100144,2015년 8월 13일 08시,목요일,대구광역시 서구 중리동,경상사고,0,0,1,1,차대차 - 정면충돌,안전운전불이행,건조,맑음,교차로 - 교차로부근,승용,남,62세,상해없음,승용,남,67세,경상
2015081300100183,2015년 8월 13일 09시,목요일,대구광역시 서구 평리동,중상사고,0,1,0,0,차대차 - 기타,안전거리미확보,건조,맑음,단일로 - 기타,승합,남,62세,상해없음,원동기,남,63세,중상
2015081300100206,2015년 8월 13일 10시,목요일,대구광역시 수성구 범물동,경상사고,0,0,1,0,차대차 - 기타,안전운전불이행,건조,맑음,교차로 - 교차로부근,자전거,남,67세,경상,승합,남,51세,상해없음
2015081300100207,2015년 8월 13일 10시,목요일,대구광역시 수성구 범어동,경상사고,0,0,1,0,차대차 - 측면직각충돌,안전거리미확보,건조,맑음,단일로 - 기타,화물,남,33세,상해없음,승용,남,54세,경상
2015081300100208,2015년 8월 13일 10시,목요일,대구광역시 북구 노원동3가,경상사고,0,0,1,0,차대차 - 기타,안전운전불이행,건조,맑음,단일로 - 기타,승용,남,34세,상해없음,자전거,남,73세,경상
2015081300100273,2015년 8월 13일 12시,목요일,대구광역시 북구 침산동,경상사고,0,0,1,0,차대차 - 기타,안전운전불이행,건조,맑음,단일로 - 기타,승용,남,45세,상해없음,이륜,남,37세,경상
2015081300100274,2015년 8월 13일 12시,목요일,대구광역시 중구 남산동,중상사고,0,1,0,1,차대차 - 추돌 - 주정차중,안전운전불이행,건조,맑음,단일로 - 기타,승용,남,75세,부상신고,승용,여,27세,중상
2015081300100275,2015년 8월 13일 12시,목요일,대구광역시 북구 태전동,경상사고,0,0,2,0,차대차 - 추돌 - 진행중,직진우회전진행방해,습기,비,교차로 - 교차로부근,승용,남,47세,경상,승용,여,29세,경상
2015081300100304,2015년 8월 13일 13시,목요일,대구광역시 달서구 장기동,경상사고,0,0,2,0,차대차 - 측면직각충돌,안전거리미확보,건조,맑음,단일로 - 기타,승용,남,59세,상해없음,승용,남,34세,경상
2015081300100338,2015년 8월 13일 14시,목요일,대구광역시 수성구 범물동,부상신고사고,0,0,0,1,차대차 - 측면직각충돌,신호위반,건조,맑음,교차로 - 교차로안,자전거,남,81세,부상신고,승용,남,73세,상해없음
2015081300100339,2015년 8월 13일 14시,목요일,대구광역시 수성구 상동,경상사고,0,0,1,0,차대차 - 기타,안전운전불이행,건조,맑음,단일로 - 기타,승용,여,40세,상해없음,자전거,남,56세,경상
2015081300100340,2015년 8월 13일 14시,목요일,대구광역시 북구 칠성동2가,경상사고,0,0,1,0,차대사람 - 기타,안전운전불이행,건조,맑음,단일로 - 기타,승용,남,65세,기타불명,보행자,남,22세,경상
2015081300100341,2015년 8월 13일 14시,목요일,대구광역시 중구 태평로1가,경상사고,0,0,1,0,차대차 - 측면직각충돌,안전운전불이행,건조,맑음,교차로 - 교차로안,승용,남,35세,상해없음,이륜,남,46세,경상
2015081300100376,2015년 8월 13일 15시,목요일,대구광역시 남구 봉덕동,중상사고,0,1,1,0,차대차 - 정면충돌,안전운전불이행,건조,흐림,단일로 - 기타,승용,남,28세,상해없음,원동기,남,35세,중상
2015081300100411,2015년 8월 13일 16시,목요일,대구광역시 서구 비산동,중상사고,0,1,0,0,차량단독 - 기타,기타,건조,맑음,단일로 - 기타,승합,남,43세,상해없음,,,,
2015081300100412,2015년 8월 13일 16시,목요일,대구광역시 달서구 갈산동,경상사고,0,0,5,0,차대차 - 추돌 - 주정차중,안전운전불이행,건조,맑음,단일로 - 기타,화물,남,25세,상해없음,승용,남,63세,경상
2015081300100447,2015년 8월 13일 17시,목요일,대구광역시 동구 신서동,부상신고사고,0,0,0,1,차대차 - 기타,안전거리미확보,습기,비,단일로 - 기타,승용,여,46세,부상신고,화물,남,53세,상해없음
2015081300100448,2015년 8월 13일 17시,목요일,대구광역시 북구 복현동,경상사고,0,0,2,0,차대차 - 측면직각충돌,안전거리미확보,건조,맑음,단일로 - 기타,승용,남,49세,상해없음,승용,남,38세,경상
2015081300100449,2015년 8월 13일 17시,목요일,대구광역시 북구 고성동3가,경상사고,0,0,1,1,차대차 - 측면직각충돌,교차로운행방법위반,습기,비,교차로 - 교차로안,승용,남,58세,부상신고,화물,남,46세,경상
2015081300100450,2015년 8월 13일 17시,목요일,대구광역시 북구 고성동2가,경상사고,0,0,1,0,차대사람 - 기타,안전운전불이행,습기,비,미분류 - 미분류,이륜,남,54세,상해없음,보행자,남,6세,경상
2015081300100451,2015년 8월 13일 17시,목요일,대구광역시 서구 내당동,경상사고,0,0,1,0,차대차 - 측면직각충돌,안전거리미확보,건조,맑음,단일로 - 기타,화물,남,53세,상해없음,이륜,남,40세,경상