사고번호,사고일시,요일,시군구,사고내용,사망자수,중상자수,경상자수,부상신고자수,사고유형,법규위반,노면상태,기상상태,도로형태,가해운전자 차종,가해운전자 성별,가해운전자 연령,가해운전자 상해정도,피해운전자 차종,피해운전자 성별,피해운전자 연령,피해운전자 상해정도
2015081300100452,2015년 8월 13일 17시,목요일,대구광역시 달서구 두류동,중상사고,0,1,0,0,차대차 - 측면직각충돌,안전운전불이행,건조,맑음,단일로 - 기타,승용,남,44세,상해없음,자전거,남,62세,중상
2015081300100453,2015년 8월 13일 17시,목요일,대구광역시 달서구 용산동,중상사고,0,2,3,0,차대차 - 추돌 - 주정차중,안전운전불이행,건조,흐림,교차로 - 교차로부근,승용,여,45세,상해없음,승용,남,36세,중상
2015081300100502,2015년 8월 13일 18시,목요일,대구광역시 동구 효목동,경상사고,0,0,2,0,차대차 - 측면직각충돌,교차로운행방법위반,습기,비,교차로 - 교차로안,승용,남,67세,상해없음,승용,여,63세,경상
2015081300100503,2015년 8월 13일 18시,목요일,대구광역시 동구 신천동,중상사고,0,1,0,0,차량단독 - 기타,기타,습기,비,기타 - 기타,승합,남,42세,상해없음,,,,
2015081300100504,2015년 8월 13일 18시,목요일,대구광역시 동구 효목동,경상사고,0,0,1,0,차대사람 - 횡단중,안전운전불이행,습기,비,교차로 - 교차로안,승용,남,38세,상해없음,보행자,남,78세,경상
2015081300100505,2015년 8월 13일 18시,목요일,대구광역시 수성구 수성동2가,경상사고,0,0,2,0,차대차 - 기타,안전거리미확보,습기,비,단일로 - 기타,승용,남,25세,경상,이륜,남,18세,경상
2015081300100506,2015년 8월 13일 18시,목요일,대구광역시 달서구 상인동,경상사고,0,0,1,0,차대차 - 측면직각충돌,직진우회전진행방해,습기,비,교차로 - 교차로안,이륜,남,17세,경상,승합,여,48세,상해없음
2015081300100507,2015년 8월 13일 18시,목요일,대구광역시 동구 불로동,경상사고,0,0,6,0,차대차 - 추돌 - 주정차중,안전운전불이행,습기,비,단일로 - 기타,승용,남,51세,상해없음,승용,남,18세,경상
2015081300100509,2015년 8월 13일 18시,목요일,대구광역시 서구 내당동,경상사고,0,0,1,0,차대차 - 측면직각충돌,직진우회전진행방해,습기,비,교차로 - 교차로안,승용,남,47세,상해없음,승용,여,26세,경상
2015081300100510,2015년 8월 13일 18시,목요일,대구광역시 중구 남산동,경상사고,0,0,1,0,차대사람 - 횡단중,안전운전불이행,습기,비,단일로 - 기타,이륜,남,47세,상해없음,보행자,여,72세,경상
2015081300100553,2015년 8월 13일 19시,목요일,대구광역시 달서구 대천동,경상사고,0,0,2,0,차대차 - 측면직각충돌,신호위반,습기,비,교차로 - 교차로안,승용,남,26세,상해없음,승용,여,40세,경상
2015081300100554,2015년 8월 13일 19시,목요일,대구광역시 달성군 옥포면,경상사고,0,0,1,0,차대차 - 추돌 - 주정차중,안전운전불이행,습기,흐림,단일로 - 기타,승용,남,57세,상해없음,승용,여,43세,경상
2015081300100591,2015년 8월 13일 20시,목요일,대구광역시 동구 신암동,중상사고,0,1,0,0,차대사람 - 횡단중,안전운전불이행,습기,비,단일로 - 횡단보도상,승용,여,49세,상해없음,보행자,여,72세,중상
2015081300100592,2015년 8월 13일 20시,목요일,대구광역시 달서구 유천동,중상사고,0,1,0,0,차대차 - 측면직각충돌,안전운전불이행,건조,맑음,단일로 - 기타,이륜,남,29세,중상,승용,여,44세,상해없음
2015081300100632,2015년 8월 13일 21시,목요일,대구광역시 달서구 상인동,경상사고,0,0,1,0,차대사람 - 횡단중,보행자보호의무위반,습기,비,단일로 - 기타,화물,남,63세,상해없음,보행자,여,28세,경상
2015081300100633,2015년 8월 13일 21시,목요일,대구광역시 달서구 송현동,중상사고,0,1,1,0,차대차 - 기타,신호위반,습기,비,교차로 - 교차로안,승용,여,49세,상해없음,승용,남,76세,중상
2015081300100698,2015년 8월 13일 23시,목요일,대구광역시 북구 침산동,중상사고,0,1,0,0,차량단독 - 공작물충돌,안전운전불이행,건조,맑음,단일로 - 기타,승용,남,21세,중상,,,,
2015081300100699,2015년 8월 13일 23시,목요일,대구광역시 중구 공평동,경상사고,0,0,1,0,차대차 - 추돌 - 주정차중,안전거리미확보,건조,맑음,단일로 - 기타,승용,여,27세,상해없음,승용,남,42세,경상
2015081400100065,2015년 8월 14일 02시,금요일,대구광역시 동구 불로동,경상사고,0,0,1,0,차대사람 - 횡단중,신호위반,건조,맑음,교차로 - 교차로안,승용,남,29세,상해없음,보행자,여,31세,경상
2015081400100075,2015년 8월 14일 03시,금요일,대구광역시 수성구 만촌동,중상사고,0,1,0,0,차량단독 - 공작물충돌,안전운전불이행,습기,흐림,미분류 - 미분류,원동기,남,27세,중상,,,,
2015081400100076,2015년 8월 14일 03시,금요일,대구광역시 중구 사일동,중상사고,0,1,0,0,차대차 - 기타,중앙선침범,건조,맑음,단일로 - 기타,기타불명,기타불명,기타불명,기타불명,승용,남,56세,중상
2015081400100128,2015년 8월 14일 07시,금요일,대구광역시 달서구 대천동,경상사고,0,0,1,0,차대차 - 기타,교차로운행방법위반,건조,맑음,교차로 - 교차로안,승용,남,57세,상해없음,승용,남,24세,경상
2015081400100152,2015년 8월 14일 08시,금요일,대구광역시 달성군 논공읍,경상사고,0,0,2,0,차대차 - 측면직각충돌,안전운전불이행,건조,맑음,교차로 - 교차로안,승용,여,57세,경상,승용,여,51세,경상
2015081400100214,2015년 8월 14일 10시,금요일,대구광역시 북구 침산동,경상사고,0,0,6,0,차대차 - 추돌 - 진행중,안전운전불이행,건조,맑음,단일로 - 기타,승용,남,42세,상해없음,승용,남,26세,경상
2015081400100284,2015년 8월 14일 12시,금요일,대구광역시 달서구 송현동,경상사고,0,0,1,0,차대차 - 추돌 - 주정차중,안전거리미확보,건조,맑음,단일로 - 기타,승용,여,38세,상해없음,승용,남,44세,경상
2015081400100333,2015년 8월 14일 13시,금요일,대구광역시 동구 신암동,중상사고,0,1,0,0,차대차 - 기타,직진우회전진행방해,건조,맑음,교차로 - 교차로안,화물,남,51세,상해없음,원동기,여,68세,중상
2015081400100334,2015년 8월 14일 13시,금요일,대구광역시 달성군 현풍면,경상사고,0,0,2,1,차대차 - 추돌 - 진행중,안전운전불이행,건조,맑음,교차로 - 교차로안,승용,남,77세,부상신고,승용,여,48세,경상
2015081400100362,2015년 8월 14일 14시,금요일,대구광역시 동구 방촌동,부상신고사고,0,0,0,1,차대차 - 기타,안전운전불이행,건조,맑음,교차로 - 교차로부근,승용,여,44세,상해없음,승용,남,38세,부상신고
2015081400100363,2015년 8월 14일 14시,금요일,대구광역시 수성구 신매동,중상사고,0,1,0,0,차량단독 - 기타,안전운전불이행,건조,맑음,단일로 - 기타,승합,남,53세,상해없음,,,,
2015081400100364,2015년 8월 14일 14시,금요일,대구광역시 달서구 죽전동,경상사고,0,0,2,0,차대차 - 측면직각충돌,안전운전불이행,건조,맑음,단일로 - 기타,승용,남,34세,상해없음,이륜,남,15세,경상
2015081400100365,2015년 8월 14일 14시,금요일,대구광역시 북구 동천동,경상사고,0,0,1,0,차대차 - 측면직각충돌,교차로운행방법위반,건조,맑음,교차로 - 교차로안,승용,남,63세,상해없음,이륜,남,33세,경상
2015081400100404,2015년 8월 14일 15시,금요일,대구광역시 달서구 본동,경상사고,0,0,1,0,차대차 - 추돌 - 진행중,안전운전불이행,건조,맑음,단일로 - 기타,승용,남,39세,상해없음,화물,남,57세,경상
2015081400100405,2015년 8월 14일 15시,금요일,대구광역시 달성군 다사읍,중상사고,0,1,0,0,차대차 - 기타,안전운전불이행,건조,맑음,교차로 - 교차로부근,승용,남,61세,상해없음,승용,남,73세,중상
2015081400100406,2015년 8월 14일 15시,금요일,대구광역시 북구 침산동,경상사고,0,0,1,0,차대차 - 추돌 - 진행중,안전거리미확보,건조,맑음,단일로 - 기타,승용,여,54세,상해없음,승용,여,48세,경상
2015081400100407,2015년 8월 14일 15시,금요일,대구광역시 중구 남산동,경상사고,0,0,1,0,차대사람 - 횡단중,안전운전불이행,건조,맑음,단일로 - 기타,승합,남,51세,상해없음,보행자,여,73세,경상
2015081400100408,2015년 8월 14일 15시,금요일,대구광역시 북구 국우동,중상사고,0,1,0,0,차대차 - 측면직각충돌,안전운전불이행,건조,맑음,교차로 - 교차로안,화물,남,48세,상해없음,자전거,남,7세,중상
2015081400100448,2015년 8월 14일 16시,금요일,대구광역시 동구 신천동,중상사고,0,1,0,0,차대차 - 추돌 - 진행중,신호위반,건조,기타,교차로 - 교차로안,승용,여,37세,상해없음,승용,남,44세,중상
2015081400100449,2015년 8월 14일 16시,금요일,대구광역시 달서구 도원동,경상사고,0,0,1,0,차대차 - 기타,안전거리미확보,건조,맑음,교차로 - 교차로부근,승용,여,43세,상해없음,이륜,남,24세,경상
2015081400100450,2015년 8월 14일 16시,금요일,대구광역시 중구 대봉동,경상사고,0,0,1,0,차대차 - 추돌 - 진행중,안전거리미확보,건조,맑음,교차로 - 교차로부근,승용,남,60세,상해없음,승용,남,32세,경상
2015081400100451,2015년 8월 14일 16시,금요일,대구광역시 북구 읍내동,경상사고,0,0,1,0,차대차 - 측면직각충돌,안전운전불이행,건조,맑음,단일로 - 기타,승합,남,67세,상해없음,자전거,남,13세,경상
2015081400100491,2015년 8월 14일 17시,금요일,대구광역시 북구 산격동,경상사고,0,0,1,0,차대차 - 기타,직진우회전진행방해,건조,맑음,교차로 - 교차로안,승용,여,21세,상해없음,원동기,남,74세,경상
2015081400100520,2015년 8월 14일 18시,금요일,대구광역시 중구 대신동,중상사고,0,1,1,0,차대차 - 기타,기타,건조,맑음,단일로 - 기타,승용,남,49세,상해없음,이륜,남,51세,경상
2015081400100521,2015년 8월 14일 18시,금요일,대구광역시 달서구 용산동,중상사고,0,1,0,0,차대사람 - 길가장자리구역통행중,안전운전불이행,건조,맑음,교차로 - 교차로부근,승용,여,53세,상해없음,보행자,여,67세,중상
2015081400100558,2015년 8월 14일 19시,금요일,대구광역시 수성구 만촌동,중상사고,0,1,4,0,차대차 - 추돌 - 진행중,안전운전불이행,건조,맑음,단일로 - 기타,승용,남,37세,상해없음,승용,남,51세,중상
2015081400100559,2015년 8월 14일 19시,금요일,대구광역시 달서구 송현동,경상사고,0,0,2,0,차대차 - 기타,안전운전불이행,건조,맑음,교차로 - 교차로부근,승용,남,25세,상해없음,승용,남,49세,경상
2015081400100598,2015년 8월 14일 20시,금요일,대구광역시 중구 교동,경상사고,0,0,1,0,차대차 - 기타,안전운전불이행,건조,맑음,교차로 - 교차로부근,기타불명,기타불명,기타불명,기타불명,승용,남,58세,상해없음
2015081400100599,2015년 8월 14일 20시,금요일,대구광역시 달서구 월암동,중상사고,0,2,0,0,차대차 - 측면직각충돌,신호위반,건조,맑음,교차로 - 교차로안,승용,남,31세,상해없음,승용,남,33세,중상
2015081400100600,2015년 8월 14일 20시,금요일,대구광역시 북구 동천동,경상사고,0,0,1,0,차대사람 - 횡단중,보행자보호의무위반,건조,맑음,단일로 - 횡단보도상,승용,남,30세,상해없음,보행자,남,7세,경상
2015081400100634,2015년 8월 14일 21시,금요일,대구광역시 달서구 감삼동,중상사고,0,1,1,0,차대차 - 측면직각충돌,안전운전불이행,건조,맑음,단일로 - 기타,승용,여,45세,상해없음,승용,남,56세,상해없음
2015081400100662,2015년 8월 14일 22시,금요일,대구광역시 수성구 황금동,경상사고,0,0,1,0,차대차 - 측면직각충돌,기타,건조,맑음,교차로 - 교차로부근,승용,남,60세,상해없음,이륜,남,22세,경상
2015081400100663,2015년 8월 14일 22시,금요일,대구광역시 달서구 상인동,경상사고,0,0,1,0,차대차 - 기타,안전거리미확보,건조,맑음,단일로 - 기타,이륜,남,17세,상해없음,이륜,남,21세,경상
2015081400100664,2015년 8월 14일 22시,금요일,대구광역시 북구 칠성동2가,경상사고,0,0,1,0,차대사람 - 기타,기타,건조,맑음,기타 - 기타,자전거,남,33세,상해없음,보행자,남,32세,경상
2015081400100665,2015년 8월 14일 22시,금요일,대구광역시 달서구 두류동,경상사고,0,0,2,0,차대차 - 추돌 - 진행중,안전운전불이행,건조,맑음,단일로 - 기타,승용,남,30세,상해없음,승용,남,24세,경상
2015081400100692,2015년 8월 14일 23시,금요일,대구광역시 수성구 삼덕동,중상사고,0,2,0,0,차대차 - 추돌 - 주정차중,안전운전불이행,건조,맑음,단일로 - 기타,승용,남,60세,상해없음,승용,남,34세,중상
2015081500100025,2015년 8월 15일 00시,토요일,대구광역시 남구 대명동,경상사고,0,0,1,0,차대차 - 추돌 - 주정차중,안전운전불이행,건조,맑음,기타 - 기타,승용,여,48세,상해없음,승용,남,36세,경상
2015081500100041,2015년 8월 15일 01시,토요일,대구광역시 남구 대명동,중상사고,0,1,0,0,차대사람 - 횡단중,안전운전불이행,건조,맑음,단일로 - 횡단보도상,승용,남,62세,상해없음,보행자,남,49세,중상
2015081500100055,2015년 8월 15일 02시,토요일,대구광역시 동구 지저동,경상사고,0,0,1,0,차대사람 - 기타,안전운전불이행,건조,맑음,기타 - 기타,원동기,남,27세,상해없음,보행자,남,2세,경상
2015081500100056,2015년 8월 15일 02시,토요일,대구광역시 중구 하서동,경상사고,0,0,2,0,차대차 - 측면직각충돌,안전운전불이행,건조,맑음,교차로 - 교차로부근,승용,남,38세,상해없음,승용,남,60세,상해없음
2015081500100067,2015년 8월 15일 03시,토요일,대구광역시 동구 신천동,중상사고,0,1,1,0,차대차 - 측면직각충돌,안전거리미확보,건조,맑음,단일로 - 기타,승용,여,24세,경상,승용,남,43세,중상
2015081500100068,2015년 8월 15일 03시,토요일,대구광역시 수성구 수성동4가,경상사고,0,0,1,0,차대차 - 추돌 - 주정차중,안전운전불이행,건조,맑음,교차로 - 교차로부근,화물,남,30세,상해없음,승용,남,48세,경상
2015081500100083,2015년 8월 15일 04시,토요일,대구광역시 수성구 수성동4가,중상사고,0,1,0,0,차대사람 - 횡단중,신호위반,건조,맑음,교차로 - 교차로안,승용,남,55세,상해없음,보행자,남,24세,중상
2015081500100084,2015년 8월 15일 04시,토요일,대구광역시 수성구 연호동,경상사고,0,0,2,0,차대차 - 추돌 - 주정차중,안전거리미확보,건조,맑음,교차로 - 교차로부근,이륜,남,20세,상해없음,이륜,남,18세,경상
2015081500100123,2015년 8월 15일 07시,토요일,대구광역시 중구 공평동,경상사고,0,0,1,0,차대사람 - 기타,안전운전불이행,건조,맑음,단일로 - 기타,승용,남,25세,상해없음,보행자,남,19세,경상
2015081500100138,2015년 8월 15일 08시,토요일,대구광역시 달서구 대천동,경상사고,0,0,2,0,차대차 - 추돌 - 진행중,안전운전불이행,건조,맑음,단일로 - 기타,승용,남,48세,상해없음,승용,남,46세,경상
2015081500100142,2015년 8월 15일 08시,토요일,대구광역시 북구 침산동,부상신고사고,0,0,0,1,차대차 - 기타,안전운전불이행,건조,맑음,교차로 - 교차로부근,자전거,남,59세,부상신고,승용,남,46세,상해없음
2015081500100192,2015년 8월 15일 10시,토요일,대구광역시 동구 신기동,경상사고,0,0,1,1,차대차 - 기타,안전거리미확보,건조,맑음,교차로 - 교차로부근,승용,여,65세,부상신고,승합,남,43세,경상
2015081500100193,2015년 8월 15일 10시,토요일,대구광역시 달성군 옥포면,경상사고,0,0,1,0,차대차 - 측면직각충돌,안전운전불이행,건조,맑음,교차로 - 교차로안,이륜,여,57세,경상,화물,여,54세,상해없음
2015081500100275,2015년 8월 15일 13시,토요일,대구광역시 동구 신기동,경상사고,0,0,1,0,차대차 - 기타,안전운전불이행,건조,맑음,교차로 - 교차로안,승용,남,28세,상해없음,자전거,남,36세,경상
2015081500100327,2015년 8월 15일 15시,토요일,대구광역시 북구 연경동,중상사고,0,1,0,0,차대차 - 기타,안전운전불이행,건조,맑음,단일로 - 기타,이륜,여,43세,중상,화물,남,54세,상해없음
2015081500100353,2015년 8월 15일 16시,토요일,대구광역시 서구 평리동,경상사고,0,0,1,0,차대사람 - 길가장자리구역통행중,안전운전불이행,건조,맑음,단일로 - 기타,승용,여,28세,상해없음,보행자,남,53세,경상
2015081500100389,2015년 8월 15일 17시,토요일,대구광역시 중구 동인동1가,경상사고,0,0,1,0,차대차 - 기타,안전거리미확보,건조,맑음,단일로 - 기타,승용,여,54세,상해없음,승용,여,49세,경상
2015081500100455,2015년 8월 15일 19시,토요일,대구광역시 중구 삼덕동2가,중상사고,0,2,0,0,차대사람 - 기타,안전운전불이행,건조,맑음,단일로 - 기타,승용,여,56세,기타불명,보행자,여,51세,중상
2015081500100456,2015년 8월 15일 19시,토요일,대구광역시 중구 태평로2가,경상사고,0,0,2,0,차대차 - 추돌 - 진행중,안전거리미확보,건조,맑음,단일로 - 기타,승용,남,21세,상해없음,화물,남,77세,경상
2015081500100496,2015년 8월 15일 20시,토요일,대구광역시 달서구 도원동,경상사고,0,0,1,0,차대차 - 기타,안전운전불이행,건조,맑음,단일로 - 기타,이륜,남,20세,경상,승용,남,54세,상해없음
2015081500100497,2015년 8월 15일 20시,토요일,대구광역시 서구 내당동,경상사고,0,0,1,0,차대차 - 기타,안전운전불이행,건조,맑음,단일로 - 기타,승용,남,49세,상해없음,자전거,남,16세,경상
2015081500100498,2015년 8월 15일 20시,토요일,대구광역시 달서구 감삼동,경상사고,0,0,1,0,차대사람 - 기타,안전운전불이행,건조,맑음,단일로 - 기타,승용,남,32세,상해없음,보행자,남,17세,경상
2015081500100527,2015년 8월 15일 21시,토요일,대구광역시 달성군 다사읍,중상사고,0,1,0,0,차대차 - 정면충돌,안전운전불이행,건조,맑음,단일로 - 기타,자전거,남,27세,상해없음,자전거,남,13세,중상
2015081500100551,2015년 8월 15일 22시,토요일,대구광역시 달성군 다사읍,경상사고,0,0,3,0,차대차 - 측면직각충돌,안전운전불이행,건조,맑음,단일로 - 교량,자전거,여,14세,경상,자전거,여,18세,경상
2015081500100552,2015년 8월 15일 22시,토요일,대구광역시 달성군 다사읍,경상사고,0,0,1,0,차대차 - 추돌 - 주정차중,안전운전불이행,건조,맑음,교차로 - 교차로안,이륜,여,55세,상해없음,승용,남,57세,경상
2015081500100553,2015년 8월 15일 22시,토요일,대구광역시 달성군 다사읍,경상사고,0,0,2,0,차대차 - 기타,안전운전불이행,건조,맑음,단일로 - 기타,자전거,여,27세,경상,원동기,여,26세,경상
2015081500100580,2015년 8월 15일 23시,토요일,대구광역시 동구 미대동,중상사고,0,2,0,0,차량단독 - 공작물충돌,안전운전불이행,건조,맑음,단일로 - 기타,승용,여,45세,중상,,,,
2015081500100581,2015년 8월 15일 23시,토요일,대구광역시 달서구 송현동,경상사고,0,0,1,0,차대차 - 기타,안전운전불이행,건조,맑음,교차로 - 교차로안,승용,남,25세,상해없음,원동기,남,25세,경상
2015081500100582,2015년 8월 15일 23시,토요일,대구광역시 달서구 신당동,경상사고,0,0,1,0,차대차 - 측면직각충돌,안전운전불이행,건조,맑음,단일로 - 기타,승용,남,49세,상해없음,자전거,남,26세,상해없음
2015081600100031,2015년 8월 16일 01시,일요일,대구광역시 수성구 만촌동,경상사고,0,0,2,0,차대차 - 측면직각충돌,안전운전불이행,건조,맑음,단일로 - 기타,승용,여,43세,상해없음,승용,여,44세,경상
2015081600100054,2015년 8월 16일 03시,일요일,대구광역시 북구 관음동,중상사고,0,1,0,0,차대사람 - 횡단중,과속,건조,맑음,단일로 - 기타,승용,남,52세,상해없음,보행자,남,23세,중상
2015081600100063,2015년 8월 16일 04시,일요일,대구광역시 북구 침산동,중상사고,0,2,1,0,차대차 - 측면직각충돌,직진우회전진행방해,건조,맑음,교차로 - 교차로안,승용,남,70세,상해없음,승용,남,35세,중상
2015081600100087,2015년 8월 16일 06시,일요일,대구광역시 북구 태전동,경상사고,0,0,1,0,차대차 - 측면직각충돌,차로위반,건조,맑음,단일로 - 기타,승용,남,53세,상해없음,승용,남,44세,경상
2015081600100088,2015년 8월 16일 06시,일요일,대구광역시 북구 연경동,중상사고,0,1,0,0,차대차 - 정면충돌,중앙선침범,건조,맑음,단일로 - 기타,화물,남,40세,상해없음,승합,남,66세,중상
2015081600100101,2015년 8월 16일 07시,일요일,대구광역시 달서구 장기동,경상사고,0,0,2,0,차대차 - 측면직각충돌,신호위반,건조,흐림,교차로 - 교차로안,화물,남,30세,경상,화물,남,43세,경상
2015081600100131,2015년 8월 16일 09시,일요일,대구광역시 서구 내당동,중상사고,0,1,0,0,차대사람 - 기타,안전운전불이행,건조,맑음,단일로 - 기타,화물,남,54세,상해없음,보행자,여,75세,중상
2015081600100157,2015년 8월 16일 10시,일요일,대구광역시 남구 봉덕동,경상사고,0,0,1,0,차대차 - 기타,안전운전불이행,건조,맑음,교차로 - 교차로부근,기타불명,기타불명,기타불명,기타불명,승용,남,63세,경상
2015081600100158,2015년 8월 16일 10시,일요일,대구광역시 달서구 감삼동,경상사고,0,0,1,0,차대차 - 측면직각충돌,안전운전불이행,건조,맑음,단일로 - 기타,승용,남,52세,상해없음,자전거,남,73세,경상
2015081600100173,2015년 8월 16일 11시,일요일,대구광역시 남구 대명동,중상사고,0,2,0,0,차대차 - 측면직각충돌,교차로운행방법위반,건조,맑음,교차로 - 교차로안,승용,남,59세,상해없음,이륜,남,17세,중상
2015081600100174,2015년 8월 16일 11시,일요일,대구광역시 동구 방촌동,경상사고,0,0,2,0,차대차 - 측면직각충돌,직진우회전진행방해,건조,맑음,교차로 - 교차로안,승용,남,41세,상해없음,승용,남,29세,경상
2015081600100199,2015년 8월 16일 12시,일요일,대구광역시 북구 복현동,부상신고사고,0,0,0,1,차대차 - 측면직각충돌,안전운전불이행,건조,맑음,단일로 - 기타,자전거,남,18세,부상신고,승용,여,45세,상해없음
2015081600100238,2015년 8월 16일 13시,일요일,대구광역시 남구 봉덕동,부상신고사고,0,0,0,1,차대차 - 기타,안전운전불이행,건조,맑음,단일로 - 기타,승용,남,56세,상해없음,승용,여,52세,부상신고
2015081600100273,2015년 8월 16일 14시,일요일,대구광역시 북구 산격동,중상사고,0,1,0,0,차대차 - 측면직각충돌,교차로운행방법위반,습기,흐림,교차로 - 교차로안,승용,남,27세,상해없음,이륜,남,24세,중상
2015081600100274,2015년 8월 16일 14시,일요일,대구광역시 중구 대봉동,경상사고,0,0,2,0,차대차 - 기타,중앙선침범,건조,맑음,단일로 - 기타,승용,남,35세,상해없음,승용,남,33세,경상
2015081600100307,2015년 8월 16일 15시,일요일,대구광역시 북구 관음동,경상사고,0,0,1,0,차대차 - 기타,교차로운행방법위반,건조,맑음,교차로 - 교차로부근,승용,남,52세,상해없음,승용,여,46세,경상
2015081600100341,2015년 8월 16일 16시,일요일,대구광역시 달서구 두류동,경상사고,0,0,1,0,차대차 - 기타,교차로운행방법위반,건조,맑음,교차로 - 교차로안,승용,남,29세,상해없음,원동기,남,18세,경상
2015081600100373,2015년 8월 16일 17시,일요일,대구광역시 서구 비산동,경상사고,0,0,1,0,차대차 - 측면직각충돌,교차로운행방법위반,건조,맑음,교차로 - 교차로안,승용,남,47세,상해없음,자전거,남,29세,경상
2015081600100374,2015년 8월 16일 17시,일요일,대구광역시 중구 삼덕동1가,경상사고,0,0,1,0,차대사람 - 횡단중,안전운전불이행,건조,맑음,교차로 - 교차로안,승용,남,30세,상해없음,보행자,남,22세,경상
2015081600100418,2015년 8월 16일 18시,일요일,대구광역시 서구 중리동,중상사고,0,1,1,0,차대차 - 측면직각충돌,신호위반,건조,맑음,교차로 - 교차로안,승용,여,60세,상해없음,승용,남,43세,경상
2015081600100452,2015년 8월 16일 19시,일요일,대구광역시 수성구 대흥동,경상사고,0,0,4,0,차대차 - 추돌 - 진행중,안전운전불이행,건조,맑음,교차로 - 교차로부근,승용,여,38세,상해없음,승용,남,42세,경상
2015081600100453,2015년 8월 16일 19시,일요일,대구광역시 서구 평리동,중상사고,0,2,1,0,차대차 - 기타,기타,건조,맑음,단일로 - 기타,승용,여,58세,경상,승용,남,33세,중상
2015081600100454,2015년 8월 16일 19시,일요일,대구광역시 북구 관음동,경상사고,0,0,1,0,차대차 - 추돌 - 주정차중,안전운전불이행,건조,맑음,교차로 - 교차로안,승용,남,63세,상해없음,이륜,남,50세,경상
2015081600100498,2015년 8월 16일 20시,일요일,대구광역시 수성구 범물동,중상사고,0,1,0,0,차대차 - 추돌 - 주정차중,안전운전불이행,건조,맑음,교차로 - 교차로부근,승용,남,31세,상해없음,승용,여,60세,중상
2015081600100499,2015년 8월 16일 20시,일요일,대구광역시 달서구 용산동,경상사고,0,0,1,0,차대차 - 측면직각충돌,안전거리미확보,건조,흐림,단일로 - 기타,승용,남,59세,상해없음,원동기,남,17세,상해없음
2015081600100533,2015년 8월 16일 21시,일요일,대구광역시 북구 태전동,부상신고사고,0,0,0,1,차대차 - 기타,교차로운행방법위반,습기,비,교차로 - 교차로안,승용,남,33세,상해없음,이륜,남,19세,부상신고
2015081600100567,2015년 8월 16일 22시,일요일,대구광역시 달서구 용산동,경상사고,0,0,1,0,차대차 - 추돌 - 진행중,안전운전불이행,습기,비,단일로 - 기타,승용,여,56세,상해없음,승용,남,39세,경상
2015081600100589,2015년 8월 16일 23시,일요일,대구광역시 달서구 감삼동,중상사고,0,1,1,0,차대사람 - 횡단중,보행자보호의무위반,습기,비,교차로 - 교차로안,승용,남,27세,상해없음,보행자,남,22세,경상
2015081700100011,2015년 8월 17일 00시,월요일,대구광역시 북구 칠성동1가,중상사고,0,1,4,0,차대차 - 기타,직진우회전진행방해,습기,비,교차로 - 교차로안,승용,남,29세,경상,승용,남,59세,경상
2015081700100012,2015년 8월 17일 00시,월요일,대구광역시 북구 국우동,경상사고,0,0,2,0,차대차 - 추돌 - 주정차중,안전운전불이행,건조,맑음,교차로 - 교차로부근,승용,남,35세,상해없음,승용,남,25세,경상
2015081700100058,2015년 8월 17일 06시,월요일,대구광역시 수성구 연호동,경상사고,0,0,1,0,차대차 - 측면직각충돌,신호위반,건조,맑음,교차로 - 교차로안,승용,남,43세,상해없음,승용,남,58세,경상
2015081700100082,2015년 8월 17일 07시,월요일,대구광역시 동구 효목동,경상사고,0,0,1,0,차대차 - 측면직각충돌,안전운전불이행,건조,맑음,단일로 - 기타,이륜,남,56세,경상,화물,남,44세,상해없음
2015081700100083,2015년 8월 17일 07시,월요일,대구광역시 북구 노곡동,중상사고,0,1,0,0,차대차 - 측면직각충돌,안전운전불이행,건조,맑음,단일로 - 기타,자전거,남,41세,중상,자전거,여,60세,상해없음
2015081700100118,2015년 8월 17일 08시,월요일,대구광역시 남구 대명동,경상사고,0,0,1,0,차대차 - 기타,교차로운행방법위반,건조,맑음,단일로 - 기타,승용,여,53세,상해없음,승용,남,37세,경상
2015081700100119,2015년 8월 17일 08시,월요일,대구광역시 북구 침산동,중상사고,0,1,1,0,차대차 - 추돌 - 진행중,안전운전불이행,건조,맑음,교차로 - 교차로부근,승용,여,44세,상해없음,승용,남,59세,중상
2015081700100120,2015년 8월 17일 08시,월요일,대구광역시 달서구 감삼동,부상신고사고,0,0,0,2,차대차 - 측면직각충돌,안전거리미확보,건조,맑음,단일로 - 기타,승합,남,48세,상해없음,이륜,남,17세,부상신고
2015081700100121,2015년 8월 17일 08시,월요일,대구광역시 달서구 장동,중상사고,0,1,0,0,차대사람 - 횡단중,보행자보호의무위반,건조,맑음,교차로 - 교차로부근,승합,남,45세,상해없음,보행자,남,33세,중상
2015081700100122,2015년 8월 17일 08시,월요일,대구광역시 달서구 두류동,경상사고,0,0,1,0,차대사람 - 기타,안전운전불이행,건조,맑음,단일로 - 횡단보도상,승용,남,46세,상해없음,보행자,남,78세,경상
2015081700100183,2015년 8월 17일 10시,월요일,대구광역시 남구 대명동,부상신고사고,0,0,0,1,차대차 - 추돌 - 진행중,교차로운행방법위반,건조,맑음,교차로 - 교차로안,원동기,여,58세,부상신고,승용,남,45세,상해없음