사고번호,사고일시,요일,시군구,사고내용,사망자수,중상자수,경상자수,부상신고자수,사고유형,법규위반,노면상태,기상상태,도로형태,가해운전자 차종,가해운전자 성별,가해운전자 연령,가해운전자 상해정도,피해운전자 차종,피해운전자 성별,피해운전자 연령,피해운전자 상해정도
2015081700100184,2015년 8월 17일 10시,월요일,대구광역시 동구 신암동,중상사고,0,1,0,0,차대차 - 기타,안전거리미확보,건조,맑음,단일로 - 기타,승용,남,25세,상해없음,원동기,남,79세,중상
2015081700100185,2015년 8월 17일 10시,월요일,대구광역시 북구 검단동,경상사고,0,0,1,0,차대차 - 기타,안전운전불이행,건조,맑음,단일로 - 기타,화물,남,26세,상해없음,이륜,남,23세,경상
2015081700100186,2015년 8월 17일 10시,월요일,대구광역시 달서구 용산동,경상사고,0,0,2,0,차대차 - 측면직각충돌,안전운전불이행,건조,맑음,교차로 - 교차로부근,승용,남,66세,상해없음,승용,여,32세,경상
2015081700100228,2015년 8월 17일 11시,월요일,대구광역시 남구 대명동,경상사고,0,0,1,0,차대차 - 측면직각충돌,안전운전불이행,건조,맑음,기타 - 기타,승용,여,41세,기타불명,승용,남,58세,경상
2015081700100229,2015년 8월 17일 11시,월요일,대구광역시 수성구 지산동,경상사고,0,0,2,0,차대차 - 측면직각충돌,직진우회전진행방해,건조,맑음,교차로 - 교차로안,승용,여,37세,상해없음,승용,남,68세,경상
2015081700100230,2015년 8월 17일 11시,월요일,대구광역시 서구 내당동,부상신고사고,0,0,0,1,차량단독 - 기타,안전운전불이행,건조,맑음,단일로 - 기타,승합,남,56세,상해없음,,,,
2015081700100231,2015년 8월 17일 11시,월요일,대구광역시 서구 내당동,경상사고,0,0,1,0,차대사람 - 기타,기타,건조,맑음,기타 - 기타,이륜,남,42세,상해없음,보행자,남,56세,경상
2015081700100232,2015년 8월 17일 11시,월요일,대구광역시 달서구 용산동,경상사고,0,0,3,0,차대차 - 추돌 - 진행중,안전거리미확보,건조,맑음,단일로 - 기타,화물,남,36세,상해없음,화물,남,41세,경상
2015081700100264,2015년 8월 17일 12시,월요일,대구광역시 동구 방촌동,경상사고,0,0,1,0,차대차 - 정면충돌,신호위반,건조,맑음,교차로 - 교차로안,승용,여,29세,상해없음,승용,남,56세,경상
2015081700100265,2015년 8월 17일 12시,월요일,대구광역시 수성구 범어동,경상사고,0,0,1,0,차량단독 - 전도전복,안전운전불이행,건조,맑음,미분류 - 미분류,원동기,남,81세,경상,,,,
2015081700100380,2015년 8월 17일 15시,월요일,대구광역시 수성구 고모동,중상사고,0,1,0,0,차대차 - 추돌 - 진행중,안전운전불이행,건조,맑음,단일로 - 기타,이륜,남,34세,중상,승용,남,72세,상해없음
2015081700100381,2015년 8월 17일 15시,월요일,대구광역시 달성군 화원읍,중상사고,0,1,0,0,차대차 - 측면직각충돌,안전운전불이행,건조,맑음,단일로 - 횡단보도상,승용,남,36세,상해없음,자전거,여,56세,중상
2015081700100382,2015년 8월 17일 15시,월요일,대구광역시 중구 대봉동,경상사고,0,0,1,0,차대차 - 측면직각충돌,교차로운행방법위반,습기,비,단일로 - 기타,승용,여,57세,상해없음,승용,여,44세,경상
2015081700100383,2015년 8월 17일 15시,월요일,대구광역시 북구 읍내동,경상사고,0,0,1,0,차대차 - 측면직각충돌,안전운전불이행,건조,맑음,단일로 - 기타,기타불명,기타불명,20세,기타불명,자전거,남,10세,경상
2015081700100384,2015년 8월 17일 15시,월요일,대구광역시 북구 읍내동,경상사고,0,0,1,0,차대차 - 추돌 - 주정차중,안전운전불이행,건조,맑음,단일로 - 기타,승용,남,61세,상해없음,승용,남,53세,경상
2015081700100434,2015년 8월 17일 16시,월요일,대구광역시 중구 계산동2가,부상신고사고,0,0,0,2,차대차 - 측면직각충돌,안전운전불이행,건조,맑음,단일로 - 기타,승용,남,37세,부상신고,승용,여,51세,상해없음
2015081700100478,2015년 8월 17일 17시,월요일,대구광역시 남구 대명동,경상사고,0,0,1,0,차대차 - 기타,교차로운행방법위반,건조,맑음,교차로 - 교차로안,승용,남,69세,기타불명,승용,여,26세,경상
2015081700100479,2015년 8월 17일 17시,월요일,대구광역시 남구 봉덕동,경상사고,0,0,2,0,차대차 - 기타,안전운전불이행,건조,맑음,단일로 - 기타,승용,여,33세,상해없음,승용,남,39세,경상
2015081700100480,2015년 8월 17일 17시,월요일,대구광역시 수성구 범어동,경상사고,0,0,1,0,차대차 - 측면직각충돌,안전거리미확보,건조,맑음,교차로 - 교차로안,승합,남,46세,상해없음,승용,여,44세,경상
2015081700100481,2015년 8월 17일 17시,월요일,대구광역시 서구 내당동,경상사고,0,0,1,0,차대사람 - 길가장자리구역통행중,교차로운행방법위반,건조,맑음,교차로 - 교차로안,이륜,남,48세,상해없음,보행자,남,17세,경상
2015081700100482,2015년 8월 17일 17시,월요일,대구광역시 중구 남산동,중상사고,0,1,0,0,차대사람 - 횡단중,보행자보호의무위반,건조,맑음,교차로 - 교차로부근,승합,남,58세,상해없음,보행자,여,81세,중상
2015081700100483,2015년 8월 17일 17시,월요일,대구광역시 중구 동인동2가,중상사고,0,1,0,0,차대차 - 측면직각충돌,안전운전불이행,건조,맑음,교차로 - 교차로부근,승용,여,43세,상해없음,자전거,남,18세,중상
2015081700100484,2015년 8월 17일 17시,월요일,대구광역시 달서구 용산동,경상사고,0,0,1,0,차대차 - 측면직각충돌,안전거리미확보,건조,맑음,단일로 - 기타,승용,남,29세,상해없음,이륜,남,19세,경상
2015081700100485,2015년 8월 17일 17시,월요일,대구광역시 달서구 용산동,경상사고,0,0,1,0,차대차 - 측면직각충돌,신호위반,건조,맑음,단일로 - 횡단보도상,승용,남,37세,상해없음,자전거,남,20세,경상
2015081700100536,2015년 8월 17일 18시,월요일,대구광역시 수성구 두산동,경상사고,0,0,1,0,차대차 - 측면직각충돌,기타,건조,맑음,단일로 - 기타,승합,남,46세,기타불명,승용,여,46세,경상
2015081700100537,2015년 8월 17일 18시,월요일,대구광역시 북구 국우동,경상사고,0,0,1,0,차대사람 - 차도통행중,안전운전불이행,건조,맑음,단일로 - 기타,승용,여,43세,상해없음,보행자,여,2세,경상
2015081700100580,2015년 8월 17일 19시,월요일,대구광역시 남구 대명동,부상신고사고,0,0,0,1,차대차 - 기타,안전운전불이행,건조,맑음,교차로 - 교차로부근,원동기,남,62세,부상신고,승용,남,69세,상해없음
2015081700100581,2015년 8월 17일 19시,월요일,대구광역시 수성구 수성동2가,경상사고,0,0,2,0,차대차 - 측면직각충돌,안전운전불이행,건조,맑음,단일로 - 기타,승용,남,53세,상해없음,승용,여,44세,경상
2015081700100582,2015년 8월 17일 19시,월요일,대구광역시 북구 칠성동2가,중상사고,0,1,1,0,차대사람 - 횡단중,안전운전불이행,건조,맑음,단일로 - 기타,이륜,남,64세,경상,보행자,여,61세,중상
2015081700100583,2015년 8월 17일 19시,월요일,대구광역시 북구 칠성동2가,중상사고,0,1,0,0,차대사람 - 기타,안전운전불이행,건조,맑음,단일로 - 기타,자전거,남,58세,상해없음,보행자,여,80세,중상
2015081700100584,2015년 8월 17일 19시,월요일,대구광역시 북구 관음동,부상신고사고,0,0,0,1,차대차 - 기타,안전운전불이행,건조,맑음,단일로 - 기타,승용,여,45세,부상신고,승용,여,55세,상해없음
2015081700100627,2015년 8월 17일 20시,월요일,대구광역시 달서구 본동,경상사고,0,0,1,0,차대차 - 추돌 - 주정차중,안전운전불이행,건조,맑음,교차로 - 교차로부근,승용,남,63세,상해없음,승용,남,44세,경상
2015081700100658,2015년 8월 17일 21시,월요일,대구광역시 중구 삼덕동1가,경상사고,0,0,1,0,차대사람 - 기타,안전운전불이행,건조,맑음,단일로 - 기타,자전거,여,36세,상해없음,보행자,남,32세,경상
2015081700100692,2015년 8월 17일 22시,월요일,대구광역시 수성구 황금동,경상사고,0,0,1,0,차대사람 - 길가장자리구역통행중,안전운전불이행,건조,맑음,단일로 - 기타,승용,남,44세,상해없음,보행자,남,38세,경상
2015081700100693,2015년 8월 17일 22시,월요일,대구광역시 달서구 신당동,경상사고,0,0,1,0,차대차 - 측면직각충돌,신호위반,건조,맑음,교차로 - 교차로안,승용,여,43세,상해없음,승용,남,51세,경상
2015081700100694,2015년 8월 17일 22시,월요일,대구광역시 북구 구암동,경상사고,0,0,1,0,차대차 - 기타,교차로운행방법위반,건조,흐림,교차로 - 교차로안,승용,남,58세,상해없음,자전거,남,17세,경상
2015081800100021,2015년 8월 18일 01시,화요일,대구광역시 중구 남산동,중상사고,0,1,0,0,차대차 - 측면직각충돌,안전거리미확보,건조,맑음,단일로 - 기타,승용,남,51세,상해없음,이륜,남,23세,중상
2015081800100034,2015년 8월 18일 02시,화요일,대구광역시 달서구 상인동,경상사고,0,0,1,0,차대차 - 측면직각충돌,교차로운행방법위반,건조,맑음,교차로 - 교차로안,승용,남,31세,상해없음,승용,남,41세,경상
2015081800100039,2015년 8월 18일 03시,화요일,대구광역시 수성구 두산동,중상사고,0,1,0,0,차대사람 - 길가장자리구역통행중,안전운전불이행,건조,맑음,단일로 - 기타,승용,남,50세,상해없음,보행자,남,41세,중상
2015081800100106,2015년 8월 18일 07시,화요일,대구광역시 동구 신암동,경상사고,0,0,1,0,차대차 - 측면직각충돌,안전거리미확보,건조,맑음,단일로 - 기타,승용,남,40세,상해없음,승용,남,74세,경상
2015081800100107,2015년 8월 18일 07시,화요일,대구광역시 수성구 만촌동,경상사고,0,0,1,0,차대차 - 기타,안전운전불이행,건조,맑음,단일로 - 기타,승용,남,56세,상해없음,자전거,남,53세,경상
2015081800100108,2015년 8월 18일 07시,화요일,대구광역시 서구 평리동,경상사고,0,0,2,0,차대차 - 추돌 - 주정차중,안전거리미확보,건조,맑음,단일로 - 기타,승용,남,49세,상해없음,승용,남,31세,경상
2015081800100109,2015년 8월 18일 07시,화요일,대구광역시 서구 내당동,경상사고,0,0,1,0,차대차 - 측면직각충돌,직진우회전진행방해,건조,맑음,교차로 - 교차로안,승용,여,67세,상해없음,자전거,남,54세,경상
2015081800100145,2015년 8월 18일 08시,화요일,대구광역시 북구 팔달동,경상사고,0,0,1,0,차대차 - 추돌 - 주정차중,안전거리미확보,건조,맑음,단일로 - 기타,화물,남,39세,상해없음,승용,남,23세,경상
2015081800100186,2015년 8월 18일 09시,화요일,대구광역시 달서구 상인동,경상사고,0,0,1,0,차대차 - 추돌 - 주정차중,안전운전불이행,건조,맑음,단일로 - 기타,승용,여,63세,경상,승용,남,54세,상해없음
2015081800100219,2015년 8월 18일 10시,화요일,대구광역시 동구 신암동,중상사고,0,2,0,0,차대사람 - 횡단중,안전운전불이행,건조,맑음,단일로 - 기타,승용,남,71세,상해없음,보행자,여,63세,중상
2015081800100289,2015년 8월 18일 12시,화요일,대구광역시 남구 대명동,경상사고,0,0,1,0,차대차 - 기타,안전거리미확보,건조,맑음,단일로 - 기타,승용,남,63세,상해없음,이륜,남,49세,경상
2015081800100290,2015년 8월 18일 12시,화요일,대구광역시 달서구 대천동,부상신고사고,0,0,0,1,차대차 - 측면직각충돌,교차로운행방법위반,건조,맑음,교차로 - 교차로안,원동기,남,22세,부상신고,승용,여,51세,상해없음
2015081800100291,2015년 8월 18일 12시,화요일,대구광역시 중구 동인동1가,경상사고,0,0,1,0,차대차 - 추돌 - 진행중,안전거리미확보,건조,맑음,단일로 - 기타,승용,남,19세,상해없음,승용,여,33세,경상
2015081800100323,2015년 8월 18일 13시,화요일,대구광역시 동구 방촌동,경상사고,0,0,1,0,차대사람 - 횡단중,신호위반,건조,맑음,단일로 - 횡단보도부근,승용,남,57세,상해없음,보행자,남,12세,경상
2015081800100324,2015년 8월 18일 13시,화요일,대구광역시 북구 노원동3가,경상사고,0,0,1,0,차대사람 - 횡단중,안전운전불이행,건조,맑음,단일로 - 기타,이륜,기타불명,기타불명,기타불명,보행자,여,45세,경상
2015081800100325,2015년 8월 18일 13시,화요일,대구광역시 서구 내당동,중상사고,0,1,0,0,차대사람 - 보도통행중,신호위반,건조,맑음,단일로 - 횡단보도상,승용,남,64세,상해없음,보행자,여,54세,중상
2015081800100388,2015년 8월 18일 15시,화요일,대구광역시 남구 대명동,경상사고,0,0,1,0,차대차 - 기타,중앙선침범,건조,맑음,교차로 - 교차로안,원동기,여,30세,경상,승용,여,31세,상해없음
2015081800100389,2015년 8월 18일 15시,화요일,대구광역시 중구 동인동4가,경상사고,0,0,3,1,차대차 - 추돌 - 주정차중,안전운전불이행,건조,맑음,단일로 - 기타,승용,여,41세,상해없음,승용,남,28세,경상
2015081800100464,2015년 8월 18일 17시,화요일,대구광역시 달서구 도원동,경상사고,0,0,1,0,차대차 - 기타,기타,건조,맑음,단일로 - 기타,승용,남,54세,상해없음,이륜,남,63세,경상
2015081800100465,2015년 8월 18일 17시,화요일,대구광역시 북구 읍내동,부상신고사고,0,0,0,1,차대차 - 기타,안전운전불이행,건조,맑음,단일로 - 기타,기타불명,남,10세,부상신고,승용,남,62세,상해없음
2015081800100501,2015년 8월 18일 18시,화요일,대구광역시 남구 대명동,경상사고,0,0,1,0,차대차 - 기타,안전운전불이행,건조,맑음,교차로 - 교차로부근,화물,남,27세,상해없음,승용,남,57세,경상
2015081800100502,2015년 8월 18일 18시,화요일,대구광역시 북구 노원동3가,경상사고,0,0,2,0,차대차 - 기타,안전운전불이행,건조,맑음,단일로 - 기타,화물,남,50세,상해없음,승용,남,44세,기타불명
2015081800100539,2015년 8월 18일 19시,화요일,대구광역시 수성구 삼덕동,경상사고,0,0,1,1,차대차 - 기타,안전운전불이행,건조,맑음,단일로 - 기타,승용,남,28세,부상신고,승용,남,37세,경상
2015081800100540,2015년 8월 18일 19시,화요일,대구광역시 달서구 두류동,경상사고,0,0,1,0,차대사람 - 기타,중앙선침범,건조,흐림,단일로 - 기타,승용,남,55세,상해없음,보행자,여,21세,경상
2015081800100570,2015년 8월 18일 20시,화요일,대구광역시 남구 대명동,중상사고,0,1,0,0,차대차 - 추돌 - 진행중,안전거리미확보,건조,맑음,교차로 - 교차로부근,승용,남,23세,상해없음,승용,남,47세,중상
2015081800100592,2015년 8월 18일 21시,화요일,대구광역시 동구 신암동,경상사고,0,0,1,0,차대차 - 기타,안전거리미확보,건조,맑음,교차로 - 교차로부근,승용,남,22세,상해없음,원동기,남,15세,경상
2015081800100617,2015년 8월 18일 22시,화요일,대구광역시 달서구 상인동,경상사고,0,0,1,0,차대차 - 추돌 - 주정차중,안전운전불이행,건조,맑음,교차로 - 교차로안,승용,남,30세,상해없음,승용,남,60세,경상
2015081800100618,2015년 8월 18일 22시,화요일,대구광역시 달서구 도원동,경상사고,0,0,1,0,차대차 - 측면직각충돌,안전운전불이행,건조,맑음,교차로 - 교차로부근,승합,남,51세,상해없음,승용,남,49세,경상
2015081800100619,2015년 8월 18일 22시,화요일,대구광역시 북구 읍내동,중상사고,0,1,1,0,차대차 - 측면직각충돌,안전운전불이행,건조,맑음,교차로 - 교차로부근,승용,남,40세,상해없음,승용,여,56세,중상
2015081900100015,2015년 8월 19일 00시,수요일,대구광역시 남구 봉덕동,부상신고사고,0,0,0,1,차대차 - 기타,차로위반,건조,맑음,단일로 - 기타,승용,남,23세,상해없음,원동기,남,17세,부상신고
2015081900100016,2015년 8월 19일 00시,수요일,대구광역시 수성구 범어동,경상사고,0,0,1,0,차대차 - 추돌 - 주정차중,안전운전불이행,건조,맑음,단일로 - 기타,승용,남,26세,상해없음,이륜,남,38세,경상
2015081900100017,2015년 8월 19일 00시,수요일,대구광역시 수성구 두산동,경상사고,0,0,1,0,차대사람 - 보도통행중,안전운전불이행,건조,맑음,단일로 - 기타,승용,여,25세,상해없음,보행자,남,40세,경상
2015081900100051,2015년 8월 19일 03시,수요일,대구광역시 달서구 송현동,경상사고,0,0,2,0,차대차 - 기타,직진우회전진행방해,건조,맑음,교차로 - 교차로안,승용,남,54세,경상,승합,남,48세,경상
2015081900100083,2015년 8월 19일 06시,수요일,대구광역시 동구 신천동,경상사고,0,0,1,0,차대차 - 측면직각충돌,직진우회전진행방해,건조,맑음,교차로 - 교차로안,승용,여,19세,상해없음,승용,남,74세,경상
2015081900100084,2015년 8월 19일 06시,수요일,대구광역시 달성군 화원읍,중상사고,0,1,0,0,차대사람 - 길가장자리구역통행중,안전운전불이행,건조,맑음,단일로 - 기타,자전거,여,52세,상해없음,보행자,여,36세,중상
2015081900100107,2015년 8월 19일 07시,수요일,대구광역시 수성구 수성동3가,경상사고,0,0,1,0,차대차 - 기타,안전거리미확보,건조,맑음,단일로 - 기타,화물,남,53세,상해없음,이륜,남,69세,경상
2015081900100108,2015년 8월 19일 07시,수요일,대구광역시 북구 대현동,경상사고,0,0,1,0,차대차 - 추돌 - 진행중,안전거리미확보,건조,맑음,단일로 - 기타,승용,남,37세,상해없음,승용,남,69세,경상
2015081900100138,2015년 8월 19일 08시,수요일,대구광역시 중구 전동,경상사고,0,0,1,0,차대차 - 측면직각충돌,안전운전불이행,건조,맑음,단일로 - 기타,승용,남,48세,상해없음,자전거,남,48세,경상
2015081900100139,2015년 8월 19일 08시,수요일,대구광역시 달서구 두류동,경상사고,0,0,1,0,차대사람 - 기타,보행자보호의무위반,건조,맑음,단일로 - 횡단보도상,승용,여,42세,상해없음,보행자,여,76세,경상
2015081900100173,2015년 8월 19일 09시,수요일,대구광역시 수성구 황금동,중상사고,0,1,0,0,차대차 - 기타,안전거리미확보,건조,맑음,단일로 - 횡단보도부근,자전거,남,80세,중상,승용,남,61세,상해없음
2015081900100174,2015년 8월 19일 09시,수요일,대구광역시 북구 노원동3가,경상사고,0,0,1,0,차대사람 - 기타,안전운전불이행,건조,맑음,단일로 - 기타,기타불명,기타불명,기타불명,기타불명,보행자,여,43세,경상
2015081900100230,2015년 8월 19일 11시,수요일,대구광역시 수성구 중동,경상사고,0,0,1,0,차대차 - 측면직각충돌,중앙선침범,건조,맑음,교차로 - 교차로부근,승용,남,25세,상해없음,원동기,여,70세,경상
2015081900100284,2015년 8월 19일 13시,수요일,대구광역시 남구 대명동,중상사고,0,1,1,0,차대차 - 기타,신호위반,건조,맑음,교차로 - 교차로안,승용,남,62세,상해없음,승용,여,79세,중상
2015081900100285,2015년 8월 19일 13시,수요일,대구광역시 달서구 본리동,중상사고,0,1,0,0,차대사람 - 기타,안전운전불이행,건조,맑음,단일로 - 기타,승용,남,48세,상해없음,보행자,여,11세,중상
2015081900100322,2015년 8월 19일 14시,수요일,대구광역시 동구 신천동,경상사고,0,0,1,0,차대차 - 추돌 - 진행중,안전거리미확보,건조,맑음,교차로 - 교차로안,승용,여,43세,상해없음,화물,남,41세,경상
2015081900100323,2015년 8월 19일 14시,수요일,대구광역시 서구 이현동,경상사고,0,0,2,0,차대차 - 측면직각충돌,교차로운행방법위반,건조,맑음,교차로 - 교차로부근,화물,남,73세,상해없음,이륜,남,42세,경상
2015081900100362,2015년 8월 19일 15시,수요일,대구광역시 수성구 황금동,중상사고,0,1,0,0,차대차 - 측면직각충돌,안전운전불이행,건조,맑음,단일로 - 기타,승용,여,51세,상해없음,이륜,남,19세,중상
2015081900100363,2015년 8월 19일 15시,수요일,대구광역시 서구 평리동,경상사고,0,0,2,0,차대차 - 추돌 - 주정차중,안전거리미확보,건조,맑음,단일로 - 기타,승용,남,45세,경상,승용,남,58세,경상
2015081900100364,2015년 8월 19일 15시,수요일,대구광역시 달서구 호림동,중상사고,0,1,0,0,차대차 - 측면직각충돌,교차로운행방법위반,건조,맑음,교차로 - 교차로안,승용,남,19세,상해없음,이륜,남,26세,중상
2015081900100401,2015년 8월 19일 16시,수요일,대구광역시 남구 대명동,경상사고,0,0,1,0,차대차 - 추돌 - 주정차중,안전운전불이행,건조,맑음,교차로 - 교차로부근,승용,남,23세,상해없음,승용,여,63세,경상
2015081900100438,2015년 8월 19일 17시,수요일,대구광역시 남구 봉덕동,경상사고,0,0,1,0,차대차 - 추돌 - 주정차중,안전운전불이행,건조,맑음,단일로 - 기타,승용,남,58세,상해없음,승용,남,42세,경상
2015081900100482,2015년 8월 19일 18시,수요일,대구광역시 달서구 두류동,경상사고,0,0,1,0,차대사람 - 보도통행중,보행자보호의무위반,건조,맑음,단일로 - 기타,승용,남,39세,상해없음,보행자,남,74세,경상
2015081900100524,2015년 8월 19일 19시,수요일,대구광역시 남구 봉덕동,경상사고,0,0,1,0,차대차 - 기타,안전운전불이행,건조,맑음,단일로 - 기타,승용,남,26세,상해없음,이륜,남,26세,경상
2015081900100525,2015년 8월 19일 19시,수요일,대구광역시 수성구 신매동,경상사고,0,0,1,0,차대사람 - 횡단중,보행자보호의무위반,건조,맑음,단일로 - 횡단보도상,승용,남,45세,상해없음,보행자,남,10세,경상
2015081900100526,2015년 8월 19일 19시,수요일,대구광역시 달서구 두류동,경상사고,0,0,1,0,차대사람 - 기타,안전운전불이행,건조,맑음,단일로 - 기타,승용,남,59세,상해없음,보행자,남,32세,경상
2015081900100558,2015년 8월 19일 20시,수요일,대구광역시 북구 산격동,경상사고,0,0,1,0,차대사람 - 기타,안전운전불이행,건조,맑음,단일로 - 기타,승용,남,32세,상해없음,보행자,남,23세,경상
2015081900100559,2015년 8월 19일 20시,수요일,대구광역시 서구 비산동,경상사고,0,0,1,0,차대차 - 기타,안전거리미확보,건조,맑음,교차로 - 교차로부근,화물,남,68세,상해없음,원동기,남,19세,경상
2015081900100560,2015년 8월 19일 20시,수요일,대구광역시 중구 삼덕동1가,경상사고,0,0,1,0,차대사람 - 기타,안전운전불이행,건조,맑음,단일로 - 기타,승용,남,42세,기타불명,보행자,여,22세,경상
2015081900100598,2015년 8월 19일 21시,수요일,대구광역시 동구 효목동,경상사고,0,0,2,1,차대차 - 기타,안전운전불이행,건조,맑음,교차로 - 교차로부근,승용,남,23세,상해없음,승용,남,18세,경상
2015081900100626,2015년 8월 19일 22시,수요일,대구광역시 남구 봉덕동,경상사고,0,0,2,0,차대차 - 기타,안전운전불이행,건조,맑음,단일로 - 기타,승용,남,40세,상해없음,승용,남,55세,경상
2015081900100650,2015년 8월 19일 23시,수요일,대구광역시 달서구 이곡동,경상사고,0,0,1,0,차대차 - 측면직각충돌,신호위반,습기,흐림,교차로 - 교차로부근,이륜,남,18세,상해없음,승용,남,53세,상해없음
2015082000100013,2015년 8월 20일 00시,목요일,대구광역시 달서구 상인동,중상사고,0,2,0,0,차대차 - 기타,교차로운행방법위반,건조,맑음,교차로 - 교차로안,화물,남,68세,상해없음,승용,남,57세,중상
2015082000100038,2015년 8월 20일 02시,목요일,대구광역시 중구 동인동3가,경상사고,0,0,1,0,차대차 - 측면직각충돌,안전운전불이행,건조,맑음,단일로 - 기타,승용,여,24세,상해없음,승용,여,28세,경상
2015082000100047,2015년 8월 20일 03시,목요일,대구광역시 북구 매천동,경상사고,0,0,1,0,차량단독 - 공작물충돌,안전운전불이행,건조,맑음,단일로 - 교량,승용,여,24세,경상,,,,
2015082000100080,2015년 8월 20일 06시,목요일,대구광역시 남구 대명동,경상사고,0,0,2,0,차대사람 - 기타,안전운전불이행,건조,맑음,단일로 - 기타,승용,남,20세,경상,보행자,남,35세,경상
2015082000100105,2015년 8월 20일 07시,목요일,대구광역시 달서구 이곡동,경상사고,0,0,1,0,차대차 - 기타,안전운전불이행,습기,비,단일로 - 기타,기타불명,기타불명,기타불명,기타불명,이륜,남,31세,경상
2015082000100149,2015년 8월 20일 08시,목요일,대구광역시 달서구 상인동,경상사고,0,0,1,0,차대차 - 추돌 - 주정차중,안전운전불이행,습기,비,단일로 - 기타,승용,여,60세,경상,승용,여,32세,상해없음
2015082000100150,2015년 8월 20일 08시,목요일,대구광역시 달서구 두류동,중상사고,0,1,0,0,차대사람 - 횡단중,신호위반,습기,비,교차로 - 교차로부근,승용,여,50세,상해없음,보행자,여,29세,중상
2015082000100176,2015년 8월 20일 09시,목요일,대구광역시 북구 복현동,중상사고,0,1,0,0,차대사람 - 기타,안전운전불이행,습기,비,단일로 - 기타,승용,여,51세,상해없음,보행자,남,84세,중상
2015082000100207,2015년 8월 20일 10시,목요일,대구광역시 달서구 대천동,중상사고,0,1,0,0,차대사람 - 횡단중,안전운전불이행,습기,비,단일로 - 기타,승용,남,46세,상해없음,보행자,여,6세,중상
2015082000100208,2015년 8월 20일 10시,목요일,대구광역시 달서구 상인동,중상사고,0,1,0,0,차대사람 - 기타,안전운전불이행,습기,비,단일로 - 기타,승용,남,65세,상해없음,보행자,여,85세,중상
2015082000100209,2015년 8월 20일 10시,목요일,대구광역시 달서구 송현동,중상사고,0,1,0,0,차대차 - 기타,안전거리미확보,습기,비,단일로 - 기타,원동기,남,50세,중상,승용,남,59세,상해없음
2015082000100265,2015년 8월 20일 12시,목요일,대구광역시 동구 신기동,경상사고,0,0,1,0,차대차 - 기타,기타,건조,맑음,단일로 - 기타,승용,여,64세,상해없음,승용,남,39세,경상
2015082000100267,2015년 8월 20일 12시,목요일,대구광역시 북구 구암동,경상사고,0,0,2,0,차대차 - 기타,신호위반,습기,비,교차로 - 교차로안,승용,남,73세,상해없음,승용,남,28세,경상
2015082000100268,2015년 8월 20일 12시,목요일,대구광역시 북구 팔달동,경상사고,0,0,1,0,차대차 - 기타,안전운전불이행,습기,비,기타 - 기타,화물,남,41세,상해없음,이륜,남,56세,경상
2015082000100304,2015년 8월 20일 13시,목요일,대구광역시 달서구 두류동,경상사고,0,0,1,0,차대사람 - 횡단중,안전운전불이행,습기,비,단일로 - 기타,승용,남,44세,상해없음,보행자,남,53세,경상
2015082000100339,2015년 8월 20일 14시,목요일,대구광역시 동구 신암동,경상사고,0,0,3,0,차대차 - 측면직각충돌,안전운전불이행,건조,맑음,교차로 - 교차로부근,승용,남,55세,상해없음,승용,여,49세,경상
2015082000100340,2015년 8월 20일 14시,목요일,대구광역시 동구 율하동,중상사고,0,1,0,0,차대차 - 기타,신호위반,건조,맑음,단일로 - 횡단보도상,이륜,남,29세,상해없음,자전거,여,10세,중상
2015082000100375,2015년 8월 20일 15시,목요일,대구광역시 동구 동호동,경상사고,0,0,1,0,차대차 - 측면직각충돌,차로위반,건조,맑음,교차로 - 교차로부근,화물,남,22세,상해없음,승용,남,55세,경상
2015082000100376,2015년 8월 20일 15시,목요일,대구광역시 북구 침산동,경상사고,0,0,1,0,차대차 - 측면직각충돌,신호위반,건조,맑음,단일로 - 기타,승용,남,28세,상해없음,승용,남,56세,경상
2015082000100377,2015년 8월 20일 15시,목요일,대구광역시 달서구 성당동,경상사고,0,0,1,0,차대사람 - 기타,안전운전불이행,습기,비,교차로 - 교차로부근,승용,남,78세,상해없음,보행자,여,48세,경상
2015082000100416,2015년 8월 20일 16시,목요일,대구광역시 북구 구암동,중상사고,0,2,0,0,차대차 - 기타,안전운전불이행,습기,비,기타 - 기타,승용,남,73세,상해없음,승용,여,50세,중상
2015082000100451,2015년 8월 20일 17시,목요일,대구광역시 동구 입석동,경상사고,0,0,1,0,차대사람 - 보도통행중,보행자보호의무위반,건조,맑음,단일로 - 기타,승용,남,57세,상해없음,보행자,남,66세,경상
2015082000100452,2015년 8월 20일 17시,목요일,대구광역시 달서구 용산동,부상신고사고,0,0,0,2,차대차 - 측면직각충돌,안전운전불이행,건조,맑음,교차로 - 교차로안,이륜,남,17세,부상신고,승용,남,49세,상해없음
2015082000100492,2015년 8월 20일 18시,목요일,대구광역시 동구 방촌동,경상사고,0,0,1,0,차대차 - 추돌 - 진행중,안전운전불이행,습기,흐림,단일로 - 기타,승용,남,46세,상해없음,화물,남,36세,경상
2015082000100493,2015년 8월 20일 18시,목요일,대구광역시 달성군 논공읍,중상사고,0,1,0,0,차대차 - 추돌 - 진행중,안전운전불이행,건조,맑음,단일로 - 기타,승용,남,53세,상해없음,승용,여,46세,중상
2015082000100521,2015년 8월 20일 19시,목요일,대구광역시 달성군 현풍면,중상사고,0,1,0,0,차대차 - 측면직각충돌,안전운전불이행,건조,맑음,교차로 - 교차로안,이륜,남,62세,중상,승용,남,31세,상해없음