사고번호,사고일시,요일,시군구,사고내용,사망자수,중상자수,경상자수,부상신고자수,사고유형,법규위반,노면상태,기상상태,도로형태,가해운전자 차종,가해운전자 성별,가해운전자 연령,가해운전자 상해정도,피해운전자 차종,피해운전자 성별,피해운전자 연령,피해운전자 상해정도
2015082400100086,2015년 8월 24일 07시,월요일,대구광역시 달성군 화원읍,경상사고,0,0,1,0,차대차 - 측면직각충돌,안전운전불이행,건조,맑음,단일로 - 기타,승용,남,61세,상해없음,자전거,남,15세,경상
2015082400100126,2015년 8월 24일 08시,월요일,대구광역시 수성구 만촌동,경상사고,0,0,1,0,차대차 - 측면직각충돌,안전거리미확보,건조,맑음,교차로 - 교차로부근,승용,여,54세,상해없음,승용,여,53세,경상
2015082400100127,2015년 8월 24일 08시,월요일,대구광역시 북구 읍내동,중상사고,0,1,0,0,차대차 - 추돌 - 진행중,안전운전불이행,건조,맑음,단일로 - 기타,화물,남,74세,상해없음,승용,남,26세,중상
2015082400100161,2015년 8월 24일 09시,월요일,대구광역시 동구 신암동,경상사고,0,0,1,0,차대차 - 기타,신호위반,건조,맑음,교차로 - 교차로안,승용,여,47세,상해없음,이륜,남,38세,경상
2015082400100162,2015년 8월 24일 09시,월요일,대구광역시 북구 침산동,경상사고,0,0,2,0,차대차 - 측면직각충돌,신호위반,건조,맑음,교차로 - 교차로안,자전거,남,74세,경상,이륜,남,24세,경상
2015082400100253,2015년 8월 24일 12시,월요일,대구광역시 동구 신암동,경상사고,0,0,1,0,차대차 - 추돌 - 주정차중,안전운전불이행,건조,맑음,교차로 - 교차로부근,이륜,남,23세,경상,이륜,남,64세,상해없음
2015082400100280,2015년 8월 24일 13시,월요일,대구광역시 동구 용계동,중상사고,0,1,0,0,차대차 - 기타,안전운전불이행,건조,맑음,교차로 - 교차로안,승용,남,57세,상해없음,자전거,여,50세,중상
2015082400100281,2015년 8월 24일 13시,월요일,대구광역시 북구 침산동,부상신고사고,0,0,0,1,차대차 - 측면직각충돌,안전운전불이행,건조,맑음,단일로 - 기타,자전거,여,45세,부상신고,승용,남,39세,상해없음
2015082400100300,2015년 8월 24일 14시,월요일,대구광역시 달서구 월성동,경상사고,0,0,2,0,차대차 - 추돌 - 진행중,안전거리미확보,습기,비,단일로 - 기타,승용,여,46세,경상,화물,남,38세,상해없음
2015082400100308,2015년 8월 24일 14시,월요일,대구광역시 동구 방촌동,경상사고,0,0,1,0,차대차 - 기타,안전거리미확보,건조,맑음,단일로 - 기타,승합,남,64세,기타불명,승합,남,52세,상해없음
2015082400100310,2015년 8월 24일 14시,월요일,대구광역시 동구 신천동,중상사고,0,1,0,0,차대사람 - 보도통행중,기타,건조,맑음,단일로 - 기타,화물,남,57세,상해없음,보행자,여,72세,중상
2015082400100311,2015년 8월 24일 14시,월요일,대구광역시 중구 동인동4가,부상신고사고,0,0,0,1,차대차 - 기타,기타,건조,맑음,단일로 - 기타,승용,남,64세,상해없음,이륜,남,25세,부상신고
2015082400100312,2015년 8월 24일 14시,월요일,대구광역시 북구 매천동,경상사고,0,0,1,0,차대차 - 기타,안전운전불이행,건조,맑음,단일로 - 기타,화물,여,60세,상해없음,승용,여,54세,경상
2015082400100354,2015년 8월 24일 15시,월요일,대구광역시 동구 백안동,부상신고사고,0,0,0,1,차대사람 - 기타,안전운전불이행,건조,맑음,단일로 - 기타,승용,여,52세,상해없음,보행자,남,24세,부상신고
2015082400100398,2015년 8월 24일 16시,월요일,대구광역시 수성구 상동,경상사고,0,0,1,0,차대차 - 추돌 - 주정차중,안전운전불이행,건조,맑음,교차로 - 교차로부근,승용,여,49세,상해없음,승용,남,36세,경상
2015082400100399,2015년 8월 24일 16시,월요일,대구광역시 달서구 월성동,경상사고,0,0,1,0,차대차 - 기타,안전운전불이행,건조,맑음,단일로 - 기타,승합,여,46세,상해없음,자전거,남,24세,경상
2015082400100435,2015년 8월 24일 17시,월요일,대구광역시 동구 검사동,중상사고,0,1,1,1,차대차 - 측면직각충돌,안전운전불이행,건조,맑음,단일로 - 기타,화물,남,20세,부상신고,승합,남,33세,경상
2015082400100436,2015년 8월 24일 17시,월요일,대구광역시 달서구 상인동,경상사고,0,0,1,0,차대차 - 기타,안전거리미확보,건조,맑음,단일로 - 기타,승용,남,52세,상해없음,이륜,기타불명,기타불명,기타불명
2015082400100437,2015년 8월 24일 17시,월요일,대구광역시 북구 침산동,경상사고,0,0,1,0,차대차 - 기타,안전운전불이행,건조,맑음,기타 - 기타,승용,남,71세,상해없음,승용,남,38세,경상
2015082400100438,2015년 8월 24일 17시,월요일,대구광역시 서구 비산동,경상사고,0,0,1,0,차대사람 - 기타,안전운전불이행,건조,맑음,단일로 - 기타,승용,남,58세,상해없음,보행자,여,50세,경상
2015082400100439,2015년 8월 24일 17시,월요일,대구광역시 달서구 감삼동,중상사고,0,1,0,0,차대차 - 측면직각충돌,안전운전불이행,건조,맑음,교차로 - 교차로부근,원동기,남,17세,상해없음,원동기,남,37세,중상
2015082400100464,2015년 8월 24일 18시,월요일,대구광역시 수성구 범어동,경상사고,0,0,2,0,차대차 - 추돌 - 주정차중,안전운전불이행,건조,맑음,교차로 - 교차로부근,승용,남,54세,상해없음,승용,여,63세,경상
2015082400100465,2015년 8월 24일 18시,월요일,대구광역시 달서구 도원동,경상사고,0,0,1,0,차대차 - 기타,안전운전불이행,습기,비,단일로 - 기타,승용,남,26세,상해없음,자전거,남,15세,경상
2015082400100466,2015년 8월 24일 18시,월요일,대구광역시 달서구 진천동,중상사고,0,1,0,0,차대차 - 기타,교차로운행방법위반,건조,맑음,교차로 - 교차로부근,승용,여,41세,상해없음,이륜,남,20세,중상
2015082400100467,2015년 8월 24일 18시,월요일,대구광역시 서구 평리동,부상신고사고,0,0,0,1,차량단독 - 전도전복,안전운전불이행,습기,비,교차로 - 교차로부근,이륜,남,75세,부상신고,,,,
2015082400100504,2015년 8월 24일 19시,월요일,대구광역시 수성구 만촌동,중상사고,0,1,0,0,차대차 - 기타,안전운전불이행,건조,맑음,단일로 - 기타,승용,여,53세,상해없음,자전거,여,59세,중상
2015082400100505,2015년 8월 24일 19시,월요일,대구광역시 달성군 가창면,경상사고,0,0,2,0,차대차 - 추돌 - 진행중,안전운전불이행,건조,맑음,교차로 - 교차로부근,승용,남,35세,상해없음,승용,남,30세,경상
2015082400100506,2015년 8월 24일 19시,월요일,대구광역시 서구 내당동,중상사고,0,1,0,0,차대차 - 측면직각충돌,기타,건조,맑음,단일로 - 기타,승용,남,64세,상해없음,원동기,남,21세,중상
2015082400100545,2015년 8월 24일 20시,월요일,대구광역시 북구 매천동,중상사고,0,1,0,0,차대차 - 측면직각충돌,안전운전불이행,건조,맑음,교차로 - 교차로부근,승용,남,50세,상해없음,원동기,남,23세,중상
2015082400100595,2015년 8월 24일 22시,월요일,대구광역시 동구 방촌동,경상사고,0,0,1,0,차대차 - 추돌 - 주정차중,안전운전불이행,습기,비,교차로 - 교차로부근,승용,남,36세,상해없음,승용,남,40세,경상
2015082400100621,2015년 8월 24일 23시,월요일,대구광역시 중구 교동,경상사고,0,0,1,0,차대사람 - 기타,안전운전불이행,습기,비,단일로 - 횡단보도상,이륜,남,43세,상해없음,보행자,남,22세,경상
2015082500100021,2015년 8월 25일 00시,화요일,대구광역시 수성구 중동,경상사고,0,0,1,0,차대차 - 추돌 - 주정차중,안전거리미확보,습기,비,교차로 - 교차로부근,화물,남,32세,상해없음,승용,여,33세,경상
2015082500100022,2015년 8월 25일 00시,화요일,대구광역시 북구 태전동,중상사고,0,1,0,0,차대사람 - 횡단중,보행자보호의무위반,습기,비,단일로 - 횡단보도상,승용,남,48세,상해없음,보행자,여,29세,중상
2015082500100042,2015년 8월 25일 01시,화요일,대구광역시 달서구 성당동,경상사고,0,0,3,0,차대차 - 추돌 - 주정차중,안전운전불이행,습기,비,단일로 - 기타,승용,남,34세,상해없음,승용,남,29세,경상
2015082500100067,2015년 8월 25일 04시,화요일,대구광역시 달서구 송현동,중상사고,0,1,0,0,차량단독 - 공작물충돌,안전운전불이행,습기,비,단일로 - 기타,화물,남,54세,상해없음,,,,
2015082500100111,2015년 8월 25일 07시,화요일,대구광역시 북구 태전동,중상사고,0,1,0,0,차대사람 - 횡단중,보행자보호의무위반,습기,비,단일로 - 기타,승용,남,38세,상해없음,보행자,여,16세,중상
2015082500100151,2015년 8월 25일 08시,화요일,대구광역시 달성군 논공읍,중상사고,0,1,0,0,차대사람 - 횡단중,안전운전불이행,습기,비,단일로 - 기타,승용,남,45세,상해없음,보행자,남,71세,중상
2015082500100152,2015년 8월 25일 08시,화요일,대구광역시 북구 노원동2가,부상신고사고,0,0,0,1,차대사람 - 횡단중,안전운전불이행,건조,맑음,단일로 - 기타,승용,기타불명,기타불명,기타불명,보행자,남,18세,부상신고
2015082500100177,2015년 8월 25일 09시,화요일,대구광역시 동구 괴전동,경상사고,0,0,1,0,차대차 - 기타,교차로운행방법위반,습기,비,교차로 - 교차로안,승용,여,41세,기타불명,승용,여,42세,경상
2015082500100178,2015년 8월 25일 09시,화요일,대구광역시 달서구 상인동,경상사고,0,0,1,0,차량단독 - 기타,안전운전불이행,건조,맑음,단일로 - 기타,승합,남,44세,상해없음,,,,
2015082500100179,2015년 8월 25일 09시,화요일,대구광역시 북구 구암동,경상사고,0,0,1,0,차대차 - 측면직각충돌,안전운전불이행,건조,맑음,교차로 - 교차로부근,승용,여,34세,상해없음,승용,여,58세,경상
2015082500100218,2015년 8월 25일 10시,화요일,대구광역시 동구 신기동,경상사고,0,0,1,0,차대차 - 기타,안전운전불이행,습기,비,교차로 - 교차로부근,승용,남,38세,상해없음,승용,남,64세,경상
2015082500100219,2015년 8월 25일 10시,화요일,대구광역시 북구 침산동,경상사고,0,0,1,0,차대차 - 추돌 - 주정차중,안전운전불이행,습기,비,단일로 - 기타,승용,남,32세,상해없음,승용,남,46세,상해없음
2015082500100220,2015년 8월 25일 10시,화요일,대구광역시 서구 내당동,경상사고,0,0,2,0,차대차 - 측면직각충돌,안전거리미확보,습기,비,단일로 - 기타,화물,남,63세,상해없음,원동기,남,16세,경상
2015082500100308,2015년 8월 25일 13시,화요일,대구광역시 동구 신서동,경상사고,0,0,1,0,차대차 - 기타,중앙선침범,건조,맑음,단일로 - 기타,승용,여,41세,기타불명,승용,여,34세,경상
2015082500100309,2015년 8월 25일 13시,화요일,대구광역시 수성구 지산동,중상사고,0,1,0,0,차대차 - 추돌 - 진행중,안전운전불이행,습기,비,단일로 - 기타,승용,여,55세,상해없음,이륜,남,40세,중상
2015082500100310,2015년 8월 25일 13시,화요일,대구광역시 달서구 송현동,경상사고,0,0,1,0,차대차 - 기타,교차로운행방법위반,건조,맑음,교차로 - 교차로안,승용,남,60세,상해없음,원동기,남,25세,경상
2015082500100340,2015년 8월 25일 14시,화요일,대구광역시 동구 방촌동,경상사고,0,0,1,0,차대차 - 기타,안전거리미확보,건조,맑음,단일로 - 기타,승용,남,53세,상해없음,승용,남,73세,경상
2015082500100341,2015년 8월 25일 14시,화요일,대구광역시 달서구 상인동,중상사고,0,1,0,0,차대사람 - 보도통행중,기타,습기,비,교차로 - 교차로부근,승용,여,35세,기타불명,보행자,여,33세,중상
2015082500100342,2015년 8월 25일 14시,화요일,대구광역시 북구 국우동,경상사고,0,0,1,0,차대차 - 추돌 - 주정차중,안전운전불이행,습기,비,교차로 - 교차로부근,화물,남,37세,상해없음,승용,여,58세,경상
2015082500100378,2015년 8월 25일 15시,화요일,대구광역시 중구 남산동,중상사고,0,1,0,0,차대사람 - 기타,안전운전불이행,습기,비,단일로 - 기타,승용,남,64세,상해없음,보행자,여,39세,중상
2015082500100379,2015년 8월 25일 15시,화요일,대구광역시 달서구 이곡동,경상사고,0,0,1,0,차대차 - 추돌 - 주정차중,안전거리미확보,습기,비,단일로 - 기타,승용,남,45세,상해없음,승용,여,49세,경상
2015082500100380,2015년 8월 25일 15시,화요일,대구광역시 달서구 본리동,경상사고,0,0,1,0,차대차 - 기타,안전운전불이행,건조,맑음,교차로 - 교차로안,승용,여,51세,기타불명,승합,남,45세,상해없음
2015082500100381,2015년 8월 25일 15시,화요일,대구광역시 달서구 감삼동,중상사고,0,2,0,0,차대차 - 측면직각충돌,안전거리미확보,건조,맑음,단일로 - 기타,승용,남,36세,상해없음,승용,여,62세,중상
2015082500100382,2015년 8월 25일 15시,화요일,대구광역시 북구 구암동,부상신고사고,0,0,0,1,차대차 - 추돌 - 진행중,중앙선침범,습기,비,교차로 - 교차로부근,자전거,남,9세,부상신고,승용,여,67세,상해없음
2015082500100420,2015년 8월 25일 16시,화요일,대구광역시 중구 동산동,경상사고,0,0,1,0,차량단독 - 기타,기타,건조,맑음,단일로 - 기타,승합,남,56세,상해없음,,,,
2015082500100421,2015년 8월 25일 16시,화요일,대구광역시 달서구 이곡동,경상사고,0,0,2,0,차대차 - 추돌 - 주정차중,안전운전불이행,습기,비,단일로 - 기타,승용,남,37세,상해없음,승용,남,42세,경상
2015082500100422,2015년 8월 25일 16시,화요일,대구광역시 북구 서변동,경상사고,0,0,1,0,차대차 - 측면직각충돌,신호위반,습기,비,교차로 - 교차로안,승용,남,52세,상해없음,승용,여,31세,경상
2015082500100466,2015년 8월 25일 17시,화요일,대구광역시 동구 신암동,경상사고,0,0,1,0,차대차 - 기타,안전운전불이행,건조,맑음,단일로 - 기타,승용,남,66세,상해없음,승용,여,50세,경상
2015082500100467,2015년 8월 25일 17시,화요일,대구광역시 수성구 상동,경상사고,0,0,2,0,차대차 - 추돌 - 진행중,안전운전불이행,습기,비,단일로 - 기타,승용,남,45세,상해없음,승용,남,34세,경상
2015082500100468,2015년 8월 25일 17시,화요일,대구광역시 중구 동인동1가,경상사고,0,0,1,0,차대차 - 추돌 - 진행중,안전거리미확보,습기,비,교차로 - 교차로안,승용,남,42세,상해없음,화물,남,67세,상해없음
2015082500100469,2015년 8월 25일 17시,화요일,대구광역시 북구 매천동,경상사고,0,0,1,0,차대차 - 추돌 - 주정차중,안전운전불이행,습기,비,단일로 - 기타,승용,여,33세,상해없음,승용,여,45세,경상
2015082500100505,2015년 8월 25일 18시,화요일,대구광역시 남구 봉덕동,경상사고,0,0,1,0,차대사람 - 기타,안전운전불이행,습기,비,단일로 - 기타,승용,남,61세,상해없음,보행자,남,44세,경상
2015082500100506,2015년 8월 25일 18시,화요일,대구광역시 동구 서호동,경상사고,0,0,2,0,차대차 - 측면직각충돌,안전거리미확보,습기,비,단일로 - 기타,승용,남,27세,상해없음,승용,여,33세,경상
2015082500100554,2015년 8월 25일 19시,화요일,대구광역시 남구 대명동,경상사고,0,0,1,0,차대차 - 추돌 - 진행중,안전거리미확보,건조,맑음,교차로 - 교차로부근,승용,남,35세,상해없음,화물,남,41세,경상
2015082500100555,2015년 8월 25일 19시,화요일,대구광역시 동구 신천동,중상사고,0,1,0,0,차대사람 - 횡단중,안전운전불이행,습기,비,교차로 - 교차로부근,승용,남,42세,상해없음,보행자,남,80세,중상
2015082500100556,2015년 8월 25일 19시,화요일,대구광역시 달서구 성당동,경상사고,0,0,2,0,차대차 - 기타,안전운전불이행,습기,비,교차로 - 교차로부근,승용,남,60세,상해없음,승용,남,33세,경상
2015082500100601,2015년 8월 25일 20시,화요일,대구광역시 동구 신기동,경상사고,0,0,2,0,차대차 - 추돌 - 진행중,안전운전불이행,습기,비,단일로 - 기타,승용,남,50세,상해없음,화물,남,46세,상해없음
2015082500100602,2015년 8월 25일 20시,화요일,대구광역시 동구 신암동,경상사고,0,0,1,0,차량단독 - 기타,안전운전불이행,습기,비,단일로 - 기타,이륜,남,45세,경상,,,,
2015082500100603,2015년 8월 25일 20시,화요일,대구광역시 수성구 범어동,중상사고,0,1,0,0,차대차 - 기타,안전운전불이행,습기,비,단일로 - 기타,승용,여,45세,상해없음,원동기,남,35세,중상
2015082500100604,2015년 8월 25일 20시,화요일,대구광역시 달서구 성당동,경상사고,0,0,1,0,차대사람 - 기타,안전운전불이행,습기,비,단일로 - 기타,승용,남,27세,상해없음,보행자,남,85세,경상
2015082500100605,2015년 8월 25일 20시,화요일,대구광역시 달서구 두류동,경상사고,0,0,1,0,차대차 - 기타,안전운전불이행,습기,비,단일로 - 기타,승용,남,51세,상해없음,승용,남,64세,경상
2015082500100643,2015년 8월 25일 21시,화요일,대구광역시 중구 태평로3가,경상사고,0,0,1,0,차대차 - 추돌 - 주정차중,안전운전불이행,건조,맑음,교차로 - 교차로부근,승용,남,41세,상해없음,승용,여,56세,경상
2015082500100644,2015년 8월 25일 21시,화요일,대구광역시 북구 구암동,중상사고,0,1,0,0,차대차 - 측면직각충돌,직진우회전진행방해,습기,비,교차로 - 교차로안,승용,여,49세,상해없음,이륜,남,19세,중상
2015082500100679,2015년 8월 25일 22시,화요일,대구광역시 수성구 지산동,중상사고,0,1,0,0,차대사람 - 횡단중,안전운전불이행,습기,비,교차로 - 교차로부근,승용,여,60세,상해없음,보행자,남,60세,중상
2015082500100680,2015년 8월 25일 22시,화요일,대구광역시 수성구 범어동,경상사고,0,0,2,0,차대차 - 추돌 - 주정차중,안전운전불이행,건조,맑음,교차로 - 교차로부근,승용,남,40세,상해없음,승용,남,40세,경상
2015082500100681,2015년 8월 25일 22시,화요일,대구광역시 달서구 도원동,사망사고,1,0,0,0,차대사람 - 기타,안전운전불이행,습기,비,교차로 - 교차로부근,승용,남,21세,상해없음,보행자,남,50세,사망
2015082500100682,2015년 8월 25일 22시,화요일,대구광역시 달서구 상인동,중상사고,0,1,0,0,차대사람 - 기타,안전운전불이행,습기,비,단일로 - 기타,승용,남,27세,상해없음,보행자,여,24세,중상
2015082500100683,2015년 8월 25일 22시,화요일,대구광역시 중구 동인동2가,중상사고,0,2,3,0,차대차 - 기타,안전운전불이행,건조,맑음,교차로 - 교차로부근,승용,남,25세,상해없음,승용,남,28세,경상
2015082500100697,2015년 8월 25일 23시,화요일,대구광역시 달서구 상인동,경상사고,0,0,1,0,차대차 - 기타,안전운전불이행,습기,비,단일로 - 기타,승용,남,49세,상해없음,승용,남,62세,경상
2015082500100698,2015년 8월 25일 23시,화요일,대구광역시 서구 상리동,중상사고,0,2,1,0,차량단독 - 기타,안전운전불이행,습기,비,단일로 - 기타,승용,남,55세,상해없음,,,,
2015082500100699,2015년 8월 25일 23시,화요일,대구광역시 서구 상리동,중상사고,0,1,0,0,차량단독 - 기타,안전운전불이행,습기,비,단일로 - 기타,승용,남,66세,상해없음,,,,
2015082500100700,2015년 8월 25일 23시,화요일,대구광역시 달서구 장기동,중상사고,0,1,0,0,차대차 - 기타,안전운전불이행,습기,비,교차로 - 교차로부근,승용,남,40세,상해없음,이륜,남,31세,중상
2015082600100025,2015년 8월 26일 00시,수요일,대구광역시 동구 사복동,경상사고,0,0,3,0,차대차 - 기타,안전운전불이행,습기,흐림,단일로 - 기타,화물,남,24세,상해없음,승용,남,60세,경상
2015082600100140,2015년 8월 26일 08시,수요일,대구광역시 동구 신암동,경상사고,0,0,1,0,차대사람 - 기타,안전운전불이행,건조,맑음,단일로 - 기타,승용,남,68세,상해없음,보행자,여,18세,경상
2015082600100179,2015년 8월 26일 09시,수요일,대구광역시 북구 산격동,경상사고,0,0,1,0,차대차 - 기타,안전운전불이행,건조,맑음,단일로 - 기타,승용,남,52세,상해없음,자전거,남,65세,경상
2015082600100180,2015년 8월 26일 09시,수요일,대구광역시 달서구 감삼동,경상사고,0,0,1,0,차대사람 - 횡단중,안전운전불이행,건조,맑음,단일로 - 횡단보도부근,이륜,남,52세,상해없음,보행자,여,34세,경상
2015082600100181,2015년 8월 26일 09시,수요일,대구광역시 달서구 용산동,중상사고,0,1,0,0,차대차 - 기타,안전운전불이행,건조,흐림,기타 - 기타,승용,여,31세,상해없음,자전거,여,55세,중상
2015082600100215,2015년 8월 26일 10시,수요일,대구광역시 중구 남산동,경상사고,0,0,1,0,차대차 - 기타,안전거리미확보,건조,맑음,단일로 - 기타,이륜,남,18세,상해없음,승용,남,55세,상해없음
2015082600100251,2015년 8월 26일 11시,수요일,대구광역시 남구 봉덕동,부상신고사고,0,0,0,1,차대차 - 기타,안전거리미확보,건조,맑음,단일로 - 기타,승용,여,55세,상해없음,승용,남,40세,부상신고
2015082600100252,2015년 8월 26일 11시,수요일,대구광역시 서구 평리동,경상사고,0,0,1,0,차대차 - 추돌 - 진행중,안전운전불이행,건조,맑음,교차로 - 교차로부근,승용,여,46세,상해없음,승용,여,50세,경상
2015082600100280,2015년 8월 26일 12시,수요일,대구광역시 북구 태전동,경상사고,0,0,1,0,차대차 - 측면직각충돌,교차로운행방법위반,건조,맑음,교차로 - 교차로안,승용,남,38세,상해없음,이륜,남,50세,경상
2015082600100306,2015년 8월 26일 13시,수요일,대구광역시 동구 서호동,경상사고,0,0,1,0,차대차 - 기타,직진우회전진행방해,건조,맑음,교차로 - 교차로안,승용,남,35세,상해없음,자전거,여,62세,경상
2015082600100307,2015년 8월 26일 13시,수요일,대구광역시 동구 동호동,경상사고,0,0,2,0,차대차 - 추돌 - 주정차중,안전운전불이행,건조,맑음,단일로 - 기타,건설기계,남,62세,상해없음,승용,여,48세,경상
2015082600100308,2015년 8월 26일 13시,수요일,대구광역시 수성구 만촌동,경상사고,0,0,1,0,차대차 - 추돌 - 진행중,기타,건조,맑음,단일로 - 기타,승용,남,50세,상해없음,화물,남,47세,경상
2015082600100344,2015년 8월 26일 14시,수요일,대구광역시 남구 대명동,중상사고,0,1,0,0,차대차 - 추돌 - 주정차중,안전운전불이행,건조,맑음,단일로 - 기타,승용,여,43세,상해없음,승용,남,47세,중상
2015082600100345,2015년 8월 26일 14시,수요일,대구광역시 동구 불로동,경상사고,0,0,2,1,차대차 - 기타,안전거리미확보,건조,맑음,단일로 - 기타,원동기,남,21세,부상신고,화물,남,58세,상해없음
2015082600100346,2015년 8월 26일 14시,수요일,대구광역시 북구 태전동,경상사고,0,0,1,0,차대사람 - 보도통행중,기타,건조,맑음,교차로 - 교차로부근,화물,남,63세,상해없음,보행자,남,23세,경상
2015082600100371,2015년 8월 26일 15시,수요일,대구광역시 달서구 상인동,경상사고,0,0,2,0,차대차 - 기타,안전운전불이행,건조,맑음,단일로 - 기타,승용,여,30세,상해없음,승용,여,48세,경상
2015082600100372,2015년 8월 26일 15시,수요일,대구광역시 북구 태전동,경상사고,0,0,1,0,차대차 - 기타,안전운전불이행,건조,맑음,단일로 - 기타,승용,남,46세,상해없음,승용,여,37세,경상
2015082600100418,2015년 8월 26일 16시,수요일,대구광역시 달성군 현풍면,경상사고,0,0,2,0,차대차 - 추돌 - 주정차중,안전운전불이행,건조,맑음,교차로 - 교차로부근,승용,남,30세,상해없음,승용,여,35세,경상
2015082600100419,2015년 8월 26일 16시,수요일,대구광역시 달서구 감삼동,중상사고,0,1,0,0,차대사람 - 차도통행중,안전운전불이행,건조,맑음,단일로 - 기타,승용,여,49세,상해없음,보행자,여,77세,중상
2015082600100462,2015년 8월 26일 17시,수요일,대구광역시 달서구 상인동,경상사고,0,0,1,0,차대사람 - 보도통행중,안전운전불이행,건조,맑음,단일로 - 기타,원동기,남,50세,상해없음,보행자,남,7세,경상
2015082600100463,2015년 8월 26일 17시,수요일,대구광역시 서구 내당동,중상사고,0,1,0,0,차대사람 - 기타,안전운전불이행,건조,맑음,단일로 - 기타,승용,남,54세,상해없음,보행자,여,77세,중상
2015082600100510,2015년 8월 26일 18시,수요일,대구광역시 달서구 송현동,경상사고,0,0,1,0,차대차 - 측면직각충돌,직진우회전진행방해,건조,맑음,교차로 - 교차로안,승용,남,42세,상해없음,승용,여,51세,경상
2015082600100511,2015년 8월 26일 18시,수요일,대구광역시 달성군 논공읍,경상사고,0,0,1,0,차대차 - 측면직각충돌,안전운전불이행,건조,맑음,단일로 - 기타,승용,남,37세,상해없음,승용,남,31세,경상
2015082600100512,2015년 8월 26일 18시,수요일,대구광역시 서구 평리동,경상사고,0,0,1,0,차대차 - 측면직각충돌,안전운전불이행,건조,맑음,단일로 - 기타,승용,남,29세,상해없음,화물,남,72세,경상
2015082600100555,2015년 8월 26일 19시,수요일,대구광역시 남구 이천동,경상사고,0,0,1,0,차대차 - 추돌 - 주정차중,안전운전불이행,건조,맑음,단일로 - 기타,화물,남,52세,기타불명,승용,남,64세,경상
2015082600100587,2015년 8월 26일 20시,수요일,대구광역시 남구 대명동,경상사고,0,0,2,0,차대차 - 기타,안전운전불이행,건조,맑음,교차로 - 교차로안,승용,여,50세,상해없음,이륜,남,26세,경상
2015082600100588,2015년 8월 26일 20시,수요일,대구광역시 달서구 호림동,경상사고,0,0,2,0,차대사람 - 보도통행중,안전운전불이행,건조,맑음,단일로 - 기타,자전거,남,12세,경상,보행자,여,19세,경상
2015082600100625,2015년 8월 26일 21시,수요일,대구광역시 수성구 범어동,경상사고,0,0,1,0,차대차 - 추돌 - 주정차중,안전운전불이행,건조,맑음,단일로 - 기타,승용,남,51세,상해없음,승용,여,35세,경상
2015082600100626,2015년 8월 26일 21시,수요일,대구광역시 달서구 송현동,경상사고,0,0,1,0,차대차 - 추돌 - 주정차중,안전운전불이행,건조,맑음,교차로 - 교차로부근,승용,남,44세,상해없음,승용,남,33세,경상
2015082600100658,2015년 8월 26일 22시,수요일,대구광역시 동구 도동,중상사고,0,1,0,0,차대차 - 추돌 - 진행중,안전운전불이행,건조,맑음,단일로 - 기타,승용,남,25세,상해없음,승용,남,31세,중상
2015082600100661,2015년 8월 26일 22시,수요일,대구광역시 동구 신기동,경상사고,0,0,1,0,차대사람 - 차도통행중,안전운전불이행,건조,맑음,단일로 - 기타,화물,남,55세,상해없음,보행자,남,41세,경상
2015082600100662,2015년 8월 26일 22시,수요일,대구광역시 수성구 황금동,중상사고,0,1,0,0,차대사람 - 횡단중,보행자보호의무위반,건조,맑음,단일로 - 횡단보도상,승용,남,56세,상해없음,보행자,여,20세,중상
2015082600100686,2015년 8월 26일 23시,수요일,대구광역시 동구 각산동,경상사고,0,0,2,0,차대차 - 추돌 - 진행중,안전거리미확보,건조,맑음,단일로 - 기타,승용,여,23세,상해없음,승용,남,28세,경상
2015082700100018,2015년 8월 27일 00시,목요일,대구광역시 동구 각산동,부상신고사고,0,0,0,1,차대차 - 측면직각충돌,신호위반,건조,맑음,교차로 - 교차로안,승용,여,46세,부상신고,화물,남,44세,상해없음
2015082700100019,2015년 8월 27일 00시,목요일,대구광역시 수성구 지산동,경상사고,0,0,1,0,차대사람 - 기타,안전운전불이행,건조,맑음,단일로 - 기타,승용,남,46세,상해없음,보행자,남,57세,경상
2015082700100056,2015년 8월 27일 03시,목요일,대구광역시 수성구 두산동,경상사고,0,0,3,0,차대차 - 기타,안전거리미확보,건조,맑음,단일로 - 기타,화물,남,31세,상해없음,승용,남,38세,경상
2015082700100120,2015년 8월 27일 07시,목요일,대구광역시 달서구 월성동,경상사고,0,0,2,0,차대차 - 기타,신호위반,건조,맑음,교차로 - 교차로안,승용,남,72세,상해없음,승용,여,46세,경상
2015082700100151,2015년 8월 27일 08시,목요일,대구광역시 남구 대명동,중상사고,0,1,1,0,차대차 - 측면직각충돌,신호위반,건조,맑음,교차로 - 교차로안,승용,남,61세,중상,승용,남,62세,경상
2015082700100152,2015년 8월 27일 08시,목요일,대구광역시 서구 비산동,중상사고,0,1,0,0,차대차 - 기타,안전운전불이행,건조,맑음,기타 - 기타,승용,남,64세,기타불명,자전거,남,13세,중상
2015082700100177,2015년 8월 27일 09시,목요일,대구광역시 북구 태전동,중상사고,0,1,0,0,차대차 - 측면직각충돌,안전운전불이행,건조,맑음,기타 - 기타,자전거,여,55세,중상,승용,남,25세,상해없음