사고번호,사고일시,요일,시군구,사고내용,사망자수,중상자수,경상자수,부상신고자수,사고유형,법규위반,노면상태,기상상태,도로형태,가해운전자 차종,가해운전자 성별,가해운전자 연령,가해운전자 상해정도,피해운전자 차종,피해운전자 성별,피해운전자 연령,피해운전자 상해정도
2015090400100558,2015년 9월 4일 19시,금요일,대구광역시 달서구 본리동,경상사고,0,0,1,0,차대차 - 추돌 - 진행중,안전운전불이행,건조,맑음,단일로 - 기타,승용,여,45세,상해없음,자전거,남,45세,경상
2015090400100599,2015년 9월 4일 20시,금요일,대구광역시 수성구 두산동,중상사고,0,1,0,0,차대차 - 측면직각충돌,안전거리미확보,건조,맑음,교차로 - 교차로부근,승용,남,54세,상해없음,승용,여,38세,중상
2015090400100600,2015년 9월 4일 20시,금요일,대구광역시 수성구 두산동,경상사고,0,0,3,1,차대차 - 추돌 - 주정차중,안전운전불이행,건조,맑음,단일로 - 기타,승용,남,36세,부상신고,승용,여,40세,경상
2015090400100601,2015년 9월 4일 20시,금요일,대구광역시 북구 노원동3가,중상사고,0,1,0,0,차대사람 - 기타,신호위반,건조,맑음,교차로 - 교차로안,승용,남,66세,상해없음,보행자,남,63세,중상
2015090400100634,2015년 9월 4일 21시,금요일,대구광역시 수성구 가천동,부상신고사고,0,0,0,1,차량단독 - 공작물충돌,안전운전불이행,건조,맑음,단일로 - 기타,이륜,남,24세,부상신고,,,,
2015090400100635,2015년 9월 4일 21시,금요일,대구광역시 달성군 화원읍,경상사고,0,0,1,0,차대차 - 측면직각충돌,안전운전불이행,건조,맑음,단일로 - 기타,승용,여,35세,상해없음,이륜,남,17세,경상
2015090400100665,2015년 9월 4일 22시,금요일,대구광역시 달서구 도원동,중상사고,0,1,2,0,차대차 - 기타,안전운전불이행,건조,맑음,교차로 - 교차로부근,승용,여,55세,상해없음,승용,여,34세,중상
2015090400100666,2015년 9월 4일 22시,금요일,대구광역시 중구 대봉동,부상신고사고,0,0,0,1,차대차 - 측면직각충돌,신호위반,건조,맑음,교차로 - 교차로안,이륜,남,22세,부상신고,승용,남,37세,상해없음
2015090400100667,2015년 9월 4일 22시,금요일,대구광역시 중구 교동,경상사고,0,0,1,0,차대차 - 기타,안전운전불이행,건조,맑음,교차로 - 교차로부근,기타불명,기타불명,기타불명,기타불명,승용,남,48세,상해없음
2015090400100697,2015년 9월 4일 23시,금요일,대구광역시 남구 대명동,중상사고,0,2,0,0,차대차 - 기타,안전거리미확보,건조,맑음,단일로 - 기타,승용,남,61세,상해없음,승용,남,26세,중상
2015090500100017,2015년 9월 5일 00시,토요일,대구광역시 달서구 상인동,중상사고,0,1,0,0,차대사람 - 횡단중,안전운전불이행,건조,흐림,교차로 - 교차로부근,승용,남,37세,상해없음,보행자,남,53세,중상
2015090500100018,2015년 9월 5일 00시,토요일,대구광역시 북구 관음동,중상사고,0,3,0,0,차대차 - 측면직각충돌,안전거리미확보,건조,맑음,교차로 - 교차로부근,승용,남,43세,상해없음,이륜,남,17세,중상
2015090500100041,2015년 9월 5일 01시,토요일,대구광역시 동구 신천동,경상사고,0,0,1,0,차대차 - 기타,안전운전불이행,건조,맑음,단일로 - 기타,이륜,남,30세,상해없음,원동기,남,28세,경상
2015090500100042,2015년 9월 5일 01시,토요일,대구광역시 수성구 만촌동,중상사고,0,1,0,0,차량단독 - 기타,안전운전불이행,건조,맑음,단일로 - 기타,자전거,남,31세,중상,,,,
2015090500100043,2015년 9월 5일 01시,토요일,대구광역시 북구 침산동,중상사고,0,1,0,0,차대차 - 기타,안전거리미확보,건조,맑음,단일로 - 기타,승용,남,24세,상해없음,원동기,남,40세,중상
2015090500100044,2015년 9월 5일 01시,토요일,대구광역시 달서구 장동,경상사고,0,0,2,0,차대차 - 추돌 - 진행중,안전거리미확보,건조,맑음,단일로 - 기타,승용,남,32세,상해없음,승용,남,42세,경상
2015090500100045,2015년 9월 5일 01시,토요일,대구광역시 달서구 감삼동,경상사고,0,0,1,0,차대차 - 추돌 - 주정차중,안전거리미확보,건조,맑음,단일로 - 기타,승용,남,33세,상해없음,승용,남,56세,경상
2015090500100080,2015년 9월 5일 03시,토요일,대구광역시 동구 용계동,경상사고,0,0,1,0,차량단독 - 기타,기타,건조,맑음,단일로 - 기타,승용,남,54세,상해없음,,,,
2015090500100092,2015년 9월 5일 04시,토요일,대구광역시 서구 평리동,중상사고,0,1,0,0,차대사람 - 횡단중,신호위반,건조,맑음,교차로 - 교차로안,승용,남,47세,상해없음,보행자,남,67세,중상
2015090500100102,2015년 9월 5일 05시,토요일,대구광역시 수성구 범어동,중상사고,0,1,3,0,차대차 - 추돌 - 진행중,안전운전불이행,건조,맑음,교차로 - 교차로부근,승용,남,53세,상해없음,승용,남,48세,중상
2015090500100103,2015년 9월 5일 05시,토요일,대구광역시 서구 내당동,경상사고,0,0,1,1,차대차 - 추돌 - 진행중,안전거리미확보,건조,맑음,교차로 - 교차로부근,승용,남,26세,상해없음,승용,남,34세,경상
2015090500100140,2015년 9월 5일 07시,토요일,대구광역시 달서구 이곡동,경상사고,0,0,1,0,차대차 - 기타,안전운전불이행,건조,맑음,단일로 - 기타,승용,남,38세,상해없음,승용,남,47세,경상
2015090500100226,2015년 9월 5일 10시,토요일,대구광역시 동구 율하동,중상사고,0,1,0,0,차대차 - 기타,안전운전불이행,건조,맑음,단일로 - 횡단보도부근,승용,남,45세,상해없음,자전거,남,64세,중상
2015090500100227,2015년 9월 5일 10시,토요일,대구광역시 북구 태전동,부상신고사고,0,0,0,1,차대차 - 측면직각충돌,안전운전불이행,건조,맑음,교차로 - 교차로안,자전거,남,60세,부상신고,승용,남,54세,상해없음
2015090500100259,2015년 9월 5일 11시,토요일,대구광역시 중구 태평로2가,중상사고,0,1,0,0,차대차 - 측면직각충돌,안전운전불이행,건조,맑음,교차로 - 교차로안,화물,남,55세,상해없음,자전거,남,75세,중상
2015090500100300,2015년 9월 5일 12시,토요일,대구광역시 달서구 송현동,경상사고,0,0,1,0,차대사람 - 기타,안전운전불이행,건조,맑음,단일로 - 기타,승용,남,18세,상해없음,보행자,남,9세,경상
2015090500100301,2015년 9월 5일 12시,토요일,대구광역시 북구 노원동2가,경상사고,0,0,5,0,차대차 - 추돌 - 주정차중,안전운전불이행,건조,맑음,단일로 - 교량,화물,남,62세,상해없음,승용,남,56세,경상
2015090500100302,2015년 9월 5일 12시,토요일,대구광역시 북구 산격동,경상사고,0,0,1,0,차량단독 - 기타,안전운전불이행,건조,맑음,단일로 - 횡단보도부근,승용,남,79세,상해없음,,,,
2015090500100303,2015년 9월 5일 12시,토요일,대구광역시 중구 대신동,경상사고,0,0,1,0,차대사람 - 길가장자리구역통행중,안전운전불이행,건조,맑음,단일로 - 기타,승용,여,43세,상해없음,보행자,여,43세,경상
2015090500100340,2015년 9월 5일 13시,토요일,대구광역시 북구 금호동,경상사고,0,0,1,0,차대차 - 측면직각충돌,안전거리미확보,건조,맑음,단일로 - 기타,건설기계,남,51세,상해없음,승용,여,45세,경상
2015090500100373,2015년 9월 5일 14시,토요일,대구광역시 달서구 월성동,경상사고,0,0,1,0,차대차 - 기타,안전운전불이행,건조,맑음,교차로 - 교차로안,승합,남,66세,상해없음,승용,남,51세,경상
2015090500100374,2015년 9월 5일 14시,토요일,대구광역시 북구 관음동,부상신고사고,0,0,0,1,차대차 - 측면직각충돌,직진우회전진행방해,건조,맑음,교차로 - 교차로안,이륜,남,74세,부상신고,승용,남,49세,상해없음
2015090500100423,2015년 9월 5일 15시,토요일,대구광역시 중구 교동,경상사고,0,0,1,1,차대차 - 측면직각충돌,기타,건조,맑음,단일로 - 기타,승용,남,45세,부상신고,승용,남,47세,경상
2015090500100448,2015년 9월 5일 16시,토요일,대구광역시 동구 중대동,중상사고,0,1,0,0,차대차 - 기타,안전거리미확보,건조,맑음,단일로 - 기타,승용,남,63세,중상,승용,남,50세,상해없음
2015090500100449,2015년 9월 5일 16시,토요일,대구광역시 북구 관음동,경상사고,0,0,5,0,차대차 - 기타,안전운전불이행,습기,비,교차로 - 교차로안,화물,남,55세,경상,승용,남,40세,경상
2015090500100529,2015년 9월 5일 18시,토요일,대구광역시 동구 신천동,경상사고,0,0,1,0,차대사람 - 기타,안전운전불이행,건조,맑음,단일로 - 교량,승합,남,54세,상해없음,보행자,남,43세,경상
2015090500100530,2015년 9월 5일 18시,토요일,대구광역시 수성구 대흥동,중상사고,0,3,2,0,차대차 - 추돌 - 주정차중,안전운전불이행,습기,흐림,미분류 - 미분류,승용,남,64세,상해없음,승용,여,51세,중상
2015090500100531,2015년 9월 5일 18시,토요일,대구광역시 달서구 상인동,경상사고,0,0,2,0,차대차 - 측면직각충돌,안전운전불이행,건조,맑음,단일로 - 기타,승용,남,55세,상해없음,원동기,남,17세,경상
2015090500100576,2015년 9월 5일 19시,토요일,대구광역시 남구 대명동,경상사고,0,0,2,0,차대차 - 측면직각충돌,신호위반,습기,비,교차로 - 교차로안,승용,남,51세,상해없음,이륜,남,19세,경상
2015090500100577,2015년 9월 5일 19시,토요일,대구광역시 동구 신천동,중상사고,0,1,1,0,차대사람 - 차도통행중,안전운전불이행,건조,맑음,단일로 - 기타,승용,남,45세,상해없음,보행자,남,42세,중상
2015090500100578,2015년 9월 5일 19시,토요일,대구광역시 동구 용계동,경상사고,0,0,1,0,차대차 - 추돌 - 주정차중,안전운전불이행,습기,비,단일로 - 기타,승용,여,53세,상해없음,승용,남,36세,경상
2015090500100579,2015년 9월 5일 19시,토요일,대구광역시 달성군 다사읍,경상사고,0,0,1,0,차대차 - 추돌 - 진행중,안전운전불이행,건조,맑음,단일로 - 기타,화물,남,75세,상해없음,승용,남,36세,경상
2015090500100580,2015년 9월 5일 19시,토요일,대구광역시 북구 서변동,경상사고,0,0,1,0,차대차 - 기타,안전운전불이행,습기,비,기타 - 기타,승합,남,47세,기타불명,이륜,남,60세,경상
2015090500100607,2015년 9월 5일 20시,토요일,대구광역시 달성군 다사읍,경상사고,0,0,1,0,차대차 - 추돌 - 진행중,안전운전불이행,건조,맑음,교차로 - 교차로안,승용,남,53세,상해없음,승용,남,51세,경상
2015090500100608,2015년 9월 5일 20시,토요일,대구광역시 달서구 신당동,중상사고,0,1,0,0,차대차 - 측면직각충돌,안전운전불이행,건조,맑음,교차로 - 교차로안,승용,남,61세,상해없음,이륜,남,22세,중상
2015090500100646,2015년 9월 5일 21시,토요일,대구광역시 중구 공평동,부상신고사고,0,0,0,1,차대사람 - 길가장자리구역통행중,기타,건조,맑음,단일로 - 기타,이륜,여,67세,부상신고,보행자,남,48세,상해없음
2015090500100647,2015년 9월 5일 21시,토요일,대구광역시 달서구 두류동,경상사고,0,0,1,0,차대차 - 측면직각충돌,안전운전불이행,건조,맑음,교차로 - 교차로부근,승용,남,20세,상해없음,자전거,남,17세,경상
2015090500100680,2015년 9월 5일 22시,토요일,대구광역시 동구 봉무동,중상사고,0,1,0,0,차대차 - 추돌 - 진행중,안전운전불이행,건조,맑음,단일로 - 기타,승합,여,22세,상해없음,승용,여,41세,중상
2015090500100681,2015년 9월 5일 22시,토요일,대구광역시 중구 삼덕동1가,경상사고,0,0,1,0,차대차 - 측면직각충돌,안전거리미확보,건조,맑음,단일로 - 기타,승용,남,21세,상해없음,승용,남,38세,경상
2015090500100682,2015년 9월 5일 22시,토요일,대구광역시 달서구 용산동,중상사고,0,1,3,0,차대차 - 추돌 - 주정차중,안전운전불이행,건조,맑음,단일로 - 기타,이륜,남,16세,상해없음,승용,남,45세,중상
2015090500100708,2015년 9월 5일 23시,토요일,대구광역시 중구 공평동,중상사고,0,2,2,1,차대차 - 측면직각충돌,안전운전불이행,습기,비,교차로 - 교차로부근,승용,남,32세,부상신고,승용,남,52세,경상
2015090500100709,2015년 9월 5일 23시,토요일,대구광역시 달서구 성당동,사망사고,1,0,0,0,차대사람 - 횡단중,안전운전불이행,습기,비,교차로 - 교차로부근,승용,남,58세,상해없음,보행자,남,46세,사망
2015090600100020,2015년 9월 6일 00시,일요일,대구광역시 수성구 사월동,중상사고,0,1,0,0,차량단독 - 공작물충돌,중앙선침범,건조,맑음,단일로 - 기타,승용,남,24세,상해없음,,,,
2015090600100021,2015년 9월 6일 00시,일요일,대구광역시 달서구 도원동,경상사고,0,0,1,0,차대차 - 측면직각충돌,안전운전불이행,습기,비,교차로 - 교차로부근,승용,남,54세,상해없음,승용,남,62세,경상
2015090600100022,2015년 9월 6일 00시,일요일,대구광역시 달서구 도원동,중상사고,0,1,0,0,차대차 - 추돌 - 진행중,안전운전불이행,건조,맑음,단일로 - 기타,승용,남,63세,상해없음,승용,남,30세,중상
2015090600100042,2015년 9월 6일 01시,일요일,대구광역시 동구 효목동,경상사고,0,0,1,0,차대차 - 측면직각충돌,안전운전불이행,건조,맑음,단일로 - 기타,승용,여,21세,상해없음,승용,남,56세,경상
2015090600100043,2015년 9월 6일 01시,일요일,대구광역시 서구 내당동,중상사고,0,1,0,0,차대사람 - 횡단중,안전운전불이행,습기,비,단일로 - 기타,승용,남,71세,상해없음,보행자,남,51세,중상
2015090600100060,2015년 9월 6일 02시,일요일,대구광역시 수성구 수성동4가,경상사고,0,0,2,0,차대차 - 측면직각충돌,안전운전불이행,건조,맑음,교차로 - 교차로부근,승용,남,43세,상해없음,승용,남,61세,경상
2015090600100061,2015년 9월 6일 02시,일요일,대구광역시 중구 삼덕동1가,경상사고,0,0,1,0,차대사람 - 길가장자리구역통행중,안전운전불이행,습기,비,단일로 - 기타,승용,남,58세,상해없음,보행자,남,33세,경상
2015090600100072,2015년 9월 6일 03시,일요일,대구광역시 동구 검사동,경상사고,0,0,3,0,차량단독 - 기타,안전운전불이행,습기,비,단일로 - 기타,승용,남,46세,상해없음,,,,
2015090600100075,2015년 9월 6일 03시,일요일,대구광역시 북구 침산동,경상사고,0,0,2,0,차대차 - 기타,안전거리미확보,습기,비,단일로 - 기타,승용,남,71세,상해없음,승용,남,58세,경상
2015090600100076,2015년 9월 6일 03시,일요일,대구광역시 중구 삼덕동2가,경상사고,0,0,1,0,차대사람 - 길가장자리구역통행중,안전운전불이행,건조,맑음,단일로 - 기타,승용,남,50세,상해없음,보행자,남,24세,경상
2015090600100113,2015년 9월 6일 06시,일요일,대구광역시 북구 침산동,중상사고,0,1,0,0,차대사람 - 횡단중,보행자보호의무위반,건조,맑음,단일로 - 횡단보도상,승합,남,44세,상해없음,보행자,여,64세,중상
2015090600100138,2015년 9월 6일 08시,일요일,대구광역시 수성구 두산동,중상사고,0,1,0,0,차대차 - 기타,안전운전불이행,건조,맑음,단일로 - 기타,자전거,남,51세,중상,승용,남,50세,상해없음
2015090600100174,2015년 9월 6일 10시,일요일,대구광역시 달서구 감삼동,중상사고,0,2,0,0,차대차 - 측면직각충돌,안전거리미확보,건조,맑음,단일로 - 기타,승용,남,53세,중상,승용,여,53세,중상
2015090600100251,2015년 9월 6일 13시,일요일,대구광역시 달서구 감삼동,경상사고,0,0,1,0,차대차 - 측면직각충돌,교차로운행방법위반,건조,맑음,교차로 - 교차로안,승용,남,24세,상해없음,이륜,남,29세,상해없음
2015090600100283,2015년 9월 6일 14시,일요일,대구광역시 남구 이천동,중상사고,0,1,0,0,차대차 - 측면직각충돌,차로위반,건조,맑음,단일로 - 기타,원동기,남,38세,중상,승용,남,21세,상해없음
2015090600100284,2015년 9월 6일 14시,일요일,대구광역시 동구 율하동,경상사고,0,0,1,0,차대차 - 측면직각충돌,교차로운행방법위반,건조,맑음,교차로 - 교차로안,승용,남,28세,상해없음,이륜,남,29세,경상
2015090600100285,2015년 9월 6일 14시,일요일,대구광역시 달서구 신당동,경상사고,0,0,3,0,차대차 - 추돌 - 진행중,안전운전불이행,건조,맑음,단일로 - 기타,승용,여,20세,상해없음,승용,남,47세,경상
2015090600100326,2015년 9월 6일 15시,일요일,대구광역시 동구 신암동,중상사고,0,2,3,0,차대차 - 추돌 - 진행중,안전운전불이행,건조,맑음,단일로 - 기타,화물,남,52세,상해없음,승용,남,62세,경상
2015090600100356,2015년 9월 6일 16시,일요일,대구광역시 달서구 월성동,중상사고,0,2,0,0,차량단독 - 공작물충돌,안전운전불이행,건조,맑음,교차로 - 교차로안,승용,남,31세,중상,,,,
2015090600100357,2015년 9월 6일 16시,일요일,대구광역시 중구 남산동,경상사고,0,0,2,0,차대차 - 추돌 - 진행중,안전거리미확보,건조,맑음,단일로 - 기타,승용,남,54세,상해없음,승용,남,46세,경상
2015090600100387,2015년 9월 6일 17시,일요일,대구광역시 북구 동천동,중상사고,0,1,0,0,차대사람 - 횡단중,안전운전불이행,건조,맑음,기타 - 기타,자전거,남,10세,상해없음,보행자,여,77세,중상
2015090600100443,2015년 9월 6일 19시,일요일,대구광역시 남구 대명동,경상사고,0,0,4,0,차대차 - 기타,교차로운행방법위반,건조,맑음,교차로 - 교차로안,승용,여,46세,상해없음,승용,남,32세,경상
2015090600100444,2015년 9월 6일 19시,일요일,대구광역시 달서구 두류동,경상사고,0,0,1,0,차대사람 - 기타,안전운전불이행,건조,맑음,단일로 - 횡단보도부근,승용,남,22세,상해없음,보행자,남,57세,경상
2015090600100445,2015년 9월 6일 19시,일요일,대구광역시 북구 태전동,경상사고,0,0,2,0,차대차 - 측면직각충돌,안전운전불이행,건조,맑음,단일로 - 기타,승합,남,57세,상해없음,승용,남,54세,경상
2015090600100476,2015년 9월 6일 20시,일요일,대구광역시 달성군 다사읍,중상사고,0,1,0,0,차대차 - 기타,안전운전불이행,건조,맑음,단일로 - 기타,원동기,여,19세,상해없음,원동기,여,47세,중상
2015090600100477,2015년 9월 6일 20시,일요일,대구광역시 중구 대봉동,경상사고,0,0,1,1,차대차 - 추돌 - 주정차중,안전운전불이행,건조,맑음,단일로 - 기타,승용,여,20세,상해없음,승용,남,32세,부상신고
2015090600100503,2015년 9월 6일 21시,일요일,대구광역시 동구 효목동,경상사고,0,0,2,0,차대차 - 추돌 - 진행중,안전운전불이행,건조,맑음,단일로 - 기타,승용,여,26세,상해없음,승용,남,30세,경상
2015090600100504,2015년 9월 6일 21시,일요일,대구광역시 수성구 수성동3가,중상사고,0,1,1,0,차대차 - 측면직각충돌,안전운전불이행,건조,맑음,교차로 - 교차로부근,승용,남,48세,상해없음,이륜,남,20세,경상
2015090600100505,2015년 9월 6일 21시,일요일,대구광역시 달서구 용산동,경상사고,0,0,2,0,차대차 - 기타,안전운전불이행,건조,맑음,교차로 - 교차로부근,승용,여,50세,상해없음,화물,남,51세,경상
2015090600100529,2015년 9월 6일 22시,일요일,대구광역시 남구 대명동,경상사고,0,0,3,0,차대차 - 기타,안전거리미확보,건조,맑음,교차로 - 교차로안,승용,여,29세,상해없음,승용,남,61세,상해없음
2015090600100530,2015년 9월 6일 22시,일요일,대구광역시 수성구 두산동,중상사고,0,1,1,0,차대차 - 기타,교차로운행방법위반,건조,맑음,교차로 - 교차로안,승용,남,75세,중상,승용,여,21세,경상
2015090600100531,2015년 9월 6일 22시,일요일,대구광역시 달서구 상인동,경상사고,0,0,1,0,차대사람 - 기타,안전운전불이행,건조,맑음,교차로 - 교차로안,승용,여,41세,상해없음,보행자,남,64세,경상
2015090600100532,2015년 9월 6일 22시,일요일,대구광역시 북구 복현동,중상사고,0,1,0,0,차대차 - 측면직각충돌,교차로운행방법위반,건조,맑음,교차로 - 교차로안,승용,남,65세,상해없음,자전거,남,18세,중상
2015090600100548,2015년 9월 6일 23시,일요일,대구광역시 달서구 월성동,경상사고,0,0,1,0,차대차 - 기타,신호위반,건조,맑음,교차로 - 교차로안,원동기,남,45세,경상,승용,남,23세,상해없음
2015090700100014,2015년 9월 7일 00시,월요일,대구광역시 동구 신천동,경상사고,0,0,1,0,차대차 - 기타,안전거리미확보,건조,맑음,교차로 - 교차로부근,승용,남,26세,상해없음,승용,남,63세,경상
2015090700100015,2015년 9월 7일 00시,월요일,대구광역시 중구 삼덕동1가,경상사고,0,0,1,0,차대사람 - 길가장자리구역통행중,안전운전불이행,건조,맑음,단일로 - 기타,승용,남,17세,상해없음,보행자,남,26세,경상
2015090700100034,2015년 9월 7일 03시,월요일,대구광역시 달서구 감삼동,경상사고,0,0,2,0,차대사람 - 차도통행중,안전운전불이행,건조,흐림,단일로 - 횡단보도상,승용,남,61세,상해없음,보행자,남,43세,경상
2015090700100066,2015년 9월 7일 06시,월요일,대구광역시 서구 비산동,중상사고,0,3,1,0,차대차 - 추돌 - 주정차중,안전운전불이행,건조,맑음,단일로 - 기타,화물,남,29세,상해없음,화물,남,54세,중상
2015090700100098,2015년 9월 7일 07시,월요일,대구광역시 달성군 논공읍,경상사고,0,0,1,0,차대차 - 측면직각충돌,안전운전불이행,건조,맑음,교차로 - 교차로안,이륜,남,52세,상해없음,화물,남,54세,경상
2015090700100154,2015년 9월 7일 08시,월요일,대구광역시 수성구 범물동,중상사고,0,1,0,0,차대사람 - 횡단중,안전운전불이행,건조,맑음,단일로 - 기타,승용,남,67세,상해없음,보행자,여,23세,중상
2015090700100155,2015년 9월 7일 08시,월요일,대구광역시 달서구 상인동,중상사고,0,1,0,0,차대차 - 측면직각충돌,불법유턴,건조,맑음,단일로 - 기타,원동기,남,43세,중상,화물,남,49세,상해없음
2015090700100197,2015년 9월 7일 09시,월요일,대구광역시 달서구 대천동,경상사고,0,0,3,0,차대차 - 기타,교차로운행방법위반,건조,맑음,교차로 - 교차로안,화물,남,41세,경상,승합,남,29세,경상
2015090700100232,2015년 9월 7일 10시,월요일,대구광역시 서구 이현동,경상사고,0,0,2,0,차대차 - 추돌 - 진행중,안전거리미확보,건조,맑음,단일로 - 기타,승용,여,43세,상해없음,승용,남,59세,경상
2015090700100233,2015년 9월 7일 10시,월요일,대구광역시 달서구 이곡동,경상사고,0,0,1,0,차대차 - 추돌 - 진행중,안전운전불이행,건조,맑음,단일로 - 기타,특수,남,56세,기타불명,승용,남,43세,경상
2015090700100264,2015년 9월 7일 11시,월요일,대구광역시 수성구 범어동,경상사고,0,0,1,0,차대차 - 측면직각충돌,차로위반,건조,맑음,교차로 - 교차로부근,승용,남,52세,상해없음,원동기,남,35세,경상
2015090700100265,2015년 9월 7일 11시,월요일,대구광역시 수성구 범어동,중상사고,0,1,0,0,차대차 - 추돌 - 진행중,안전거리미확보,건조,맑음,교차로 - 교차로부근,화물,여,57세,상해없음,승용,여,26세,중상
2015090700100266,2015년 9월 7일 11시,월요일,대구광역시 달성군 구지면,중상사고,0,1,0,0,차대차 - 측면직각충돌,중앙선침범,건조,맑음,단일로 - 기타,자전거,남,40세,상해없음,자전거,남,62세,중상
2015090700100301,2015년 9월 7일 12시,월요일,대구광역시 남구 봉덕동,중상사고,0,1,0,0,차대차 - 정면충돌,중앙선침범,건조,맑음,단일로 - 교량,승용,여,55세,상해없음,승용,여,42세,중상
2015090700100302,2015년 9월 7일 12시,월요일,대구광역시 달서구 대곡동,경상사고,0,0,1,0,차대차 - 측면직각충돌,차로위반,건조,맑음,단일로 - 기타,승용,여,22세,상해없음,승용,여,58세,경상
2015090700100337,2015년 9월 7일 13시,월요일,대구광역시 수성구 범어동,중상사고,0,1,0,0,차대차 - 추돌 - 진행중,안전거리미확보,건조,맑음,단일로 - 기타,화물,남,41세,상해없음,승용,여,51세,중상
2015090700100338,2015년 9월 7일 13시,월요일,대구광역시 중구 동인동3가,경상사고,0,0,1,0,차대차 - 추돌 - 진행중,중앙선침범,건조,맑음,단일로 - 기타,승합,남,58세,상해없음,승용,남,42세,경상
2015090700100372,2015년 9월 7일 14시,월요일,대구광역시 남구 대명동,경상사고,0,0,1,0,차대사람 - 기타,안전운전불이행,건조,맑음,단일로 - 기타,자전거,남,19세,상해없음,보행자,여,51세,경상
2015090700100373,2015년 9월 7일 14시,월요일,대구광역시 동구 신암동,중상사고,0,1,2,0,차대차 - 기타,안전운전불이행,건조,맑음,단일로 - 기타,승합,남,33세,상해없음,승용,여,43세,중상
2015090700100374,2015년 9월 7일 14시,월요일,대구광역시 수성구 신매동,경상사고,0,0,1,0,차대차 - 측면직각충돌,안전운전불이행,건조,맑음,교차로 - 교차로부근,승합,남,26세,상해없음,자전거,여,52세,경상
2015090700100375,2015년 9월 7일 14시,월요일,대구광역시 달서구 성당동,경상사고,0,0,1,0,차대차 - 측면직각충돌,기타,건조,맑음,기타 - 기타,승용,여,54세,상해없음,자전거,남,14세,경상
2015090700100422,2015년 9월 7일 15시,월요일,대구광역시 동구 신기동,중상사고,0,1,0,0,차대차 - 기타,안전운전불이행,건조,맑음,교차로 - 교차로안,승용,남,59세,상해없음,원동기,남,74세,중상
2015090700100423,2015년 9월 7일 15시,월요일,대구광역시 동구 신암동,중상사고,0,1,0,0,차대사람 - 보도통행중,보행자보호의무위반,건조,맑음,단일로 - 횡단보도상,화물,남,48세,상해없음,보행자,여,31세,중상
2015090700100424,2015년 9월 7일 15시,월요일,대구광역시 달서구 도원동,경상사고,0,0,1,0,차대사람 - 보도통행중,보행자보호의무위반,건조,맑음,단일로 - 기타,자전거,남,62세,상해없음,보행자,여,25세,경상
2015090700100467,2015년 9월 7일 16시,월요일,대구광역시 달서구 상인동,사망사고,1,0,0,0,차대사람 - 횡단중,안전운전불이행,건조,맑음,교차로 - 교차로안,화물,남,60세,상해없음,보행자,여,80세,사망
2015090700100468,2015년 9월 7일 16시,월요일,대구광역시 달성군 하빈면,경상사고,0,0,1,0,차대차 - 추돌 - 진행중,안전거리미확보,건조,맑음,교차로 - 교차로부근,이륜,남,22세,경상,승용,남,79세,상해없음
2015090700100469,2015년 9월 7일 16시,월요일,대구광역시 달서구 죽전동,부상신고사고,0,0,0,1,차대사람 - 기타,안전운전불이행,건조,맑음,단일로 - 기타,자전거,기타불명,기타불명,기타불명,보행자,남,14세,부상신고
2015090700100470,2015년 9월 7일 16시,월요일,대구광역시 북구 금호동,경상사고,0,0,1,0,차대차 - 측면직각충돌,안전운전불이행,건조,맑음,단일로 - 기타,건설기계,남,37세,상해없음,승용,남,48세,경상
2015090700100521,2015년 9월 7일 17시,월요일,대구광역시 남구 대명동,경상사고,0,0,1,0,차대사람 - 기타,안전운전불이행,건조,맑음,단일로 - 기타,이륜,남,24세,상해없음,보행자,여,64세,경상
2015090700100522,2015년 9월 7일 17시,월요일,대구광역시 수성구 매호동,중상사고,0,1,0,0,차대사람 - 횡단중,중앙선침범,건조,맑음,교차로 - 교차로부근,자전거,남,16세,상해없음,보행자,여,80세,중상
2015090700100523,2015년 9월 7일 17시,월요일,대구광역시 수성구 만촌동,경상사고,0,0,1,0,차대차 - 추돌 - 주정차중,안전운전불이행,건조,맑음,단일로 - 기타,승용,남,40세,상해없음,승용,여,47세,경상
2015090700100524,2015년 9월 7일 17시,월요일,대구광역시 수성구 두산동,경상사고,0,0,1,0,차대차 - 측면직각충돌,안전운전불이행,건조,맑음,단일로 - 기타,승용,남,54세,상해없음,원동기,여,36세,경상
2015090700100525,2015년 9월 7일 17시,월요일,대구광역시 중구 남산동,중상사고,0,1,0,0,차대차 - 기타,안전운전불이행,건조,맑음,단일로 - 기타,승용,남,48세,기타불명,원동기,남,49세,중상
2015090700100567,2015년 9월 7일 18시,월요일,대구광역시 서구 이현동,중상사고,0,1,0,0,차대차 - 측면직각충돌,안전운전불이행,건조,맑음,교차로 - 교차로안,승합,남,54세,상해없음,승용,여,48세,중상
2015090700100568,2015년 9월 7일 18시,월요일,대구광역시 달서구 감삼동,경상사고,0,0,1,0,차대차 - 측면직각충돌,안전거리미확보,건조,맑음,단일로 - 기타,화물,여,50세,상해없음,화물,남,26세,경상
2015090700100613,2015년 9월 7일 19시,월요일,대구광역시 남구 봉덕동,경상사고,0,0,1,0,차대차 - 추돌 - 주정차중,안전운전불이행,건조,맑음,단일로 - 기타,승용,남,48세,상해없음,승용,여,57세,경상
2015090700100614,2015년 9월 7일 19시,월요일,대구광역시 동구 용계동,중상사고,0,1,0,0,차대차 - 기타,안전운전불이행,건조,맑음,단일로 - 기타,자전거,남,58세,중상,승용,남,32세,상해없음
2015090700100615,2015년 9월 7일 19시,월요일,대구광역시 달서구 월성동,경상사고,0,0,1,0,차대차 - 기타,안전운전불이행,건조,맑음,단일로 - 기타,승용,여,60세,상해없음,자전거,남,37세,경상