사고번호,사고일시,요일,시군구,사고내용,사망자수,중상자수,경상자수,부상신고자수,사고유형,법규위반,노면상태,기상상태,도로형태,가해운전자 차종,가해운전자 성별,가해운전자 연령,가해운전자 상해정도,피해운전자 차종,피해운전자 성별,피해운전자 연령,피해운전자 상해정도
2015090700100616,2015년 9월 7일 19시,월요일,대구광역시 달서구 본동,경상사고,0,0,1,0,차대차 - 추돌 - 주정차중,안전운전불이행,건조,맑음,단일로 - 기타,승용,남,56세,상해없음,승용,여,44세,경상
2015090700100617,2015년 9월 7일 19시,월요일,대구광역시 북구 칠성동2가,중상사고,0,1,0,0,차대차 - 측면직각충돌,신호위반,건조,맑음,교차로 - 교차로안,승용,남,61세,상해없음,원동기,남,30세,중상
2015090700100652,2015년 9월 7일 20시,월요일,대구광역시 달서구 신당동,경상사고,0,0,1,0,차대사람 - 기타,보행자보호의무위반,건조,맑음,단일로 - 기타,승용,남,58세,상해없음,보행자,여,35세,경상
2015090700100653,2015년 9월 7일 20시,월요일,대구광역시 북구 학정동,경상사고,0,0,1,0,차대사람 - 횡단중,보행자보호의무위반,건조,맑음,교차로 - 교차로부근,승용,남,51세,상해없음,보행자,여,50세,경상
2015090700100654,2015년 9월 7일 20시,월요일,대구광역시 북구 읍내동,경상사고,0,0,1,0,차대차 - 기타,불법유턴,건조,맑음,단일로 - 횡단보도부근,화물,남,60세,상해없음,자전거,기타불명,기타불명,기타불명
2015090700100705,2015년 9월 7일 22시,월요일,대구광역시 동구 용계동,중상사고,0,1,1,0,차대차 - 기타,신호위반,건조,맑음,교차로 - 교차로안,승용,남,39세,상해없음,승용,남,55세,경상
2015090700100723,2015년 9월 7일 23시,월요일,대구광역시 수성구 지산동,중상사고,0,1,0,0,차대차 - 측면직각충돌,교차로운행방법위반,건조,맑음,교차로 - 교차로안,승용,기타불명,기타불명,기타불명,승용,남,29세,중상
2015090800100016,2015년 9월 8일 00시,화요일,대구광역시 남구 봉덕동,경상사고,0,0,2,0,차대차 - 추돌 - 주정차중,안전거리미확보,건조,맑음,단일로 - 기타,이륜,남,23세,경상,승용,남,55세,경상
2015090800100017,2015년 9월 8일 00시,화요일,대구광역시 수성구 수성동2가,중상사고,0,1,0,0,차대사람 - 차도통행중,중앙선침범,건조,맑음,단일로 - 기타,승용,남,43세,상해없음,보행자,남,62세,중상
2015090800100018,2015년 9월 8일 00시,화요일,대구광역시 중구 수창동,중상사고,0,2,0,0,차대차 - 측면직각충돌,안전운전불이행,건조,맑음,교차로 - 교차로부근,승용,남,28세,중상,승용,남,43세,중상
2015090800100043,2015년 9월 8일 02시,화요일,대구광역시 서구 내당동,중상사고,0,2,3,1,차대차 - 기타,안전운전불이행,건조,맑음,교차로 - 교차로안,승용,남,53세,부상신고,승용,남,21세,경상
2015090800100117,2015년 9월 8일 07시,화요일,대구광역시 서구 비산동,부상신고사고,0,0,0,1,차대차 - 기타,안전운전불이행,건조,맑음,교차로 - 교차로안,원동기,남,55세,부상신고,승용,남,51세,상해없음
2015090800100118,2015년 9월 8일 07시,화요일,대구광역시 달서구 성당동,경상사고,0,0,1,0,차대차 - 추돌 - 진행중,안전운전불이행,건조,맑음,단일로 - 기타,화물,남,46세,상해없음,승용,남,32세,경상
2015090800100166,2015년 9월 8일 08시,화요일,대구광역시 수성구 파동,중상사고,0,2,1,0,차대차 - 측면직각충돌,안전운전불이행,건조,맑음,교차로 - 교차로안,승용,여,39세,경상,승용,여,40세,중상
2015090800100167,2015년 9월 8일 08시,화요일,대구광역시 달서구 이곡동,경상사고,0,0,1,0,차대차 - 추돌 - 진행중,안전운전불이행,건조,맑음,단일로 - 기타,승용,남,25세,상해없음,승용,남,35세,경상
2015090800100168,2015년 9월 8일 08시,화요일,대구광역시 북구 구암동,중상사고,0,1,1,0,차대차 - 추돌 - 진행중,안전운전불이행,건조,맑음,단일로 - 교량,승용,남,34세,상해없음,승용,여,50세,중상
2015090800100224,2015년 9월 8일 09시,화요일,대구광역시 달성군 다사읍,경상사고,0,0,1,0,차대차 - 추돌 - 진행중,신호위반,건조,맑음,교차로 - 교차로안,승합,남,79세,상해없음,승용,여,54세,경상
2015090800100324,2015년 9월 8일 12시,화요일,대구광역시 북구 노원동3가,부상신고사고,0,0,0,1,차대차 - 기타,안전거리미확보,건조,맑음,단일로 - 기타,이륜,남,66세,부상신고,승용,여,46세,상해없음
2015090800100347,2015년 9월 8일 13시,화요일,대구광역시 중구 대안동,중상사고,0,1,0,0,차대사람 - 차도통행중,안전운전불이행,건조,맑음,단일로 - 기타,승용,남,57세,상해없음,보행자,남,62세,중상
2015090800100389,2015년 9월 8일 14시,화요일,대구광역시 동구 신암동,중상사고,0,1,0,0,차대차 - 기타,중앙선침범,건조,맑음,단일로 - 기타,이륜,남,56세,중상,승용,남,61세,상해없음
2015090800100390,2015년 9월 8일 14시,화요일,대구광역시 달서구 이곡동,경상사고,0,0,1,0,차대사람 - 보도통행중,기타,건조,맑음,기타 - 기타,승용,여,44세,기타불명,보행자,여,26세,경상
2015090800100431,2015년 9월 8일 15시,화요일,대구광역시 북구 금호동,경상사고,0,0,1,0,차대차 - 기타,안전운전불이행,건조,맑음,단일로 - 기타,화물,남,53세,상해없음,화물,남,49세,경상
2015090800100435,2015년 9월 8일 15시,화요일,대구광역시 달서구 송현동,경상사고,0,0,2,1,차대차 - 기타,직진우회전진행방해,건조,맑음,교차로 - 교차로안,승용,남,45세,부상신고,승용,남,41세,경상
2015090800100436,2015년 9월 8일 15시,화요일,대구광역시 달서구 성당동,경상사고,0,0,1,0,차대차 - 측면직각충돌,안전운전불이행,건조,맑음,단일로 - 횡단보도상,승용,남,69세,상해없음,자전거,남,70세,경상
2015090800100483,2015년 9월 8일 16시,화요일,대구광역시 북구 태전동,경상사고,0,0,2,0,차대사람 - 기타,기타,건조,맑음,단일로 - 기타,승합,남,62세,상해없음,보행자,여,34세,경상
2015090800100533,2015년 9월 8일 17시,화요일,대구광역시 남구 봉덕동,경상사고,0,0,1,0,차대차 - 측면직각충돌,신호위반,건조,맑음,교차로 - 교차로안,원동기,남,60세,경상,승용,남,26세,상해없음
2015090800100534,2015년 9월 8일 17시,화요일,대구광역시 동구 신천동,경상사고,0,0,1,1,차량단독 - 기타,안전거리미확보,건조,맑음,단일로 - 기타,승용,남,62세,상해없음,,,,
2015090800100535,2015년 9월 8일 17시,화요일,대구광역시 달서구 감삼동,경상사고,0,0,1,0,차대차 - 추돌 - 주정차중,안전운전불이행,건조,맑음,단일로 - 기타,승용,남,72세,상해없음,승용,남,37세,경상
2015090800100586,2015년 9월 8일 18시,화요일,대구광역시 수성구 황금동,경상사고,0,0,1,0,차대차 - 측면직각충돌,기타,건조,맑음,단일로 - 기타,승용,남,64세,상해없음,자전거,남,13세,경상
2015090800100587,2015년 9월 8일 18시,화요일,대구광역시 서구 중리동,경상사고,0,0,1,0,차대차 - 기타,안전운전불이행,건조,맑음,교차로 - 교차로부근,승용,남,55세,상해없음,승용,여,42세,경상
2015090800100588,2015년 9월 8일 18시,화요일,대구광역시 달서구 호산동,경상사고,0,0,3,0,차대차 - 측면직각충돌,안전운전불이행,건조,맑음,교차로 - 교차로안,승용,남,46세,상해없음,승용,남,30세,경상
2015090800100628,2015년 9월 8일 19시,화요일,대구광역시 북구 금호동,중상사고,0,2,0,0,차대차 - 추돌 - 진행중,안전거리미확보,건조,흐림,단일로 - 기타,화물,남,41세,상해없음,화물,남,35세,중상
2015090800100632,2015년 9월 8일 19시,화요일,대구광역시 달서구 상인동,경상사고,0,0,4,0,차대차 - 기타,안전거리미확보,건조,맑음,교차로 - 교차로부근,승용,남,60세,상해없음,승용,여,49세,경상
2015090800100633,2015년 9월 8일 19시,화요일,대구광역시 북구 칠성동2가,중상사고,0,1,0,0,차대사람 - 횡단중,보행자보호의무위반,건조,맑음,단일로 - 횡단보도상,승용,남,60세,상해없음,보행자,여,12세,중상
2015090800100634,2015년 9월 8일 19시,화요일,대구광역시 서구 평리동,부상신고사고,0,0,0,1,차대차 - 추돌 - 주정차중,안전운전불이행,건조,맑음,단일로 - 기타,자전거,남,14세,부상신고,승용,여,53세,기타불명
2015090800100635,2015년 9월 8일 19시,화요일,대구광역시 북구 동천동,중상사고,0,1,0,0,차대사람 - 기타,안전운전불이행,건조,맑음,단일로 - 기타,자전거,남,29세,중상,보행자,남,71세,상해없음
2015090800100675,2015년 9월 8일 20시,화요일,대구광역시 달서구 신당동,경상사고,0,0,2,0,차대차 - 추돌 - 진행중,안전거리미확보,건조,맑음,단일로 - 기타,승용,남,43세,상해없음,승용,남,25세,경상
2015090800100676,2015년 9월 8일 20시,화요일,대구광역시 달서구 감삼동,경상사고,0,0,1,0,차대차 - 측면직각충돌,안전거리미확보,건조,맑음,교차로 - 교차로부근,승용,남,42세,상해없음,승용,여,60세,경상
2015090800100677,2015년 9월 8일 20시,화요일,대구광역시 북구 태전동,경상사고,0,0,1,0,차대사람 - 길가장자리구역통행중,안전운전불이행,건조,맑음,단일로 - 기타,승용,여,37세,상해없음,보행자,남,40세,경상
2015090900100045,2015년 9월 9일 03시,수요일,대구광역시 수성구 지산동,중상사고,0,1,0,0,차량단독 - 공작물충돌,안전운전불이행,건조,맑음,단일로 - 기타,승용,여,27세,상해없음,,,,
2015090900100055,2015년 9월 9일 04시,수요일,대구광역시 북구 산격동,중상사고,0,2,0,0,차대차 - 기타,안전운전불이행,건조,맑음,단일로 - 기타,승용,여,53세,중상,승용,남,33세,기타불명
2015090900100078,2015년 9월 9일 06시,수요일,대구광역시 북구 구암동,중상사고,0,1,0,0,차대차 - 기타,안전운전불이행,건조,맑음,교차로 - 교차로안,승용,남,22세,상해없음,승용,여,57세,중상
2015090900100124,2015년 9월 9일 07시,수요일,대구광역시 남구 대명동,경상사고,0,0,1,0,차대사람 - 기타,신호위반,건조,맑음,단일로 - 기타,자전거,남,22세,상해없음,보행자,여,66세,경상
2015090900100177,2015년 9월 9일 08시,수요일,대구광역시 달서구 이곡동,경상사고,0,0,1,0,차대차 - 기타,신호위반,건조,맑음,교차로 - 교차로부근,이륜,남,19세,상해없음,자전거,남,12세,경상
2015090900100216,2015년 9월 9일 09시,수요일,대구광역시 남구 대명동,중상사고,0,1,0,0,차대차 - 기타,안전운전불이행,건조,맑음,교차로 - 교차로부근,승용,남,51세,상해없음,자전거,여,22세,중상
2015090900100217,2015년 9월 9일 09시,수요일,대구광역시 동구 신천동,중상사고,0,1,0,0,차대사람 - 횡단중,안전운전불이행,건조,맑음,단일로 - 기타,승용,여,39세,상해없음,보행자,여,86세,중상
2015090900100272,2015년 9월 9일 11시,수요일,대구광역시 달서구 월성동,중상사고,0,1,0,0,차대차 - 추돌 - 주정차중,안전거리미확보,건조,맑음,단일로 - 기타,승용,남,53세,상해없음,원동기,남,43세,중상
2015090900100308,2015년 9월 9일 12시,수요일,대구광역시 북구 읍내동,부상신고사고,0,0,0,1,차대차 - 측면직각충돌,안전운전불이행,건조,맑음,교차로 - 교차로안,승용,남,75세,부상신고,승용,남,67세,상해없음
2015090900100377,2015년 9월 9일 14시,수요일,대구광역시 동구 서호동,경상사고,0,0,1,0,차대차 - 측면직각충돌,직진우회전진행방해,건조,맑음,교차로 - 교차로안,승용,여,44세,상해없음,승용,남,54세,상해없음
2015090900100378,2015년 9월 9일 14시,수요일,대구광역시 수성구 수성동2가,경상사고,0,0,1,0,차대차 - 측면직각충돌,교차로운행방법위반,건조,맑음,교차로 - 교차로부근,승용,여,44세,상해없음,승용,남,36세,경상
2015090900100420,2015년 9월 9일 15시,수요일,대구광역시 동구 신암동,경상사고,0,0,1,0,차대사람 - 횡단중,보행자보호의무위반,건조,맑음,단일로 - 횡단보도상,승용,여,61세,상해없음,보행자,남,9세,경상
2015090900100421,2015년 9월 9일 15시,수요일,대구광역시 동구 방촌동,경상사고,0,0,1,0,차대차 - 기타,교차로운행방법위반,건조,맑음,교차로 - 교차로안,승용,여,59세,상해없음,자전거,남,15세,경상
2015090900100422,2015년 9월 9일 15시,수요일,대구광역시 수성구 만촌동,경상사고,0,0,1,0,차대사람 - 보도통행중,안전운전불이행,건조,맑음,단일로 - 기타,승용,여,44세,상해없음,보행자,남,9세,경상
2015090900100476,2015년 9월 9일 16시,수요일,대구광역시 동구 검사동,중상사고,0,1,0,0,차대사람 - 기타,보행자보호의무위반,건조,맑음,단일로 - 횡단보도상,화물,남,50세,상해없음,보행자,여,51세,중상
2015090900100477,2015년 9월 9일 16시,수요일,대구광역시 달서구 상인동,경상사고,0,0,1,0,차대차 - 기타,안전운전불이행,건조,맑음,단일로 - 기타,승합,여,39세,상해없음,자전거,남,16세,경상
2015090900100478,2015년 9월 9일 16시,수요일,대구광역시 달서구 유천동,경상사고,0,0,1,0,차대차 - 기타,안전거리미확보,건조,맑음,교차로 - 교차로부근,화물,남,56세,상해없음,승합,남,59세,경상
2015090900100550,2015년 9월 9일 17시,수요일,대구광역시 수성구 범어동,경상사고,0,0,1,0,차대사람 - 보도통행중,기타,건조,맑음,기타 - 기타,승용,남,54세,상해없음,보행자,여,36세,경상
2015090900100551,2015년 9월 9일 17시,수요일,대구광역시 수성구 만촌동,경상사고,0,0,2,0,차대차 - 추돌 - 진행중,안전운전불이행,건조,맑음,단일로 - 기타,승용,여,29세,상해없음,승용,남,36세,경상
2015090900100552,2015년 9월 9일 17시,수요일,대구광역시 달서구 월성동,경상사고,0,0,1,0,차량단독 - 기타,안전운전불이행,건조,맑음,단일로 - 기타,승합,남,56세,상해없음,,,,
2015090900100612,2015년 9월 9일 18시,수요일,대구광역시 동구 괴전동,경상사고,0,0,1,0,차대차 - 기타,신호위반,건조,맑음,교차로 - 교차로안,승용,남,61세,상해없음,화물,남,27세,경상
2015090900100613,2015년 9월 9일 18시,수요일,대구광역시 수성구 신매동,중상사고,0,1,0,0,차대차 - 측면직각충돌,안전운전불이행,건조,맑음,교차로 - 교차로부근,승용,여,49세,상해없음,자전거,남,14세,중상
2015090900100614,2015년 9월 9일 18시,수요일,대구광역시 수성구 수성동1가,경상사고,0,0,1,0,차대차 - 측면직각충돌,안전거리미확보,건조,맑음,단일로 - 기타,원동기,남,19세,상해없음,원동기,남,21세,경상
2015090900100615,2015년 9월 9일 18시,수요일,대구광역시 달서구 대곡동,경상사고,0,0,1,0,차대사람 - 차도통행중,안전운전불이행,건조,맑음,단일로 - 기타,화물,남,55세,상해없음,보행자,여,14세,경상
2015090900100616,2015년 9월 9일 18시,수요일,대구광역시 중구 동인동4가,중상사고,0,1,0,0,차대사람 - 길가장자리구역통행중,안전운전불이행,건조,맑음,기타 - 기타,승용,여,43세,상해없음,보행자,여,53세,중상
2015090900100617,2015년 9월 9일 18시,수요일,대구광역시 북구 태전동,중상사고,0,1,0,0,차대차 - 기타,신호위반,건조,맑음,교차로 - 교차로안,승용,여,50세,상해없음,이륜,남,39세,중상
2015090900100664,2015년 9월 9일 19시,수요일,대구광역시 동구 율하동,중상사고,0,1,1,0,차대차 - 기타,차로위반,건조,맑음,단일로 - 기타,화물,남,61세,상해없음,승용,여,33세,중상
2015090900100667,2015년 9월 9일 19시,수요일,대구광역시 달서구 상인동,경상사고,0,0,2,0,차대차 - 측면직각충돌,신호위반,건조,맑음,교차로 - 교차로안,승용,남,51세,상해없음,원동기,남,18세,경상
2015090900100668,2015년 9월 9일 19시,수요일,대구광역시 북구 산격동,부상신고사고,0,0,0,1,차대차 - 기타,안전거리미확보,건조,맑음,단일로 - 횡단보도상,이륜,남,23세,부상신고,화물,남,38세,상해없음
2015090900100669,2015년 9월 9일 19시,수요일,대구광역시 서구 내당동,경상사고,0,0,1,0,차대차 - 기타,안전운전불이행,건조,맑음,단일로 - 기타,승용,여,51세,상해없음,이륜,남,20세,경상
2015090900100702,2015년 9월 9일 20시,수요일,대구광역시 남구 대명동,경상사고,0,0,1,0,차대사람 - 횡단중,안전운전불이행,건조,맑음,단일로 - 횡단보도부근,이륜,남,45세,상해없음,보행자,남,14세,경상
2015090900100703,2015년 9월 9일 20시,수요일,대구광역시 서구 중리동,중상사고,0,1,0,0,차량단독 - 기타,안전운전불이행,건조,맑음,단일로 - 기타,승합,남,54세,상해없음,,,,
2015090900100704,2015년 9월 9일 20시,수요일,대구광역시 서구 내당동,경상사고,0,0,2,0,차대차 - 측면직각충돌,안전거리미확보,건조,맑음,단일로 - 기타,승용,남,31세,경상,승용,남,54세,경상
2015090900100705,2015년 9월 9일 20시,수요일,대구광역시 달서구 용산동,경상사고,0,0,1,0,차대차 - 측면직각충돌,안전거리미확보,건조,맑음,단일로 - 기타,승용,남,55세,상해없음,이륜,남,20세,상해없음
2015090900100732,2015년 9월 9일 21시,수요일,대구광역시 서구 비산동,중상사고,0,1,0,0,차대차 - 측면직각충돌,안전운전불이행,건조,맑음,교차로 - 교차로안,원동기,남,23세,중상,승용,남,29세,상해없음
2015090900100763,2015년 9월 9일 22시,수요일,대구광역시 북구 침산동,경상사고,0,0,2,0,차대차 - 추돌 - 주정차중,안전운전불이행,건조,맑음,단일로 - 기타,승용,남,22세,상해없음,승용,남,20세,경상
2015090900100764,2015년 9월 9일 22시,수요일,대구광역시 북구 복현동,경상사고,0,0,2,0,차대차 - 추돌 - 주정차중,안전운전불이행,건조,맑음,단일로 - 기타,승용,남,35세,상해없음,승용,남,59세,경상
2015090900100765,2015년 9월 9일 22시,수요일,대구광역시 북구 노원동3가,중상사고,0,1,2,0,차대차 - 추돌 - 주정차중,안전운전불이행,건조,맑음,단일로 - 기타,승용,남,70세,상해없음,승용,남,38세,경상
2015090900100766,2015년 9월 9일 22시,수요일,대구광역시 달서구 본리동,경상사고,0,0,1,0,차대사람 - 차도통행중,안전운전불이행,건조,맑음,단일로 - 기타,승용,남,59세,상해없음,보행자,남,18세,경상
2015090900100767,2015년 9월 9일 22시,수요일,대구광역시 북구 읍내동,중상사고,0,1,0,0,차대차 - 측면직각충돌,신호위반,건조,맑음,교차로 - 교차로안,승용,남,31세,기타불명,이륜,남,17세,중상
2015090900100791,2015년 9월 9일 23시,수요일,대구광역시 수성구 황금동,중상사고,0,2,1,0,차대차 - 측면직각충돌,불법유턴,건조,맑음,교차로 - 교차로부근,화물,남,56세,상해없음,이륜,남,16세,중상
2015090900100792,2015년 9월 9일 23시,수요일,대구광역시 달서구 월성동,경상사고,0,0,2,0,차대차 - 추돌 - 주정차중,안전운전불이행,건조,맑음,교차로 - 교차로부근,이륜,남,61세,경상,승용,남,33세,경상
2015090900100793,2015년 9월 9일 23시,수요일,대구광역시 달서구 이곡동,경상사고,0,0,1,0,차대사람 - 기타,안전운전불이행,건조,맑음,단일로 - 기타,승용,남,62세,상해없음,보행자,남,22세,경상
2015091000100018,2015년 9월 10일 00시,목요일,대구광역시 동구 검사동,경상사고,0,0,4,0,차대차 - 추돌 - 주정차중,안전운전불이행,건조,맑음,단일로 - 기타,승용,남,47세,상해없음,승용,여,52세,경상
2015091000100033,2015년 9월 10일 01시,목요일,대구광역시 동구 검사동,중상사고,0,1,0,0,차량단독 - 공작물충돌,안전운전불이행,건조,맑음,단일로 - 기타,승용,남,58세,상해없음,,,,
2015091000100043,2015년 9월 10일 02시,목요일,대구광역시 수성구 만촌동,경상사고,0,0,2,0,차대차 - 추돌 - 주정차중,안전운전불이행,건조,맑음,교차로 - 교차로부근,승용,남,26세,상해없음,승용,남,62세,경상
2015091000100047,2015년 9월 10일 03시,목요일,대구광역시 달서구 호산동,부상신고사고,0,0,0,1,차대차 - 측면직각충돌,안전운전불이행,건조,맑음,교차로 - 교차로안,승용,남,46세,상해없음,승용,남,64세,상해없음
2015091000100064,2015년 9월 10일 05시,목요일,대구광역시 남구 대명동,경상사고,0,0,1,0,차대사람 - 차도통행중,안전운전불이행,건조,맑음,교차로 - 교차로부근,승용,남,53세,상해없음,보행자,남,74세,경상
2015091000100130,2015년 9월 10일 07시,목요일,대구광역시 수성구 수성동1가,경상사고,0,0,1,0,차대차 - 측면직각충돌,안전운전불이행,건조,맑음,단일로 - 기타,화물,남,28세,상해없음,자전거,남,67세,경상
2015091000100131,2015년 9월 10일 07시,목요일,대구광역시 달서구 본리동,경상사고,0,0,1,0,차대사람 - 횡단중,안전운전불이행,건조,맑음,단일로 - 기타,승용,남,34세,상해없음,보행자,여,18세,경상
2015091000100192,2015년 9월 10일 08시,목요일,대구광역시 동구 신암동,부상신고사고,0,0,0,1,차대차 - 기타,안전거리미확보,건조,맑음,단일로 - 기타,승용,남,24세,상해없음,승용,남,59세,상해없음
2015091000100228,2015년 9월 10일 09시,목요일,대구광역시 남구 봉덕동,경상사고,0,0,1,0,차대차 - 측면직각충돌,교차로운행방법위반,건조,맑음,교차로 - 교차로안,승용,남,73세,상해없음,자전거,여,57세,경상
2015091000100265,2015년 9월 10일 10시,목요일,대구광역시 남구 봉덕동,중상사고,0,1,0,0,차대차 - 추돌 - 주정차중,안전거리미확보,습기,맑음,단일로 - 기타,원동기,여,55세,중상,승용,남,73세,상해없음
2015091000100266,2015년 9월 10일 10시,목요일,대구광역시 남구 대명동,경상사고,0,0,1,0,차대차 - 측면직각충돌,안전운전불이행,건조,맑음,교차로 - 교차로안,화물,남,54세,상해없음,승합,남,28세,경상
2015091000100267,2015년 9월 10일 10시,목요일,대구광역시 수성구 범어동,경상사고,0,0,2,0,차대차 - 측면직각충돌,안전거리미확보,건조,맑음,단일로 - 기타,승합,남,40세,상해없음,승용,남,54세,상해없음
2015091000100268,2015년 9월 10일 10시,목요일,대구광역시 중구 남산동,경상사고,0,0,3,0,차대차 - 측면직각충돌,안전거리미확보,건조,맑음,단일로 - 기타,승용,남,53세,경상,승용,남,64세,경상
2015091000100269,2015년 9월 10일 10시,목요일,대구광역시 달서구 두류동,경상사고,0,0,2,0,차대차 - 추돌 - 주정차중,안전운전불이행,건조,맑음,단일로 - 기타,승용,남,28세,상해없음,승용,남,37세,경상
2015091000100270,2015년 9월 10일 10시,목요일,대구광역시 달서구 두류동,경상사고,0,0,1,0,차대차 - 추돌 - 진행중,안전운전불이행,건조,맑음,단일로 - 기타,승합,남,54세,상해없음,승용,여,42세,경상
2015091000100308,2015년 9월 10일 11시,목요일,대구광역시 동구 신기동,중상사고,0,1,0,0,차량단독 - 기타,안전운전불이행,건조,맑음,단일로 - 기타,승합,남,36세,상해없음,,,,
2015091000100309,2015년 9월 10일 11시,목요일,대구광역시 북구 대현동,경상사고,0,0,1,0,차대차 - 측면직각충돌,안전운전불이행,건조,맑음,교차로 - 교차로안,승용,남,33세,상해없음,이륜,남,39세,경상
2015091000100310,2015년 9월 10일 11시,목요일,대구광역시 중구 동인동3가,경상사고,0,0,2,0,차대차 - 측면직각충돌,안전운전불이행,건조,맑음,교차로 - 교차로부근,승용,남,60세,경상,승용,남,39세,경상
2015091000100338,2015년 9월 10일 12시,목요일,대구광역시 달성군 화원읍,경상사고,0,0,2,0,차대차 - 측면직각충돌,중앙선침범,건조,맑음,교차로 - 교차로부근,화물,남,66세,상해없음,승용,남,59세,경상
2015091000100367,2015년 9월 10일 13시,목요일,대구광역시 동구 신암동,경상사고,0,0,1,0,차대차 - 측면직각충돌,안전운전불이행,건조,맑음,단일로 - 기타,승용,남,58세,상해없음,이륜,남,31세,경상
2015091000100368,2015년 9월 10일 13시,목요일,대구광역시 북구 읍내동,경상사고,0,0,1,0,차대사람 - 길가장자리구역통행중,안전운전불이행,건조,맑음,교차로 - 교차로부근,승용,여,33세,상해없음,보행자,남,86세,경상
2015091000100400,2015년 9월 10일 14시,목요일,대구광역시 수성구 범어동,경상사고,0,0,1,0,차대차 - 추돌 - 주정차중,안전운전불이행,건조,맑음,단일로 - 기타,승용,여,50세,상해없음,승용,여,36세,경상
2015091000100401,2015년 9월 10일 14시,목요일,대구광역시 달서구 본동,경상사고,0,0,1,0,차대차 - 기타,신호위반,건조,맑음,교차로 - 교차로안,원동기,남,25세,상해없음,승용,남,39세,경상
2015091000100438,2015년 9월 10일 15시,목요일,대구광역시 서구 평리동,경상사고,0,0,1,0,차대차 - 측면직각충돌,안전거리미확보,건조,맑음,단일로 - 기타,승합,남,57세,상해없음,이륜,남,66세,경상
2015091000100439,2015년 9월 10일 15시,목요일,대구광역시 중구 수창동,경상사고,0,0,3,0,차대차 - 측면직각충돌,신호위반,건조,맑음,교차로 - 교차로안,승용,남,55세,상해없음,승용,남,45세,경상
2015091000100482,2015년 9월 10일 16시,목요일,대구광역시 남구 봉덕동,경상사고,0,0,1,0,차대차 - 기타,안전운전불이행,건조,맑음,단일로 - 기타,승용,여,36세,상해없음,자전거,남,80세,경상
2015091000100483,2015년 9월 10일 16시,목요일,대구광역시 달서구 도원동,경상사고,0,0,1,0,차대사람 - 기타,안전운전불이행,건조,맑음,기타 - 기타,자전거,남,14세,상해없음,보행자,남,3세,경상
2015091000100484,2015년 9월 10일 16시,목요일,대구광역시 달성군 하빈면,경상사고,0,0,2,0,차대차 - 측면직각충돌,안전운전불이행,건조,맑음,교차로 - 교차로안,승용,여,61세,경상,화물,남,49세,경상
2015091000100534,2015년 9월 10일 17시,목요일,대구광역시 수성구 범어동,중상사고,0,1,0,0,차대사람 - 길가장자리구역통행중,안전운전불이행,건조,맑음,단일로 - 기타,승용,여,54세,상해없음,보행자,남,24세,중상
2015091000100535,2015년 9월 10일 17시,목요일,대구광역시 달서구 대천동,경상사고,0,0,1,0,차대사람 - 보도통행중,보행자보호의무위반,건조,맑음,단일로 - 횡단보도상,승용,남,62세,상해없음,보행자,남,7세,경상
2015091000100574,2015년 9월 10일 18시,목요일,대구광역시 동구 방촌동,부상신고사고,0,0,0,1,차대차 - 측면직각충돌,안전운전불이행,건조,맑음,단일로 - 기타,자전거,남,65세,부상신고,승용,남,37세,상해없음
2015091000100575,2015년 9월 10일 18시,목요일,대구광역시 동구 봉무동,중상사고,0,1,0,0,차대차 - 추돌 - 진행중,안전거리미확보,건조,맑음,단일로 - 기타,승용,남,23세,상해없음,이륜,남,18세,중상
2015091000100576,2015년 9월 10일 18시,목요일,대구광역시 동구 효목동,경상사고,0,0,1,0,차대차 - 기타,교차로운행방법위반,건조,맑음,교차로 - 교차로부근,승용,여,56세,상해없음,자전거,남,18세,경상
2015091000100577,2015년 9월 10일 18시,목요일,대구광역시 수성구 신매동,중상사고,0,1,0,0,차대사람 - 횡단중,보행자보호의무위반,건조,맑음,교차로 - 교차로안,승용,여,49세,상해없음,보행자,여,8세,중상
2015091000100616,2015년 9월 10일 19시,목요일,대구광역시 북구 산격동,경상사고,0,0,1,0,차대차 - 측면직각충돌,안전운전불이행,건조,맑음,교차로 - 교차로안,승용,여,52세,상해없음,승용,남,28세,경상
2015091000100617,2015년 9월 10일 19시,목요일,대구광역시 서구 비산동,경상사고,0,0,1,0,차대차 - 추돌 - 주정차중,안전운전불이행,건조,맑음,교차로 - 교차로부근,승용,남,50세,상해없음,승용,남,23세,기타불명
2015091000100618,2015년 9월 10일 19시,목요일,대구광역시 중구 남산동,경상사고,0,0,1,0,차대차 - 측면직각충돌,불법유턴,건조,맑음,단일로 - 기타,승용,여,34세,상해없음,승용,남,56세,경상
2015091000100619,2015년 9월 10일 19시,목요일,대구광역시 달서구 용산동,경상사고,0,0,1,0,차대차 - 기타,안전운전불이행,건조,맑음,단일로 - 기타,승합,여,19세,상해없음,승용,남,51세,경상
2015091000100663,2015년 9월 10일 20시,목요일,대구광역시 수성구 만촌동,경상사고,0,0,1,0,차대사람 - 길가장자리구역통행중,안전운전불이행,건조,맑음,단일로 - 기타,화물,남,59세,상해없음,보행자,남,18세,경상
2015091000100664,2015년 9월 10일 20시,목요일,대구광역시 달서구 이곡동,중상사고,0,1,0,0,차대사람 - 차도통행중,안전운전불이행,건조,흐림,단일로 - 기타,이륜,남,19세,상해없음,보행자,남,71세,중상
2015091000100665,2015년 9월 10일 20시,목요일,대구광역시 북구 태전동,경상사고,0,0,1,0,차대차 - 기타,안전운전불이행,건조,맑음,단일로 - 기타,승용,여,41세,상해없음,이륜,남,29세,경상