사고번호,사고일시,요일,시군구,사고내용,사망자수,중상자수,경상자수,부상신고자수,사고유형,법규위반,노면상태,기상상태,도로형태,가해운전자 차종,가해운전자 성별,가해운전자 연령,가해운전자 상해정도,피해운전자 차종,피해운전자 성별,피해운전자 연령,피해운전자 상해정도
2015091000100666,2015년 9월 10일 20시,목요일,대구광역시 북구 태전동,부상신고사고,0,0,0,1,차량단독 - 기타,안전운전불이행,건조,맑음,교차로 - 교차로부근,승합,남,15세,상해없음,,,,
2015091000100752,2015년 9월 10일 23시,목요일,대구광역시 남구 봉덕동,경상사고,0,0,1,0,차대차 - 기타,교차로운행방법위반,건조,맑음,단일로 - 기타,승용,남,57세,상해없음,승용,여,49세,경상
2015091100100008,2015년 9월 11일 00시,금요일,대구광역시 달성군 다사읍,중상사고,0,1,1,0,차대차 - 측면직각충돌,안전운전불이행,건조,맑음,단일로 - 기타,승용,남,24세,상해없음,자전거,남,19세,중상
2015091100100027,2015년 9월 11일 01시,금요일,대구광역시 동구 율하동,경상사고,0,0,1,0,차대차 - 측면직각충돌,신호위반,건조,맑음,교차로 - 교차로안,승용,남,48세,상해없음,승용,남,32세,경상
2015091100100077,2015년 9월 11일 05시,금요일,대구광역시 동구 율하동,사망사고,1,0,0,0,차대차 - 측면직각충돌,안전운전불이행,건조,맑음,교차로 - 교차로안,자전거,남,74세,사망,승용,남,67세,상해없음
2015091100100119,2015년 9월 11일 07시,금요일,대구광역시 동구 율하동,경상사고,0,0,2,0,차량단독 - 기타,안전운전불이행,건조,맑음,단일로 - 기타,이륜,남,17세,경상,,,,
2015091100100165,2015년 9월 11일 08시,금요일,대구광역시 서구 평리동,중상사고,0,1,0,0,차대사람 - 차도통행중,안전운전불이행,건조,맑음,단일로 - 횡단보도부근,이륜,남,46세,상해없음,보행자,여,34세,중상
2015091100100208,2015년 9월 11일 09시,금요일,대구광역시 중구 남산동,중상사고,0,1,0,0,차대차 - 추돌 - 진행중,안전운전불이행,건조,맑음,단일로 - 기타,승용,여,45세,상해없음,승합,남,58세,상해없음
2015091100100209,2015년 9월 11일 09시,금요일,대구광역시 달서구 성당동,중상사고,0,1,0,0,차대차 - 추돌 - 진행중,안전운전불이행,건조,맑음,단일로 - 기타,승용,남,68세,상해없음,승용,남,67세,상해없음
2015091100100230,2015년 9월 11일 10시,금요일,대구광역시 동구 신암동,부상신고사고,0,0,0,1,차량단독 - 공작물충돌,안전운전불이행,건조,맑음,교차로 - 교차로안,승용,남,67세,부상신고,,,,
2015091100100231,2015년 9월 11일 10시,금요일,대구광역시 수성구 수성동2가,부상신고사고,0,0,0,1,차대차 - 추돌 - 주정차중,안전운전불이행,건조,맑음,단일로 - 기타,승용,여,41세,부상신고,화물,남,52세,상해없음
2015091100100232,2015년 9월 11일 10시,금요일,대구광역시 서구 원대동3가,부상신고사고,0,0,0,1,차대차 - 기타,안전운전불이행,건조,맑음,단일로 - 기타,자전거,남,52세,부상신고,승용,여,72세,상해없음
2015091100100295,2015년 9월 11일 12시,금요일,대구광역시 남구 봉덕동,경상사고,0,0,1,0,차대차 - 추돌 - 주정차중,교차로운행방법위반,건조,맑음,교차로 - 교차로안,화물,남,59세,상해없음,자전거,남,74세,경상
2015091100100296,2015년 9월 11일 12시,금요일,대구광역시 서구 평리동,경상사고,0,0,2,0,차대차 - 측면직각충돌,안전운전불이행,건조,맑음,단일로 - 기타,화물,남,54세,상해없음,승용,여,39세,경상
2015091100100331,2015년 9월 11일 13시,금요일,대구광역시 중구 대신동,경상사고,0,0,1,0,차대차 - 기타,직진우회전진행방해,건조,맑음,교차로 - 교차로안,이륜,남,17세,경상,이륜,남,58세,상해없음
2015091100100332,2015년 9월 11일 13시,금요일,대구광역시 달서구 본리동,경상사고,0,0,1,0,차대사람 - 횡단중,신호위반,건조,맑음,교차로 - 교차로부근,승용,여,57세,상해없음,보행자,남,43세,경상
2015091100100360,2015년 9월 11일 14시,금요일,대구광역시 동구 각산동,경상사고,0,0,2,0,차대차 - 추돌 - 진행중,직진우회전진행방해,건조,맑음,교차로 - 교차로안,승용,남,25세,경상,승용,여,34세,경상
2015091100100361,2015년 9월 11일 14시,금요일,대구광역시 동구 사복동,경상사고,0,0,1,0,차대차 - 측면직각충돌,안전거리미확보,건조,맑음,단일로 - 기타,화물,여,63세,상해없음,승용,여,48세,경상
2015091100100362,2015년 9월 11일 14시,금요일,대구광역시 수성구 시지동,중상사고,0,1,0,0,차대사람 - 차도통행중,안전운전불이행,건조,맑음,단일로 - 기타,승용,남,32세,상해없음,보행자,여,76세,중상
2015091100100363,2015년 9월 11일 14시,금요일,대구광역시 서구 내당동,경상사고,0,0,1,0,차대차 - 추돌 - 진행중,안전운전불이행,건조,맑음,단일로 - 기타,승용,남,32세,상해없음,승용,여,36세,경상
2015091100100400,2015년 9월 11일 15시,금요일,대구광역시 수성구 파동,중상사고,0,1,0,0,차대사람 - 보도통행중,안전운전불이행,건조,맑음,교차로 - 교차로부근,승용,여,31세,상해없음,보행자,남,67세,중상
2015091100100401,2015년 9월 11일 15시,금요일,대구광역시 달성군 옥포면,중상사고,0,1,1,0,차대차 - 측면직각충돌,안전운전불이행,건조,맑음,교차로 - 교차로부근,승용,남,28세,경상,승용,남,34세,중상
2015091100100436,2015년 9월 11일 16시,금요일,대구광역시 수성구 매호동,부상신고사고,0,0,0,1,차량단독 - 공작물충돌,안전운전불이행,건조,맑음,교차로 - 교차로부근,화물,남,63세,부상신고,,,,
2015091100100437,2015년 9월 11일 16시,금요일,대구광역시 수성구 범어동,부상신고사고,0,0,0,3,차대차 - 추돌 - 주정차중,안전운전불이행,건조,맑음,단일로 - 기타,승용,남,59세,기타불명,승용,여,52세,부상신고
2015091100100438,2015년 9월 11일 16시,금요일,대구광역시 북구 칠성동2가,경상사고,0,0,1,0,차대차 - 측면직각충돌,교차로운행방법위반,건조,맑음,교차로 - 교차로안,승용,남,35세,상해없음,이륜,남,23세,경상
2015091100100534,2015년 9월 11일 18시,금요일,대구광역시 달서구 월성동,경상사고,0,0,1,0,차대사람 - 기타,안전운전불이행,건조,맑음,단일로 - 횡단보도상,승용,여,43세,상해없음,보행자,남,59세,경상
2015091100100535,2015년 9월 11일 18시,금요일,대구광역시 북구 산격동,부상신고사고,0,0,0,1,차대차 - 측면직각충돌,불법유턴,건조,맑음,단일로 - 기타,이륜,남,71세,부상신고,화물,남,53세,상해없음
2015091100100612,2015년 9월 11일 19시,금요일,대구광역시 수성구 범물동,중상사고,0,1,0,0,차대사람 - 차도통행중,안전운전불이행,건조,맑음,교차로 - 교차로안,승합,남,39세,상해없음,보행자,여,56세,중상
2015091100100613,2015년 9월 11일 19시,금요일,대구광역시 수성구 지산동,중상사고,0,1,0,0,차대차 - 측면직각충돌,안전운전불이행,건조,맑음,교차로 - 교차로부근,승용,여,49세,상해없음,이륜,남,50세,중상
2015091100100614,2015년 9월 11일 19시,금요일,대구광역시 달서구 상인동,경상사고,0,0,1,0,차대차 - 기타,안전운전불이행,건조,맑음,단일로 - 기타,승용,남,56세,상해없음,승용,남,34세,경상
2015091100100615,2015년 9월 11일 19시,금요일,대구광역시 중구 대봉동,경상사고,0,0,1,0,차대차 - 추돌 - 주정차중,안전운전불이행,건조,맑음,단일로 - 기타,승용,남,29세,상해없음,승용,남,29세,경상
2015091100100616,2015년 9월 11일 19시,금요일,대구광역시 달서구 본리동,경상사고,0,0,1,0,차대차 - 추돌 - 주정차중,안전운전불이행,건조,맑음,교차로 - 교차로부근,승용,여,43세,상해없음,승용,여,28세,경상
2015091100100663,2015년 9월 11일 20시,금요일,대구광역시 서구 비산동,부상신고사고,0,0,0,1,차대차 - 기타,안전운전불이행,건조,맑음,단일로 - 기타,자전거,남,61세,부상신고,화물,남,64세,상해없음
2015091100100664,2015년 9월 11일 20시,금요일,대구광역시 달서구 신당동,경상사고,0,0,1,0,차대차 - 측면직각충돌,안전운전불이행,건조,맑음,교차로 - 교차로안,승용,남,20세,상해없음,자전거,남,7세,경상
2015091100100665,2015년 9월 11일 20시,금요일,대구광역시 달서구 본리동,경상사고,0,0,1,0,차대사람 - 횡단중,안전운전불이행,건조,맑음,단일로 - 기타,기타불명,기타불명,기타불명,기타불명,보행자,남,6세,경상
2015091100100666,2015년 9월 11일 20시,금요일,대구광역시 북구 태전동,중상사고,0,1,0,0,차대사람 - 횡단중,안전운전불이행,건조,흐림,단일로 - 기타,승용,남,33세,상해없음,보행자,여,54세,중상
2015091100100716,2015년 9월 11일 21시,금요일,대구광역시 수성구 황금동,중상사고,0,1,0,0,차대차 - 측면직각충돌,불법유턴,건조,맑음,단일로 - 기타,자전거,남,14세,중상,승용,여,45세,상해없음
2015091100100717,2015년 9월 11일 21시,금요일,대구광역시 달서구 월성동,중상사고,0,1,0,0,차대차 - 기타,안전운전불이행,건조,맑음,교차로 - 교차로안,승용,남,52세,상해없음,원동기,남,22세,중상
2015091100100718,2015년 9월 11일 21시,금요일,대구광역시 달서구 이곡동,부상신고사고,0,0,0,2,차대차 - 기타,안전거리미확보,건조,맑음,단일로 - 기타,승용,여,46세,상해없음,이륜,남,17세,부상신고
2015091100100759,2015년 9월 11일 22시,금요일,대구광역시 달서구 신당동,경상사고,0,0,1,0,차대사람 - 기타,안전운전불이행,건조,맑음,단일로 - 기타,승용,남,25세,상해없음,보행자,여,21세,경상
2015091100100802,2015년 9월 11일 23시,금요일,대구광역시 달성군 현풍면,중상사고,0,1,0,0,차대사람 - 차도통행중,안전운전불이행,건조,맑음,교차로 - 교차로부근,승용,남,37세,상해없음,보행자,남,50세,중상
2015091100100803,2015년 9월 11일 23시,금요일,대구광역시 중구 동인동2가,중상사고,0,1,2,0,차대차 - 측면직각충돌,안전거리미확보,건조,맑음,단일로 - 기타,승용,여,29세,상해없음,승용,여,53세,중상
2015091200100038,2015년 9월 12일 00시,토요일,대구광역시 달서구 대천동,경상사고,0,0,1,0,차대차 - 측면직각충돌,직진우회전진행방해,건조,맑음,교차로 - 교차로안,승용,여,46세,상해없음,승용,남,33세,경상
2015091200100039,2015년 9월 12일 00시,토요일,대구광역시 달성군 논공읍,중상사고,0,1,0,0,차대차 - 측면직각충돌,신호위반,건조,맑음,교차로 - 교차로안,승용,남,30세,상해없음,승용,여,52세,중상
2015091200100086,2015년 9월 12일 02시,토요일,대구광역시 수성구 만촌동,경상사고,0,0,1,0,차량단독 - 기타,안전운전불이행,건조,맑음,단일로 - 기타,승용,남,43세,상해없음,,,,
2015091200100099,2015년 9월 12일 03시,토요일,대구광역시 달서구 신당동,중상사고,0,2,0,0,차대차 - 측면직각충돌,신호위반,건조,맑음,단일로 - 횡단보도상,이륜,남,37세,중상,자전거,남,23세,중상
2015091200100137,2015년 9월 12일 05시,토요일,대구광역시 수성구 중동,사망사고,1,0,0,0,차대사람 - 횡단중,안전운전불이행,건조,맑음,단일로 - 횡단보도상,승용,남,68세,상해없음,보행자,남,76세,사망
2015091200100138,2015년 9월 12일 05시,토요일,대구광역시 중구 삼덕동1가,경상사고,0,0,1,0,차대차 - 추돌 - 주정차중,안전운전불이행,건조,맑음,교차로 - 교차로부근,승용,남,19세,상해없음,승용,남,29세,경상
2015091200100198,2015년 9월 12일 08시,토요일,대구광역시 동구 효목동,경상사고,0,0,1,0,차대차 - 기타,교차로운행방법위반,건조,맑음,교차로 - 교차로안,승용,남,51세,상해없음,승용,남,34세,경상
2015091200100199,2015년 9월 12일 08시,토요일,대구광역시 달성군 옥포면,경상사고,0,0,1,0,차대차 - 추돌 - 진행중,안전운전불이행,건조,맑음,단일로 - 기타,화물,남,27세,상해없음,승용,여,55세,경상
2015091200100200,2015년 9월 12일 08시,토요일,대구광역시 달서구 갈산동,경상사고,0,0,4,0,차대차 - 측면직각충돌,교차로운행방법위반,건조,흐림,교차로 - 교차로안,승용,여,59세,상해없음,화물,남,55세,경상
2015091200100218,2015년 9월 12일 09시,토요일,대구광역시 동구 서호동,중상사고,0,1,1,0,차대차 - 측면직각충돌,직진우회전진행방해,건조,맑음,교차로 - 교차로안,건설기계,남,58세,상해없음,승용,여,50세,경상
2015091200100247,2015년 9월 12일 10시,토요일,대구광역시 북구 노원동3가,경상사고,0,0,2,0,차대차 - 기타,안전운전불이행,건조,맑음,단일로 - 기타,승용,남,35세,상해없음,승용,남,27세,경상
2015091200100285,2015년 9월 12일 11시,토요일,대구광역시 동구 동호동,경상사고,0,0,3,0,차대차 - 기타,안전운전불이행,건조,맑음,기타 - 기타,승용,여,37세,경상,승용,남,46세,상해없음
2015091200100286,2015년 9월 12일 11시,토요일,대구광역시 달서구 본동,경상사고,0,0,2,0,차대사람 - 기타,안전운전불이행,건조,흐림,단일로 - 기타,승합,남,39세,상해없음,보행자,남,29세,경상
2015091200100287,2015년 9월 12일 11시,토요일,대구광역시 달성군 화원읍,중상사고,0,1,0,0,차대차 - 추돌 - 진행중,안전운전불이행,건조,맑음,단일로 - 기타,원동기,남,81세,중상,승용,남,66세,상해없음
2015091200100319,2015년 9월 12일 12시,토요일,대구광역시 남구 대명동,경상사고,0,0,1,0,차대차 - 추돌 - 진행중,안전운전불이행,건조,맑음,기타 - 기타,승용,남,63세,상해없음,승용,남,35세,경상
2015091200100320,2015년 9월 12일 12시,토요일,대구광역시 북구 산격동,부상신고사고,0,0,0,1,차대차 - 기타,중앙선침범,습기,흐림,교차로 - 교차로안,이륜,남,17세,부상신고,승용,여,26세,상해없음
2015091200100346,2015년 9월 12일 13시,토요일,대구광역시 달서구 본리동,경상사고,0,0,1,0,차대차 - 측면직각충돌,안전운전불이행,건조,맑음,기타 - 기타,승용,남,61세,상해없음,자전거,남,28세,경상
2015091200100375,2015년 9월 12일 14시,토요일,대구광역시 동구 백안동,중상사고,0,1,0,0,차대차 - 기타,교차로운행방법위반,건조,맑음,교차로 - 교차로부근,승용,남,25세,상해없음,이륜,남,75세,중상
2015091200100376,2015년 9월 12일 14시,토요일,대구광역시 달서구 본리동,경상사고,0,0,1,0,차대차 - 추돌 - 진행중,안전운전불이행,건조,맑음,단일로 - 기타,화물,남,39세,상해없음,승용,여,55세,경상
2015091200100426,2015년 9월 12일 15시,토요일,대구광역시 동구 방촌동,중상사고,0,1,0,0,차대사람 - 기타,안전운전불이행,건조,맑음,단일로 - 기타,화물,남,31세,상해없음,보행자,남,12세,중상
2015091200100427,2015년 9월 12일 15시,토요일,대구광역시 동구 도동,경상사고,0,0,1,0,차대차 - 기타,직진우회전진행방해,습기,비,교차로 - 교차로안,화물,남,43세,상해없음,이륜,여,68세,경상
2015091200100428,2015년 9월 12일 15시,토요일,대구광역시 달서구 성당동,경상사고,0,0,1,0,차대차 - 추돌 - 주정차중,안전운전불이행,건조,맑음,기타 - 기타,승용,남,75세,상해없음,승용,남,27세,경상
2015091200100467,2015년 9월 12일 16시,토요일,대구광역시 달서구 상인동,경상사고,0,0,1,0,차대차 - 기타,직진우회전진행방해,건조,맑음,교차로 - 교차로안,이륜,남,20세,경상,승합,남,54세,상해없음
2015091200100468,2015년 9월 12일 16시,토요일,대구광역시 서구 중리동,중상사고,0,1,0,0,차대차 - 기타,안전운전불이행,건조,맑음,교차로 - 교차로부근,승용,남,57세,상해없음,승용,남,56세,중상
2015091200100553,2015년 9월 12일 18시,토요일,대구광역시 달서구 송현동,경상사고,0,0,1,0,차대사람 - 기타,안전운전불이행,건조,흐림,단일로 - 기타,승용,남,55세,상해없음,보행자,여,5세,경상
2015091200100554,2015년 9월 12일 18시,토요일,대구광역시 달서구 용산동,경상사고,0,0,4,0,차대차 - 추돌 - 진행중,안전운전불이행,건조,맑음,단일로 - 기타,승용,남,31세,상해없음,승용,남,48세,경상
2015091200100603,2015년 9월 12일 19시,토요일,대구광역시 서구 비산동,경상사고,0,0,1,0,차대차 - 측면직각충돌,안전거리미확보,건조,맑음,교차로 - 교차로안,승합,남,56세,상해없음,승용,여,45세,경상
2015091200100641,2015년 9월 12일 20시,토요일,대구광역시 북구 대현동,경상사고,0,0,1,0,차대차 - 기타,안전운전불이행,건조,맑음,단일로 - 기타,이륜,남,18세,경상,승용,여,49세,상해없음
2015091200100642,2015년 9월 12일 20시,토요일,대구광역시 북구 동천동,경상사고,0,0,1,0,차대차 - 추돌 - 주정차중,안전운전불이행,건조,맑음,교차로 - 교차로부근,승용,여,34세,상해없음,승용,남,38세,경상
2015091200100704,2015년 9월 12일 22시,토요일,대구광역시 동구 신암동,중상사고,0,1,0,0,차대차 - 기타,안전운전불이행,건조,맑음,단일로 - 기타,승용,남,60세,상해없음,원동기,남,57세,중상
2015091300100022,2015년 9월 13일 00시,일요일,대구광역시 북구 복현동,부상신고사고,0,0,0,1,차대사람 - 차도통행중,안전운전불이행,건조,맑음,단일로 - 기타,승용,남,50세,상해없음,보행자,남,47세,부상신고
2015091300100023,2015년 9월 13일 00시,일요일,대구광역시 중구 삼덕동2가,경상사고,0,0,1,0,차대사람 - 길가장자리구역통행중,안전운전불이행,건조,맑음,단일로 - 기타,승용,여,26세,상해없음,보행자,남,38세,경상
2015091300100043,2015년 9월 13일 01시,일요일,대구광역시 동구 신천동,중상사고,0,1,1,0,차대사람 - 기타,중앙선침범,건조,맑음,단일로 - 기타,승용,남,31세,상해없음,보행자,남,22세,중상
2015091300100063,2015년 9월 13일 03시,일요일,대구광역시 동구 율하동,중상사고,0,1,2,0,차량단독 - 공작물충돌,안전운전불이행,건조,맑음,교차로 - 교차로안,승용,남,23세,경상,,,,
2015091300100064,2015년 9월 13일 03시,일요일,대구광역시 중구 삼덕동2가,경상사고,0,0,1,0,차대차 - 기타,안전운전불이행,건조,맑음,단일로 - 기타,기타불명,기타불명,기타불명,기타불명,승용,남,34세,경상
2015091300100065,2015년 9월 13일 03시,일요일,대구광역시 북구 태전동,경상사고,0,0,1,0,차대사람 - 길가장자리구역통행중,안전운전불이행,건조,맑음,교차로 - 교차로부근,승용,남,31세,상해없음,보행자,남,24세,경상
2015091300100091,2015년 9월 13일 05시,일요일,대구광역시 중구 삼덕동1가,경상사고,0,0,1,0,차대사람 - 횡단중,안전운전불이행,건조,맑음,교차로 - 교차로부근,승용,남,56세,상해없음,보행자,남,24세,경상
2015091300100123,2015년 9월 13일 07시,일요일,대구광역시 동구 신천동,경상사고,0,0,1,0,차대차 - 기타,안전운전불이행,건조,맑음,교차로 - 교차로부근,승용,남,42세,상해없음,승용,남,59세,상해없음
2015091300100124,2015년 9월 13일 07시,일요일,대구광역시 수성구 수성동1가,중상사고,0,1,0,0,차대차 - 측면직각충돌,차로위반,건조,맑음,단일로 - 기타,승합,남,43세,상해없음,승용,남,62세,상해없음
2015091300100188,2015년 9월 13일 10시,일요일,대구광역시 달서구 상인동,경상사고,0,0,1,0,차대차 - 기타,안전운전불이행,건조,맑음,교차로 - 교차로안,화물,남,61세,상해없음,승용,여,60세,경상
2015091300100217,2015년 9월 13일 11시,일요일,대구광역시 달성군 다사읍,중상사고,0,1,0,0,차대차 - 정면충돌,안전운전불이행,건조,맑음,단일로 - 기타,이륜,남,71세,상해없음,자전거,여,11세,중상
2015091300100250,2015년 9월 13일 12시,일요일,대구광역시 동구 신기동,경상사고,0,0,4,0,차대차 - 기타,신호위반,건조,맑음,교차로 - 교차로안,승용,남,77세,상해없음,승용,여,40세,경상
2015091300100280,2015년 9월 13일 13시,일요일,대구광역시 서구 평리동,경상사고,0,0,1,0,차대사람 - 기타,안전운전불이행,건조,맑음,단일로 - 기타,승합,남,55세,기타불명,보행자,여,54세,경상
2015091300100321,2015년 9월 13일 14시,일요일,대구광역시 북구 고성동2가,중상사고,0,1,3,0,차대차 - 측면직각충돌,신호위반,건조,맑음,교차로 - 교차로안,승용,남,52세,상해없음,화물,남,26세,경상
2015091300100322,2015년 9월 13일 14시,일요일,대구광역시 북구 고성동2가,경상사고,0,0,1,0,차대사람 - 횡단중,안전운전불이행,건조,맑음,단일로 - 기타,승용,남,65세,상해없음,보행자,남,11세,경상
2015091300100323,2015년 9월 13일 14시,일요일,대구광역시 서구 평리동,중상사고,0,1,0,0,차대차 - 기타,안전운전불이행,건조,맑음,교차로 - 교차로부근,승용,여,46세,상해없음,이륜,남,35세,중상
2015091300100324,2015년 9월 13일 14시,일요일,대구광역시 서구 내당동,경상사고,0,0,2,0,차대차 - 추돌 - 진행중,안전거리미확보,건조,맑음,단일로 - 기타,승용,남,57세,상해없음,승용,여,37세,경상
2015091300100367,2015년 9월 13일 15시,일요일,대구광역시 남구 대명동,경상사고,0,0,1,0,차대사람 - 기타,안전운전불이행,건조,맑음,단일로 - 기타,승용,남,74세,상해없음,보행자,남,36세,경상
2015091300100368,2015년 9월 13일 15시,일요일,대구광역시 달성군 다사읍,경상사고,0,0,1,0,차대사람 - 횡단중,안전운전불이행,건조,맑음,단일로 - 기타,승용,여,48세,상해없음,보행자,여,3세,경상
2015091300100409,2015년 9월 13일 16시,일요일,대구광역시 남구 대명동,경상사고,0,0,3,0,차대차 - 측면직각충돌,교차로운행방법위반,건조,맑음,교차로 - 교차로안,승용,여,44세,상해없음,승용,남,67세,경상
2015091300100410,2015년 9월 13일 16시,일요일,대구광역시 달서구 용산동,부상신고사고,0,0,0,2,차대차 - 기타,안전운전불이행,건조,맑음,단일로 - 횡단보도부근,승용,여,55세,상해없음,이륜,남,20세,부상신고
2015091300100411,2015년 9월 13일 16시,일요일,대구광역시 북구 동천동,경상사고,0,0,1,0,차대차 - 기타,안전거리미확보,건조,맑음,단일로 - 기타,승용,남,44세,상해없음,승용,남,53세,경상
2015091300100458,2015년 9월 13일 17시,일요일,대구광역시 동구 방촌동,중상사고,0,1,0,0,차대사람 - 기타,안전운전불이행,건조,맑음,단일로 - 기타,자전거,기타불명,기타불명,기타불명,보행자,남,72세,중상
2015091300100459,2015년 9월 13일 17시,일요일,대구광역시 동구 서호동,경상사고,0,0,1,0,차대차 - 기타,안전운전불이행,건조,맑음,단일로 - 기타,승용,여,39세,기타불명,자전거,남,13세,경상
2015091300100460,2015년 9월 13일 17시,일요일,대구광역시 달성군 다사읍,경상사고,0,0,1,0,차대사람 - 횡단중,안전운전불이행,건조,맑음,단일로 - 횡단보도부근,승용,남,57세,상해없음,보행자,남,23세,경상
2015091300100500,2015년 9월 13일 18시,일요일,대구광역시 남구 대명동,부상신고사고,0,0,0,1,차대차 - 측면직각충돌,안전거리미확보,건조,맑음,단일로 - 기타,이륜,남,44세,부상신고,승용,남,25세,상해없음
2015091300100501,2015년 9월 13일 18시,일요일,대구광역시 동구 각산동,중상사고,0,1,0,0,차대사람 - 횡단중,안전운전불이행,건조,맑음,교차로 - 교차로안,승용,여,30세,상해없음,보행자,남,13세,중상
2015091300100502,2015년 9월 13일 18시,일요일,대구광역시 동구 동호동,부상신고사고,0,0,0,1,차대차 - 정면충돌,중앙선침범,건조,맑음,단일로 - 기타,자전거,여,68세,부상신고,승용,남,38세,상해없음
2015091300100503,2015년 9월 13일 18시,일요일,대구광역시 수성구 신매동,경상사고,0,0,2,0,차대차 - 기타,교차로운행방법위반,건조,맑음,교차로 - 교차로안,승용,남,26세,상해없음,승용,여,50세,경상
2015091300100545,2015년 9월 13일 19시,일요일,대구광역시 수성구 신매동,경상사고,0,0,1,0,차대차 - 측면직각충돌,안전거리미확보,건조,맑음,교차로 - 교차로부근,승용,여,60세,상해없음,승용,남,64세,경상
2015091300100546,2015년 9월 13일 19시,일요일,대구광역시 달서구 두류동,부상신고사고,0,0,0,1,차대차 - 기타,안전운전불이행,건조,맑음,교차로 - 교차로부근,원동기,남,67세,부상신고,자전거,남,13세,상해없음
2015091300100571,2015년 9월 13일 20시,일요일,대구광역시 달서구 두류동,중상사고,0,1,0,0,차대사람 - 횡단중,안전운전불이행,건조,맑음,단일로 - 횡단보도상,승용,남,61세,상해없음,보행자,남,53세,중상
2015091300100609,2015년 9월 13일 21시,일요일,대구광역시 수성구 범어동,중상사고,0,1,0,0,차대차 - 측면직각충돌,기타,건조,맑음,단일로 - 기타,승용,남,46세,상해없음,자전거,남,38세,중상
2015091400100010,2015년 9월 14일 00시,월요일,대구광역시 달서구 대천동,경상사고,0,0,1,0,차대차 - 추돌 - 주정차중,안전운전불이행,건조,맑음,교차로 - 교차로부근,화물,남,64세,경상,화물,남,50세,기타불명
2015091400100030,2015년 9월 14일 02시,월요일,대구광역시 달서구 상인동,경상사고,0,0,2,0,차대차 - 기타,교차로운행방법위반,건조,맑음,교차로 - 교차로부근,승용,남,22세,상해없음,승용,남,52세,경상
2015091400100069,2015년 9월 14일 06시,월요일,대구광역시 수성구 수성동1가,경상사고,0,0,1,0,차대차 - 측면직각충돌,안전운전불이행,건조,맑음,교차로 - 교차로부근,승용,남,52세,상해없음,화물,남,42세,경상
2015091400100070,2015년 9월 14일 06시,월요일,대구광역시 서구 비산동,부상신고사고,0,0,0,1,차대사람 - 기타,중앙선침범,건조,맑음,기타 - 기타,승용,기타불명,기타불명,기타불명,보행자,남,62세,부상신고
2015091400100095,2015년 9월 14일 07시,월요일,대구광역시 수성구 범물동,경상사고,0,0,2,0,차대사람 - 횡단중,안전운전불이행,건조,맑음,단일로 - 기타,승용,남,22세,상해없음,보행자,여,66세,경상
2015091400100096,2015년 9월 14일 07시,월요일,대구광역시 달서구 월성동,경상사고,0,0,2,1,차대차 - 추돌 - 진행중,안전거리미확보,건조,맑음,단일로 - 기타,화물,남,25세,부상신고,화물,남,54세,경상
2015091400100143,2015년 9월 14일 08시,월요일,대구광역시 서구 비산동,중상사고,0,1,0,0,차대차 - 추돌 - 주정차중,안전운전불이행,건조,맑음,단일로 - 기타,이륜,남,73세,중상,승용,남,39세,기타불명
2015091400100179,2015년 9월 14일 09시,월요일,대구광역시 중구 남산동,중상사고,0,1,0,0,차대차 - 측면직각충돌,안전운전불이행,건조,맑음,단일로 - 기타,승용,남,68세,상해없음,이륜,남,83세,중상
2015091400100180,2015년 9월 14일 09시,월요일,대구광역시 중구 공평동,경상사고,0,0,1,0,차대차 - 측면직각충돌,교차로운행방법위반,건조,맑음,교차로 - 교차로안,이륜,남,66세,경상,승용,여,46세,상해없음
2015091400100220,2015년 9월 14일 10시,월요일,대구광역시 남구 대명동,경상사고,0,0,1,0,차대차 - 측면직각충돌,안전운전불이행,건조,맑음,단일로 - 기타,자전거,여,20세,경상,승합,남,35세,상해없음
2015091400100249,2015년 9월 14일 11시,월요일,대구광역시 북구 칠성동2가,경상사고,0,0,2,0,차대차 - 기타,안전거리미확보,건조,맑음,단일로 - 기타,승용,여,41세,경상,승용,남,33세,경상
2015091400100250,2015년 9월 14일 11시,월요일,대구광역시 서구 내당동,경상사고,0,0,2,0,차대차 - 추돌 - 주정차중,안전거리미확보,건조,맑음,단일로 - 기타,승용,남,68세,상해없음,승용,여,41세,상해없음
2015091400100251,2015년 9월 14일 11시,월요일,대구광역시 서구 비산동,경상사고,0,0,1,0,차대차 - 측면직각충돌,안전운전불이행,건조,맑음,단일로 - 기타,승용,남,61세,상해없음,이륜,남,62세,경상
2015091400100290,2015년 9월 14일 12시,월요일,대구광역시 동구 백안동,경상사고,0,0,1,0,차대차 - 측면직각충돌,안전거리미확보,건조,맑음,교차로 - 교차로안,이륜,남,67세,경상,승용,남,55세,상해없음
2015091400100291,2015년 9월 14일 12시,월요일,대구광역시 북구 산격동,경상사고,0,0,1,0,차대차 - 추돌 - 진행중,안전운전불이행,건조,맑음,교차로 - 교차로부근,승용,남,42세,상해없음,승용,남,67세,경상
2015091400100292,2015년 9월 14일 12시,월요일,대구광역시 달서구 성당동,경상사고,0,0,2,0,차대차 - 측면직각충돌,교차로운행방법위반,건조,맑음,교차로 - 교차로안,승용,여,33세,경상,승용,남,28세,경상
2015091400100321,2015년 9월 14일 13시,월요일,대구광역시 북구 구암동,경상사고,0,0,1,0,차대차 - 정면충돌,안전운전불이행,건조,맑음,단일로 - 기타,승용,남,48세,상해없음,이륜,남,46세,경상