사고번호,사고일시,요일,시군구,사고내용,사망자수,중상자수,경상자수,부상신고자수,사고유형,법규위반,노면상태,기상상태,도로형태,가해운전자 차종,가해운전자 성별,가해운전자 연령,가해운전자 상해정도,피해운전자 차종,피해운전자 성별,피해운전자 연령,피해운전자 상해정도
2015091400100361,2015년 9월 14일 14시,월요일,대구광역시 달성군 논공읍,경상사고,0,0,1,0,차대사람 - 길가장자리구역통행중,보행자보호의무위반,건조,맑음,교차로 - 교차로부근,승용,여,30세,상해없음,보행자,남,10세,경상
2015091400100362,2015년 9월 14일 14시,월요일,대구광역시 중구 대봉동,중상사고,0,1,3,0,차대차 - 추돌 - 주정차중,안전운전불이행,건조,맑음,단일로 - 기타,승용,남,54세,상해없음,승용,남,30세,경상
2015091400100363,2015년 9월 14일 14시,월요일,대구광역시 달서구 이곡동,경상사고,0,0,1,0,차대차 - 추돌 - 진행중,안전거리미확보,건조,맑음,단일로 - 기타,화물,남,43세,상해없음,승용,남,31세,경상
2015091400100395,2015년 9월 14일 15시,월요일,대구광역시 동구 대림동,중상사고,0,1,0,0,차대차 - 기타,안전운전불이행,기타,맑음,교차로 - 교차로안,승용,여,55세,중상,승용,남,30세,상해없음
2015091400100396,2015년 9월 14일 15시,월요일,대구광역시 수성구 만촌동,중상사고,0,1,0,0,차량단독 - 전도전복,안전운전불이행,건조,맑음,단일로 - 기타,이륜,남,59세,상해없음,,,,
2015091400100433,2015년 9월 14일 16시,월요일,대구광역시 동구 신천동,경상사고,0,0,1,0,차대차 - 추돌 - 주정차중,안전운전불이행,건조,맑음,단일로 - 기타,승용,남,75세,상해없음,승용,남,36세,경상
2015091400100434,2015년 9월 14일 16시,월요일,대구광역시 북구 산격동,경상사고,0,0,3,0,차대차 - 측면직각충돌,안전거리미확보,건조,맑음,단일로 - 기타,승용,남,57세,상해없음,승용,남,21세,경상
2015091400100477,2015년 9월 14일 17시,월요일,대구광역시 남구 대명동,중상사고,0,1,0,0,차대차 - 기타,안전운전불이행,건조,맑음,단일로 - 기타,승용,남,34세,상해없음,승용,남,53세,상해없음
2015091400100478,2015년 9월 14일 17시,월요일,대구광역시 수성구 범어동,중상사고,0,1,0,0,차대사람 - 횡단중,보행자보호의무위반,건조,맑음,단일로 - 횡단보도상,승용,여,39세,상해없음,보행자,남,67세,중상
2015091400100479,2015년 9월 14일 17시,월요일,대구광역시 수성구 범어동,경상사고,0,0,1,0,차대차 - 추돌 - 진행중,안전운전불이행,건조,맑음,교차로 - 교차로부근,승용,여,26세,상해없음,이륜,남,33세,경상
2015091400100480,2015년 9월 14일 17시,월요일,대구광역시 중구 대신동,중상사고,0,1,0,0,차대차 - 기타,안전운전불이행,습기,흐림,단일로 - 기타,기타불명,여,55세,상해없음,이륜,남,51세,기타불명
2015091400100481,2015년 9월 14일 17시,월요일,대구광역시 북구 태전동,중상사고,0,1,0,0,차대차 - 측면직각충돌,안전운전불이행,건조,맑음,교차로 - 교차로안,승합,남,65세,상해없음,자전거,남,10세,중상
2015091400100521,2015년 9월 14일 18시,월요일,대구광역시 수성구 사월동,경상사고,0,0,1,0,차대차 - 기타,안전운전불이행,건조,맑음,교차로 - 교차로부근,승용,남,40세,상해없음,자전거,여,21세,경상
2015091400100522,2015년 9월 14일 18시,월요일,대구광역시 달서구 신당동,경상사고,0,0,1,0,차대차 - 추돌 - 진행중,안전거리미확보,건조,맑음,교차로 - 교차로부근,원동기,남,19세,상해없음,원동기,남,21세,경상
2015091400100565,2015년 9월 14일 19시,월요일,대구광역시 서구 비산동,경상사고,0,0,1,0,차대차 - 추돌 - 주정차중,안전거리미확보,건조,맑음,단일로 - 기타,승용,남,48세,상해없음,승용,여,27세,경상
2015091400100566,2015년 9월 14일 19시,월요일,대구광역시 북구 금호동,중상사고,0,1,0,0,차대차 - 기타,안전거리미확보,건조,맑음,기타 - 기타,승용,남,25세,상해없음,이륜,남,47세,중상
2015091400100641,2015년 9월 14일 21시,월요일,대구광역시 동구 서호동,중상사고,0,1,1,0,차대차 - 추돌 - 주정차중,안전운전불이행,건조,맑음,단일로 - 기타,승용,여,30세,상해없음,승용,남,61세,중상
2015091400100642,2015년 9월 14일 21시,월요일,대구광역시 서구 중리동,경상사고,0,0,1,0,차대차 - 측면직각충돌,교차로운행방법위반,건조,맑음,교차로 - 교차로안,승용,남,52세,상해없음,승용,여,35세,경상
2015091400100643,2015년 9월 14일 21시,월요일,대구광역시 달서구 감삼동,부상신고사고,0,0,0,1,차량단독 - 기타,안전운전불이행,건조,맑음,교차로 - 교차로부근,자전거,남,13세,부상신고,,,,
2015091400100644,2015년 9월 14일 21시,월요일,대구광역시 북구 동천동,경상사고,0,0,1,0,차대차 - 측면직각충돌,안전거리미확보,건조,맑음,단일로 - 기타,승용,남,56세,상해없음,원동기,남,18세,경상
2015091400100680,2015년 9월 14일 22시,월요일,대구광역시 수성구 황금동,경상사고,0,0,1,0,차대차 - 측면직각충돌,안전운전불이행,건조,맑음,단일로 - 횡단보도상,승용,여,48세,상해없음,자전거,남,16세,경상
2015091400100681,2015년 9월 14일 22시,월요일,대구광역시 수성구 범어동,경상사고,0,0,1,0,차대사람 - 기타,안전운전불이행,건조,맑음,단일로 - 기타,승용,남,54세,기타불명,보행자,남,15세,경상
2015091400100682,2015년 9월 14일 22시,월요일,대구광역시 서구 내당동,중상사고,0,2,1,0,차대차 - 추돌 - 주정차중,안전거리미확보,건조,맑음,단일로 - 기타,승용,여,57세,상해없음,승용,여,30세,중상
2015091400100683,2015년 9월 14일 22시,월요일,대구광역시 북구 매천동,경상사고,0,0,3,1,차대차 - 측면직각충돌,교차로운행방법위반,건조,맑음,교차로 - 교차로안,승합,남,42세,부상신고,승합,남,53세,경상
2015091400100706,2015년 9월 14일 23시,월요일,대구광역시 동구 효목동,경상사고,0,0,1,0,차대사람 - 기타,안전운전불이행,건조,맑음,단일로 - 기타,이륜,남,51세,상해없음,보행자,남,47세,경상
2015091500100021,2015년 9월 15일 01시,화요일,대구광역시 동구 불로동,경상사고,0,0,1,0,차대사람 - 횡단중,보행자보호의무위반,건조,맑음,단일로 - 기타,승용,남,71세,상해없음,보행자,남,63세,경상
2015091500100022,2015년 9월 15일 01시,화요일,대구광역시 달서구 이곡동,경상사고,0,0,1,0,차대차 - 기타,안전운전불이행,건조,맑음,단일로 - 기타,승용,남,63세,상해없음,승용,남,53세,경상
2015091500100023,2015년 9월 15일 01시,화요일,대구광역시 북구 동천동,경상사고,0,0,3,0,차대차 - 추돌 - 주정차중,안전운전불이행,건조,맑음,단일로 - 기타,승용,남,39세,상해없음,승용,남,23세,경상
2015091500100034,2015년 9월 15일 02시,화요일,대구광역시 북구 노원동2가,중상사고,0,3,0,0,차대차 - 기타,중앙선침범,건조,맑음,교차로 - 교차로안,원동기,남,66세,중상,승용,남,24세,중상
2015091500100040,2015년 9월 15일 03시,화요일,대구광역시 북구 칠성동1가,경상사고,0,0,1,0,차대사람 - 기타,안전운전불이행,건조,맑음,교차로 - 교차로부근,화물,남,48세,상해없음,보행자,남,33세,경상
2015091500100046,2015년 9월 15일 04시,화요일,대구광역시 동구 효목동,중상사고,0,1,0,0,차대사람 - 길가장자리구역통행중,안전운전불이행,건조,맑음,단일로 - 기타,승용,남,27세,상해없음,보행자,남,27세,중상
2015091500100106,2015년 9월 15일 07시,화요일,대구광역시 남구 대명동,경상사고,0,0,1,0,차대차 - 측면직각충돌,안전운전불이행,건조,맑음,단일로 - 기타,승용,남,44세,상해없음,자전거,남,55세,경상
2015091500100107,2015년 9월 15일 07시,화요일,대구광역시 달서구 상인동,부상신고사고,0,0,0,1,차대사람 - 기타,안전운전불이행,건조,맑음,교차로 - 교차로부근,승용,남,59세,상해없음,보행자,남,16세,부상신고
2015091500100166,2015년 9월 15일 08시,화요일,대구광역시 남구 대명동,경상사고,0,0,1,0,차대차 - 기타,신호위반,건조,맑음,교차로 - 교차로안,자전거,남,12세,경상,승용,남,77세,상해없음
2015091500100167,2015년 9월 15일 08시,화요일,대구광역시 남구 대명동,경상사고,0,0,1,0,차대차 - 측면직각충돌,차로위반,건조,맑음,단일로 - 기타,승용,남,76세,상해없음,승용,여,51세,경상
2015091500100168,2015년 9월 15일 08시,화요일,대구광역시 수성구 만촌동,부상신고사고,0,0,0,1,차대차 - 측면직각충돌,안전운전불이행,건조,맑음,단일로 - 횡단보도상,승용,여,51세,상해없음,자전거,남,68세,부상신고
2015091500100169,2015년 9월 15일 08시,화요일,대구광역시 달서구 월성동,중상사고,0,1,0,0,차대차 - 기타,중앙선침범,건조,맑음,단일로 - 기타,자전거,남,14세,중상,승용,남,37세,상해없음
2015091500100170,2015년 9월 15일 08시,화요일,대구광역시 달서구 월암동,경상사고,0,0,1,0,차대차 - 추돌 - 주정차중,안전운전불이행,건조,맑음,교차로 - 교차로부근,기타불명,남,32세,상해없음,승용,남,40세,경상
2015091500100171,2015년 9월 15일 08시,화요일,대구광역시 북구 대현동,경상사고,0,0,1,0,차대차 - 기타,안전거리미확보,건조,맑음,단일로 - 기타,승용,남,40세,기타불명,승합,남,59세,상해없음
2015091500100204,2015년 9월 15일 09시,화요일,대구광역시 동구 신암동,중상사고,0,1,0,0,차량단독 - 기타,안전운전불이행,건조,맑음,교차로 - 교차로부근,승용,남,59세,상해없음,,,,
2015091500100205,2015년 9월 15일 09시,화요일,대구광역시 북구 서변동,경상사고,0,0,2,0,차대차 - 측면직각충돌,안전운전불이행,건조,맑음,교차로 - 교차로부근,기타불명,기타불명,기타불명,기타불명,승용,여,57세,경상
2015091500100229,2015년 9월 15일 10시,화요일,대구광역시 달서구 월암동,경상사고,0,0,1,0,차대차 - 기타,안전거리미확보,건조,맑음,교차로 - 교차로부근,화물,남,44세,상해없음,승용,남,39세,경상
2015091500100257,2015년 9월 15일 11시,화요일,대구광역시 수성구 지산동,경상사고,0,0,1,0,차량단독 - 기타,안전운전불이행,건조,맑음,단일로 - 기타,승용,남,73세,상해없음,,,,
2015091500100258,2015년 9월 15일 11시,화요일,대구광역시 서구 비산동,경상사고,0,0,1,0,차대사람 - 길가장자리구역통행중,안전운전불이행,건조,맑음,교차로 - 교차로안,승용,남,70세,상해없음,보행자,여,39세,경상
2015091500100293,2015년 9월 15일 12시,화요일,대구광역시 수성구 범어동,부상신고사고,0,0,0,1,차대차 - 정면충돌,안전운전불이행,건조,맑음,교차로 - 교차로안,원동기,남,36세,부상신고,승용,남,52세,상해없음
2015091500100294,2015년 9월 15일 12시,화요일,대구광역시 달서구 송현동,부상신고사고,0,0,0,1,차대차 - 기타,안전운전불이행,건조,맑음,교차로 - 교차로부근,원동기,남,23세,부상신고,승용,여,50세,상해없음
2015091500100375,2015년 9월 15일 14시,화요일,대구광역시 동구 신암동,부상신고사고,0,0,0,1,차대차 - 기타,안전운전불이행,건조,맑음,단일로 - 기타,승용,남,84세,부상신고,승합,남,57세,상해없음
2015091500100419,2015년 9월 15일 15시,화요일,대구광역시 남구 대명동,부상신고사고,0,0,0,1,차대차 - 기타,안전운전불이행,건조,맑음,단일로 - 기타,자전거,남,71세,부상신고,승합,남,42세,상해없음
2015091500100420,2015년 9월 15일 15시,화요일,대구광역시 수성구 중동,경상사고,0,0,1,0,차대사람 - 횡단중,보행자보호의무위반,건조,맑음,단일로 - 기타,승합,기타불명,기타불명,기타불명,보행자,남,83세,경상
2015091500100421,2015년 9월 15일 15시,화요일,대구광역시 달서구 성당동,부상신고사고,0,0,0,1,차대사람 - 기타,안전운전불이행,건조,맑음,단일로 - 기타,승용,기타불명,기타불명,기타불명,보행자,남,52세,부상신고
2015091500100457,2015년 9월 15일 16시,화요일,대구광역시 북구 복현동,중상사고,0,1,0,0,차량단독 - 기타,안전운전불이행,건조,맑음,단일로 - 기타,승합,남,60세,상해없음,,,,
2015091500100509,2015년 9월 15일 17시,화요일,대구광역시 남구 봉덕동,경상사고,0,0,1,0,차대차 - 측면직각충돌,안전운전불이행,건조,맑음,단일로 - 기타,이륜,남,26세,경상,승용,남,44세,상해없음
2015091500100510,2015년 9월 15일 17시,화요일,대구광역시 수성구 만촌동,부상신고사고,0,0,0,1,차대차 - 측면직각충돌,안전운전불이행,건조,맑음,단일로 - 기타,이륜,남,17세,부상신고,승용,남,36세,상해없음
2015091500100511,2015년 9월 15일 17시,화요일,대구광역시 북구 칠성동1가,경상사고,0,0,1,0,차대차 - 측면직각충돌,신호위반,건조,맑음,교차로 - 교차로안,승용,여,53세,상해없음,이륜,여,31세,경상
2015091500100554,2015년 9월 15일 18시,화요일,대구광역시 남구 대명동,경상사고,0,0,1,0,차대차 - 기타,안전거리미확보,건조,맑음,단일로 - 기타,승용,남,52세,상해없음,승용,남,36세,경상
2015091500100555,2015년 9월 15일 18시,화요일,대구광역시 수성구 상동,경상사고,0,0,2,0,차대차 - 측면직각충돌,교차로운행방법위반,건조,맑음,교차로 - 교차로안,승용,남,59세,경상,승용,남,46세,경상
2015091500100556,2015년 9월 15일 18시,화요일,대구광역시 달서구 두류동,부상신고사고,0,0,0,1,차대차 - 측면직각충돌,안전운전불이행,건조,맑음,단일로 - 기타,자전거,남,64세,부상신고,승합,남,44세,상해없음
2015091500100637,2015년 9월 15일 20시,화요일,대구광역시 달서구 송현동,경상사고,0,0,1,1,차대차 - 정면충돌,안전운전불이행,건조,맑음,단일로 - 기타,승용,남,35세,부상신고,이륜,남,19세,경상
2015091500100707,2015년 9월 15일 22시,화요일,대구광역시 수성구 범물동,경상사고,0,0,1,0,차대사람 - 횡단중,안전운전불이행,건조,맑음,단일로 - 횡단보도상,승용,남,56세,상해없음,보행자,여,54세,경상
2015091500100708,2015년 9월 15일 22시,화요일,대구광역시 달서구 용산동,경상사고,0,0,1,0,차대차 - 기타,기타,건조,맑음,단일로 - 기타,승용,남,49세,상해없음,자전거,남,17세,경상
2015091500100709,2015년 9월 15일 22시,화요일,대구광역시 북구 태전동,부상신고사고,0,0,0,1,차량단독 - 전도전복,안전운전불이행,건조,맑음,단일로 - 기타,이륜,남,18세,부상신고,,,,
2015091500100730,2015년 9월 15일 23시,화요일,대구광역시 동구 용계동,중상사고,0,1,1,0,차대차 - 측면직각충돌,안전거리미확보,건조,맑음,단일로 - 기타,이륜,남,19세,중상,승용,남,65세,경상
2015091600100020,2015년 9월 16일 00시,수요일,대구광역시 중구 남산동,중상사고,0,1,0,0,차대사람 - 횡단중,안전운전불이행,건조,맑음,단일로 - 기타,승용,남,38세,상해없음,보행자,여,25세,중상
2015091600100032,2015년 9월 16일 01시,수요일,대구광역시 중구 삼덕동2가,경상사고,0,0,1,0,차대차 - 추돌 - 주정차중,안전운전불이행,건조,맑음,교차로 - 교차로부근,승용,여,41세,상해없음,승용,남,30세,경상
2015091600100054,2015년 9월 16일 04시,수요일,대구광역시 수성구 지산동,중상사고,0,1,0,0,차대사람 - 횡단중,안전운전불이행,건조,맑음,단일로 - 횡단보도상,화물,남,44세,상해없음,보행자,여,22세,중상
2015091600100083,2015년 9월 16일 06시,수요일,대구광역시 달서구 본동,경상사고,0,0,2,0,차대차 - 추돌 - 주정차중,안전운전불이행,건조,맑음,교차로 - 교차로부근,승용,남,28세,상해없음,화물,남,49세,경상
2015091600100103,2015년 9월 16일 07시,수요일,대구광역시 달서구 월성동,경상사고,0,0,1,0,차대차 - 측면직각충돌,안전운전불이행,건조,맑음,교차로 - 교차로안,승용,여,54세,상해없음,자전거,남,41세,경상
2015091600100156,2015년 9월 16일 08시,수요일,대구광역시 수성구 지산동,중상사고,0,1,0,0,차대차 - 추돌 - 주정차중,안전운전불이행,건조,맑음,단일로 - 기타,승용,여,61세,상해없음,승용,남,64세,중상
2015091600100157,2015년 9월 16일 08시,수요일,대구광역시 달서구 두류동,중상사고,0,1,2,0,차대차 - 측면직각충돌,안전거리미확보,건조,맑음,단일로 - 기타,승용,남,75세,상해없음,승용,남,53세,경상
2015091600100158,2015년 9월 16일 08시,수요일,대구광역시 달서구 성당동,부상신고사고,0,0,0,1,차대차 - 기타,신호위반,건조,맑음,교차로 - 교차로안,승용,여,63세,기타불명,승용,여,33세,부상신고
2015091600100191,2015년 9월 16일 09시,수요일,대구광역시 달서구 본리동,중상사고,0,1,0,0,차대차 - 추돌 - 진행중,중앙선침범,건조,맑음,단일로 - 기타,승용,남,66세,상해없음,승용,남,19세,중상
2015091600100243,2015년 9월 16일 10시,수요일,대구광역시 북구 노원동3가,경상사고,0,0,2,0,차대차 - 기타,안전운전불이행,건조,맑음,단일로 - 기타,승용,남,21세,상해없음,승용,남,66세,경상
2015091600100273,2015년 9월 16일 11시,수요일,대구광역시 수성구 만촌동,경상사고,0,0,1,0,차대차 - 측면직각충돌,안전거리미확보,건조,맑음,교차로 - 교차로부근,화물,남,37세,상해없음,승합,남,61세,상해없음
2015091600100274,2015년 9월 16일 11시,수요일,대구광역시 수성구 만촌동,경상사고,0,0,1,0,차대차 - 추돌 - 진행중,안전운전불이행,건조,맑음,교차로 - 교차로부근,승용,여,50세,상해없음,화물,남,28세,경상
2015091600100304,2015년 9월 16일 12시,수요일,대구광역시 달성군 논공읍,경상사고,0,0,1,0,차대차 - 추돌 - 진행중,신호위반,건조,맑음,교차로 - 교차로안,승용,여,49세,상해없음,승합,여,51세,경상
2015091600100305,2015년 9월 16일 12시,수요일,대구광역시 북구 고성동3가,중상사고,0,1,0,0,차대차 - 측면직각충돌,안전거리미확보,건조,맑음,단일로 - 기타,승용,남,51세,상해없음,원동기,남,19세,중상
2015091600100333,2015년 9월 16일 13시,수요일,대구광역시 북구 동천동,경상사고,0,0,1,0,차대사람 - 횡단중,보행자보호의무위반,건조,맑음,단일로 - 횡단보도상,이륜,남,54세,상해없음,보행자,남,7세,경상
2015091600100401,2015년 9월 16일 15시,수요일,대구광역시 동구 신암동,부상신고사고,0,0,0,1,차대사람 - 기타,안전운전불이행,건조,맑음,단일로 - 기타,건설기계,남,62세,상해없음,보행자,남,63세,부상신고
2015091600100437,2015년 9월 16일 16시,수요일,대구광역시 수성구 황금동,경상사고,0,0,1,0,차대차 - 추돌 - 진행중,안전운전불이행,건조,맑음,교차로 - 교차로안,이륜,남,17세,상해없음,승용,남,34세,경상
2015091600100438,2015년 9월 16일 16시,수요일,대구광역시 수성구 범어동,중상사고,0,1,0,0,차대차 - 정면충돌,안전운전불이행,건조,흐림,단일로 - 기타,승용,여,29세,상해없음,원동기,남,55세,중상
2015091600100439,2015년 9월 16일 16시,수요일,대구광역시 달서구 본리동,부상신고사고,0,0,0,1,차대차 - 추돌 - 진행중,안전운전불이행,건조,맑음,단일로 - 기타,자전거,남,73세,부상신고,승용,여,42세,상해없음
2015091600100478,2015년 9월 16일 17시,수요일,대구광역시 동구 지묘동,중상사고,0,1,0,0,차대사람 - 횡단중,보행자보호의무위반,건조,맑음,단일로 - 기타,승용,여,35세,상해없음,보행자,남,7세,중상
2015091600100479,2015년 9월 16일 17시,수요일,대구광역시 달서구 상인동,중상사고,0,1,0,0,차대차 - 추돌 - 진행중,안전운전불이행,건조,맑음,단일로 - 기타,화물,남,44세,상해없음,자전거,남,12세,중상
2015091600100480,2015년 9월 16일 17시,수요일,대구광역시 달서구 장기동,부상신고사고,0,0,0,1,차대차 - 추돌 - 진행중,안전운전불이행,건조,흐림,단일로 - 기타,자전거,여,12세,부상신고,승용,남,55세,상해없음
2015091600100522,2015년 9월 16일 18시,수요일,대구광역시 남구 대명동,경상사고,0,0,1,0,차대차 - 기타,안전거리미확보,건조,맑음,단일로 - 기타,승용,남,62세,상해없음,원동기,남,16세,경상
2015091600100523,2015년 9월 16일 18시,수요일,대구광역시 수성구 대흥동,경상사고,0,0,2,0,차대차 - 기타,안전거리미확보,건조,맑음,교차로 - 교차로부근,화물,남,51세,상해없음,승용,남,42세,상해없음
2015091600100524,2015년 9월 16일 18시,수요일,대구광역시 달서구 대천동,경상사고,0,0,2,0,차대차 - 추돌 - 진행중,안전운전불이행,건조,맑음,단일로 - 기타,화물,남,36세,상해없음,승용,여,47세,경상
2015091600100579,2015년 9월 16일 19시,수요일,대구광역시 달성군 다사읍,경상사고,0,0,1,0,차대차 - 추돌 - 진행중,안전운전불이행,건조,맑음,교차로 - 교차로안,이륜,남,25세,경상,승용,남,56세,상해없음
2015091600100580,2015년 9월 16일 19시,수요일,대구광역시 서구 평리동,경상사고,0,0,3,0,차대차 - 추돌 - 진행중,안전운전불이행,건조,맑음,교차로 - 교차로부근,화물,남,40세,상해없음,화물,남,35세,경상
2015091600100581,2015년 9월 16일 19시,수요일,대구광역시 중구 덕산동,부상신고사고,0,0,0,1,차대차 - 정면충돌,중앙선침범,건조,맑음,단일로 - 기타,자전거,남,14세,부상신고,이륜,여,46세,상해없음
2015091600100582,2015년 9월 16일 19시,수요일,대구광역시 북구 매천동,중상사고,0,1,0,1,차대사람 - 보도통행중,보행자보호의무위반,건조,맑음,단일로 - 횡단보도상,이륜,남,64세,부상신고,보행자,여,48세,중상
2015091600100615,2015년 9월 16일 20시,수요일,대구광역시 남구 대명동,중상사고,0,1,0,0,차대사람 - 기타,안전운전불이행,건조,맑음,교차로 - 교차로안,승용,남,59세,상해없음,보행자,여,76세,중상
2015091600100616,2015년 9월 16일 20시,수요일,대구광역시 수성구 수성동1가,경상사고,0,0,1,0,차대차 - 기타,기타,건조,맑음,단일로 - 기타,승용,여,58세,상해없음,자전거,남,18세,경상
2015091600100617,2015년 9월 16일 20시,수요일,대구광역시 수성구 만촌동,경상사고,0,0,1,0,차대차 - 측면직각충돌,교차로운행방법위반,건조,맑음,교차로 - 교차로안,승용,남,20세,상해없음,이륜,남,36세,경상
2015091600100618,2015년 9월 16일 20시,수요일,대구광역시 북구 매천동,경상사고,0,0,7,0,차대차 - 측면직각충돌,신호위반,건조,맑음,교차로 - 교차로안,승용,여,43세,상해없음,승합,여,61세,경상
2015091600100658,2015년 9월 16일 21시,수요일,대구광역시 수성구 신매동,부상신고사고,0,0,0,1,차대차 - 기타,안전운전불이행,건조,맑음,단일로 - 기타,자전거,남,62세,부상신고,승용,여,49세,상해없음
2015091600100659,2015년 9월 16일 21시,수요일,대구광역시 달서구 이곡동,경상사고,0,0,1,0,차대차 - 측면직각충돌,안전거리미확보,건조,맑음,단일로 - 기타,승용,여,47세,상해없음,이륜,남,25세,경상
2015091600100709,2015년 9월 16일 22시,수요일,대구광역시 동구 검사동,중상사고,0,1,0,0,차대차 - 기타,신호위반,건조,맑음,교차로 - 교차로안,이륜,남,36세,중상,승용,남,33세,상해없음
2015091600100710,2015년 9월 16일 22시,수요일,대구광역시 중구 북성로1가,경상사고,0,0,1,0,차대차 - 기타,교차로운행방법위반,건조,맑음,교차로 - 교차로안,승용,남,42세,상해없음,이륜,남,23세,경상
2015091700100023,2015년 9월 17일 00시,목요일,대구광역시 서구 내당동,중상사고,0,1,3,0,차대차 - 추돌 - 주정차중,안전거리미확보,습기,흐림,교차로 - 교차로부근,승용,여,43세,상해없음,승용,남,48세,경상
2015091700100038,2015년 9월 17일 01시,목요일,대구광역시 달서구 신당동,중상사고,0,1,0,0,차대차 - 추돌 - 주정차중,안전운전불이행,습기,비,교차로 - 교차로부근,이륜,남,23세,중상,승용,남,30세,기타불명
2015091700100039,2015년 9월 17일 01시,목요일,대구광역시 북구 구암동,경상사고,0,0,2,0,차대차 - 기타,안전운전불이행,건조,맑음,단일로 - 기타,승용,남,67세,상해없음,승용,남,47세,경상
2015091700100070,2015년 9월 17일 04시,목요일,대구광역시 수성구 범어동,경상사고,0,0,2,0,차량단독 - 공작물충돌,안전운전불이행,습기,비,단일로 - 기타,승용,남,59세,기타불명,,,,
2015091700100071,2015년 9월 17일 04시,목요일,대구광역시 달서구 유천동,경상사고,0,0,1,0,차대차 - 추돌 - 주정차중,안전운전불이행,습기,비,교차로 - 교차로부근,승용,여,49세,상해없음,승용,남,28세,경상
2015091700100086,2015년 9월 17일 05시,목요일,대구광역시 북구 침산동,중상사고,0,1,0,0,차대차 - 측면직각충돌,신호위반,습기,비,교차로 - 교차로안,화물,남,47세,상해없음,승용,남,73세,중상
2015091700100087,2015년 9월 17일 05시,목요일,대구광역시 서구 비산동,중상사고,0,1,0,0,차대사람 - 횡단중,안전운전불이행,습기,비,단일로 - 기타,이륜,남,62세,상해없음,보행자,남,87세,중상
2015091700100088,2015년 9월 17일 05시,목요일,대구광역시 중구 봉산동,중상사고,0,2,0,0,차대차 - 측면직각충돌,신호위반,건조,맑음,교차로 - 교차로안,승용,남,20세,상해없음,승용,남,47세,중상
2015091700100136,2015년 9월 17일 07시,목요일,대구광역시 서구 비산동,경상사고,0,0,2,0,차대차 - 측면직각충돌,안전거리미확보,건조,맑음,단일로 - 기타,승용,남,68세,상해없음,승용,남,55세,경상
2015091700100195,2015년 9월 17일 08시,목요일,대구광역시 동구 신천동,경상사고,0,0,1,0,차대차 - 기타,신호위반,습기,비,단일로 - 기타,승용,여,37세,상해없음,승용,남,28세,경상
2015091700100196,2015년 9월 17일 08시,목요일,대구광역시 동구 신암동,경상사고,0,0,1,0,차대차 - 측면직각충돌,신호위반,습기,비,교차로 - 교차로안,승용,여,49세,상해없음,이륜,남,34세,경상
2015091700100197,2015년 9월 17일 08시,목요일,대구광역시 달서구 송현동,중상사고,0,1,0,0,차대사람 - 횡단중,보행자보호의무위반,습기,비,단일로 - 횡단보도상,승용,여,36세,상해없음,보행자,여,45세,중상
2015091700100198,2015년 9월 17일 08시,목요일,대구광역시 달성군 현풍면,중상사고,0,1,0,0,차대차 - 추돌 - 진행중,안전운전불이행,건조,맑음,교차로 - 교차로안,승용,여,38세,상해없음,원동기,남,53세,중상
2015091700100199,2015년 9월 17일 08시,목요일,대구광역시 서구 비산동,부상신고사고,0,0,0,1,차대차 - 기타,안전운전불이행,습기,비,단일로 - 기타,이륜,남,25세,부상신고,승용,여,56세,상해없음
2015091700100200,2015년 9월 17일 08시,목요일,대구광역시 달서구 파호동,중상사고,0,2,0,0,차대차 - 기타,교차로운행방법위반,습기,흐림,교차로 - 교차로안,승용,남,64세,기타불명,승용,남,54세,중상
2015091700100234,2015년 9월 17일 09시,목요일,대구광역시 달서구 용산동,중상사고,0,1,0,0,차대차 - 기타,안전운전불이행,건조,맑음,단일로 - 기타,승용,여,24세,상해없음,원동기,남,33세,중상
2015091700100235,2015년 9월 17일 09시,목요일,대구광역시 북구 관음동,경상사고,0,0,3,0,차대차 - 기타,안전운전불이행,건조,맑음,기타 - 기타,승용,여,45세,경상,승합,남,48세,경상
2015091700100271,2015년 9월 17일 10시,목요일,대구광역시 동구 효목동,경상사고,0,0,4,0,차대차 - 측면직각충돌,안전거리미확보,건조,맑음,단일로 - 교량,승용,여,55세,경상,승용,여,33세,경상
2015091700100310,2015년 9월 17일 11시,목요일,대구광역시 동구 입석동,중상사고,0,1,0,0,차대차 - 기타,안전거리미확보,습기,비,교차로 - 교차로부근,승용,기타불명,기타불명,기타불명,이륜,남,52세,중상
2015091700100311,2015년 9월 17일 11시,목요일,대구광역시 동구 검사동,경상사고,0,0,1,0,차대사람 - 기타,안전운전불이행,습기,비,단일로 - 기타,승합,여,65세,상해없음,보행자,여,22세,경상
2015091700100312,2015년 9월 17일 11시,목요일,대구광역시 달서구 상인동,부상신고사고,0,0,0,1,차대차 - 기타,교차로운행방법위반,건조,맑음,교차로 - 교차로안,화물,남,41세,상해없음,이륜,남,73세,부상신고
2015091700100313,2015년 9월 17일 11시,목요일,대구광역시 달서구 이곡동,경상사고,0,0,1,0,차대사람 - 기타,안전운전불이행,건조,맑음,단일로 - 기타,자전거,남,55세,상해없음,보행자,남,67세,경상
2015091700100341,2015년 9월 17일 12시,목요일,대구광역시 달서구 송현동,경상사고,0,0,1,0,차대차 - 기타,안전거리미확보,습기,흐림,단일로 - 기타,승용,여,32세,상해없음,이륜,남,30세,경상