사고번호,사고일시,요일,시군구,사고내용,사망자수,중상자수,경상자수,부상신고자수,사고유형,법규위반,노면상태,기상상태,도로형태,가해운전자 차종,가해운전자 성별,가해운전자 연령,가해운전자 상해정도,피해운전자 차종,피해운전자 성별,피해운전자 연령,피해운전자 상해정도
2015091700100376,2015년 9월 17일 13시,목요일,대구광역시 달서구 도원동,경상사고,0,0,1,0,차대차 - 기타,안전운전불이행,습기,비,교차로 - 교차로안,승용,남,59세,상해없음,승용,남,64세,경상
2015091700100406,2015년 9월 17일 14시,목요일,대구광역시 남구 대명동,경상사고,0,0,1,0,차대사람 - 기타,안전운전불이행,건조,맑음,교차로 - 교차로부근,기타불명,기타불명,기타불명,기타불명,보행자,여,53세,경상
2015091700100407,2015년 9월 17일 14시,목요일,대구광역시 달성군 옥포면,경상사고,0,0,1,0,차대차 - 측면직각충돌,신호위반,건조,맑음,교차로 - 교차로안,승합,남,45세,상해없음,화물,남,53세,경상
2015091700100408,2015년 9월 17일 14시,목요일,대구광역시 달성군 화원읍,중상사고,0,1,0,0,차대차 - 측면직각충돌,안전운전불이행,건조,맑음,단일로 - 기타,화물,남,53세,상해없음,이륜,남,42세,중상
2015091700100439,2015년 9월 17일 15시,목요일,대구광역시 남구 대명동,경상사고,0,0,1,0,차대차 - 기타,안전운전불이행,건조,맑음,교차로 - 교차로부근,화물,남,40세,상해없음,승용,남,36세,경상
2015091700100440,2015년 9월 17일 15시,목요일,대구광역시 달성군 화원읍,중상사고,0,1,0,0,차대차 - 측면직각충돌,안전운전불이행,건조,맑음,교차로 - 교차로안,승용,남,64세,상해없음,승용,여,57세,중상
2015091700100441,2015년 9월 17일 15시,목요일,대구광역시 북구 산격동,경상사고,0,0,1,0,차대차 - 추돌 - 주정차중,안전운전불이행,건조,맑음,교차로 - 교차로부근,승합,남,54세,상해없음,승용,남,51세,상해없음
2015091700100442,2015년 9월 17일 15시,목요일,대구광역시 중구 남산동,부상신고사고,0,0,0,1,차대차 - 측면직각충돌,불법유턴,건조,흐림,단일로 - 횡단보도상,이륜,남,70세,부상신고,승용,여,54세,상해없음
2015091700100443,2015년 9월 17일 15시,목요일,대구광역시 중구 동인동1가,경상사고,0,0,1,0,차대차 - 기타,안전운전불이행,습기,비,단일로 - 기타,승용,남,64세,상해없음,이륜,남,50세,경상
2015091700100483,2015년 9월 17일 16시,목요일,대구광역시 남구 대명동,경상사고,0,0,1,0,차대사람 - 기타,안전운전불이행,습기,맑음,단일로 - 기타,승용,남,42세,상해없음,보행자,여,17세,경상
2015091700100484,2015년 9월 17일 16시,목요일,대구광역시 동구 신암동,경상사고,0,0,1,0,차대사람 - 보도통행중,보행자보호의무위반,건조,맑음,교차로 - 교차로부근,승용,남,48세,상해없음,보행자,여,50세,경상
2015091700100526,2015년 9월 17일 17시,목요일,대구광역시 남구 대명동,경상사고,0,0,1,0,차대사람 - 기타,안전운전불이행,건조,흐림,단일로 - 기타,승용,여,69세,상해없음,보행자,여,6세,경상
2015091700100527,2015년 9월 17일 17시,목요일,대구광역시 수성구 범어동,경상사고,0,0,1,0,차대사람 - 길가장자리구역통행중,안전운전불이행,습기,비,단일로 - 기타,승용,남,65세,상해없음,보행자,남,29세,경상
2015091700100528,2015년 9월 17일 17시,목요일,대구광역시 달성군 다사읍,경상사고,0,0,1,0,차대차 - 측면직각충돌,안전운전불이행,건조,맑음,단일로 - 기타,승용,남,38세,상해없음,자전거,남,9세,경상
2015091700100529,2015년 9월 17일 17시,목요일,대구광역시 서구 내당동,경상사고,0,0,1,0,차대사람 - 횡단중,안전운전불이행,습기,맑음,단일로 - 기타,승용,여,30세,상해없음,보행자,남,5세,경상
2015091700100530,2015년 9월 17일 17시,목요일,대구광역시 서구 내당동,경상사고,0,0,1,0,차대사람 - 길가장자리구역통행중,안전운전불이행,건조,흐림,단일로 - 기타,승용,여,48세,상해없음,보행자,남,51세,경상
2015091700100584,2015년 9월 17일 18시,목요일,대구광역시 동구 신천동,경상사고,0,0,1,0,차대차 - 추돌 - 주정차중,안전거리미확보,습기,비,단일로 - 기타,승용,남,51세,상해없음,승용,남,29세,경상
2015091700100585,2015년 9월 17일 18시,목요일,대구광역시 달서구 월성동,경상사고,0,0,1,0,차대차 - 기타,안전거리미확보,건조,맑음,단일로 - 기타,화물,남,61세,기타불명,승용,여,39세,경상
2015091700100586,2015년 9월 17일 18시,목요일,대구광역시 북구 복현동,경상사고,0,0,1,0,차대차 - 추돌 - 주정차중,안전운전불이행,습기,비,단일로 - 기타,승용,남,50세,상해없음,승용,남,49세,경상
2015091700100587,2015년 9월 17일 18시,목요일,대구광역시 서구 내당동,중상사고,0,1,0,0,차대차 - 기타,안전운전불이행,습기,비,단일로 - 기타,승용,남,48세,상해없음,승용,여,32세,중상
2015091700100641,2015년 9월 17일 19시,목요일,대구광역시 동구 각산동,중상사고,0,1,1,0,차대차 - 추돌 - 주정차중,안전운전불이행,습기,비,교차로 - 교차로부근,승용,남,48세,상해없음,승용,남,34세,경상
2015091700100642,2015년 9월 17일 19시,목요일,대구광역시 수성구 시지동,중상사고,0,1,0,0,차대차 - 측면직각충돌,안전운전불이행,습기,비,교차로 - 교차로안,이륜,남,33세,상해없음,자전거,남,69세,중상
2015091700100643,2015년 9월 17일 19시,목요일,대구광역시 달서구 상인동,경상사고,0,0,1,0,차대차 - 기타,안전운전불이행,습기,비,교차로 - 교차로부근,원동기,남,19세,경상,자전거,남,16세,상해없음
2015091700100644,2015년 9월 17일 19시,목요일,대구광역시 북구 칠성동2가,경상사고,0,0,1,0,차대차 - 측면직각충돌,신호위반,습기,비,교차로 - 교차로안,승용,남,63세,상해없음,원동기,남,18세,경상
2015091700100645,2015년 9월 17일 19시,목요일,대구광역시 서구 내당동,경상사고,0,0,2,0,차대차 - 측면직각충돌,교차로운행방법위반,건조,맑음,교차로 - 교차로안,승용,남,62세,경상,승용,남,23세,경상
2015091700100646,2015년 9월 17일 19시,목요일,대구광역시 북구 읍내동,부상신고사고,0,0,0,1,차대차 - 기타,신호위반,건조,흐림,교차로 - 교차로안,이륜,기타불명,기타불명,기타불명,이륜,남,17세,부상신고
2015091700100679,2015년 9월 17일 20시,목요일,대구광역시 동구 방촌동,중상사고,0,1,1,0,차대차 - 추돌 - 진행중,안전거리미확보,습기,비,교차로 - 교차로부근,화물,남,57세,상해없음,승용,여,40세,중상
2015091700100680,2015년 9월 17일 20시,목요일,대구광역시 중구 덕산동,경상사고,0,0,1,0,차대차 - 기타,안전운전불이행,습기,비,교차로 - 교차로부근,승용,남,34세,상해없음,이륜,남,44세,경상
2015091700100713,2015년 9월 17일 21시,목요일,대구광역시 수성구 만촌동,경상사고,0,0,2,0,차대차 - 측면직각충돌,중앙선침범,습기,비,단일로 - 기타,승용,남,50세,상해없음,승용,남,36세,경상
2015091700100714,2015년 9월 17일 21시,목요일,대구광역시 서구 비산동,중상사고,0,1,0,0,차대사람 - 횡단중,안전운전불이행,습기,비,단일로 - 기타,승용,남,47세,상해없음,보행자,남,53세,중상
2015091700100754,2015년 9월 17일 22시,목요일,대구광역시 동구 불로동,중상사고,0,1,0,0,차대사람 - 횡단중,안전운전불이행,습기,흐림,단일로 - 기타,승용,여,43세,상해없음,보행자,여,60세,중상
2015091700100755,2015년 9월 17일 22시,목요일,대구광역시 북구 태전동,중상사고,0,1,0,0,차대사람 - 길가장자리구역통행중,기타,건조,맑음,단일로 - 기타,기타불명,기타불명,기타불명,기타불명,보행자,여,56세,중상
2015091800100015,2015년 9월 18일 00시,금요일,대구광역시 북구 사수동,중상사고,0,2,0,0,차대차 - 측면직각충돌,신호위반,건조,맑음,교차로 - 교차로안,승용,여,54세,상해없음,승용,남,35세,중상
2015091800100054,2015년 9월 18일 03시,금요일,대구광역시 달서구 죽전동,중상사고,0,2,0,0,차대차 - 측면직각충돌,과속,건조,맑음,단일로 - 기타,승용,남,36세,중상,승용,남,51세,중상
2015091800100055,2015년 9월 18일 03시,금요일,대구광역시 북구 태전동,중상사고,0,2,0,0,차대차 - 추돌 - 진행중,신호위반,건조,맑음,교차로 - 교차로안,승용,남,31세,상해없음,승용,남,53세,중상
2015091800100093,2015년 9월 18일 06시,금요일,대구광역시 달성군 다사읍,중상사고,0,1,0,0,차대차 - 측면직각충돌,안전운전불이행,건조,맑음,단일로 - 기타,화물,남,60세,상해없음,승용,남,39세,중상
2015091800100131,2015년 9월 18일 07시,금요일,대구광역시 남구 대명동,중상사고,0,2,1,0,차대차 - 추돌 - 주정차중,안전운전불이행,건조,맑음,단일로 - 기타,승용,남,23세,상해없음,승용,여,50세,중상
2015091800100172,2015년 9월 18일 08시,금요일,대구광역시 수성구 신매동,경상사고,0,0,1,0,차대사람 - 기타,안전운전불이행,건조,맑음,단일로 - 기타,승용,남,59세,상해없음,보행자,여,15세,경상
2015091800100173,2015년 9월 18일 08시,금요일,대구광역시 달성군 논공읍,경상사고,0,0,1,0,차대차 - 추돌 - 진행중,안전운전불이행,건조,맑음,단일로 - 기타,건설기계,남,38세,상해없음,원동기,남,40세,경상
2015091800100174,2015년 9월 18일 08시,금요일,대구광역시 북구 침산동,경상사고,0,0,1,0,차대차 - 측면직각충돌,안전운전불이행,건조,맑음,교차로 - 교차로부근,자전거,남,10세,경상,승용,여,31세,상해없음
2015091800100175,2015년 9월 18일 08시,금요일,대구광역시 달서구 감삼동,경상사고,0,0,2,0,차대차 - 기타,안전거리미확보,건조,맑음,단일로 - 기타,승합,남,36세,상해없음,승합,남,68세,경상
2015091800100219,2015년 9월 18일 09시,금요일,대구광역시 동구 율하동,경상사고,0,0,1,0,차대차 - 기타,중앙선침범,건조,맑음,교차로 - 교차로부근,승용,남,24세,상해없음,승용,여,38세,경상
2015091800100220,2015년 9월 18일 09시,금요일,대구광역시 동구 효목동,경상사고,0,0,1,0,차대사람 - 기타,안전운전불이행,건조,맑음,단일로 - 횡단보도상,화물,남,25세,상해없음,보행자,남,53세,경상
2015091800100221,2015년 9월 18일 09시,금요일,대구광역시 서구 비산동,중상사고,0,1,0,1,차대차 - 기타,교차로운행방법위반,건조,맑음,교차로 - 교차로안,승용,남,62세,부상신고,화물,남,57세,중상
2015091800100222,2015년 9월 18일 09시,금요일,대구광역시 서구 비산동,경상사고,0,0,1,0,차대차 - 추돌 - 주정차중,안전운전불이행,건조,맑음,단일로 - 기타,화물,남,73세,상해없음,승용,남,66세,경상
2015091800100223,2015년 9월 18일 09시,금요일,대구광역시 달서구 이곡동,경상사고,0,0,6,0,차대차 - 추돌 - 진행중,안전거리미확보,건조,맑음,단일로 - 기타,화물,남,51세,상해없음,승합,남,58세,경상
2015091800100258,2015년 9월 18일 10시,금요일,대구광역시 수성구 중동,경상사고,0,0,3,0,차대차 - 기타,안전거리미확보,건조,맑음,교차로 - 교차로부근,승합,남,32세,상해없음,승용,남,36세,경상
2015091800100290,2015년 9월 18일 11시,금요일,대구광역시 동구 지묘동,경상사고,0,0,3,0,차대차 - 기타,안전운전불이행,건조,맑음,교차로 - 교차로부근,승용,여,42세,경상,화물,남,52세,경상
2015091800100291,2015년 9월 18일 11시,금요일,대구광역시 달서구 죽전동,경상사고,0,0,3,0,차대차 - 측면직각충돌,안전거리미확보,건조,맑음,단일로 - 기타,승용,여,52세,상해없음,승용,남,32세,경상
2015091800100326,2015년 9월 18일 12시,금요일,대구광역시 동구 신서동,경상사고,0,0,1,0,차대차 - 기타,안전운전불이행,건조,맑음,교차로 - 교차로부근,승용,여,46세,상해없음,승용,남,61세,상해없음
2015091800100327,2015년 9월 18일 12시,금요일,대구광역시 중구 삼덕동2가,경상사고,0,0,1,0,차대사람 - 길가장자리구역통행중,안전운전불이행,건조,맑음,단일로 - 기타,승용,여,58세,상해없음,보행자,여,25세,경상
2015091800100328,2015년 9월 18일 12시,금요일,대구광역시 북구 동천동,경상사고,0,0,2,0,차대차 - 측면직각충돌,안전운전불이행,건조,맑음,교차로 - 교차로부근,화물,남,47세,경상,승용,남,31세,경상
2015091800100401,2015년 9월 18일 14시,금요일,대구광역시 수성구 수성동1가,경상사고,0,0,1,0,차대차 - 기타,안전운전불이행,건조,맑음,단일로 - 횡단보도상,승합,남,32세,상해없음,자전거,여,46세,경상
2015091800100402,2015년 9월 18일 14시,금요일,대구광역시 달성군 옥포면,경상사고,0,0,1,0,차대차 - 측면직각충돌,안전운전불이행,건조,맑음,교차로 - 교차로부근,승용,남,44세,경상,화물,남,55세,상해없음
2015091800100403,2015년 9월 18일 14시,금요일,대구광역시 북구 태전동,경상사고,0,0,2,0,차대차 - 정면충돌,안전운전불이행,건조,맑음,단일로 - 기타,화물,남,24세,상해없음,승용,남,54세,경상
2015091800100446,2015년 9월 18일 15시,금요일,대구광역시 남구 대명동,중상사고,0,1,0,0,차대차 - 측면직각충돌,교차로운행방법위반,건조,맑음,교차로 - 교차로안,자전거,남,16세,중상,승용,남,53세,상해없음
2015091800100447,2015년 9월 18일 15시,금요일,대구광역시 서구 내당동,경상사고,0,0,1,0,차대차 - 측면직각충돌,안전운전불이행,건조,맑음,단일로 - 횡단보도상,승용,여,64세,상해없음,자전거,남,57세,경상
2015091800100492,2015년 9월 18일 16시,금요일,대구광역시 수성구 범어동,중상사고,0,1,0,0,차대사람 - 기타,안전운전불이행,건조,맑음,단일로 - 횡단보도부근,승용,남,34세,상해없음,보행자,여,71세,중상
2015091800100493,2015년 9월 18일 16시,금요일,대구광역시 수성구 만촌동,경상사고,0,0,1,0,차대차 - 추돌 - 진행중,안전운전불이행,건조,맑음,단일로 - 기타,승용,남,56세,상해없음,승용,남,44세,경상
2015091800100539,2015년 9월 18일 17시,금요일,대구광역시 남구 대명동,경상사고,0,0,1,0,차대차 - 기타,안전운전불이행,건조,맑음,단일로 - 기타,승용,기타불명,기타불명,기타불명,자전거,남,55세,경상
2015091800100540,2015년 9월 18일 17시,금요일,대구광역시 중구 대봉동,경상사고,0,0,1,0,차대차 - 측면직각충돌,안전거리미확보,건조,맑음,단일로 - 기타,승용,여,68세,상해없음,승용,남,54세,경상
2015091800100586,2015년 9월 18일 18시,금요일,대구광역시 수성구 시지동,경상사고,0,0,2,0,차대차 - 기타,기타,건조,맑음,단일로 - 기타,승용,여,40세,상해없음,자전거,남,56세,경상
2015091800100641,2015년 9월 18일 19시,금요일,대구광역시 남구 대명동,경상사고,0,0,1,0,차대차 - 측면직각충돌,교차로운행방법위반,건조,맑음,교차로 - 교차로안,승용,여,69세,상해없음,승용,여,28세,경상
2015091800100642,2015년 9월 18일 19시,금요일,대구광역시 달서구 진천동,경상사고,0,0,1,0,차대사람 - 길가장자리구역통행중,안전운전불이행,건조,맑음,단일로 - 기타,승용,남,56세,상해없음,보행자,남,26세,경상
2015091800100643,2015년 9월 18일 19시,금요일,대구광역시 달서구 월암동,중상사고,0,1,0,0,차대차 - 기타,안전운전불이행,건조,맑음,교차로 - 교차로안,원동기,남,17세,중상,승용,남,46세,상해없음
2015091800100644,2015년 9월 18일 19시,금요일,대구광역시 달서구 진천동,경상사고,0,0,1,0,차대차 - 측면직각충돌,신호위반,건조,맑음,교차로 - 교차로부근,승용,남,68세,상해없음,이륜,남,22세,경상
2015091800100645,2015년 9월 18일 19시,금요일,대구광역시 서구 이현동,경상사고,0,0,1,0,차대차 - 기타,안전운전불이행,건조,맑음,단일로 - 기타,화물,남,49세,상해없음,승용,남,56세,경상
2015091800100646,2015년 9월 18일 19시,금요일,대구광역시 중구 삼덕동2가,경상사고,0,0,1,0,차대사람 - 길가장자리구역통행중,안전운전불이행,건조,맑음,단일로 - 기타,승용,남,29세,상해없음,보행자,여,19세,경상
2015091800100647,2015년 9월 18일 19시,금요일,대구광역시 중구 삼덕동2가,경상사고,0,0,1,0,차대차 - 추돌 - 진행중,안전거리미확보,습기,비,단일로 - 기타,승용,여,36세,상해없음,화물,남,41세,상해없음
2015091800100648,2015년 9월 18일 19시,금요일,대구광역시 북구 읍내동,경상사고,0,0,2,0,차대차 - 측면직각충돌,안전운전불이행,습기,비,교차로 - 교차로안,승용,여,51세,상해없음,승용,남,53세,경상
2015091800100706,2015년 9월 18일 20시,금요일,대구광역시 서구 내당동,경상사고,0,0,1,0,차대차 - 측면직각충돌,안전거리미확보,건조,맑음,단일로 - 기타,승용,여,51세,상해없음,원동기,남,46세,경상
2015091800100707,2015년 9월 18일 20시,금요일,대구광역시 달서구 성당동,경상사고,0,0,1,0,차대사람 - 기타,보행자보호의무위반,건조,맑음,교차로 - 교차로부근,승용,남,60세,상해없음,보행자,남,60세,경상
2015091800100708,2015년 9월 18일 20시,금요일,대구광역시 달서구 본리동,경상사고,0,0,2,0,차대차 - 측면직각충돌,교차로운행방법위반,건조,흐림,교차로 - 교차로안,승용,남,24세,상해없음,이륜,남,16세,경상
2015091800100709,2015년 9월 18일 20시,금요일,대구광역시 북구 읍내동,경상사고,0,0,2,0,차대차 - 기타,안전운전불이행,건조,맑음,단일로 - 기타,승용,남,40세,상해없음,승용,남,31세,경상
2015091800100746,2015년 9월 18일 21시,금요일,대구광역시 달서구 갈산동,중상사고,0,1,1,0,차대차 - 기타,신호위반,건조,맑음,교차로 - 교차로안,승용,남,32세,상해없음,화물,남,43세,중상
2015091800100747,2015년 9월 18일 21시,금요일,대구광역시 북구 태전동,중상사고,0,2,0,0,차대차 - 추돌 - 주정차중,안전운전불이행,건조,맑음,단일로 - 기타,승용,남,26세,상해없음,승용,남,40세,상해없음
2015091800100784,2015년 9월 18일 22시,금요일,대구광역시 동구 방촌동,부상신고사고,0,0,0,1,차대사람 - 차도통행중,안전운전불이행,건조,맑음,단일로 - 기타,승용,여,60세,상해없음,보행자,남,19세,부상신고
2015091800100785,2015년 9월 18일 22시,금요일,대구광역시 달성군 다사읍,경상사고,0,0,1,0,차대차 - 기타,중앙선침범,건조,맑음,단일로 - 기타,기타불명,기타불명,기타불명,기타불명,이륜,남,25세,경상
2015091800100786,2015년 9월 18일 22시,금요일,대구광역시 서구 내당동,중상사고,0,4,1,0,차대차 - 정면충돌,중앙선침범,건조,맑음,교차로 - 교차로부근,승용,남,44세,상해없음,승용,여,60세,경상
2015091800100823,2015년 9월 18일 23시,금요일,대구광역시 달서구 진천동,경상사고,0,0,1,0,차대사람 - 기타,안전운전불이행,건조,맑음,단일로 - 기타,승용,기타불명,기타불명,기타불명,보행자,남,52세,경상
2015091900100045,2015년 9월 19일 01시,토요일,대구광역시 동구 신서동,중상사고,0,1,0,0,차대사람 - 보도통행중,기타,건조,맑음,단일로 - 기타,이륜,남,28세,상해없음,보행자,남,43세,중상
2015091900100046,2015년 9월 19일 01시,토요일,대구광역시 수성구 만촌동,경상사고,0,0,2,0,차대차 - 추돌 - 주정차중,안전운전불이행,건조,맑음,교차로 - 교차로부근,승용,남,41세,상해없음,승용,남,53세,경상
2015091900100047,2015년 9월 19일 01시,토요일,대구광역시 달서구 본동,부상신고사고,0,0,0,1,차대차 - 추돌 - 주정차중,안전운전불이행,건조,맑음,교차로 - 교차로부근,승용,남,47세,상해없음,승용,남,46세,부상신고
2015091900100048,2015년 9월 19일 01시,토요일,대구광역시 서구 평리동,중상사고,0,1,0,0,차대사람 - 횡단중,신호위반,건조,맑음,단일로 - 횡단보도상,승용,남,74세,상해없음,보행자,남,40세,중상
2015091900100067,2015년 9월 19일 02시,토요일,대구광역시 북구 태전동,중상사고,0,2,3,0,차대차 - 추돌 - 진행중,안전운전불이행,건조,맑음,단일로 - 기타,승합,남,45세,상해없음,승합,남,41세,경상
2015091900100080,2015년 9월 19일 03시,토요일,대구광역시 중구 삼덕동1가,경상사고,0,0,2,0,차대차 - 측면직각충돌,불법유턴,건조,맑음,단일로 - 기타,승용,남,29세,상해없음,승용,남,73세,상해없음
2015091900100081,2015년 9월 19일 03시,토요일,대구광역시 중구 삼덕동2가,경상사고,0,0,1,0,차량단독 - 기타,안전운전불이행,건조,맑음,단일로 - 기타,승용,남,51세,상해없음,,,,
2015091900100114,2015년 9월 19일 05시,토요일,대구광역시 남구 대명동,중상사고,0,1,0,0,차대차 - 기타,안전운전불이행,건조,맑음,단일로 - 기타,이륜,남,27세,중상,승용,남,50세,기타불명
2015091900100115,2015년 9월 19일 05시,토요일,대구광역시 동구 신암동,중상사고,0,1,3,3,차대차 - 추돌 - 진행중,안전운전불이행,건조,맑음,단일로 - 기타,승용,남,17세,부상신고,승용,남,58세,중상
2015091900100116,2015년 9월 19일 05시,토요일,대구광역시 수성구 수성동1가,중상사고,0,1,0,0,차대사람 - 길가장자리구역통행중,안전운전불이행,건조,맑음,단일로 - 기타,승용,남,25세,상해없음,보행자,남,76세,중상
2015091900100117,2015년 9월 19일 05시,토요일,대구광역시 수성구 범물동,경상사고,0,0,1,0,차대사람 - 길가장자리구역통행중,안전운전불이행,건조,맑음,교차로 - 교차로부근,승용,여,39세,상해없음,보행자,남,20세,경상
2015091900100189,2015년 9월 19일 08시,토요일,대구광역시 달서구 대천동,경상사고,0,0,1,0,차대차 - 측면직각충돌,안전운전불이행,건조,맑음,교차로 - 교차로안,승용,여,50세,상해없음,이륜,남,22세,경상
2015091900100249,2015년 9월 19일 10시,토요일,대구광역시 달성군 다사읍,경상사고,0,0,1,0,차대차 - 추돌 - 진행중,안전운전불이행,건조,맑음,단일로 - 기타,승용,남,36세,상해없음,승용,여,38세,경상
2015091900100250,2015년 9월 19일 10시,토요일,대구광역시 중구 삼덕동1가,경상사고,0,0,1,0,차대차 - 추돌 - 진행중,안전운전불이행,건조,맑음,단일로 - 기타,승용,남,46세,상해없음,승용,여,28세,경상
2015091900100292,2015년 9월 19일 11시,토요일,대구광역시 수성구 두산동,중상사고,0,1,0,0,차대사람 - 기타,안전운전불이행,건조,맑음,단일로 - 기타,승용,남,38세,기타불명,보행자,남,67세,중상
2015091900100333,2015년 9월 19일 12시,토요일,대구광역시 북구 칠성동1가,중상사고,0,1,0,0,차대차 - 기타,중앙선침범,건조,맑음,교차로 - 교차로부근,이륜,남,66세,중상,승용,여,40세,상해없음
2015091900100372,2015년 9월 19일 13시,토요일,대구광역시 동구 지묘동,경상사고,0,0,1,0,차대차 - 추돌 - 진행중,안전운전불이행,건조,맑음,교차로 - 교차로안,승용,여,36세,상해없음,승용,남,66세,경상
2015091900100373,2015년 9월 19일 13시,토요일,대구광역시 북구 노원동2가,중상사고,0,1,0,0,차대차 - 기타,안전운전불이행,건조,맑음,단일로 - 기타,승용,여,57세,상해없음,화물,여,53세,중상
2015091900100374,2015년 9월 19일 13시,토요일,대구광역시 서구 평리동,경상사고,0,0,1,0,차대사람 - 길가장자리구역통행중,안전운전불이행,건조,맑음,단일로 - 기타,기타불명,기타불명,기타불명,기타불명,보행자,여,57세,경상
2015091900100375,2015년 9월 19일 13시,토요일,대구광역시 달서구 성당동,중상사고,0,1,0,0,차대차 - 기타,차로위반,건조,맑음,단일로 - 기타,승용,남,48세,상해없음,이륜,남,60세,중상
2015091900100376,2015년 9월 19일 13시,토요일,대구광역시 달서구 본리동,중상사고,0,1,0,0,차대차 - 기타,안전운전불이행,건조,맑음,단일로 - 기타,승용,여,31세,상해없음,승용,여,36세,상해없음
2015091900100419,2015년 9월 19일 14시,토요일,대구광역시 수성구 신매동,경상사고,0,0,1,0,차대차 - 추돌 - 진행중,안전운전불이행,건조,맑음,단일로 - 기타,승용,남,31세,상해없음,승합,남,56세,상해없음
2015091900100420,2015년 9월 19일 14시,토요일,대구광역시 달서구 대곡동,중상사고,0,1,0,0,차대사람 - 기타,안전운전불이행,건조,맑음,단일로 - 기타,화물,남,42세,상해없음,보행자,여,77세,중상
2015091900100463,2015년 9월 19일 15시,토요일,대구광역시 동구 신암동,중상사고,0,1,0,0,차대차 - 측면직각충돌,안전운전불이행,건조,맑음,단일로 - 기타,승용,남,63세,상해없음,자전거,남,54세,중상
2015091900100465,2015년 9월 19일 15시,토요일,대구광역시 수성구 신매동,경상사고,0,0,6,0,차대차 - 측면직각충돌,안전운전불이행,건조,맑음,단일로 - 기타,승용,여,72세,경상,승용,남,47세,경상
2015091900100504,2015년 9월 19일 16시,토요일,대구광역시 달서구 상인동,경상사고,0,0,1,0,차대사람 - 보도통행중,기타,건조,맑음,단일로 - 기타,승용,남,38세,상해없음,보행자,남,48세,경상
2015091900100505,2015년 9월 19일 16시,토요일,대구광역시 중구 동인동1가,경상사고,0,0,1,0,차대차 - 추돌 - 진행중,안전운전불이행,건조,맑음,교차로 - 교차로부근,승용,남,51세,상해없음,승용,여,38세,경상
2015091900100506,2015년 9월 19일 16시,토요일,대구광역시 달서구 신당동,경상사고,0,0,1,0,차대차 - 측면직각충돌,안전운전불이행,건조,맑음,단일로 - 횡단보도상,승용,남,29세,상해없음,자전거,남,60세,경상
2015091900100507,2015년 9월 19일 16시,토요일,대구광역시 달서구 장기동,경상사고,0,0,3,0,차대차 - 기타,안전운전불이행,건조,맑음,교차로 - 교차로안,승용,여,40세,경상,승용,남,32세,경상
2015091900100553,2015년 9월 19일 17시,토요일,대구광역시 동구 용계동,중상사고,0,1,0,0,차대차 - 추돌 - 진행중,안전거리미확보,건조,맑음,단일로 - 기타,화물,남,45세,상해없음,이륜,남,62세,중상
2015091900100554,2015년 9월 19일 17시,토요일,대구광역시 동구 신암동,경상사고,0,0,1,0,차대사람 - 기타,기타,건조,맑음,단일로 - 기타,이륜,남,31세,상해없음,보행자,남,1세,경상
2015091900100555,2015년 9월 19일 17시,토요일,대구광역시 수성구 범어동,중상사고,0,2,1,0,차대사람 - 기타,안전운전불이행,건조,맑음,단일로 - 기타,승용,여,32세,상해없음,보행자,남,61세,중상
2015091900100556,2015년 9월 19일 17시,토요일,대구광역시 수성구 상동,경상사고,0,0,2,0,차대차 - 추돌 - 진행중,안전운전불이행,건조,맑음,단일로 - 기타,승용,남,57세,상해없음,승용,남,56세,경상
2015091900100557,2015년 9월 19일 17시,토요일,대구광역시 수성구 중동,경상사고,0,0,1,0,차대차 - 추돌 - 진행중,안전운전불이행,건조,맑음,단일로 - 기타,승합,남,47세,상해없음,승용,남,33세,경상
2015091900100601,2015년 9월 19일 18시,토요일,대구광역시 수성구 지산동,경상사고,0,0,2,0,차대차 - 측면직각충돌,안전운전불이행,건조,맑음,교차로 - 교차로부근,승용,남,47세,상해없음,승용,여,33세,경상
2015091900100602,2015년 9월 19일 18시,토요일,대구광역시 수성구 범어동,경상사고,0,0,1,0,차대차 - 기타,안전운전불이행,건조,맑음,단일로 - 기타,자전거,남,40세,경상,승용,남,53세,상해없음
2015091900100661,2015년 9월 19일 19시,토요일,대구광역시 북구 노원동3가,경상사고,0,0,1,0,차대차 - 측면직각충돌,안전운전불이행,건조,맑음,단일로 - 기타,자전거,남,52세,경상,승용,여,53세,상해없음
2015091900100695,2015년 9월 19일 20시,토요일,대구광역시 남구 대명동,경상사고,0,0,2,0,차대차 - 기타,안전운전불이행,건조,맑음,단일로 - 기타,원동기,남,37세,경상,승용,남,40세,경상
2015091900100696,2015년 9월 19일 20시,토요일,대구광역시 북구 복현동,경상사고,0,0,1,0,차대차 - 측면직각충돌,신호위반,건조,맑음,교차로 - 교차로안,승용,여,71세,상해없음,승용,남,57세,경상
2015091900100697,2015년 9월 19일 20시,토요일,대구광역시 서구 비산동,중상사고,0,1,1,1,차대차 - 기타,차로위반,건조,맑음,단일로 - 기타,승용,남,19세,부상신고,승용,남,30세,경상
2015091900100763,2015년 9월 19일 22시,토요일,대구광역시 달서구 감삼동,경상사고,0,0,1,1,차대차 - 측면직각충돌,안전운전불이행,건조,맑음,기타 - 기타,승용,남,28세,상해없음,승용,남,31세,경상
2015091900100798,2015년 9월 19일 23시,토요일,대구광역시 수성구 삼덕동,경상사고,0,0,2,0,차대사람 - 길가장자리구역통행중,안전운전불이행,건조,맑음,단일로 - 기타,승용,남,35세,상해없음,보행자,남,25세,경상