사고번호,사고일시,요일,시군구,사고내용,사망자수,중상자수,경상자수,부상신고자수,사고유형,법규위반,노면상태,기상상태,도로형태,가해운전자 차종,가해운전자 성별,가해운전자 연령,가해운전자 상해정도,피해운전자 차종,피해운전자 성별,피해운전자 연령,피해운전자 상해정도
2015091900100799,2015년 9월 19일 23시,토요일,대구광역시 달서구 감삼동,중상사고,0,1,0,0,차대사람 - 차도통행중,안전운전불이행,건조,맑음,단일로 - 기타,승용,남,60세,상해없음,보행자,남,53세,중상
2015092000100012,2015년 9월 20일 00시,일요일,대구광역시 달성군 다사읍,사망사고,1,1,0,0,차대차 - 추돌 - 진행중,과속,건조,맑음,단일로 - 기타,승용,남,29세,중상,화물,남,48세,상해없음
2015092000100037,2015년 9월 20일 01시,일요일,대구광역시 동구 율하동,경상사고,0,0,1,0,차대차 - 측면직각충돌,안전운전불이행,건조,맑음,단일로 - 기타,승용,남,14세,상해없음,승용,남,23세,경상
2015092000100038,2015년 9월 20일 01시,일요일,대구광역시 동구 율하동,경상사고,0,0,2,0,차대차 - 측면직각충돌,안전운전불이행,건조,맑음,단일로 - 기타,승용,남,14세,상해없음,승용,남,27세,경상
2015092000100059,2015년 9월 20일 03시,일요일,대구광역시 동구 불로동,중상사고,0,2,1,0,차대차 - 기타,안전운전불이행,건조,맑음,단일로 - 기타,승용,남,32세,경상,승합,남,42세,상해없음
2015092000100060,2015년 9월 20일 03시,일요일,대구광역시 중구 공평동,경상사고,0,0,1,0,차대사람 - 길가장자리구역통행중,안전운전불이행,건조,맑음,단일로 - 기타,기타불명,기타불명,기타불명,기타불명,보행자,여,22세,경상
2015092000100087,2015년 9월 20일 05시,일요일,대구광역시 달서구 이곡동,경상사고,0,0,1,0,차대차 - 기타,안전운전불이행,건조,맑음,단일로 - 기타,승용,남,26세,상해없음,승합,남,62세,경상
2015092000100123,2015년 9월 20일 07시,일요일,대구광역시 서구 비산동,중상사고,0,1,0,0,차대차 - 기타,안전운전불이행,건조,맑음,단일로 - 기타,자전거,남,58세,중상,승합,남,56세,상해없음
2015092000100140,2015년 9월 20일 08시,일요일,대구광역시 달서구 송현동,경상사고,0,0,1,0,차대차 - 추돌 - 주정차중,안전운전불이행,건조,맑음,교차로 - 교차로부근,승용,여,53세,상해없음,승용,여,67세,경상
2015092000100141,2015년 9월 20일 08시,일요일,대구광역시 달서구 죽전동,경상사고,0,0,3,0,차대차 - 측면직각충돌,신호위반,건조,맑음,교차로 - 교차로안,승합,남,50세,상해없음,승용,남,23세,경상
2015092000100192,2015년 9월 20일 10시,일요일,대구광역시 동구 검사동,경상사고,0,0,1,0,차대차 - 기타,안전운전불이행,건조,맑음,단일로 - 기타,이륜,남,65세,경상,승용,남,69세,상해없음
2015092000100193,2015년 9월 20일 10시,일요일,대구광역시 달서구 도원동,경상사고,0,0,2,4,차대차 - 기타,직진우회전진행방해,건조,맑음,교차로 - 교차로안,승용,여,34세,부상신고,승용,남,68세,경상
2015092000100251,2015년 9월 20일 12시,일요일,대구광역시 북구 칠성동1가,경상사고,0,0,1,0,차대차 - 기타,안전운전불이행,건조,맑음,단일로 - 기타,자전거,여,55세,상해없음,자전거,남,42세,경상
2015092000100343,2015년 9월 20일 15시,일요일,대구광역시 남구 대명동,중상사고,0,1,0,0,차대사람 - 길가장자리구역통행중,안전운전불이행,건조,맑음,단일로 - 기타,승용,남,50세,상해없음,보행자,여,79세,중상
2015092000100344,2015년 9월 20일 15시,일요일,대구광역시 달서구 상인동,경상사고,0,0,1,0,차대차 - 기타,안전운전불이행,건조,맑음,교차로 - 교차로안,이륜,남,22세,경상,자전거,남,59세,상해없음
2015092000100345,2015년 9월 20일 15시,일요일,대구광역시 서구 평리동,경상사고,0,0,1,0,차대사람 - 기타,안전운전불이행,건조,맑음,교차로 - 교차로안,승용,기타불명,기타불명,기타불명,보행자,여,6세,경상
2015092000100346,2015년 9월 20일 15시,일요일,대구광역시 달서구 본리동,경상사고,0,0,2,0,차대차 - 기타,안전운전불이행,건조,맑음,교차로 - 교차로부근,승용,남,29세,상해없음,승용,여,57세,경상
2015092000100347,2015년 9월 20일 15시,일요일,대구광역시 북구 구암동,경상사고,0,0,1,0,차대차 - 측면직각충돌,신호위반,건조,맑음,교차로 - 교차로부근,원동기,남,17세,상해없음,자전거,남,17세,경상
2015092000100384,2015년 9월 20일 16시,일요일,대구광역시 서구 평리동,경상사고,0,0,1,0,차대차 - 측면직각충돌,안전운전불이행,건조,맑음,기타 - 기타,기타불명,기타불명,기타불명,기타불명,자전거,남,10세,경상
2015092000100421,2015년 9월 20일 17시,일요일,대구광역시 남구 대명동,경상사고,0,0,2,0,차대차 - 추돌 - 주정차중,안전운전불이행,건조,맑음,단일로 - 기타,승용,남,23세,상해없음,승용,남,56세,경상
2015092000100422,2015년 9월 20일 17시,일요일,대구광역시 서구 내당동,경상사고,0,0,2,0,차대차 - 추돌 - 주정차중,안전거리미확보,건조,맑음,교차로 - 교차로안,승용,남,62세,상해없음,승용,남,41세,상해없음
2015092000100489,2015년 9월 20일 19시,일요일,대구광역시 달서구 성당동,경상사고,0,0,1,0,차대차 - 추돌 - 주정차중,안전운전불이행,건조,맑음,단일로 - 기타,원동기,남,42세,상해없음,원동기,남,36세,경상
2015092000100490,2015년 9월 20일 19시,일요일,대구광역시 북구 구암동,경상사고,0,0,1,0,차대차 - 기타,안전운전불이행,건조,맑음,단일로 - 기타,승용,남,58세,상해없음,화물,남,50세,경상
2015092000100528,2015년 9월 20일 20시,일요일,대구광역시 달서구 본동,중상사고,0,1,0,0,차대차 - 기타,중앙선침범,건조,맑음,단일로 - 기타,승용,남,63세,상해없음,이륜,남,15세,중상
2015092000100529,2015년 9월 20일 20시,일요일,대구광역시 달성군 논공읍,경상사고,0,0,2,0,차대차 - 추돌 - 진행중,안전운전불이행,건조,맑음,교차로 - 교차로부근,화물,남,57세,상해없음,승용,남,55세,경상
2015092000100530,2015년 9월 20일 20시,일요일,대구광역시 서구 내당동,경상사고,0,0,1,0,차대차 - 추돌 - 진행중,안전거리미확보,건조,맑음,단일로 - 기타,승용,남,52세,상해없음,승용,남,34세,상해없음
2015092000100557,2015년 9월 20일 21시,일요일,대구광역시 달서구 대곡동,경상사고,0,0,1,0,차대차 - 기타,신호위반,건조,맑음,교차로 - 교차로부근,승용,남,42세,상해없음,자전거,남,48세,경상
2015092000100576,2015년 9월 20일 22시,일요일,대구광역시 동구 지저동,중상사고,0,1,0,0,차대차 - 기타,안전운전불이행,건조,맑음,교차로 - 교차로안,승용,남,66세,상해없음,자전거,남,39세,중상
2015092000100577,2015년 9월 20일 22시,일요일,대구광역시 북구 노원동1가,경상사고,0,0,1,0,차대차 - 기타,중앙선침범,건조,맑음,교차로 - 교차로부근,이륜,남,48세,경상,승합,남,68세,상해없음
2015092000100593,2015년 9월 20일 23시,일요일,대구광역시 서구 평리동,중상사고,0,1,0,0,차대차 - 측면직각충돌,안전거리미확보,건조,맑음,단일로 - 기타,원동기,남,21세,상해없음,승용,남,21세,상해없음
2015092000100594,2015년 9월 20일 23시,일요일,대구광역시 달서구 이곡동,사망사고,1,0,0,0,차대사람 - 횡단중,안전운전불이행,건조,맑음,단일로 - 횡단보도상,승용,남,71세,상해없음,보행자,여,53세,사망
2015092100100011,2015년 9월 21일 00시,월요일,대구광역시 북구 고성동3가,경상사고,0,0,3,0,차대차 - 기타,안전운전불이행,건조,맑음,단일로 - 기타,승용,남,42세,상해없음,승용,여,55세,경상
2015092100100029,2015년 9월 21일 02시,월요일,대구광역시 서구 비산동,중상사고,0,1,0,0,차대사람 - 횡단중,안전운전불이행,건조,맑음,단일로 - 횡단보도상,승용,남,33세,상해없음,보행자,남,44세,중상
2015092100100071,2015년 9월 21일 06시,월요일,대구광역시 달성군 화원읍,경상사고,0,0,1,0,차대사람 - 기타,안전운전불이행,건조,맑음,단일로 - 기타,기타불명,기타불명,기타불명,기타불명,보행자,남,18세,경상
2015092100100072,2015년 9월 21일 06시,월요일,대구광역시 서구 이현동,사망사고,1,0,0,0,차대사람 - 길가장자리구역통행중,과속,건조,맑음,단일로 - 기타,승용,남,51세,상해없음,보행자,남,61세,사망
2015092100100099,2015년 9월 21일 07시,월요일,대구광역시 수성구 지산동,경상사고,0,0,2,1,차대차 - 측면직각충돌,신호위반,건조,맑음,교차로 - 교차로안,승용,남,50세,부상신고,승용,남,24세,경상
2015092100100100,2015년 9월 21일 07시,월요일,대구광역시 서구 비산동,경상사고,0,0,1,0,차대차 - 측면직각충돌,안전운전불이행,건조,맑음,단일로 - 기타,승용,남,52세,상해없음,자전거,남,55세,경상
2015092100100139,2015년 9월 21일 08시,월요일,대구광역시 달서구 진천동,경상사고,0,0,1,0,차대차 - 기타,안전운전불이행,건조,맑음,단일로 - 기타,승용,남,46세,상해없음,승합,여,47세,경상
2015092100100140,2015년 9월 21일 08시,월요일,대구광역시 달서구 유천동,경상사고,0,0,1,0,차대차 - 추돌 - 주정차중,안전운전불이행,건조,맑음,단일로 - 기타,승용,남,61세,상해없음,승용,남,46세,경상
2015092100100141,2015년 9월 21일 08시,월요일,대구광역시 달성군 유가면,중상사고,0,3,1,0,차대차 - 측면직각충돌,안전운전불이행,건조,맑음,교차로 - 교차로부근,승용,남,23세,중상,승용,남,40세,경상
2015092100100142,2015년 9월 21일 08시,월요일,대구광역시 북구 칠성동1가,중상사고,0,1,0,0,차대사람 - 기타,안전운전불이행,건조,맑음,교차로 - 교차로부근,승합,남,57세,상해없음,보행자,여,70세,중상
2015092100100143,2015년 9월 21일 08시,월요일,대구광역시 중구 대신동,경상사고,0,0,2,0,차대차 - 정면충돌,중앙선침범,건조,맑음,단일로 - 기타,자전거,여,55세,경상,이륜,남,33세,경상
2015092100100179,2015년 9월 21일 09시,월요일,대구광역시 동구 신서동,경상사고,0,0,1,0,차대차 - 추돌 - 주정차중,안전운전불이행,건조,맑음,단일로 - 기타,특수,남,52세,상해없음,승용,남,37세,경상
2015092100100180,2015년 9월 21일 09시,월요일,대구광역시 달성군 다사읍,경상사고,0,0,2,0,차대차 - 측면직각충돌,안전운전불이행,건조,맑음,교차로 - 교차로안,승용,여,29세,경상,승용,남,70세,경상
2015092100100219,2015년 9월 21일 10시,월요일,대구광역시 달서구 진천동,중상사고,0,1,0,0,차대사람 - 기타,안전운전불이행,건조,맑음,단일로 - 기타,화물,남,73세,상해없음,보행자,남,59세,중상
2015092100100220,2015년 9월 21일 10시,월요일,대구광역시 달서구 송현동,경상사고,0,0,1,0,차대사람 - 기타,안전운전불이행,건조,맑음,기타 - 기타,화물,남,64세,상해없음,보행자,남,41세,경상
2015092100100221,2015년 9월 21일 10시,월요일,대구광역시 중구 덕산동,부상신고사고,0,0,0,1,차대차 - 측면직각충돌,신호위반,건조,맑음,교차로 - 교차로안,이륜,남,72세,부상신고,승용,남,66세,상해없음
2015092100100222,2015년 9월 21일 10시,월요일,대구광역시 중구 대봉동,중상사고,0,1,2,0,차대차 - 추돌 - 진행중,안전거리미확보,건조,맑음,단일로 - 기타,승용,여,50세,상해없음,승용,남,70세,경상
2015092100100252,2015년 9월 21일 11시,월요일,대구광역시 달서구 본리동,경상사고,0,0,1,0,차대차 - 측면직각충돌,교차로운행방법위반,건조,맑음,교차로 - 교차로안,승용,남,50세,상해없음,승용,여,67세,경상
2015092100100287,2015년 9월 21일 12시,월요일,대구광역시 수성구 범어동,경상사고,0,0,1,0,차대사람 - 횡단중,안전운전불이행,건조,맑음,교차로 - 교차로부근,승용,남,52세,상해없음,보행자,여,64세,경상
2015092100100288,2015년 9월 21일 12시,월요일,대구광역시 서구 내당동,경상사고,0,0,3,0,차대차 - 추돌 - 주정차중,안전거리미확보,건조,맑음,단일로 - 기타,승용,여,44세,상해없음,승용,여,20세,경상
2015092100100325,2015년 9월 21일 13시,월요일,대구광역시 남구 봉덕동,중상사고,0,2,1,0,차대차 - 측면직각충돌,교차로운행방법위반,건조,맑음,교차로 - 교차로안,승용,남,64세,상해없음,승용,여,49세,중상
2015092100100326,2015년 9월 21일 13시,월요일,대구광역시 달서구 월성동,경상사고,0,0,1,0,차대차 - 기타,안전운전불이행,건조,맑음,단일로 - 기타,화물,남,34세,상해없음,승용,남,50세,경상
2015092100100327,2015년 9월 21일 13시,월요일,대구광역시 달서구 두류동,경상사고,0,0,1,0,차대차 - 기타,안전거리미확보,건조,맑음,교차로 - 교차로부근,승용,남,53세,상해없음,승용,남,64세,경상
2015092100100328,2015년 9월 21일 13시,월요일,대구광역시 북구 구암동,경상사고,0,0,1,1,차대차 - 추돌 - 주정차중,안전운전불이행,건조,맑음,단일로 - 기타,화물,남,36세,상해없음,승합,남,52세,경상
2015092100100361,2015년 9월 21일 14시,월요일,대구광역시 남구 봉덕동,경상사고,0,0,1,0,차대차 - 기타,안전운전불이행,건조,맑음,교차로 - 교차로부근,승용,여,44세,상해없음,자전거,남,52세,경상
2015092100100362,2015년 9월 21일 14시,월요일,대구광역시 동구 방촌동,중상사고,0,1,0,0,차대차 - 측면직각충돌,안전운전불이행,건조,맑음,단일로 - 기타,화물,남,33세,상해없음,자전거,남,80세,중상
2015092100100363,2015년 9월 21일 14시,월요일,대구광역시 달서구 본동,중상사고,0,1,1,0,차대차 - 추돌 - 진행중,안전운전불이행,건조,맑음,교차로 - 교차로안,화물,남,59세,상해없음,승용,여,37세,중상
2015092100100364,2015년 9월 21일 14시,월요일,대구광역시 중구 북성로1가,경상사고,0,0,1,0,차대차 - 측면직각충돌,안전운전불이행,건조,맑음,교차로 - 교차로부근,이륜,남,58세,상해없음,이륜,남,23세,경상
2015092100100413,2015년 9월 21일 15시,월요일,대구광역시 중구 대신동,부상신고사고,0,0,0,1,차대차 - 추돌 - 주정차중,안전거리미확보,건조,맑음,교차로 - 교차로부근,이륜,기타불명,기타불명,기타불명,이륜,남,34세,부상신고
2015092100100470,2015년 9월 21일 16시,월요일,대구광역시 동구 신서동,부상신고사고,0,0,0,1,차대차 - 측면직각충돌,안전운전불이행,건조,맑음,단일로 - 기타,자전거,남,16세,부상신고,승합,남,49세,상해없음
2015092100100471,2015년 9월 21일 16시,월요일,대구광역시 수성구 파동,경상사고,0,0,1,0,차대차 - 추돌 - 주정차중,안전운전불이행,건조,맑음,단일로 - 기타,승용,여,47세,상해없음,화물,남,51세,경상
2015092100100472,2015년 9월 21일 16시,월요일,대구광역시 수성구 두산동,경상사고,0,0,1,0,차대차 - 추돌 - 진행중,안전운전불이행,건조,맑음,교차로 - 교차로부근,승용,여,41세,상해없음,승용,남,34세,경상
2015092100100531,2015년 9월 21일 17시,월요일,대구광역시 중구 동인동1가,중상사고,0,1,0,0,차대차 - 측면직각충돌,중앙선침범,건조,맑음,단일로 - 기타,승용,남,28세,상해없음,이륜,남,18세,중상
2015092100100532,2015년 9월 21일 17시,월요일,대구광역시 달서구 호산동,경상사고,0,0,1,0,차대차 - 기타,교차로운행방법위반,건조,맑음,교차로 - 교차로부근,승용,남,27세,상해없음,이륜,남,23세,경상
2015092100100533,2015년 9월 21일 17시,월요일,대구광역시 북구 구암동,중상사고,0,1,0,0,차대사람 - 횡단중,안전운전불이행,건조,맑음,단일로 - 기타,자전거,남,17세,상해없음,보행자,여,39세,중상
2015092100100591,2015년 9월 21일 18시,월요일,대구광역시 달서구 유천동,경상사고,0,0,2,0,차대차 - 기타,중앙선침범,건조,맑음,교차로 - 교차로안,승용,여,55세,기타불명,승합,남,57세,상해없음
2015092100100592,2015년 9월 21일 18시,월요일,대구광역시 중구 동인동1가,경상사고,0,0,5,0,차대차 - 추돌 - 주정차중,안전거리미확보,건조,맑음,단일로 - 기타,승용,남,57세,상해없음,승용,남,26세,경상
2015092100100666,2015년 9월 21일 20시,월요일,대구광역시 남구 대명동,경상사고,0,0,1,0,차대사람 - 보도통행중,보행자보호의무위반,건조,맑음,단일로 - 횡단보도상,승합,기타불명,기타불명,기타불명,보행자,남,32세,경상
2015092100100667,2015년 9월 21일 20시,월요일,대구광역시 북구 산격동,경상사고,0,0,1,0,차대사람 - 기타,안전운전불이행,건조,맑음,단일로 - 기타,승용,남,60세,상해없음,보행자,남,28세,경상
2015092100100668,2015년 9월 21일 20시,월요일,대구광역시 달서구 신당동,경상사고,0,0,1,0,차대사람 - 보도통행중,안전운전불이행,건조,맑음,단일로 - 기타,자전거,남,23세,상해없음,보행자,여,54세,경상
2015092100100701,2015년 9월 21일 21시,월요일,대구광역시 남구 대명동,사망사고,1,0,0,0,차대사람 - 차도통행중,안전운전불이행,건조,맑음,단일로 - 기타,승용,남,65세,상해없음,보행자,여,79세,사망
2015092100100702,2015년 9월 21일 21시,월요일,대구광역시 남구 봉덕동,경상사고,0,0,1,0,차대차 - 추돌 - 진행중,안전거리미확보,건조,맑음,교차로 - 교차로부근,화물,남,23세,상해없음,승용,여,39세,경상
2015092100100729,2015년 9월 21일 22시,월요일,대구광역시 달서구 본동,부상신고사고,0,0,0,1,차대사람 - 기타,안전운전불이행,건조,맑음,단일로 - 기타,승용,기타불명,기타불명,기타불명,보행자,남,53세,부상신고
2015092100100730,2015년 9월 21일 22시,월요일,대구광역시 달서구 두류동,경상사고,0,0,1,0,차대차 - 기타,안전거리미확보,건조,맑음,단일로 - 기타,승용,남,56세,상해없음,승합,남,45세,상해없음
2015092100100745,2015년 9월 21일 23시,월요일,대구광역시 남구 대명동,경상사고,0,0,1,0,차대차 - 기타,안전운전불이행,건조,맑음,단일로 - 기타,기타불명,기타불명,기타불명,기타불명,승용,남,42세,경상
2015092100100746,2015년 9월 21일 23시,월요일,대구광역시 달서구 장동,경상사고,0,0,1,0,차대차 - 추돌 - 진행중,안전운전불이행,건조,맑음,단일로 - 기타,승용,남,37세,상해없음,승용,남,60세,경상
2015092200100012,2015년 9월 22일 00시,화요일,대구광역시 달서구 상인동,경상사고,0,0,1,0,차대차 - 추돌 - 주정차중,안전운전불이행,건조,맑음,교차로 - 교차로부근,승용,남,28세,상해없음,화물,남,57세,경상
2015092200100013,2015년 9월 22일 00시,화요일,대구광역시 북구 산격동,경상사고,0,0,1,0,차대차 - 측면직각충돌,안전운전불이행,건조,맑음,교차로 - 교차로안,승용,여,37세,상해없음,승용,남,52세,경상
2015092200100014,2015년 9월 22일 00시,화요일,대구광역시 북구 서변동,경상사고,0,0,2,0,차대차 - 정면충돌,안전운전불이행,건조,맑음,단일로 - 기타,승용,남,25세,상해없음,승용,여,31세,경상
2015092200100099,2015년 9월 22일 07시,화요일,대구광역시 수성구 수성동2가,중상사고,0,1,0,0,차대차 - 측면직각충돌,신호위반,건조,맑음,교차로 - 교차로안,승용,남,50세,상해없음,이륜,남,64세,중상
2015092200100100,2015년 9월 22일 07시,화요일,대구광역시 서구 내당동,경상사고,0,0,1,0,차대차 - 정면충돌,안전운전불이행,건조,맑음,교차로 - 교차로안,화물,남,61세,상해없음,자전거,남,13세,경상
2015092200100101,2015년 9월 22일 07시,화요일,대구광역시 달서구 호산동,경상사고,0,0,1,0,차대차 - 측면직각충돌,안전운전불이행,건조,맑음,교차로 - 교차로안,이륜,남,31세,경상,승용,여,55세,상해없음
2015092200100160,2015년 9월 22일 08시,화요일,대구광역시 수성구 수성동3가,중상사고,0,1,2,1,차대차 - 추돌 - 진행중,안전거리미확보,건조,맑음,교차로 - 교차로부근,승용,남,50세,상해없음,승용,남,63세,경상
2015092200100161,2015년 9월 22일 08시,화요일,대구광역시 중구 덕산동,경상사고,0,0,1,0,차대사람 - 기타,안전운전불이행,건조,맑음,단일로 - 기타,화물,여,52세,상해없음,보행자,남,22세,경상
2015092200100162,2015년 9월 22일 08시,화요일,대구광역시 달서구 이곡동,경상사고,0,0,2,0,차대차 - 측면직각충돌,안전거리미확보,건조,맑음,교차로 - 교차로부근,승용,여,47세,경상,승용,남,55세,경상
2015092200100202,2015년 9월 22일 09시,화요일,대구광역시 달서구 본동,중상사고,0,1,0,0,차대사람 - 차도통행중,안전운전불이행,건조,맑음,단일로 - 기타,승용,남,60세,상해없음,보행자,남,64세,중상
2015092200100203,2015년 9월 22일 09시,화요일,대구광역시 달서구 장기동,중상사고,0,1,0,0,차대차 - 기타,안전운전불이행,건조,맑음,단일로 - 기타,승용,여,63세,상해없음,승용,여,26세,중상
2015092200100238,2015년 9월 22일 10시,화요일,대구광역시 남구 대명동,중상사고,0,1,0,0,차대사람 - 기타,안전운전불이행,건조,맑음,단일로 - 기타,승용,여,48세,상해없음,보행자,여,19세,중상
2015092200100239,2015년 9월 22일 10시,화요일,대구광역시 서구 비산동,경상사고,0,0,1,0,차대차 - 기타,안전운전불이행,건조,맑음,단일로 - 기타,건설기계,남,54세,상해없음,화물,남,74세,경상
2015092200100240,2015년 9월 22일 10시,화요일,대구광역시 북구 태전동,경상사고,0,0,1,0,차대차 - 기타,안전거리미확보,건조,맑음,단일로 - 기타,승용,여,51세,상해없음,승용,남,27세,경상
2015092200100268,2015년 9월 22일 11시,화요일,대구광역시 달서구 월성동,경상사고,0,0,2,0,차대차 - 기타,교차로운행방법위반,건조,맑음,교차로 - 교차로안,승용,여,61세,경상,승용,남,32세,경상
2015092200100302,2015년 9월 22일 12시,화요일,대구광역시 남구 대명동,경상사고,0,0,1,0,차대차 - 추돌 - 주정차중,안전운전불이행,건조,맑음,단일로 - 교량,승용,남,60세,상해없음,승용,남,35세,경상
2015092200100303,2015년 9월 22일 12시,화요일,대구광역시 북구 칠성동2가,경상사고,0,0,2,0,차대차 - 측면직각충돌,중앙선침범,건조,맑음,단일로 - 기타,승용,여,45세,상해없음,이륜,남,21세,경상
2015092200100304,2015년 9월 22일 12시,화요일,대구광역시 달서구 두류동,경상사고,0,0,1,0,차대사람 - 보도통행중,기타,건조,맑음,단일로 - 기타,자전거,여,53세,상해없음,보행자,여,33세,경상
2015092200100305,2015년 9월 22일 12시,화요일,대구광역시 달서구 이곡동,경상사고,0,0,1,0,차대사람 - 길가장자리구역통행중,안전운전불이행,건조,맑음,단일로 - 기타,승용,남,34세,상해없음,보행자,남,32세,경상
2015092200100306,2015년 9월 22일 12시,화요일,대구광역시 북구 구암동,중상사고,0,1,0,0,차대차 - 기타,안전운전불이행,건조,맑음,교차로 - 교차로부근,승용,여,35세,상해없음,승용,여,44세,중상
2015092200100344,2015년 9월 22일 13시,화요일,대구광역시 달서구 진천동,중상사고,0,1,0,0,차대사람 - 횡단중,보행자보호의무위반,건조,맑음,단일로 - 횡단보도상,승용,남,69세,상해없음,보행자,여,41세,중상
2015092200100345,2015년 9월 22일 13시,화요일,대구광역시 서구 비산동,경상사고,0,0,1,0,차대차 - 기타,안전운전불이행,건조,맑음,단일로 - 기타,자전거,남,64세,경상,승용,여,33세,상해없음
2015092200100346,2015년 9월 22일 13시,화요일,대구광역시 중구 하서동,부상신고사고,0,0,0,1,차대차 - 측면직각충돌,안전운전불이행,건조,맑음,단일로 - 기타,이륜,남,20세,부상신고,승용,남,49세,상해없음
2015092200100347,2015년 9월 22일 13시,화요일,대구광역시 북구 태전동,중상사고,0,1,0,0,차대차 - 측면직각충돌,안전운전불이행,건조,맑음,교차로 - 교차로부근,승용,남,76세,상해없음,이륜,남,22세,중상
2015092200100435,2015년 9월 22일 15시,화요일,대구광역시 남구 대명동,경상사고,0,0,1,0,차대사람 - 기타,안전운전불이행,건조,맑음,단일로 - 기타,이륜,남,46세,상해없음,보행자,남,7세,경상
2015092200100483,2015년 9월 22일 16시,화요일,대구광역시 달성군 다사읍,중상사고,0,1,0,0,차대사람 - 횡단중,안전운전불이행,건조,맑음,단일로 - 기타,승용,여,58세,상해없음,보행자,남,9세,중상
2015092200100531,2015년 9월 22일 17시,화요일,대구광역시 동구 신기동,부상신고사고,0,0,0,1,차량단독 - 전도전복,기타,건조,맑음,교차로 - 교차로부근,이륜,남,47세,부상신고,,,,
2015092200100532,2015년 9월 22일 17시,화요일,대구광역시 동구 신기동,중상사고,0,1,1,0,차량단독 - 기타,안전운전불이행,건조,맑음,교차로 - 교차로안,원동기,여,51세,경상,,,,
2015092200100533,2015년 9월 22일 17시,화요일,대구광역시 동구 지묘동,중상사고,0,1,0,0,차대차 - 추돌 - 진행중,안전거리미확보,건조,맑음,단일로 - 기타,건설기계,남,54세,상해없음,화물,남,45세,중상
2015092200100534,2015년 9월 22일 17시,화요일,대구광역시 수성구 지산동,중상사고,0,1,0,0,차대차 - 기타,기타,건조,맑음,단일로 - 기타,승용,남,54세,상해없음,자전거,여,27세,중상
2015092200100535,2015년 9월 22일 17시,화요일,대구광역시 달서구 월암동,경상사고,0,0,1,0,차대차 - 기타,안전운전불이행,건조,맑음,단일로 - 기타,건설기계,남,56세,상해없음,승용,남,36세,경상
2015092200100536,2015년 9월 22일 17시,화요일,대구광역시 달성군 하빈면,경상사고,0,0,1,0,차대차 - 측면직각충돌,신호위반,건조,맑음,교차로 - 교차로안,자전거,남,81세,경상,승용,남,33세,상해없음
2015092200100537,2015년 9월 22일 17시,화요일,대구광역시 북구 서변동,경상사고,0,0,1,0,차대차 - 추돌 - 진행중,안전운전불이행,건조,맑음,단일로 - 기타,승용,남,51세,상해없음,승용,여,69세,경상
2015092200100579,2015년 9월 22일 18시,화요일,대구광역시 동구 불로동,경상사고,0,0,1,0,차대차 - 기타,안전운전불이행,건조,맑음,단일로 - 기타,승용,남,49세,상해없음,화물,남,50세,경상
2015092200100580,2015년 9월 22일 18시,화요일,대구광역시 달성군 다사읍,경상사고,0,0,1,0,차대차 - 측면직각충돌,신호위반,건조,맑음,교차로 - 교차로안,승용,여,31세,상해없음,승용,남,71세,경상
2015092200100581,2015년 9월 22일 18시,화요일,대구광역시 서구 내당동,경상사고,0,0,1,0,차대사람 - 기타,안전운전불이행,건조,맑음,단일로 - 기타,승용,남,33세,상해없음,보행자,여,73세,경상
2015092200100582,2015년 9월 22일 18시,화요일,대구광역시 중구 동인동2가,중상사고,0,1,0,0,차대사람 - 차도통행중,안전운전불이행,건조,맑음,단일로 - 기타,승용,여,41세,상해없음,보행자,여,20세,중상
2015092200100633,2015년 9월 22일 19시,화요일,대구광역시 동구 신암동,경상사고,0,0,1,0,차대차 - 기타,안전거리미확보,건조,맑음,단일로 - 기타,승용,남,47세,상해없음,이륜,남,53세,경상
2015092200100634,2015년 9월 22일 19시,화요일,대구광역시 동구 신천동,경상사고,0,0,1,0,차대차 - 기타,안전운전불이행,건조,맑음,단일로 - 기타,승용,남,38세,상해없음,이륜,남,22세,경상
2015092200100635,2015년 9월 22일 19시,화요일,대구광역시 서구 원대동3가,경상사고,0,0,1,0,차대차 - 기타,안전운전불이행,건조,맑음,교차로 - 교차로부근,승용,여,40세,상해없음,이륜,남,17세,경상
2015092200100636,2015년 9월 22일 19시,화요일,대구광역시 달서구 용산동,경상사고,0,0,1,0,차대차 - 기타,안전거리미확보,건조,맑음,단일로 - 기타,승용,남,26세,상해없음,이륜,남,48세,경상
2015092200100669,2015년 9월 22일 20시,화요일,대구광역시 북구 고성동3가,경상사고,0,0,1,0,차대차 - 측면직각충돌,교차로운행방법위반,건조,맑음,교차로 - 교차로안,승용,남,28세,상해없음,원동기,남,18세,경상
2015092200100670,2015년 9월 22일 20시,화요일,대구광역시 중구 공평동,경상사고,0,0,1,0,차대사람 - 차도통행중,안전운전불이행,건조,맑음,단일로 - 기타,승용,여,40세,상해없음,보행자,여,30세,경상
2015092200100739,2015년 9월 22일 22시,화요일,대구광역시 북구 복현동,중상사고,0,1,0,0,차대사람 - 기타,안전운전불이행,건조,맑음,단일로 - 기타,승용,남,50세,상해없음,보행자,남,50세,중상
2015092300100028,2015년 9월 23일 01시,수요일,대구광역시 달서구 본리동,중상사고,0,1,0,0,차대사람 - 횡단중,보행자보호의무위반,건조,맑음,단일로 - 횡단보도상,승용,여,61세,상해없음,보행자,여,28세,중상
2015092300100045,2015년 9월 23일 03시,수요일,대구광역시 수성구 만촌동,경상사고,0,0,1,0,차대차 - 기타,안전운전불이행,건조,맑음,단일로 - 기타,이륜,기타불명,기타불명,기타불명,자전거,남,22세,경상