사고번호,사고일시,요일,시군구,사고내용,사망자수,중상자수,경상자수,부상신고자수,사고유형,법규위반,노면상태,기상상태,도로형태,가해운전자 차종,가해운전자 성별,가해운전자 연령,가해운전자 상해정도,피해운전자 차종,피해운전자 성별,피해운전자 연령,피해운전자 상해정도
2015092300100046,2015년 9월 23일 03시,수요일,대구광역시 달서구 호림동,중상사고,0,1,0,0,차대사람 - 기타,안전운전불이행,건조,맑음,단일로 - 기타,승용,남,50세,상해없음,보행자,남,41세,중상
2015092300100086,2015년 9월 23일 06시,수요일,대구광역시 중구 남산동,경상사고,0,0,1,0,차대차 - 측면직각충돌,신호위반,건조,맑음,교차로 - 교차로안,승용,남,19세,상해없음,승용,여,52세,경상
2015092300100112,2015년 9월 23일 07시,수요일,대구광역시 동구 방촌동,경상사고,0,0,1,0,차대차 - 측면직각충돌,안전운전불이행,건조,맑음,단일로 - 기타,자전거,남,37세,경상,화물,남,71세,상해없음
2015092300100113,2015년 9월 23일 07시,수요일,대구광역시 북구 노원동2가,경상사고,0,0,1,0,차대차 - 기타,안전거리미확보,건조,맑음,단일로 - 기타,화물,남,48세,상해없음,이륜,남,35세,경상
2015092300100114,2015년 9월 23일 07시,수요일,대구광역시 서구 비산동,부상신고사고,0,0,0,1,차대차 - 측면직각충돌,신호위반,건조,맑음,교차로 - 교차로안,자전거,남,71세,부상신고,승용,여,51세,상해없음
2015092300100158,2015년 9월 23일 08시,수요일,대구광역시 수성구 황금동,부상신고사고,0,0,0,1,차대차 - 측면직각충돌,안전운전불이행,건조,맑음,단일로 - 기타,이륜,남,31세,부상신고,승합,남,56세,상해없음
2015092300100159,2015년 9월 23일 08시,수요일,대구광역시 중구 달성동,부상신고사고,0,0,0,1,차대차 - 측면직각충돌,안전운전불이행,건조,맑음,교차로 - 교차로안,화물,기타불명,기타불명,기타불명,자전거,남,36세,부상신고
2015092300100160,2015년 9월 23일 08시,수요일,대구광역시 북구 노곡동,경상사고,0,0,1,0,차대사람 - 기타,안전운전불이행,건조,흐림,단일로 - 기타,화물,남,49세,상해없음,보행자,여,56세,경상
2015092300100222,2015년 9월 23일 10시,수요일,대구광역시 동구 방촌동,중상사고,0,1,0,0,차대사람 - 기타,안전운전불이행,건조,맑음,단일로 - 기타,화물,남,62세,상해없음,보행자,남,72세,중상
2015092300100223,2015년 9월 23일 10시,수요일,대구광역시 동구 신암동,경상사고,0,0,1,0,차대차 - 기타,안전운전불이행,건조,맑음,교차로 - 교차로안,승용,여,31세,상해없음,승용,남,74세,경상
2015092300100224,2015년 9월 23일 10시,수요일,대구광역시 달성군 화원읍,경상사고,0,0,1,0,차대차 - 기타,불법유턴,건조,맑음,교차로 - 교차로안,자전거,남,56세,경상,화물,남,59세,상해없음
2015092300100225,2015년 9월 23일 10시,수요일,대구광역시 북구 복현동,부상신고사고,0,0,0,1,차대차 - 기타,안전운전불이행,건조,맑음,단일로 - 기타,원동기,남,48세,부상신고,화물,남,60세,상해없음
2015092300100254,2015년 9월 23일 11시,수요일,대구광역시 서구 중리동,경상사고,0,0,1,0,차대차 - 기타,안전거리미확보,건조,맑음,단일로 - 기타,승용,여,59세,상해없음,이륜,남,24세,경상
2015092300100294,2015년 9월 23일 12시,수요일,대구광역시 남구 봉덕동,경상사고,0,0,2,0,차대차 - 기타,중앙선침범,건조,맑음,단일로 - 기타,화물,남,53세,상해없음,승용,남,26세,경상
2015092300100295,2015년 9월 23일 12시,수요일,대구광역시 동구 신암동,경상사고,0,0,1,0,차대차 - 기타,교차로운행방법위반,건조,맑음,교차로 - 교차로안,화물,남,57세,상해없음,원동기,남,41세,경상
2015092300100296,2015년 9월 23일 12시,수요일,대구광역시 수성구 수성동2가,중상사고,0,1,0,0,차대사람 - 차도통행중,안전운전불이행,건조,맑음,단일로 - 기타,승용,남,67세,상해없음,보행자,남,13세,중상
2015092300100331,2015년 9월 23일 13시,수요일,대구광역시 수성구 범어동,부상신고사고,0,0,0,1,차대차 - 측면직각충돌,안전운전불이행,건조,맑음,단일로 - 기타,승용,여,60세,부상신고,건설기계,남,62세,상해없음
2015092300100332,2015년 9월 23일 13시,수요일,대구광역시 달성군 다사읍,중상사고,0,1,0,0,차대차 - 정면충돌,중앙선침범,건조,맑음,단일로 - 기타,승용,남,48세,상해없음,승용,여,51세,중상
2015092300100408,2015년 9월 23일 15시,수요일,대구광역시 수성구 범어동,중상사고,0,1,0,0,차대차 - 추돌 - 주정차중,안전운전불이행,습기,비,단일로 - 기타,승용,여,44세,상해없음,승용,여,44세,중상
2015092300100410,2015년 9월 23일 15시,수요일,대구광역시 달서구 상인동,중상사고,0,1,0,0,차대사람 - 횡단중,보행자보호의무위반,건조,맑음,교차로 - 교차로부근,승용,남,46세,상해없음,보행자,남,72세,중상
2015092300100411,2015년 9월 23일 15시,수요일,대구광역시 서구 비산동,부상신고사고,0,0,0,1,차대사람 - 횡단중,안전운전불이행,건조,맑음,단일로 - 횡단보도상,승용,기타불명,기타불명,기타불명,보행자,남,61세,부상신고
2015092300100412,2015년 9월 23일 15시,수요일,대구광역시 달서구 성당동,경상사고,0,0,1,0,차대차 - 측면직각충돌,신호위반,습기,비,단일로 - 횡단보도상,이륜,남,50세,상해없음,자전거,남,9세,경상
2015092300100413,2015년 9월 23일 15시,수요일,대구광역시 달서구 본리동,중상사고,0,1,2,0,차대차 - 측면직각충돌,안전운전불이행,건조,맑음,기타 - 기타,승용,여,57세,상해없음,승용,여,33세,중상
2015092300100504,2015년 9월 23일 17시,수요일,대구광역시 북구 칠성동1가,중상사고,0,1,1,0,차대차 - 측면직각충돌,직진우회전진행방해,건조,맑음,교차로 - 교차로안,승용,남,56세,상해없음,승용,여,43세,경상
2015092300100569,2015년 9월 23일 18시,수요일,대구광역시 동구 신천동,경상사고,0,0,1,0,차대차 - 측면직각충돌,안전거리미확보,건조,맑음,단일로 - 기타,승용,여,31세,상해없음,화물,남,49세,경상
2015092300100570,2015년 9월 23일 18시,수요일,대구광역시 수성구 두산동,경상사고,0,0,1,0,차대사람 - 기타,안전운전불이행,건조,맑음,단일로 - 기타,승합,남,73세,상해없음,보행자,남,9세,경상
2015092300100571,2015년 9월 23일 18시,수요일,대구광역시 수성구 수성동1가,중상사고,0,1,0,0,차대사람 - 횡단중,안전운전불이행,습기,비,교차로 - 교차로안,승용,남,50세,상해없음,보행자,남,13세,중상
2015092300100572,2015년 9월 23일 18시,수요일,대구광역시 북구 산격동,경상사고,0,0,1,0,차대사람 - 횡단중,안전운전불이행,건조,맑음,단일로 - 기타,승용,여,51세,상해없음,보행자,여,21세,경상
2015092300100573,2015년 9월 23일 18시,수요일,대구광역시 북구 노원동2가,경상사고,0,0,1,0,차대차 - 기타,안전운전불이행,습기,비,단일로 - 기타,승용,남,39세,기타불명,승용,남,47세,경상
2015092300100574,2015년 9월 23일 18시,수요일,대구광역시 달서구 두류동,경상사고,0,0,2,0,차대차 - 기타,안전운전불이행,습기,비,교차로 - 교차로부근,승용,남,63세,상해없음,이륜,남,30세,경상
2015092300100631,2015년 9월 23일 19시,수요일,대구광역시 동구 신서동,경상사고,0,0,1,0,차대사람 - 횡단중,보행자보호의무위반,습기,비,단일로 - 기타,승용,여,32세,상해없음,보행자,여,45세,경상
2015092300100632,2015년 9월 23일 19시,수요일,대구광역시 수성구 범어동,중상사고,0,1,0,0,차대사람 - 횡단중,안전운전불이행,습기,비,교차로 - 교차로안,승용,남,29세,상해없음,보행자,남,46세,중상
2015092300100633,2015년 9월 23일 19시,수요일,대구광역시 달서구 송현동,경상사고,0,0,2,0,차대차 - 기타,안전거리미확보,건조,맑음,단일로 - 기타,이륜,남,22세,상해없음,이륜,남,16세,경상
2015092300100634,2015년 9월 23일 19시,수요일,대구광역시 달성군 화원읍,경상사고,0,0,3,0,차대차 - 추돌 - 진행중,안전운전불이행,습기,비,단일로 - 기타,화물,남,28세,상해없음,승용,여,36세,경상
2015092300100635,2015년 9월 23일 19시,수요일,대구광역시 서구 평리동,경상사고,0,0,1,0,차대사람 - 기타,안전운전불이행,습기,비,단일로 - 기타,승용,남,23세,상해없음,보행자,여,67세,경상
2015092300100687,2015년 9월 23일 20시,수요일,대구광역시 남구 봉덕동,경상사고,0,0,2,0,차대차 - 기타,안전거리미확보,습기,비,단일로 - 기타,화물,남,42세,상해없음,승용,남,58세,경상
2015092300100688,2015년 9월 23일 20시,수요일,대구광역시 동구 지저동,경상사고,0,0,3,0,차대차 - 추돌 - 주정차중,안전운전불이행,습기,비,단일로 - 기타,승용,남,38세,상해없음,승용,남,66세,경상
2015092300100689,2015년 9월 23일 20시,수요일,대구광역시 수성구 만촌동,경상사고,0,0,1,1,차대차 - 측면직각충돌,안전거리미확보,습기,비,단일로 - 기타,승용,남,64세,상해없음,승용,여,42세,경상
2015092300100690,2015년 9월 23일 20시,수요일,대구광역시 달서구 진천동,경상사고,0,0,1,0,차대차 - 기타,안전운전불이행,습기,흐림,단일로 - 기타,승용,남,54세,상해없음,화물,남,40세,상해없음
2015092300100691,2015년 9월 23일 20시,수요일,대구광역시 북구 산격동,중상사고,0,2,0,0,차대사람 - 횡단중,안전운전불이행,습기,비,교차로 - 교차로안,이륜,남,41세,중상,보행자,여,56세,중상
2015092300100734,2015년 9월 23일 21시,수요일,대구광역시 남구 봉덕동,경상사고,0,0,1,0,차대차 - 측면직각충돌,안전운전불이행,습기,비,단일로 - 기타,승합,남,46세,상해없음,승용,남,47세,경상
2015092300100735,2015년 9월 23일 21시,수요일,대구광역시 남구 봉덕동,경상사고,0,0,1,0,차대차 - 측면직각충돌,안전거리미확보,습기,비,교차로 - 교차로안,승합,남,68세,상해없음,승용,여,24세,경상
2015092300100736,2015년 9월 23일 21시,수요일,대구광역시 수성구 두산동,중상사고,0,1,0,0,차대사람 - 길가장자리구역통행중,안전운전불이행,습기,비,교차로 - 교차로안,승용,남,51세,상해없음,보행자,여,59세,중상
2015092300100737,2015년 9월 23일 21시,수요일,대구광역시 달성군 가창면,중상사고,0,1,0,0,차대사람 - 횡단중,신호위반,습기,비,교차로 - 교차로부근,승용,남,62세,상해없음,보행자,여,21세,중상
2015092300100780,2015년 9월 23일 22시,수요일,대구광역시 달서구 송현동,중상사고,0,1,1,0,차대차 - 정면충돌,중앙선침범,습기,비,교차로 - 교차로안,승용,여,40세,상해없음,승용,여,52세,중상
2015092300100781,2015년 9월 23일 22시,수요일,대구광역시 달성군 화원읍,경상사고,0,0,1,0,차대사람 - 차도통행중,안전운전불이행,습기,비,기타 - 기타,승용,남,33세,상해없음,보행자,남,35세,경상
2015092300100782,2015년 9월 23일 22시,수요일,대구광역시 서구 내당동,경상사고,0,0,1,0,차대차 - 측면직각충돌,안전운전불이행,건조,맑음,교차로 - 교차로부근,화물,남,34세,상해없음,승용,남,40세,경상
2015092300100811,2015년 9월 23일 23시,수요일,대구광역시 수성구 수성동1가,경상사고,0,0,1,0,차대차 - 측면직각충돌,안전운전불이행,습기,비,교차로 - 교차로부근,승용,여,59세,상해없음,승용,남,40세,경상
2015092300100812,2015년 9월 23일 23시,수요일,대구광역시 수성구 두산동,경상사고,0,0,1,0,차대사람 - 차도통행중,안전운전불이행,건조,맑음,단일로 - 기타,승용,남,38세,상해없음,보행자,남,28세,경상
2015092300100813,2015년 9월 23일 23시,수요일,대구광역시 수성구 두산동,경상사고,0,0,1,0,차대사람 - 횡단중,안전운전불이행,습기,비,교차로 - 교차로안,승용,기타불명,기타불명,기타불명,보행자,남,30세,경상
2015092300100814,2015년 9월 23일 23시,수요일,대구광역시 달서구 신당동,경상사고,0,0,2,0,차대차 - 기타,중앙선침범,습기,비,교차로 - 교차로부근,승용,남,25세,상해없음,승용,남,30세,경상
2015092300100815,2015년 9월 23일 23시,수요일,대구광역시 달서구 호산동,중상사고,0,1,0,0,차대사람 - 기타,안전운전불이행,건조,맑음,기타 - 기타,승용,남,27세,상해없음,보행자,남,49세,중상
2015092400100022,2015년 9월 24일 00시,목요일,대구광역시 수성구 두산동,경상사고,0,0,1,0,차대차 - 측면직각충돌,직진우회전진행방해,습기,비,교차로 - 교차로안,승용,남,24세,기타불명,승용,남,43세,경상
2015092400100023,2015년 9월 24일 00시,목요일,대구광역시 수성구 중동,경상사고,0,0,2,0,차대차 - 추돌 - 진행중,안전운전불이행,건조,맑음,단일로 - 기타,승용,여,28세,상해없음,화물,남,51세,경상
2015092400100024,2015년 9월 24일 00시,목요일,대구광역시 달서구 송현동,경상사고,0,0,2,0,차대차 - 추돌 - 주정차중,안전운전불이행,건조,맑음,교차로 - 교차로부근,승용,남,27세,상해없음,승용,여,54세,경상
2015092400100025,2015년 9월 24일 00시,목요일,대구광역시 달서구 상인동,경상사고,0,0,2,0,차대차 - 측면직각충돌,안전운전불이행,건조,맑음,교차로 - 교차로안,승용,남,52세,상해없음,승용,여,49세,경상
2015092400100026,2015년 9월 24일 00시,목요일,대구광역시 서구 비산동,부상신고사고,0,0,0,1,차대차 - 기타,신호위반,습기,비,교차로 - 교차로안,이륜,남,41세,부상신고,승용,남,56세,상해없음
2015092400100070,2015년 9월 24일 03시,목요일,대구광역시 달서구 대곡동,경상사고,0,0,1,0,차대차 - 기타,안전거리미확보,건조,맑음,단일로 - 기타,화물,남,53세,상해없음,승용,남,50세,경상
2015092400100082,2015년 9월 24일 04시,목요일,대구광역시 달서구 갈산동,경상사고,0,0,1,0,차대차 - 추돌 - 주정차중,안전운전불이행,건조,맑음,교차로 - 교차로부근,승용,여,54세,상해없음,화물,남,55세,상해없음
2015092400100091,2015년 9월 24일 05시,목요일,대구광역시 남구 봉덕동,부상신고사고,0,0,0,3,차대차 - 추돌 - 진행중,안전거리미확보,건조,맑음,단일로 - 기타,화물,남,28세,상해없음,승용,남,26세,부상신고
2015092400100105,2015년 9월 24일 06시,목요일,대구광역시 북구 산격동,중상사고,0,1,0,0,차대사람 - 횡단중,안전운전불이행,습기,비,단일로 - 기타,승용,남,49세,상해없음,보행자,여,71세,중상
2015092400100106,2015년 9월 24일 06시,목요일,대구광역시 달서구 용산동,경상사고,0,0,1,0,차대차 - 추돌 - 진행중,안전거리미확보,건조,맑음,단일로 - 기타,승용,남,23세,상해없음,승용,남,65세,경상
2015092400100132,2015년 9월 24일 07시,목요일,대구광역시 동구 용계동,경상사고,0,0,1,0,차대차 - 기타,안전운전불이행,건조,맑음,단일로 - 기타,승용,여,39세,상해없음,자전거,남,17세,경상
2015092400100133,2015년 9월 24일 07시,목요일,대구광역시 북구 검단동,중상사고,0,1,0,0,차대사람 - 기타,안전운전불이행,건조,맑음,단일로 - 기타,승용,남,35세,상해없음,보행자,여,60세,중상
2015092400100134,2015년 9월 24일 07시,목요일,대구광역시 서구 내당동,중상사고,0,1,0,0,차대사람 - 횡단중,안전운전불이행,건조,맑음,교차로 - 교차로부근,승용,남,70세,상해없음,보행자,남,75세,중상
2015092400100169,2015년 9월 24일 08시,목요일,대구광역시 동구 지묘동,경상사고,0,0,1,0,차대사람 - 차도통행중,안전운전불이행,건조,맑음,단일로 - 기타,화물,남,63세,상해없음,보행자,여,35세,경상
2015092400100215,2015년 9월 24일 09시,목요일,대구광역시 남구 이천동,중상사고,0,1,0,0,차대사람 - 기타,안전운전불이행,건조,맑음,기타 - 기타,승용,남,63세,상해없음,보행자,여,74세,중상
2015092400100248,2015년 9월 24일 10시,목요일,대구광역시 달서구 본리동,중상사고,0,1,0,0,차대차 - 추돌 - 주정차중,안전운전불이행,건조,맑음,단일로 - 기타,승용,여,60세,상해없음,승용,남,23세,중상
2015092400100249,2015년 9월 24일 10시,목요일,대구광역시 북구 관음동,중상사고,0,1,0,0,차대차 - 추돌 - 진행중,안전운전불이행,건조,맑음,단일로 - 기타,화물,남,44세,상해없음,화물,남,26세,중상
2015092400100280,2015년 9월 24일 11시,목요일,대구광역시 동구 방촌동,경상사고,0,0,1,0,차대차 - 측면직각충돌,직진우회전진행방해,건조,맑음,교차로 - 교차로안,화물,남,35세,상해없음,자전거,남,81세,경상
2015092400100281,2015년 9월 24일 11시,목요일,대구광역시 달서구 송현동,경상사고,0,0,1,0,차대사람 - 길가장자리구역통행중,안전운전불이행,건조,맑음,교차로 - 교차로안,승용,남,57세,상해없음,보행자,여,64세,경상
2015092400100282,2015년 9월 24일 11시,목요일,대구광역시 북구 침산동,경상사고,0,0,2,0,차대차 - 추돌 - 진행중,안전거리미확보,건조,맑음,단일로 - 기타,화물,남,61세,상해없음,승용,남,45세,경상
2015092400100311,2015년 9월 24일 12시,목요일,대구광역시 서구 평리동,중상사고,0,1,0,0,차대사람 - 기타,안전운전불이행,건조,흐림,교차로 - 교차로안,승합,여,43세,상해없음,보행자,남,55세,중상
2015092400100343,2015년 9월 24일 13시,목요일,대구광역시 달서구 상인동,경상사고,0,0,1,0,차대차 - 추돌 - 진행중,중앙선침범,건조,맑음,단일로 - 기타,승용,여,65세,상해없음,승용,남,49세,경상
2015092400100344,2015년 9월 24일 13시,목요일,대구광역시 달서구 송현동,경상사고,0,0,1,0,차대차 - 기타,안전운전불이행,건조,맑음,교차로 - 교차로부근,승용,여,46세,상해없음,원동기,남,27세,경상
2015092400100375,2015년 9월 24일 14시,목요일,대구광역시 동구 효목동,경상사고,0,0,1,0,차대차 - 기타,안전운전불이행,건조,맑음,단일로 - 기타,승용,남,53세,상해없음,자전거,남,53세,경상
2015092400100376,2015년 9월 24일 14시,목요일,대구광역시 달서구 상인동,경상사고,0,0,3,0,차대차 - 추돌 - 주정차중,안전거리미확보,건조,맑음,단일로 - 기타,승용,남,63세,상해없음,승용,남,61세,경상
2015092400100377,2015년 9월 24일 14시,목요일,대구광역시 중구 남산동,부상신고사고,0,0,0,1,차대차 - 측면직각충돌,교차로운행방법위반,건조,맑음,교차로 - 교차로안,자전거,남,59세,부상신고,승용,남,40세,상해없음
2015092400100411,2015년 9월 24일 15시,목요일,대구광역시 달서구 감삼동,경상사고,0,0,1,0,차대사람 - 길가장자리구역통행중,안전운전불이행,건조,맑음,단일로 - 기타,승용,남,45세,상해없음,보행자,여,23세,경상
2015092400100412,2015년 9월 24일 15시,목요일,대구광역시 달서구 성당동,경상사고,0,0,1,0,차대차 - 추돌 - 진행중,안전운전불이행,건조,맑음,단일로 - 기타,승용,남,41세,상해없음,승용,여,56세,경상
2015092400100465,2015년 9월 24일 16시,목요일,대구광역시 동구 신천동,경상사고,0,0,1,0,차대차 - 추돌 - 주정차중,안전운전불이행,건조,맑음,교차로 - 교차로안,승용,여,45세,상해없음,승용,여,45세,경상
2015092400100466,2015년 9월 24일 16시,목요일,대구광역시 달서구 죽전동,중상사고,0,1,0,0,차대차 - 기타,안전운전불이행,건조,맑음,단일로 - 기타,승용,여,56세,상해없음,자전거,여,47세,중상
2015092400100556,2015년 9월 24일 18시,목요일,대구광역시 남구 대명동,경상사고,0,0,1,0,차대차 - 측면직각충돌,신호위반,건조,맑음,교차로 - 교차로안,승용,여,51세,상해없음,이륜,남,30세,경상
2015092400100557,2015년 9월 24일 18시,목요일,대구광역시 서구 비산동,경상사고,0,0,1,0,차대사람 - 기타,안전운전불이행,건조,맑음,단일로 - 기타,자전거,남,9세,상해없음,보행자,남,37세,경상
2015092400100558,2015년 9월 24일 18시,목요일,대구광역시 중구 남산동,경상사고,0,0,1,0,차대차 - 기타,신호위반,건조,맑음,교차로 - 교차로안,이륜,남,43세,상해없음,승용,여,43세,경상
2015092400100610,2015년 9월 24일 19시,목요일,대구광역시 동구 신천동,중상사고,0,1,0,0,차대차 - 기타,안전운전불이행,건조,맑음,교차로 - 교차로부근,화물,남,62세,상해없음,승용,남,70세,상해없음
2015092400100611,2015년 9월 24일 19시,목요일,대구광역시 수성구 두산동,중상사고,0,1,0,0,차대차 - 측면직각충돌,교차로운행방법위반,건조,맑음,교차로 - 교차로안,승용,남,61세,상해없음,승용,남,63세,상해없음
2015092400100612,2015년 9월 24일 19시,목요일,대구광역시 북구 산격동,경상사고,0,0,1,0,차대차 - 기타,안전거리미확보,건조,맑음,교차로 - 교차로안,승용,남,60세,상해없음,승용,남,23세,경상
2015092400100613,2015년 9월 24일 19시,목요일,대구광역시 달서구 장기동,중상사고,0,1,1,0,차대차 - 추돌 - 진행중,안전거리미확보,건조,맑음,단일로 - 기타,승용,남,56세,경상,승용,남,31세,중상
2015092400100614,2015년 9월 24일 19시,목요일,대구광역시 달서구 죽전동,중상사고,0,1,0,0,차대차 - 측면직각충돌,신호위반,건조,맑음,단일로 - 횡단보도부근,이륜,남,17세,상해없음,이륜,여,35세,중상
2015092400100660,2015년 9월 24일 20시,목요일,대구광역시 동구 봉무동,경상사고,0,0,1,0,차대사람 - 기타,기타,건조,맑음,단일로 - 기타,승용,남,37세,상해없음,보행자,남,3세,경상
2015092400100743,2015년 9월 24일 22시,목요일,대구광역시 중구 태평로1가,경상사고,0,0,1,0,차대차 - 추돌 - 진행중,안전운전불이행,건조,맑음,교차로 - 교차로부근,승용,남,30세,상해없음,승용,남,33세,경상
2015092400100775,2015년 9월 24일 23시,목요일,대구광역시 수성구 범물동,중상사고,0,2,3,0,차대차 - 추돌 - 진행중,안전운전불이행,건조,맑음,단일로 - 기타,승용,남,34세,상해없음,승용,남,24세,경상
2015092400100776,2015년 9월 24일 23시,목요일,대구광역시 달성군 화원읍,경상사고,0,0,1,0,차대차 - 추돌 - 주정차중,안전운전불이행,건조,맑음,교차로 - 교차로안,승용,남,54세,상해없음,승용,남,53세,경상
2015092400100777,2015년 9월 24일 23시,목요일,대구광역시 달서구 두류동,경상사고,0,0,2,0,차대사람 - 횡단중,안전운전불이행,건조,맑음,단일로 - 횡단보도상,승용,남,48세,상해없음,보행자,여,25세,경상
2015092400100778,2015년 9월 24일 23시,목요일,대구광역시 달서구 파호동,경상사고,0,0,1,1,차대차 - 측면직각충돌,신호위반,건조,맑음,교차로 - 교차로안,승용,남,53세,부상신고,승용,여,44세,경상
2015092400100779,2015년 9월 24일 23시,목요일,대구광역시 달서구 두류동,경상사고,0,0,1,0,차대차 - 측면직각충돌,교차로운행방법위반,건조,맑음,교차로 - 교차로안,원동기,여,57세,경상,승용,남,32세,상해없음
2015092500100024,2015년 9월 25일 00시,금요일,대구광역시 달서구 송현동,중상사고,0,3,0,0,차대차 - 측면직각충돌,신호위반,건조,맑음,교차로 - 교차로안,승용,남,62세,중상,승용,남,43세,중상
2015092500100047,2015년 9월 25일 01시,금요일,대구광역시 중구 교동,경상사고,0,0,3,0,차대차 - 측면직각충돌,신호위반,건조,맑음,교차로 - 교차로안,승용,남,34세,상해없음,승용,남,49세,경상
2015092500100091,2015년 9월 25일 05시,금요일,대구광역시 중구 동인동1가,중상사고,0,1,0,0,차대사람 - 횡단중,안전운전불이행,건조,맑음,교차로 - 교차로부근,승용,남,69세,상해없음,보행자,여,80세,중상
2015092500100107,2015년 9월 25일 06시,금요일,대구광역시 달성군 다사읍,중상사고,0,2,0,0,차량단독 - 공작물충돌,안전운전불이행,건조,맑음,교차로 - 교차로부근,승용,남,73세,중상,,,,
2015092500100135,2015년 9월 25일 07시,금요일,대구광역시 달서구 월성동,경상사고,0,0,2,0,차대차 - 기타,안전운전불이행,건조,맑음,교차로 - 교차로부근,승용,남,46세,상해없음,승용,남,73세,경상
2015092500100136,2015년 9월 25일 07시,금요일,대구광역시 중구 교동,경상사고,0,0,1,0,차대차 - 기타,안전운전불이행,건조,맑음,단일로 - 기타,승용,남,63세,상해없음,승용,여,48세,경상
2015092500100137,2015년 9월 25일 07시,금요일,대구광역시 달서구 감삼동,경상사고,0,0,1,0,차대차 - 기타,안전운전불이행,건조,맑음,기타 - 기타,승용,남,48세,상해없음,승용,여,52세,경상
2015092500100178,2015년 9월 25일 08시,금요일,대구광역시 수성구 이천동,경상사고,0,0,1,0,차대차 - 기타,안전거리미확보,건조,맑음,단일로 - 기타,승용,여,62세,상해없음,승용,남,75세,경상
2015092500100179,2015년 9월 25일 08시,금요일,대구광역시 북구 칠성동2가,경상사고,0,0,1,0,차대차 - 측면직각충돌,안전운전불이행,건조,흐림,단일로 - 기타,승용,남,36세,상해없음,자전거,남,57세,경상
2015092500100180,2015년 9월 25일 08시,금요일,대구광역시 북구 칠성동1가,경상사고,0,0,1,0,차대사람 - 차도통행중,안전운전불이행,건조,맑음,단일로 - 기타,승용,남,76세,상해없음,보행자,여,25세,경상
2015092500100181,2015년 9월 25일 08시,금요일,대구광역시 달서구 성당동,경상사고,0,0,2,0,차대차 - 기타,안전운전불이행,건조,맑음,단일로 - 기타,승용,남,29세,상해없음,승용,여,29세,경상
2015092500100182,2015년 9월 25일 08시,금요일,대구광역시 북구 매천동,경상사고,0,0,1,0,차대차 - 측면직각충돌,안전거리미확보,건조,맑음,단일로 - 기타,승용,여,56세,상해없음,승용,남,48세,상해없음
2015092500100211,2015년 9월 25일 09시,금요일,대구광역시 남구 대명동,중상사고,0,1,0,0,차대차 - 측면직각충돌,교차로운행방법위반,건조,맑음,교차로 - 교차로안,화물,남,24세,상해없음,이륜,남,53세,중상
2015092500100212,2015년 9월 25일 09시,금요일,대구광역시 수성구 신매동,경상사고,0,0,1,0,차대차 - 추돌 - 주정차중,안전운전불이행,건조,맑음,교차로 - 교차로부근,승용,여,44세,상해없음,승용,여,58세,경상
2015092500100295,2015년 9월 25일 11시,금요일,대구광역시 중구 남산동,경상사고,0,0,1,0,차대차 - 추돌 - 주정차중,기타,건조,맑음,단일로 - 기타,승용,여,54세,상해없음,이륜,남,49세,경상
2015092500100296,2015년 9월 25일 11시,금요일,대구광역시 달서구 이곡동,중상사고,0,1,0,0,차대차 - 측면직각충돌,안전운전불이행,건조,맑음,단일로 - 횡단보도상,승용,여,42세,상해없음,자전거,남,78세,중상
2015092500100330,2015년 9월 25일 12시,금요일,대구광역시 동구 신암동,중상사고,0,1,0,0,차대차 - 측면직각충돌,안전운전불이행,건조,맑음,단일로 - 기타,이륜,남,73세,중상,승용,남,70세,상해없음
2015092500100331,2015년 9월 25일 12시,금요일,대구광역시 달서구 상인동,경상사고,0,0,1,0,차대차 - 기타,안전운전불이행,건조,맑음,단일로 - 기타,화물,남,67세,상해없음,이륜,남,45세,경상
2015092500100332,2015년 9월 25일 12시,금요일,대구광역시 달서구 송현동,경상사고,0,0,1,0,차대차 - 기타,안전거리미확보,건조,맑음,단일로 - 기타,승용,여,37세,상해없음,승용,남,47세,경상
2015092500100333,2015년 9월 25일 12시,금요일,대구광역시 북구 노원동1가,중상사고,0,1,0,0,차대사람 - 기타,안전운전불이행,건조,맑음,기타 - 기타,승용,남,85세,상해없음,보행자,남,74세,중상
2015092500100334,2015년 9월 25일 12시,금요일,대구광역시 북구 노원동2가,중상사고,0,1,0,0,차량단독 - 기타,안전운전불이행,건조,맑음,단일로 - 기타,승합,남,48세,기타불명,,,,
2015092500100335,2015년 9월 25일 12시,금요일,대구광역시 서구 내당동,중상사고,0,1,0,0,차대사람 - 기타,신호위반,건조,맑음,단일로 - 횡단보도상,승용,여,78세,상해없음,보행자,여,59세,중상
2015092500100384,2015년 9월 25일 13시,금요일,대구광역시 동구 동호동,경상사고,0,0,1,0,차대차 - 측면직각충돌,안전운전불이행,건조,맑음,단일로 - 기타,화물,남,58세,상해없음,승용,여,39세,경상
2015092500100385,2015년 9월 25일 13시,금요일,대구광역시 수성구 범물동,경상사고,0,0,1,0,차대차 - 측면직각충돌,안전운전불이행,건조,맑음,단일로 - 기타,승용,남,26세,상해없음,승용,여,38세,경상
2015092500100386,2015년 9월 25일 13시,금요일,대구광역시 북구 산격동,경상사고,0,0,1,0,차대사람 - 기타,안전운전불이행,건조,맑음,단일로 - 기타,승용,남,58세,상해없음,보행자,남,25세,경상