사고번호,사고일시,요일,시군구,사고내용,사망자수,중상자수,경상자수,부상신고자수,사고유형,법규위반,노면상태,기상상태,도로형태,가해운전자 차종,가해운전자 성별,가해운전자 연령,가해운전자 상해정도,피해운전자 차종,피해운전자 성별,피해운전자 연령,피해운전자 상해정도
2015092900100327,2015년 9월 29일 16시,화요일,대구광역시 북구 조야동,중상사고,0,1,3,0,차대차 - 추돌 - 진행중,안전운전불이행,건조,맑음,단일로 - 기타,승용,남,55세,상해없음,승용,남,25세,경상
2015092900100334,2015년 9월 29일 16시,화요일,대구광역시 중구 남산동,부상신고사고,0,0,0,1,차대차 - 기타,안전운전불이행,건조,맑음,단일로 - 기타,기타불명,기타불명,기타불명,기타불명,자전거,남,15세,부상신고
2015092900100360,2015년 9월 29일 17시,화요일,대구광역시 서구 내당동,부상신고사고,0,0,0,2,차대차 - 측면직각충돌,안전거리미확보,건조,맑음,교차로 - 교차로안,이륜,여,58세,부상신고,이륜,남,17세,부상신고
2015092900100361,2015년 9월 29일 17시,화요일,대구광역시 중구 대신동,경상사고,0,0,1,0,차대차 - 측면직각충돌,안전거리미확보,건조,맑음,단일로 - 기타,승용,남,50세,상해없음,이륜,남,59세,경상
2015092900100362,2015년 9월 29일 17시,화요일,대구광역시 중구 대봉동,중상사고,0,1,0,0,차대사람 - 기타,안전운전불이행,건조,맑음,단일로 - 기타,자전거,남,54세,상해없음,보행자,남,58세,중상
2015092900100363,2015년 9월 29일 17시,화요일,대구광역시 북구 동천동,경상사고,0,0,1,0,차대차 - 측면직각충돌,신호위반,건조,맑음,교차로 - 교차로안,승합,남,55세,상해없음,승용,남,23세,경상
2015092900100400,2015년 9월 29일 18시,화요일,대구광역시 달서구 대곡동,경상사고,0,0,1,0,차대차 - 기타,안전운전불이행,건조,맑음,단일로 - 기타,승합,남,36세,상해없음,자전거,여,55세,경상
2015092900100401,2015년 9월 29일 18시,화요일,대구광역시 달서구 상인동,경상사고,0,0,1,0,차대차 - 기타,안전거리미확보,건조,맑음,단일로 - 기타,승용,남,58세,상해없음,원동기,남,47세,경상
2015092900100402,2015년 9월 29일 18시,화요일,대구광역시 달성군 현풍면,부상신고사고,0,0,0,1,차량단독 - 공작물충돌,안전운전불이행,건조,맑음,단일로 - 기타,승용,남,55세,부상신고,,,,
2015092900100403,2015년 9월 29일 18시,화요일,대구광역시 북구 태전동,경상사고,0,0,2,0,차대차 - 추돌 - 주정차중,안전운전불이행,건조,맑음,교차로 - 교차로부근,승용,남,27세,상해없음,승합,남,57세,경상
2015092900100443,2015년 9월 29일 19시,화요일,대구광역시 달서구 상인동,경상사고,0,0,1,0,차대차 - 정면충돌,중앙선침범,건조,맑음,교차로 - 교차로부근,승용,남,58세,상해없음,승용,여,52세,경상
2015092900100467,2015년 9월 29일 20시,화요일,대구광역시 수성구 지산동,경상사고,0,0,1,0,차대사람 - 횡단중,보행자보호의무위반,건조,맑음,단일로 - 횡단보도상,이륜,남,20세,상해없음,보행자,여,58세,경상
2015092900100468,2015년 9월 29일 20시,화요일,대구광역시 수성구 수성동1가,경상사고,0,0,1,0,차대사람 - 보도통행중,기타,건조,맑음,단일로 - 기타,이륜,기타불명,기타불명,기타불명,보행자,여,15세,경상
2015092900100500,2015년 9월 29일 21시,화요일,대구광역시 남구 봉덕동,경상사고,0,0,1,0,차대차 - 기타,안전운전불이행,건조,맑음,단일로 - 기타,승용,기타불명,기타불명,기타불명,자전거,여,67세,경상
2015092900100501,2015년 9월 29일 21시,화요일,대구광역시 수성구 범어동,중상사고,0,1,0,0,차대차 - 측면직각충돌,안전운전불이행,건조,맑음,교차로 - 교차로안,승용,남,53세,상해없음,자전거,남,27세,중상
2015092900100502,2015년 9월 29일 21시,화요일,대구광역시 수성구 상동,중상사고,0,3,0,0,차량단독 - 공작물충돌,안전운전불이행,건조,맑음,단일로 - 기타,원동기,남,16세,중상,,,,
2015092900100503,2015년 9월 29일 21시,화요일,대구광역시 달서구 본동,경상사고,0,0,1,1,차대차 - 추돌 - 진행중,안전거리미확보,건조,맑음,교차로 - 교차로부근,승용,여,55세,상해없음,승용,남,51세,경상
2015092900100535,2015년 9월 29일 22시,화요일,대구광역시 서구 내당동,경상사고,0,0,1,0,차대사람 - 기타,안전운전불이행,건조,맑음,단일로 - 기타,승용,남,52세,상해없음,보행자,남,23세,경상
2015092900100536,2015년 9월 29일 22시,화요일,대구광역시 달서구 본리동,사망사고,1,0,0,0,차대차 - 추돌 - 진행중,신호위반,건조,맑음,교차로 - 교차로안,이륜,남,34세,사망,승합,남,46세,상해없음
2015093000100018,2015년 9월 30일 00시,수요일,대구광역시 수성구 황금동,경상사고,0,0,1,0,차대사람 - 길가장자리구역통행중,안전운전불이행,건조,맑음,단일로 - 기타,승용,여,37세,기타불명,보행자,남,26세,경상
2015093000100019,2015년 9월 30일 00시,수요일,대구광역시 수성구 두산동,중상사고,0,4,0,0,차대차 - 측면직각충돌,교차로운행방법위반,건조,맑음,교차로 - 교차로안,승용,여,43세,상해없음,승용,남,23세,중상
2015093000100044,2015년 9월 30일 03시,수요일,대구광역시 동구 봉무동,중상사고,0,2,0,0,차량단독 - 전도전복,안전운전불이행,건조,맑음,단일로 - 기타,승용,남,66세,상해없음,,,,
2015093000100045,2015년 9월 30일 03시,수요일,대구광역시 북구 관음동,경상사고,0,0,3,0,차대차 - 측면직각충돌,직진우회전진행방해,건조,맑음,교차로 - 교차로안,승용,남,52세,경상,화물,남,55세,경상
2015093000100064,2015년 9월 30일 05시,수요일,대구광역시 북구 읍내동,중상사고,0,1,1,0,차대차 - 추돌 - 진행중,안전운전불이행,건조,맑음,단일로 - 기타,승용,남,75세,상해없음,승용,여,30세,경상
2015093000100076,2015년 9월 30일 06시,수요일,대구광역시 중구 수창동,부상신고사고,0,0,0,1,차대차 - 측면직각충돌,신호위반,건조,맑음,단일로 - 횡단보도상,화물,남,52세,상해없음,자전거,여,66세,부상신고
2015093000100104,2015년 9월 30일 07시,수요일,대구광역시 서구 평리동,경상사고,0,0,1,0,차대차 - 기타,안전운전불이행,건조,맑음,단일로 - 기타,자전거,남,31세,경상,승용,남,35세,상해없음
2015093000100105,2015년 9월 30일 07시,수요일,대구광역시 달서구 성당동,경상사고,0,0,1,0,차대차 - 측면직각충돌,안전운전불이행,건조,맑음,단일로 - 기타,기타불명,기타불명,기타불명,기타불명,이륜,남,59세,경상
2015093000100148,2015년 9월 30일 08시,수요일,대구광역시 북구 고성동2가,경상사고,0,0,1,0,차대차 - 기타,중앙선침범,건조,맑음,교차로 - 교차로안,자전거,남,76세,경상,승용,남,42세,상해없음
2015093000100149,2015년 9월 30일 08시,수요일,대구광역시 북구 읍내동,부상신고사고,0,0,0,1,차대사람 - 길가장자리구역통행중,안전운전불이행,건조,맑음,교차로 - 교차로부근,승용,기타불명,기타불명,기타불명,보행자,여,23세,부상신고
2015093000100189,2015년 9월 30일 09시,수요일,대구광역시 달서구 상인동,중상사고,0,1,0,0,차대차 - 기타,기타,건조,맑음,단일로 - 기타,화물,남,28세,상해없음,자전거,여,42세,중상
2015093000100190,2015년 9월 30일 09시,수요일,대구광역시 달서구 월암동,경상사고,0,0,1,0,차대차 - 추돌 - 주정차중,안전거리미확보,건조,맑음,단일로 - 기타,승용,남,25세,상해없음,승용,남,53세,경상
2015093000100191,2015년 9월 30일 09시,수요일,대구광역시 달성군 옥포면,경상사고,0,0,1,0,차대차 - 추돌 - 진행중,안전운전불이행,건조,맑음,단일로 - 기타,화물,남,35세,상해없음,승용,남,45세,경상
2015093000100192,2015년 9월 30일 09시,수요일,대구광역시 서구 원대동3가,경상사고,0,0,1,0,차대차 - 기타,안전운전불이행,건조,맑음,단일로 - 기타,승용,남,39세,상해없음,자전거,남,71세,경상
2015093000100219,2015년 9월 30일 10시,수요일,대구광역시 남구 봉덕동,중상사고,0,1,0,0,차대차 - 측면직각충돌,중앙선침범,건조,맑음,교차로 - 교차로부근,승용,남,63세,상해없음,승용,남,34세,상해없음
2015093000100220,2015년 9월 30일 10시,수요일,대구광역시 동구 서호동,부상신고사고,0,0,0,1,차대사람 - 기타,안전운전불이행,건조,맑음,단일로 - 기타,화물,남,40세,상해없음,보행자,남,46세,부상신고
2015093000100221,2015년 9월 30일 10시,수요일,대구광역시 중구 대봉동,경상사고,0,0,1,2,차대차 - 측면직각충돌,안전운전불이행,건조,맑음,단일로 - 기타,승용,남,58세,부상신고,화물,남,32세,경상
2015093000100248,2015년 9월 30일 11시,수요일,대구광역시 북구 산격동,경상사고,0,0,1,0,차대차 - 추돌 - 주정차중,불법유턴,건조,맑음,단일로 - 기타,승용,남,45세,상해없음,원동기,여,34세,경상
2015093000100249,2015년 9월 30일 11시,수요일,대구광역시 중구 계산동2가,부상신고사고,0,0,0,1,차대차 - 측면직각충돌,안전거리미확보,건조,맑음,단일로 - 기타,기타불명,기타불명,기타불명,기타불명,이륜,남,24세,부상신고
2015093000100282,2015년 9월 30일 12시,수요일,대구광역시 동구 검사동,경상사고,0,0,2,0,차대차 - 기타,안전거리미확보,건조,맑음,단일로 - 기타,승용,남,79세,상해없음,승용,남,62세,경상
2015093000100283,2015년 9월 30일 12시,수요일,대구광역시 수성구 두산동,경상사고,0,0,1,0,차대차 - 측면직각충돌,신호위반,건조,맑음,단일로 - 횡단보도상,화물,남,57세,상해없음,자전거,남,12세,경상
2015093000100284,2015년 9월 30일 12시,수요일,대구광역시 달서구 송현동,경상사고,0,0,1,0,차대차 - 기타,교차로운행방법위반,건조,맑음,교차로 - 교차로안,승용,여,38세,상해없음,승용,여,38세,경상
2015093000100314,2015년 9월 30일 13시,수요일,대구광역시 수성구 황금동,중상사고,0,2,0,0,차대차 - 측면직각충돌,신호위반,건조,맑음,단일로 - 횡단보도부근,이륜,남,20세,중상,자전거,남,11세,중상
2015093000100315,2015년 9월 30일 13시,수요일,대구광역시 달서구 이곡동,경상사고,0,0,1,0,차대차 - 기타,안전운전불이행,건조,맑음,기타 - 기타,승용,여,53세,상해없음,승용,남,27세,경상
2015093000100351,2015년 9월 30일 14시,수요일,대구광역시 수성구 범어동,경상사고,0,0,2,0,차대차 - 측면직각충돌,신호위반,건조,맑음,단일로 - 기타,이륜,남,22세,경상,승용,여,50세,경상
2015093000100352,2015년 9월 30일 14시,수요일,대구광역시 북구 태전동,중상사고,0,1,0,0,차대사람 - 보도통행중,안전운전불이행,건조,맑음,교차로 - 교차로안,승합,여,58세,상해없음,보행자,남,27세,중상
2015093000100390,2015년 9월 30일 15시,수요일,대구광역시 달서구 성당동,중상사고,0,1,0,0,차대차 - 추돌 - 주정차중,안전운전불이행,건조,맑음,교차로 - 교차로부근,승합,남,32세,상해없음,승용,남,49세,중상
2015093000100430,2015년 9월 30일 16시,수요일,대구광역시 달서구 본동,중상사고,0,1,0,0,차대사람 - 기타,보행자보호의무위반,건조,맑음,단일로 - 기타,승용,남,33세,상해없음,보행자,남,16세,중상
2015093000100431,2015년 9월 30일 16시,수요일,대구광역시 달성군 다사읍,중상사고,0,1,0,0,차대차 - 측면직각충돌,안전운전불이행,건조,맑음,교차로 - 교차로안,승용,여,37세,상해없음,자전거,남,11세,중상
2015093000100463,2015년 9월 30일 17시,수요일,대구광역시 동구 율하동,중상사고,0,1,0,0,차대사람 - 기타,안전운전불이행,건조,맑음,단일로 - 기타,승용,남,23세,상해없음,보행자,남,14세,중상
2015093000100464,2015년 9월 30일 17시,수요일,대구광역시 중구 삼덕동1가,중상사고,0,1,0,0,차대사람 - 기타,안전운전불이행,건조,맑음,교차로 - 교차로부근,승용,여,51세,상해없음,보행자,남,24세,중상
2015093000100465,2015년 9월 30일 17시,수요일,대구광역시 달서구 용산동,중상사고,0,1,0,0,차대차 - 측면직각충돌,안전운전불이행,건조,맑음,단일로 - 기타,승용,여,48세,상해없음,자전거,남,57세,중상
2015093000100552,2015년 9월 30일 19시,수요일,대구광역시 수성구 범어동,경상사고,0,0,1,0,차대차 - 측면직각충돌,안전운전불이행,건조,맑음,교차로 - 교차로안,승용,기타불명,기타불명,기타불명,승용,남,57세,경상
2015093000100553,2015년 9월 30일 19시,수요일,대구광역시 달성군 화원읍,경상사고,0,0,2,0,차대차 - 추돌 - 진행중,안전운전불이행,건조,맑음,단일로 - 기타,승용,여,45세,상해없음,승용,남,26세,경상
2015093000100554,2015년 9월 30일 19시,수요일,대구광역시 북구 관음동,경상사고,0,0,1,0,차대차 - 기타,안전운전불이행,건조,맑음,기타 - 기타,승용,여,47세,상해없음,자전거,남,44세,경상
2015093000100591,2015년 9월 30일 20시,수요일,대구광역시 수성구 지산동,경상사고,0,0,1,0,차대사람 - 차도통행중,안전운전불이행,건조,맑음,단일로 - 기타,승용,여,48세,상해없음,보행자,남,50세,경상
2015093000100592,2015년 9월 30일 20시,수요일,대구광역시 수성구 범어동,경상사고,0,0,1,0,차대차 - 추돌 - 주정차중,안전운전불이행,건조,흐림,단일로 - 기타,승용,남,63세,상해없음,자전거,남,13세,경상
2015093000100593,2015년 9월 30일 20시,수요일,대구광역시 달서구 도원동,부상신고사고,0,0,0,1,차대차 - 기타,안전운전불이행,건조,맑음,단일로 - 기타,이륜,남,20세,부상신고,승용,남,59세,상해없음
2015093000100619,2015년 9월 30일 21시,수요일,대구광역시 달서구 본동,중상사고,0,1,0,0,차대사람 - 횡단중,안전운전불이행,건조,맑음,단일로 - 기타,승용,남,26세,상해없음,보행자,남,56세,중상
2015093000100647,2015년 9월 30일 22시,수요일,대구광역시 동구 신암동,경상사고,0,0,1,0,차대사람 - 기타,신호위반,건조,맑음,단일로 - 횡단보도상,승합,남,57세,상해없음,보행자,여,31세,경상
2015093000100648,2015년 9월 30일 22시,수요일,대구광역시 동구 지저동,경상사고,0,0,1,0,차대차 - 측면직각충돌,불법유턴,건조,맑음,교차로 - 교차로부근,자전거,여,36세,경상,승용,남,43세,상해없음
2015093000100674,2015년 9월 30일 23시,수요일,대구광역시 수성구 황금동,중상사고,0,2,3,0,차대차 - 측면직각충돌,신호위반,건조,맑음,교차로 - 교차로안,승용,남,44세,경상,승용,남,56세,경상
2015093000100675,2015년 9월 30일 23시,수요일,대구광역시 중구 동산동,중상사고,0,1,0,0,차대사람 - 횡단중,안전운전불이행,건조,맑음,단일로 - 횡단보도부근,승용,남,25세,상해없음,보행자,남,51세,중상
2015100100100026,2015년 10월 1일 00시,목요일,대구광역시 서구 내당동,경상사고,0,0,1,0,차대차 - 측면직각충돌,교차로운행방법위반,건조,맑음,교차로 - 교차로안,승용,남,42세,상해없음,승용,남,46세,상해없음
2015100100100027,2015년 10월 1일 00시,목요일,대구광역시 중구 대봉동,중상사고,0,1,2,1,차대차 - 측면직각충돌,신호위반,습기,비,교차로 - 교차로안,승용,여,39세,부상신고,승용,남,64세,중상
2015100100100064,2015년 10월 1일 02시,목요일,대구광역시 수성구 수성동1가,경상사고,0,0,2,0,차대차 - 추돌 - 주정차중,안전운전불이행,습기,비,교차로 - 교차로부근,승용,남,38세,상해없음,승용,남,62세,경상
2015100100100072,2015년 10월 1일 03시,목요일,대구광역시 달서구 용산동,경상사고,0,0,1,0,차대차 - 기타,안전운전불이행,습기,비,교차로 - 교차로부근,이륜,남,20세,상해없음,이륜,남,24세,경상
2015100100100073,2015년 10월 1일 03시,목요일,대구광역시 달서구 성당동,경상사고,0,0,1,0,차량단독 - 기타,안전운전불이행,습기,비,단일로 - 기타,승용,남,49세,상해없음,,,,
2015100100100098,2015년 10월 1일 05시,목요일,대구광역시 남구 대명동,중상사고,0,1,0,0,차대차 - 기타,중앙선침범,습기,비,단일로 - 횡단보도상,승용,여,38세,상해없음,승용,남,31세,중상
2015100100100099,2015년 10월 1일 05시,목요일,대구광역시 수성구 연호동,중상사고,0,2,0,0,차대차 - 측면직각충돌,신호위반,습기,비,교차로 - 교차로안,승용,남,47세,상해없음,승용,남,50세,중상
2015100100100100,2015년 10월 1일 05시,목요일,대구광역시 달서구 호림동,중상사고,0,1,1,0,차대차 - 기타,신호위반,습기,비,교차로 - 교차로안,승합,남,55세,상해없음,화물,남,37세,중상
2015100100100114,2015년 10월 1일 06시,목요일,대구광역시 수성구 범어동,중상사고,0,1,0,0,차대사람 - 횡단중,교차로운행방법위반,습기,비,교차로 - 교차로부근,이륜,남,29세,상해없음,보행자,여,72세,중상
2015100100100115,2015년 10월 1일 06시,목요일,대구광역시 달서구 상인동,경상사고,0,0,1,0,차대사람 - 횡단중,보행자보호의무위반,습기,비,단일로 - 횡단보도상,승용,남,53세,상해없음,보행자,남,38세,경상
2015100100100134,2015년 10월 1일 07시,목요일,대구광역시 남구 대명동,경상사고,0,0,1,0,차대차 - 측면직각충돌,안전운전불이행,건조,맑음,단일로 - 기타,화물,남,44세,상해없음,승용,남,81세,경상
2015100100100135,2015년 10월 1일 07시,목요일,대구광역시 동구 지묘동,경상사고,0,0,1,0,차량단독 - 기타,안전운전불이행,습기,비,단일로 - 기타,승용,남,56세,상해없음,,,,
2015100100100136,2015년 10월 1일 07시,목요일,대구광역시 수성구 황금동,경상사고,0,0,1,0,차대사람 - 기타,안전운전불이행,습기,비,단일로 - 기타,승용,남,40세,상해없음,보행자,남,47세,경상
2015100100100137,2015년 10월 1일 07시,목요일,대구광역시 북구 대현동,경상사고,0,0,1,1,차대차 - 정면충돌,중앙선침범,습기,비,교차로 - 교차로부근,승용,남,22세,상해없음,승용,남,53세,경상
2015100100100138,2015년 10월 1일 07시,목요일,대구광역시 북구 칠성동2가,중상사고,0,1,0,0,차대차 - 기타,안전운전불이행,건조,맑음,교차로 - 교차로안,승용,남,40세,상해없음,승용,남,43세,중상
2015100100100172,2015년 10월 1일 08시,목요일,대구광역시 남구 봉덕동,경상사고,0,0,1,0,차대차 - 측면직각충돌,차로위반,건조,맑음,교차로 - 교차로안,승용,여,55세,상해없음,승용,여,42세,경상
2015100100100216,2015년 10월 1일 09시,목요일,대구광역시 남구 봉덕동,중상사고,0,1,0,0,차량단독 - 기타,안전운전불이행,건조,맑음,단일로 - 기타,승용,남,60세,상해없음,,,,
2015100100100263,2015년 10월 1일 11시,목요일,대구광역시 남구 대명동,경상사고,0,0,1,0,차대차 - 기타,안전운전불이행,건조,맑음,교차로 - 교차로안,승용,남,65세,상해없음,승용,남,57세,상해없음
2015100100100264,2015년 10월 1일 11시,목요일,대구광역시 서구 평리동,경상사고,0,0,1,0,차대차 - 추돌 - 주정차중,안전운전불이행,습기,비,교차로 - 교차로부근,승용,남,60세,상해없음,승용,남,34세,경상
2015100100100265,2015년 10월 1일 11시,목요일,대구광역시 달서구 이곡동,경상사고,0,0,1,0,차대차 - 추돌 - 주정차중,안전운전불이행,습기,비,단일로 - 기타,화물,남,23세,상해없음,승용,여,31세,경상
2015100100100298,2015년 10월 1일 12시,목요일,대구광역시 수성구 범물동,경상사고,0,0,1,0,차대차 - 측면직각충돌,안전거리미확보,건조,맑음,단일로 - 기타,승용,기타불명,기타불명,기타불명,화물,남,37세,경상
2015100100100299,2015년 10월 1일 12시,목요일,대구광역시 북구 산격동,경상사고,0,0,1,0,차대사람 - 보도통행중,기타,습기,비,단일로 - 기타,승용,남,47세,상해없음,보행자,여,71세,경상
2015100100100330,2015년 10월 1일 13시,목요일,대구광역시 남구 대명동,중상사고,0,1,0,0,차대사람 - 기타,안전운전불이행,습기,비,단일로 - 기타,승용,여,48세,상해없음,보행자,남,65세,중상
2015100100100331,2015년 10월 1일 13시,목요일,대구광역시 달서구 상인동,경상사고,0,0,1,0,차대차 - 추돌 - 주정차중,안전운전불이행,건조,맑음,단일로 - 기타,승용,남,60세,상해없음,화물,여,51세,경상
2015100100100332,2015년 10월 1일 13시,목요일,대구광역시 중구 남산동,경상사고,0,0,1,0,차대차 - 기타,안전운전불이행,습기,비,단일로 - 기타,승용,여,73세,상해없음,승용,남,57세,경상
2015100100100361,2015년 10월 1일 14시,목요일,대구광역시 달서구 호산동,부상신고사고,0,0,0,1,차대사람 - 기타,안전운전불이행,습기,비,단일로 - 기타,기타불명,기타불명,기타불명,기타불명,보행자,여,21세,부상신고
2015100100100362,2015년 10월 1일 14시,목요일,대구광역시 북구 관음동,경상사고,0,0,1,0,차대차 - 기타,안전운전불이행,건조,맑음,단일로 - 기타,승용,여,60세,상해없음,승용,남,25세,경상
2015100100100428,2015년 10월 1일 16시,목요일,대구광역시 서구 비산동,경상사고,0,0,1,0,차대차 - 기타,안전운전불이행,습기,비,교차로 - 교차로부근,승용,남,44세,상해없음,원동기,남,16세,경상
2015100100100536,2015년 10월 1일 19시,목요일,대구광역시 수성구 두산동,중상사고,0,1,0,0,차대차 - 측면직각충돌,불법유턴,건조,맑음,단일로 - 기타,승용,남,46세,상해없음,승용,남,50세,중상
2015100100100537,2015년 10월 1일 19시,목요일,대구광역시 서구 비산동,경상사고,0,0,1,0,차대차 - 추돌 - 진행중,안전운전불이행,습기,흐림,단일로 - 기타,승용,남,27세,상해없음,승용,여,52세,경상
2015100100100538,2015년 10월 1일 19시,목요일,대구광역시 중구 삼덕동3가,경상사고,0,0,1,0,차대차 - 측면직각충돌,안전거리미확보,건조,맑음,단일로 - 기타,화물,남,57세,기타불명,승용,남,30세,경상
2015100100100565,2015년 10월 1일 20시,목요일,대구광역시 동구 율하동,경상사고,0,0,1,0,차대차 - 기타,안전거리미확보,건조,맑음,단일로 - 기타,원동기,남,17세,경상,승용,여,37세,상해없음
2015100100100566,2015년 10월 1일 20시,목요일,대구광역시 중구 동인동4가,중상사고,0,1,0,0,차대사람 - 횡단중,안전운전불이행,건조,맑음,단일로 - 기타,승용,여,48세,상해없음,보행자,남,17세,중상
2015100100100622,2015년 10월 1일 22시,목요일,대구광역시 달서구 송현동,경상사고,0,0,3,0,차대차 - 기타,신호위반,건조,맑음,교차로 - 교차로안,승용,남,61세,상해없음,승용,남,49세,경상
2015100200100009,2015년 10월 2일 00시,금요일,대구광역시 북구 복현동,경상사고,0,0,3,0,차대차 - 기타,교차로운행방법위반,건조,맑음,교차로 - 교차로안,승용,남,54세,상해없음,승용,남,27세,경상
2015100200100025,2015년 10월 2일 01시,금요일,대구광역시 동구 불로동,경상사고,0,0,1,0,차대사람 - 기타,안전운전불이행,건조,맑음,단일로 - 기타,승용,여,45세,상해없음,보행자,남,43세,경상
2015100200100035,2015년 10월 2일 02시,금요일,대구광역시 달서구 상인동,중상사고,0,1,0,0,차대사람 - 횡단중,보행자보호의무위반,건조,맑음,단일로 - 횡단보도상,승용,남,55세,상해없음,보행자,여,31세,중상
2015100200100046,2015년 10월 2일 03시,금요일,대구광역시 중구 삼덕동1가,경상사고,0,0,1,0,차대사람 - 기타,안전운전불이행,건조,맑음,단일로 - 기타,승용,남,23세,상해없음,보행자,남,23세,경상
2015100200100047,2015년 10월 2일 03시,금요일,대구광역시 달서구 이곡동,중상사고,0,1,0,0,차대차 - 추돌 - 주정차중,안전운전불이행,건조,맑음,단일로 - 기타,승용,남,42세,상해없음,승용,남,62세,중상
2015100200100048,2015년 10월 2일 03시,금요일,대구광역시 달서구 이곡동,경상사고,0,0,1,0,차대차 - 추돌 - 진행중,안전운전불이행,건조,맑음,교차로 - 교차로부근,승용,남,32세,상해없음,승용,남,42세,경상
2015100200100073,2015년 10월 2일 06시,금요일,대구광역시 동구 방촌동,경상사고,0,0,5,0,차대차 - 측면직각충돌,안전운전불이행,건조,맑음,단일로 - 기타,화물,남,58세,상해없음,화물,여,51세,경상
2015100200100101,2015년 10월 2일 07시,금요일,대구광역시 달서구 대천동,중상사고,0,1,0,0,차대차 - 기타,중앙선침범,건조,맑음,단일로 - 기타,화물,남,51세,상해없음,자전거,여,48세,중상
2015100200100102,2015년 10월 2일 07시,금요일,대구광역시 서구 비산동,경상사고,0,0,1,0,차대차 - 기타,안전운전불이행,건조,맑음,단일로 - 기타,승용,남,36세,상해없음,승용,남,28세,경상
2015100200100152,2015년 10월 2일 08시,금요일,대구광역시 달서구 송현동,중상사고,0,1,0,0,차대차 - 기타,교차로운행방법위반,건조,맑음,교차로 - 교차로안,화물,남,63세,상해없음,자전거,남,14세,중상
2015100200100153,2015년 10월 2일 08시,금요일,대구광역시 달성군 현풍면,경상사고,0,0,1,0,차량단독 - 기타,안전운전불이행,건조,맑음,단일로 - 기타,자전거,남,76세,경상,,,,
2015100200100154,2015년 10월 2일 08시,금요일,대구광역시 북구 노원동3가,경상사고,0,0,1,0,차대차 - 측면직각충돌,안전운전불이행,건조,맑음,교차로 - 교차로안,승용,남,53세,상해없음,자전거,남,20세,경상
2015100200100155,2015년 10월 2일 08시,금요일,대구광역시 중구 대봉동,부상신고사고,0,0,0,1,차대차 - 기타,안전운전불이행,건조,맑음,단일로 - 기타,승용,여,57세,상해없음,자전거,남,15세,부상신고
2015100200100197,2015년 10월 2일 09시,금요일,대구광역시 달서구 송현동,경상사고,0,0,2,0,차대차 - 추돌 - 주정차중,안전운전불이행,건조,맑음,미분류 - 미분류,승용,남,32세,상해없음,승용,남,33세,경상
2015100200100198,2015년 10월 2일 09시,금요일,대구광역시 서구 내당동,중상사고,0,1,1,0,차대차 - 기타,안전운전불이행,건조,맑음,단일로 - 횡단보도상,화물,남,50세,상해없음,이륜,남,70세,경상
2015100200100199,2015년 10월 2일 09시,금요일,대구광역시 중구 달성동,경상사고,0,0,1,0,차대차 - 측면직각충돌,안전운전불이행,건조,맑음,교차로 - 교차로안,승용,남,59세,상해없음,이륜,남,74세,경상
2015100200100235,2015년 10월 2일 10시,금요일,대구광역시 달서구 상인동,중상사고,0,1,0,0,차대차 - 기타,신호위반,건조,맑음,교차로 - 교차로안,승용,남,33세,상해없음,승용,남,42세,중상
2015100200100262,2015년 10월 2일 11시,금요일,대구광역시 달성군 구지면,중상사고,0,1,0,0,차대차 - 측면직각충돌,안전운전불이행,건조,맑음,단일로 - 기타,이륜,남,78세,중상,화물,남,52세,상해없음
2015100200100263,2015년 10월 2일 11시,금요일,대구광역시 중구 대신동,중상사고,0,1,0,0,차대차 - 측면직각충돌,중앙선침범,건조,맑음,단일로 - 기타,자전거,남,71세,중상,승용,남,53세,상해없음
2015100200100295,2015년 10월 2일 12시,금요일,대구광역시 중구 삼덕동2가,경상사고,0,0,1,0,차대차 - 기타,교차로운행방법위반,건조,맑음,교차로 - 교차로안,승용,여,26세,상해없음,자전거,여,73세,경상
2015100200100296,2015년 10월 2일 12시,금요일,대구광역시 달서구 두류동,경상사고,0,0,1,0,차대차 - 기타,안전거리미확보,건조,맑음,단일로 - 기타,승용,남,50세,상해없음,승합,남,56세,경상
2015100200100297,2015년 10월 2일 12시,금요일,대구광역시 북구 팔달동,중상사고,0,1,2,0,차대차 - 측면직각충돌,중앙선침범,건조,맑음,단일로 - 기타,승용,여,34세,상해없음,특수,남,37세,중상
2015100200100341,2015년 10월 2일 13시,금요일,대구광역시 달서구 상인동,경상사고,0,0,1,0,차대사람 - 기타,안전운전불이행,건조,맑음,단일로 - 횡단보도상,승용,남,65세,기타불명,보행자,여,57세,경상
2015100200100342,2015년 10월 2일 13시,금요일,대구광역시 서구 내당동,경상사고,0,0,1,0,차대차 - 기타,기타,건조,맑음,단일로 - 기타,승용,남,65세,상해없음,이륜,남,68세,경상
2015100200100381,2015년 10월 2일 14시,금요일,대구광역시 달성군 현풍면,중상사고,0,1,0,0,차대차 - 기타,안전운전불이행,건조,맑음,단일로 - 기타,승용,남,65세,상해없음,자전거,남,47세,중상
2015100200100432,2015년 10월 2일 15시,금요일,대구광역시 남구 봉덕동,중상사고,0,1,2,0,차대사람 - 횡단중,보행자보호의무위반,건조,맑음,단일로 - 횡단보도상,승용,여,50세,상해없음,보행자,여,62세,중상
2015100200100433,2015년 10월 2일 15시,금요일,대구광역시 북구 산격동,경상사고,0,0,1,0,차대차 - 기타,중앙선침범,건조,맑음,단일로 - 기타,승용,여,38세,상해없음,이륜,남,20세,경상