사고번호,사고일시,요일,시군구,사고내용,사망자수,중상자수,경상자수,부상신고자수,사고유형,법규위반,노면상태,기상상태,도로형태,가해운전자 차종,가해운전자 성별,가해운전자 연령,가해운전자 상해정도,피해운전자 차종,피해운전자 성별,피해운전자 연령,피해운전자 상해정도
2015101100100440,2015년 10월 11일 19시,일요일,대구광역시 서구 상리동,경상사고,0,0,1,0,차대차 - 측면직각충돌,안전운전불이행,습기,비,단일로 - 기타,승합,남,49세,상해없음,승용,남,62세,경상
2015101100100444,2015년 10월 11일 19시,일요일,대구광역시 동구 신천동,경상사고,0,0,1,0,차대차 - 기타,신호위반,습기,흐림,교차로 - 교차로안,승용,남,54세,상해없음,승용,남,61세,경상
2015101100100445,2015년 10월 11일 19시,일요일,대구광역시 북구 구암동,부상신고사고,0,0,0,1,차대사람 - 횡단중,안전운전불이행,건조,맑음,단일로 - 횡단보도상,이륜,남,43세,상해없음,보행자,남,87세,부상신고
2015101100100472,2015년 10월 11일 20시,일요일,대구광역시 중구 동인동1가,경상사고,0,0,2,0,차대차 - 추돌 - 진행중,안전운전불이행,습기,비,단일로 - 기타,승용,남,43세,상해없음,승용,여,46세,경상
2015101100100498,2015년 10월 11일 21시,일요일,대구광역시 동구 신천동,경상사고,0,0,1,0,차대차 - 측면직각충돌,안전운전불이행,건조,맑음,단일로 - 기타,승용,여,36세,상해없음,승용,남,63세,경상
2015101100100499,2015년 10월 11일 21시,일요일,대구광역시 중구 삼덕동3가,경상사고,0,0,5,0,차대차 - 측면직각충돌,직진우회전진행방해,습기,비,교차로 - 교차로부근,승용,남,25세,상해없음,승용,여,34세,경상
2015101100100520,2015년 10월 11일 22시,일요일,대구광역시 동구 신암동,중상사고,0,1,0,0,차량단독 - 공작물충돌,안전운전불이행,습기,흐림,단일로 - 기타,승용,남,58세,중상,,,,
2015101100100521,2015년 10월 11일 22시,일요일,대구광역시 수성구 두산동,중상사고,0,2,0,0,차대차 - 추돌 - 주정차중,안전운전불이행,습기,비,교차로 - 교차로안,승용,남,51세,기타불명,승용,남,24세,중상
2015101100100522,2015년 10월 11일 22시,일요일,대구광역시 서구 내당동,경상사고,0,0,1,0,차대차 - 기타,안전거리미확보,습기,비,단일로 - 기타,승용,기타불명,기타불명,기타불명,이륜,남,55세,경상
2015101100100537,2015년 10월 11일 23시,일요일,대구광역시 수성구 범어동,경상사고,0,0,1,0,차대차 - 추돌 - 진행중,안전운전불이행,건조,맑음,단일로 - 기타,승용,남,57세,상해없음,승용,남,47세,경상
2015101200100012,2015년 10월 12일 00시,월요일,대구광역시 북구 산격동,경상사고,0,0,1,0,차대사람 - 기타,안전운전불이행,건조,맑음,단일로 - 기타,승용,남,24세,상해없음,보행자,남,21세,경상
2015101200100022,2015년 10월 12일 01시,월요일,대구광역시 수성구 범어동,경상사고,0,0,1,0,차대차 - 추돌 - 진행중,안전운전불이행,건조,맑음,교차로 - 교차로부근,승용,남,58세,상해없음,승용,남,31세,상해없음
2015101200100034,2015년 10월 12일 03시,월요일,대구광역시 동구 신천동,경상사고,0,0,1,2,차대차 - 추돌 - 주정차중,안전운전불이행,건조,맑음,교차로 - 교차로안,승용,남,29세,상해없음,승용,남,26세,경상
2015101200100050,2015년 10월 12일 05시,월요일,대구광역시 중구 동인동3가,중상사고,0,1,0,0,차대사람 - 기타,안전운전불이행,건조,맑음,교차로 - 교차로부근,승용,남,65세,상해없음,보행자,남,77세,중상
2015101200100153,2015년 10월 12일 08시,월요일,대구광역시 수성구 신매동,중상사고,0,1,0,0,차대사람 - 기타,안전운전불이행,건조,맑음,단일로 - 기타,승합,남,49세,상해없음,보행자,여,72세,중상
2015101200100154,2015년 10월 12일 08시,월요일,대구광역시 수성구 매호동,경상사고,0,0,1,0,차대차 - 추돌 - 진행중,안전거리미확보,건조,맑음,단일로 - 기타,승용,남,51세,상해없음,승용,여,46세,경상
2015101200100155,2015년 10월 12일 08시,월요일,대구광역시 북구 태전동,경상사고,0,0,1,0,차대차 - 추돌 - 진행중,기타,건조,맑음,단일로 - 기타,승합,남,53세,상해없음,이륜,남,16세,상해없음
2015101200100199,2015년 10월 12일 09시,월요일,대구광역시 서구 내당동,경상사고,0,0,1,0,차대차 - 추돌 - 주정차중,안전운전불이행,건조,맑음,교차로 - 교차로부근,승용,남,70세,상해없음,승용,여,49세,경상
2015101200100270,2015년 10월 12일 11시,월요일,대구광역시 수성구 만촌동,중상사고,0,1,0,0,차대차 - 추돌 - 주정차중,안전운전불이행,건조,맑음,단일로 - 기타,건설기계,남,49세,상해없음,승합,남,53세,상해없음
2015101200100271,2015년 10월 12일 11시,월요일,대구광역시 서구 평리동,중상사고,0,1,0,0,차대사람 - 기타,보행자보호의무위반,건조,맑음,단일로 - 횡단보도상,승용,남,56세,상해없음,보행자,여,57세,중상
2015101200100272,2015년 10월 12일 11시,월요일,대구광역시 중구 동인동2가,경상사고,0,0,1,0,차대차 - 추돌 - 진행중,차로위반,건조,맑음,교차로 - 교차로부근,승용,여,57세,상해없음,승합,남,60세,상해없음
2015101200100308,2015년 10월 12일 12시,월요일,대구광역시 남구 대명동,중상사고,0,1,1,0,차량단독 - 기타,안전운전불이행,건조,맑음,교차로 - 교차로안,승용,남,58세,상해없음,,,,
2015101200100309,2015년 10월 12일 12시,월요일,대구광역시 수성구 범어동,중상사고,0,1,3,0,차대차 - 추돌 - 진행중,안전운전불이행,건조,맑음,단일로 - 기타,승용,남,36세,상해없음,승용,여,46세,경상
2015101200100310,2015년 10월 12일 12시,월요일,대구광역시 달서구 이곡동,경상사고,0,0,1,1,차대차 - 측면직각충돌,차로위반,건조,맑음,단일로 - 기타,승용,남,48세,상해없음,승용,여,52세,경상
2015101200100341,2015년 10월 12일 13시,월요일,대구광역시 남구 봉덕동,중상사고,0,1,0,1,차대사람 - 횡단중,안전운전불이행,건조,맑음,교차로 - 교차로부근,승합,남,43세,상해없음,보행자,여,58세,중상
2015101200100342,2015년 10월 12일 13시,월요일,대구광역시 달서구 상인동,경상사고,0,0,2,0,차대차 - 측면직각충돌,교차로운행방법위반,건조,맑음,교차로 - 교차로안,승용,여,54세,경상,승용,남,48세,경상
2015101200100343,2015년 10월 12일 13시,월요일,대구광역시 서구 평리동,중상사고,0,1,0,0,차대차 - 측면직각충돌,안전운전불이행,건조,맑음,단일로 - 기타,승용,여,48세,상해없음,원동기,여,77세,중상
2015101200100344,2015년 10월 12일 13시,월요일,대구광역시 달서구 두류동,경상사고,0,0,1,0,차대차 - 측면직각충돌,안전거리미확보,건조,맑음,단일로 - 기타,승용,남,59세,상해없음,이륜,여,29세,경상
2015101200100384,2015년 10월 12일 14시,월요일,대구광역시 중구 삼덕동1가,경상사고,0,0,2,0,차대차 - 측면직각충돌,직진우회전진행방해,건조,맑음,교차로 - 교차로안,승용,남,61세,경상,이륜,남,23세,경상
2015101200100385,2015년 10월 12일 14시,월요일,대구광역시 북구 읍내동,경상사고,0,0,1,0,차대차 - 추돌 - 주정차중,안전운전불이행,건조,맑음,단일로 - 기타,승용,남,51세,상해없음,승용,여,36세,경상
2015101200100464,2015년 10월 12일 16시,월요일,대구광역시 남구 대명동,경상사고,0,0,2,0,차대차 - 측면직각충돌,안전운전불이행,건조,맑음,교차로 - 교차로안,승용,여,61세,상해없음,승용,여,53세,경상
2015101200100465,2015년 10월 12일 16시,월요일,대구광역시 달서구 상인동,경상사고,0,0,1,0,차대차 - 측면직각충돌,안전운전불이행,건조,맑음,단일로 - 기타,승용,남,48세,상해없음,자전거,남,12세,경상
2015101200100466,2015년 10월 12일 16시,월요일,대구광역시 북구 노원동3가,경상사고,0,0,1,0,차대차 - 기타,안전운전불이행,건조,맑음,기타 - 기타,승용,남,53세,상해없음,이륜,남,23세,경상
2015101200100513,2015년 10월 12일 17시,월요일,대구광역시 동구 입석동,경상사고,0,0,1,0,차대사람 - 기타,안전운전불이행,건조,맑음,단일로 - 기타,승합,남,35세,상해없음,보행자,남,75세,경상
2015101200100514,2015년 10월 12일 17시,월요일,대구광역시 달서구 송현동,경상사고,0,0,1,0,차대차 - 기타,교차로운행방법위반,건조,맑음,교차로 - 교차로안,승용,남,53세,상해없음,원동기,남,54세,경상
2015101200100515,2015년 10월 12일 17시,월요일,대구광역시 달서구 죽전동,중상사고,0,1,3,0,차대차 - 측면직각충돌,차로위반,건조,맑음,단일로 - 기타,승용,남,51세,상해없음,승용,남,20세,중상
2015101200100516,2015년 10월 12일 17시,월요일,대구광역시 달서구 신당동,경상사고,0,0,1,0,차대차 - 추돌 - 주정차중,안전거리미확보,건조,맑음,단일로 - 기타,이륜,남,17세,상해없음,승용,남,37세,경상
2015101200100570,2015년 10월 12일 18시,월요일,대구광역시 남구 대명동,부상신고사고,0,0,0,1,차대차 - 추돌 - 주정차중,안전운전불이행,건조,맑음,단일로 - 기타,자전거,남,53세,부상신고,승합,남,38세,상해없음
2015101200100571,2015년 10월 12일 18시,월요일,대구광역시 남구 이천동,경상사고,0,0,1,0,차대차 - 추돌 - 진행중,안전운전불이행,건조,맑음,기타 - 기타,화물,여,59세,상해없음,승용,남,27세,경상
2015101200100572,2015년 10월 12일 18시,월요일,대구광역시 수성구 시지동,중상사고,0,1,0,0,차대사람 - 횡단중,보행자보호의무위반,건조,맑음,단일로 - 횡단보도상,승용,남,63세,상해없음,보행자,여,46세,중상
2015101200100573,2015년 10월 12일 18시,월요일,대구광역시 달서구 월성동,경상사고,0,0,1,0,차대차 - 측면직각충돌,안전운전불이행,건조,맑음,교차로 - 교차로안,승용,여,39세,상해없음,자전거,남,8세,경상
2015101200100574,2015년 10월 12일 18시,월요일,대구광역시 서구 비산동,경상사고,0,0,1,0,차대차 - 측면직각충돌,안전거리미확보,건조,맑음,교차로 - 교차로부근,승합,남,51세,상해없음,자전거,남,62세,경상
2015101200100575,2015년 10월 12일 18시,월요일,대구광역시 북구 국우동,경상사고,0,0,1,0,차대차 - 측면직각충돌,안전운전불이행,건조,맑음,단일로 - 기타,승용,여,40세,상해없음,이륜,남,18세,경상
2015101200100616,2015년 10월 12일 19시,월요일,대구광역시 동구 둔산동,경상사고,0,0,2,0,차대차 - 추돌 - 진행중,안전운전불이행,건조,맑음,단일로 - 기타,화물,기타불명,기타불명,기타불명,승용,남,47세,경상
2015101200100619,2015년 10월 12일 19시,월요일,대구광역시 동구 검사동,부상신고사고,0,0,0,1,차대차 - 측면직각충돌,신호위반,건조,맑음,교차로 - 교차로안,이륜,남,44세,부상신고,승용,남,59세,상해없음
2015101200100620,2015년 10월 12일 19시,월요일,대구광역시 달서구 진천동,중상사고,0,1,0,0,차대차 - 기타,안전운전불이행,건조,맑음,단일로 - 기타,자전거,남,59세,중상,자전거,남,42세,상해없음
2015101200100649,2015년 10월 12일 20시,월요일,대구광역시 달성군 화원읍,경상사고,0,0,1,0,차대차 - 측면직각충돌,안전운전불이행,건조,맑음,단일로 - 기타,승용,남,42세,상해없음,이륜,남,43세,경상
2015101200100650,2015년 10월 12일 20시,월요일,대구광역시 달성군 옥포면,경상사고,0,0,5,0,차대차 - 추돌 - 주정차중,안전운전불이행,건조,맑음,교차로 - 교차로안,승용,남,71세,상해없음,승용,남,44세,경상
2015101200100651,2015년 10월 12일 20시,월요일,대구광역시 북구 구암동,중상사고,0,1,0,0,차대사람 - 기타,안전운전불이행,건조,맑음,단일로 - 횡단보도상,승용,남,51세,상해없음,보행자,여,37세,중상
2015101200100680,2015년 10월 12일 21시,월요일,대구광역시 수성구 수성동4가,중상사고,0,1,0,0,차대차 - 추돌 - 진행중,안전운전불이행,건조,맑음,단일로 - 기타,승용,여,54세,상해없음,이륜,남,24세,중상
2015101200100681,2015년 10월 12일 21시,월요일,대구광역시 북구 노원동2가,경상사고,0,0,1,0,차대차 - 측면직각충돌,안전거리미확보,건조,맑음,단일로 - 횡단보도부근,원동기,남,61세,경상,승용,남,42세,상해없음
2015101200100709,2015년 10월 12일 22시,월요일,대구광역시 수성구 지산동,중상사고,0,1,0,0,차대사람 - 기타,안전운전불이행,건조,맑음,교차로 - 교차로부근,승용,남,48세,상해없음,보행자,남,57세,중상
2015101200100731,2015년 10월 12일 23시,월요일,대구광역시 동구 율하동,경상사고,0,0,3,0,차대차 - 측면직각충돌,안전운전불이행,건조,맑음,교차로 - 교차로안,승용,남,23세,경상,승용,남,40세,경상
2015101200100732,2015년 10월 12일 23시,월요일,대구광역시 수성구 수성동1가,경상사고,0,0,1,0,차대차 - 추돌 - 진행중,안전거리미확보,건조,맑음,단일로 - 기타,승용,여,20세,상해없음,승용,여,26세,경상
2015101200100733,2015년 10월 12일 23시,월요일,대구광역시 서구 평리동,중상사고,0,1,1,0,차대차 - 측면직각충돌,불법유턴,건조,맑음,단일로 - 기타,이륜,남,31세,경상,승용,여,58세,중상
2015101300100008,2015년 10월 13일 00시,화요일,대구광역시 달서구 송현동,경상사고,0,0,1,0,차대차 - 기타,직진우회전진행방해,건조,맑음,교차로 - 교차로안,승용,여,42세,상해없음,이륜,남,35세,경상
2015101300100009,2015년 10월 13일 00시,화요일,대구광역시 중구 동인동3가,경상사고,0,0,1,0,차대사람 - 횡단중,보행자보호의무위반,건조,맑음,교차로 - 교차로안,승용,남,72세,상해없음,보행자,남,24세,경상
2015101300100028,2015년 10월 13일 01시,화요일,대구광역시 수성구 황금동,중상사고,0,1,0,0,차대사람 - 횡단중,안전운전불이행,건조,맑음,단일로 - 기타,이륜,남,49세,상해없음,보행자,여,82세,중상
2015101300100029,2015년 10월 13일 01시,화요일,대구광역시 중구 동인동1가,경상사고,0,0,2,0,차대차 - 추돌 - 진행중,안전거리미확보,건조,맑음,단일로 - 기타,승용,남,23세,상해없음,승용,남,44세,경상
2015101300100030,2015년 10월 13일 01시,화요일,대구광역시 중구 동인동2가,경상사고,0,0,1,0,차대차 - 추돌 - 주정차중,안전운전불이행,건조,맑음,단일로 - 기타,승용,남,28세,상해없음,이륜,남,29세,경상
2015101300100074,2015년 10월 13일 06시,화요일,대구광역시 달성군 다사읍,중상사고,0,1,0,0,차대사람 - 횡단중,보행자보호의무위반,건조,맑음,교차로 - 교차로부근,승합,남,60세,상해없음,보행자,남,59세,중상
2015101300100157,2015년 10월 13일 08시,화요일,대구광역시 달성군 구지면,중상사고,0,1,1,0,차대차 - 정면충돌,중앙선침범,건조,맑음,단일로 - 기타,승용,여,59세,경상,화물,남,34세,중상
2015101300100158,2015년 10월 13일 08시,화요일,대구광역시 북구 침산동,경상사고,0,0,1,0,차대사람 - 횡단중,안전운전불이행,건조,맑음,단일로 - 기타,이륜,남,42세,상해없음,보행자,여,32세,경상
2015101300100159,2015년 10월 13일 08시,화요일,대구광역시 서구 내당동,경상사고,0,0,2,0,차대차 - 추돌 - 주정차중,안전거리미확보,건조,맑음,교차로 - 교차로부근,승용,남,68세,상해없음,승용,여,60세,경상
2015101300100235,2015년 10월 13일 10시,화요일,대구광역시 동구 동호동,중상사고,0,1,0,0,차대사람 - 기타,안전운전불이행,건조,맑음,단일로 - 기타,화물,남,49세,상해없음,보행자,남,63세,중상
2015101300100263,2015년 10월 13일 11시,화요일,대구광역시 달서구 감삼동,중상사고,0,1,0,0,차대차 - 기타,직진우회전진행방해,건조,맑음,교차로 - 교차로안,승용,남,44세,상해없음,승용,여,61세,중상
2015101300100297,2015년 10월 13일 12시,화요일,대구광역시 남구 대명동,중상사고,0,1,0,0,차대사람 - 기타,안전운전불이행,건조,맑음,단일로 - 기타,승용,여,62세,상해없음,보행자,여,61세,중상
2015101300100329,2015년 10월 13일 13시,화요일,대구광역시 북구 침산동,경상사고,0,0,1,0,차대차 - 기타,신호위반,건조,맑음,교차로 - 교차로안,화물,남,19세,상해없음,승용,남,63세,경상
2015101300100357,2015년 10월 13일 14시,화요일,대구광역시 동구 용수동,경상사고,0,0,1,0,차대차 - 기타,안전운전불이행,건조,맑음,단일로 - 기타,승용,여,45세,상해없음,승용,여,46세,상해없음
2015101300100358,2015년 10월 13일 14시,화요일,대구광역시 동구 신암동,경상사고,0,0,1,0,차량단독 - 기타,기타,건조,맑음,단일로 - 기타,승합,남,60세,상해없음,,,,
2015101300100359,2015년 10월 13일 14시,화요일,대구광역시 수성구 연호동,부상신고사고,0,0,0,1,차량단독 - 공작물충돌,안전운전불이행,건조,맑음,단일로 - 기타,이륜,남,54세,부상신고,,,,
2015101300100360,2015년 10월 13일 14시,화요일,대구광역시 달서구 대곡동,중상사고,0,1,0,0,차대차 - 기타,안전운전불이행,건조,맑음,교차로 - 교차로부근,승용,여,33세,상해없음,자전거,여,52세,중상
2015101300100399,2015년 10월 13일 15시,화요일,대구광역시 북구 침산동,경상사고,0,0,1,0,차대차 - 추돌 - 주정차중,안전운전불이행,건조,맑음,단일로 - 기타,승용,남,59세,상해없음,승용,여,37세,경상
2015101300100400,2015년 10월 13일 15시,화요일,대구광역시 중구 삼덕동1가,경상사고,0,0,1,0,차대사람 - 기타,안전운전불이행,건조,맑음,단일로 - 기타,승용,남,28세,상해없음,보행자,여,38세,경상
2015101300100440,2015년 10월 13일 16시,화요일,대구광역시 달서구 신당동,중상사고,0,1,0,0,차대차 - 기타,안전운전불이행,건조,맑음,교차로 - 교차로안,승용,여,20세,상해없음,자전거,남,63세,중상
2015101300100477,2015년 10월 13일 17시,화요일,대구광역시 수성구 만촌동,중상사고,0,1,2,0,차대차 - 측면직각충돌,안전거리미확보,건조,맑음,교차로 - 교차로부근,승용,여,60세,상해없음,승용,여,37세,중상
2015101300100528,2015년 10월 13일 18시,화요일,대구광역시 남구 이천동,경상사고,0,0,2,0,차대차 - 추돌 - 주정차중,안전운전불이행,건조,맑음,단일로 - 기타,승용,남,50세,상해없음,승용,여,23세,경상
2015101300100581,2015년 10월 13일 19시,화요일,대구광역시 동구 숙천동,중상사고,0,1,3,0,차대차 - 추돌 - 진행중,안전운전불이행,건조,맑음,단일로 - 기타,특수,남,51세,상해없음,승용,남,49세,중상
2015101300100584,2015년 10월 13일 19시,화요일,대구광역시 남구 봉덕동,경상사고,0,0,1,0,차대차 - 기타,안전운전불이행,건조,맑음,단일로 - 기타,자전거,남,30세,경상,승용,남,37세,상해없음
2015101300100585,2015년 10월 13일 19시,화요일,대구광역시 달서구 상인동,경상사고,0,0,1,0,차대차 - 측면직각충돌,신호위반,건조,맑음,교차로 - 교차로안,승용,남,52세,상해없음,승용,남,36세,경상
2015101300100586,2015년 10월 13일 19시,화요일,대구광역시 서구 내당동,경상사고,0,0,1,1,차량단독 - 공작물충돌,안전운전불이행,건조,맑음,단일로 - 기타,승용,여,37세,부상신고,,,,
2015101300100617,2015년 10월 13일 20시,화요일,대구광역시 동구 효목동,경상사고,0,0,1,0,차대차 - 측면직각충돌,기타,건조,맑음,단일로 - 기타,화물,여,53세,상해없음,자전거,남,23세,경상
2015101300100618,2015년 10월 13일 20시,화요일,대구광역시 수성구 황금동,중상사고,0,1,0,0,차대차 - 기타,안전운전불이행,건조,맑음,단일로 - 기타,승용,여,52세,상해없음,자전거,남,15세,중상
2015101300100619,2015년 10월 13일 20시,화요일,대구광역시 서구 비산동,경상사고,0,0,2,0,차대차 - 추돌 - 진행중,교차로운행방법위반,건조,맑음,교차로 - 교차로부근,승용,남,66세,경상,승용,남,71세,경상
2015101300100620,2015년 10월 13일 20시,화요일,대구광역시 북구 구암동,경상사고,0,0,1,0,차대차 - 측면직각충돌,안전운전불이행,건조,맑음,교차로 - 교차로부근,승용,여,64세,경상,승용,남,48세,상해없음
2015101300100657,2015년 10월 13일 21시,화요일,대구광역시 중구 대봉동,경상사고,0,0,1,0,차대차 - 추돌 - 주정차중,안전거리미확보,건조,맑음,단일로 - 기타,승용,여,32세,상해없음,승용,남,57세,경상
2015101300100679,2015년 10월 13일 22시,화요일,대구광역시 동구 율하동,경상사고,0,0,1,0,차대차 - 측면직각충돌,안전거리미확보,건조,맑음,단일로 - 기타,승용,남,59세,상해없음,이륜,남,18세,경상
2015101300100680,2015년 10월 13일 22시,화요일,대구광역시 서구 비산동,중상사고,0,1,0,0,차대사람 - 기타,안전운전불이행,건조,맑음,단일로 - 기타,승용,남,61세,상해없음,보행자,여,72세,중상
2015101400100032,2015년 10월 14일 01시,수요일,대구광역시 달서구 본리동,경상사고,0,0,2,0,차대차 - 측면직각충돌,신호위반,건조,맑음,교차로 - 교차로안,승용,남,27세,상해없음,승용,남,59세,경상
2015101400100042,2015년 10월 14일 02시,수요일,대구광역시 동구 신천동,경상사고,0,0,1,0,차대차 - 기타,안전거리미확보,건조,맑음,단일로 - 기타,승용,남,62세,상해없음,승용,남,54세,상해없음
2015101400100110,2015년 10월 14일 07시,수요일,대구광역시 동구 용계동,경상사고,0,0,3,0,차대차 - 기타,안전운전불이행,건조,맑음,교차로 - 교차로안,승용,여,50세,상해없음,승용,여,48세,경상
2015101400100111,2015년 10월 14일 07시,수요일,대구광역시 동구 신암동,경상사고,0,0,4,0,차대차 - 측면직각충돌,안전거리미확보,건조,맑음,단일로 - 기타,승용,남,60세,상해없음,승용,남,22세,경상
2015101400100112,2015년 10월 14일 07시,수요일,대구광역시 수성구 고모동,중상사고,0,1,0,0,차대사람 - 횡단중,보행자보호의무위반,건조,맑음,단일로 - 횡단보도상,화물,여,49세,상해없음,보행자,여,68세,중상
2015101400100163,2015년 10월 14일 08시,수요일,대구광역시 남구 봉덕동,경상사고,0,0,1,0,차대차 - 추돌 - 주정차중,안전거리미확보,건조,맑음,교차로 - 교차로부근,승용,남,45세,상해없음,승합,남,57세,경상
2015101400100164,2015년 10월 14일 08시,수요일,대구광역시 동구 불로동,중상사고,0,1,0,0,차대사람 - 기타,기타,건조,맑음,기타 - 기타,승합,남,44세,상해없음,보행자,여,82세,중상
2015101400100165,2015년 10월 14일 08시,수요일,대구광역시 수성구 범어동,중상사고,0,1,0,0,차대차 - 측면직각충돌,안전운전불이행,건조,맑음,단일로 - 기타,승용,남,28세,상해없음,자전거,여,47세,중상
2015101400100166,2015년 10월 14일 08시,수요일,대구광역시 북구 칠성동2가,경상사고,0,0,1,0,차대사람 - 기타,안전운전불이행,건조,맑음,교차로 - 교차로안,화물,남,43세,상해없음,보행자,여,73세,경상
2015101400100201,2015년 10월 14일 09시,수요일,대구광역시 수성구 범어동,사망사고,1,0,0,0,차대사람 - 횡단중,안전운전불이행,건조,맑음,교차로 - 교차로부근,승용,남,58세,상해없음,보행자,여,77세,사망
2015101400100202,2015년 10월 14일 09시,수요일,대구광역시 달서구 장동,경상사고,0,0,1,0,차대차 - 정면충돌,중앙선침범,건조,맑음,단일로 - 기타,승용,남,45세,상해없음,화물,남,56세,경상
2015101400100263,2015년 10월 14일 11시,수요일,대구광역시 달성군 가창면,중상사고,0,1,0,0,차대차 - 추돌 - 진행중,중앙선침범,건조,맑음,단일로 - 기타,화물,남,31세,상해없음,화물,남,55세,중상
2015101400100264,2015년 10월 14일 11시,수요일,대구광역시 북구 산격동,중상사고,0,1,0,0,차대차 - 측면직각충돌,안전운전불이행,건조,맑음,단일로 - 기타,승용,남,55세,상해없음,자전거,남,82세,중상
2015101400100265,2015년 10월 14일 11시,수요일,대구광역시 달서구 용산동,중상사고,0,1,0,0,차대차 - 추돌 - 진행중,교차로운행방법위반,건조,맑음,교차로 - 교차로안,승용,남,43세,상해없음,원동기,남,21세,중상
2015101400100294,2015년 10월 14일 12시,수요일,대구광역시 달성군 논공읍,경상사고,0,0,1,0,차대차 - 측면직각충돌,안전운전불이행,건조,맑음,교차로 - 교차로안,이륜,남,69세,경상,승용,남,38세,상해없음
2015101400100295,2015년 10월 14일 12시,수요일,대구광역시 달서구 이곡동,경상사고,0,0,1,0,차대차 - 측면직각충돌,안전운전불이행,건조,맑음,단일로 - 기타,이륜,남,32세,상해없음,승합,남,43세,상해없음
2015101400100316,2015년 10월 14일 13시,수요일,대구광역시 수성구 만촌동,경상사고,0,0,1,0,차대사람 - 보도통행중,보행자보호의무위반,건조,맑음,교차로 - 교차로부근,화물,남,44세,상해없음,보행자,여,17세,경상
2015101400100317,2015년 10월 14일 13시,수요일,대구광역시 북구 침산동,부상신고사고,0,0,0,1,차량단독 - 기타,안전운전불이행,건조,맑음,단일로 - 기타,자전거,여,53세,부상신고,,,,
2015101400100355,2015년 10월 14일 14시,수요일,대구광역시 수성구 범어동,경상사고,0,0,1,0,차대차 - 측면직각충돌,안전운전불이행,건조,맑음,교차로 - 교차로안,승용,남,54세,상해없음,자전거,남,15세,경상
2015101400100393,2015년 10월 14일 15시,수요일,대구광역시 동구 신암동,경상사고,0,0,2,0,차대차 - 추돌 - 진행중,안전운전불이행,건조,맑음,단일로 - 기타,화물,남,31세,상해없음,승용,남,71세,경상
2015101400100394,2015년 10월 14일 15시,수요일,대구광역시 동구 율하동,중상사고,0,1,0,0,차대사람 - 기타,기타,건조,맑음,단일로 - 기타,승합,남,57세,상해없음,보행자,여,87세,중상
2015101400100448,2015년 10월 14일 16시,수요일,대구광역시 동구 효목동,부상신고사고,0,0,0,1,차대사람 - 기타,안전운전불이행,건조,맑음,단일로 - 기타,승용,여,27세,상해없음,보행자,여,45세,부상신고
2015101400100449,2015년 10월 14일 16시,수요일,대구광역시 달서구 본동,경상사고,0,0,1,0,차대차 - 추돌 - 주정차중,안전운전불이행,건조,맑음,단일로 - 기타,화물,남,75세,상해없음,승용,여,50세,경상
2015101400100450,2015년 10월 14일 16시,수요일,대구광역시 서구 중리동,경상사고,0,0,1,0,차대차 - 기타,안전운전불이행,건조,맑음,교차로 - 교차로안,승용,남,66세,상해없음,이륜,남,44세,경상
2015101400100451,2015년 10월 14일 16시,수요일,대구광역시 달서구 죽전동,경상사고,0,0,2,0,차대차 - 추돌 - 진행중,신호위반,건조,맑음,단일로 - 기타,승용,여,56세,상해없음,이륜,남,62세,경상
2015101400100452,2015년 10월 14일 16시,수요일,대구광역시 달서구 성당동,경상사고,0,0,1,0,차대차 - 기타,신호위반,건조,맑음,단일로 - 기타,승용,남,60세,상해없음,자전거,남,71세,경상
2015101400100502,2015년 10월 14일 17시,수요일,대구광역시 수성구 만촌동,경상사고,0,0,1,0,차대차 - 측면직각충돌,안전운전불이행,건조,맑음,교차로 - 교차로안,승합,남,42세,상해없음,자전거,남,43세,경상
2015101400100503,2015년 10월 14일 17시,수요일,대구광역시 달성군 화원읍,부상신고사고,0,0,0,1,차대차 - 기타,안전운전불이행,건조,맑음,교차로 - 교차로안,이륜,남,19세,부상신고,화물,남,55세,상해없음
2015101400100504,2015년 10월 14일 17시,수요일,대구광역시 서구 내당동,경상사고,0,0,1,0,차대사람 - 횡단중,보행자보호의무위반,건조,맑음,단일로 - 횡단보도상,화물,기타불명,기타불명,기타불명,보행자,남,24세,경상
2015101400100564,2015년 10월 14일 18시,수요일,대구광역시 남구 봉덕동,경상사고,0,0,1,0,차대사람 - 횡단중,신호위반,건조,맑음,교차로 - 교차로안,승용,남,77세,상해없음,보행자,남,11세,경상
2015101400100565,2015년 10월 14일 18시,수요일,대구광역시 달서구 상인동,경상사고,0,0,1,0,차대차 - 추돌 - 주정차중,안전거리미확보,건조,맑음,단일로 - 기타,화물,남,53세,상해없음,승용,남,27세,상해없음
2015101400100566,2015년 10월 14일 18시,수요일,대구광역시 서구 이현동,경상사고,0,0,2,0,차대차 - 기타,안전운전불이행,건조,맑음,교차로 - 교차로부근,승용,남,26세,경상,승용,남,51세,경상
2015101400100567,2015년 10월 14일 18시,수요일,대구광역시 달서구 신당동,경상사고,0,0,1,0,차대차 - 기타,안전거리미확보,건조,맑음,단일로 - 기타,이륜,남,19세,상해없음,승용,여,24세,경상
2015101400100617,2015년 10월 14일 19시,수요일,대구광역시 동구 지저동,경상사고,0,0,1,0,차대차 - 측면직각충돌,기타,건조,맑음,단일로 - 기타,승용,여,35세,상해없음,이륜,남,21세,경상