사고번호,사고일시,요일,시군구,사고내용,사망자수,중상자수,경상자수,부상신고자수,사고유형,법규위반,노면상태,기상상태,도로형태,가해운전자 차종,가해운전자 성별,가해운전자 연령,가해운전자 상해정도,피해운전자 차종,피해운전자 성별,피해운전자 연령,피해운전자 상해정도
2015101400100618,2015년 10월 14일 19시,수요일,대구광역시 수성구 범물동,부상신고사고,0,0,0,1,차대차 - 추돌 - 주정차중,안전운전불이행,건조,맑음,교차로 - 교차로부근,승용,여,29세,부상신고,화물,남,42세,상해없음
2015101400100619,2015년 10월 14일 19시,수요일,대구광역시 수성구 만촌동,부상신고사고,0,0,0,1,차대사람 - 기타,안전운전불이행,건조,맑음,교차로 - 교차로안,승용,기타불명,기타불명,기타불명,보행자,남,32세,부상신고
2015101400100620,2015년 10월 14일 19시,수요일,대구광역시 달서구 상인동,경상사고,0,0,3,0,차대차 - 추돌 - 주정차중,안전운전불이행,건조,맑음,단일로 - 기타,승용,여,27세,상해없음,승용,남,57세,경상
2015101400100621,2015년 10월 14일 19시,수요일,대구광역시 북구 침산동,사망사고,1,0,0,0,차대사람 - 횡단중,안전운전불이행,건조,맑음,교차로 - 교차로안,승용,남,39세,상해없음,보행자,남,60세,사망
2015101400100622,2015년 10월 14일 19시,수요일,대구광역시 북구 산격동,경상사고,0,0,1,0,차대사람 - 기타,안전운전불이행,건조,맑음,단일로 - 기타,이륜,남,77세,상해없음,보행자,여,63세,경상
2015101400100623,2015년 10월 14일 19시,수요일,대구광역시 서구 비산동,중상사고,0,1,0,0,차대차 - 기타,안전운전불이행,건조,맑음,단일로 - 기타,승용,남,46세,상해없음,자전거,남,56세,중상
2015101400100624,2015년 10월 14일 19시,수요일,대구광역시 서구 평리동,경상사고,0,0,2,0,차대차 - 기타,안전운전불이행,건조,맑음,교차로 - 교차로부근,이륜,남,33세,상해없음,이륜,남,66세,경상
2015101400100664,2015년 10월 14일 20시,수요일,대구광역시 동구 율하동,경상사고,0,0,1,0,차대차 - 기타,안전운전불이행,건조,맑음,단일로 - 기타,승용,남,58세,상해없음,화물,남,45세,경상
2015101400100665,2015년 10월 14일 20시,수요일,대구광역시 수성구 범어동,경상사고,0,0,1,0,차량단독 - 기타,안전거리미확보,건조,맑음,교차로 - 교차로부근,승용,남,61세,상해없음,,,,
2015101400100666,2015년 10월 14일 20시,수요일,대구광역시 서구 중리동,중상사고,0,1,0,0,차대사람 - 횡단중,안전운전불이행,건조,맑음,교차로 - 교차로부근,승용,남,27세,상해없음,보행자,남,56세,중상
2015101400100704,2015년 10월 14일 21시,수요일,대구광역시 중구 삼덕동3가,중상사고,0,1,0,0,차대사람 - 횡단중,안전운전불이행,건조,맑음,단일로 - 기타,승용,남,31세,상해없음,보행자,여,35세,중상
2015101400100728,2015년 10월 14일 22시,수요일,대구광역시 남구 대명동,경상사고,0,0,2,0,차대차 - 기타,안전운전불이행,건조,맑음,교차로 - 교차로부근,승용,여,41세,상해없음,승용,여,71세,경상
2015101500100025,2015년 10월 15일 01시,목요일,대구광역시 남구 봉덕동,경상사고,0,0,2,0,차대차 - 정면충돌,신호위반,건조,맑음,단일로 - 기타,승용,남,43세,상해없음,원동기,남,18세,경상
2015101500100096,2015년 10월 15일 07시,목요일,대구광역시 달서구 대천동,경상사고,0,0,1,1,차대차 - 측면직각충돌,차로위반,건조,맑음,단일로 - 기타,승용,남,61세,부상신고,승용,여,45세,경상
2015101500100097,2015년 10월 15일 07시,목요일,대구광역시 달서구 상인동,경상사고,0,0,1,0,차대차 - 정면충돌,안전운전불이행,건조,맑음,교차로 - 교차로안,화물,남,59세,상해없음,이륜,남,17세,경상
2015101500100173,2015년 10월 15일 09시,목요일,대구광역시 수성구 지산동,경상사고,0,0,1,0,차대사람 - 길가장자리구역통행중,안전운전불이행,건조,맑음,단일로 - 기타,승용,남,22세,상해없음,보행자,여,7세,경상
2015101500100212,2015년 10월 15일 10시,목요일,대구광역시 동구 신기동,경상사고,0,0,1,0,차대차 - 기타,안전운전불이행,건조,맑음,단일로 - 기타,승용,남,67세,상해없음,이륜,남,86세,경상
2015101500100213,2015년 10월 15일 10시,목요일,대구광역시 달서구 송현동,경상사고,0,0,1,0,차대차 - 기타,신호위반,건조,맑음,단일로 - 기타,승용,남,49세,상해없음,이륜,남,36세,경상
2015101500100214,2015년 10월 15일 10시,목요일,대구광역시 달서구 유천동,중상사고,0,1,0,0,차대차 - 기타,교차로운행방법위반,건조,맑음,교차로 - 교차로안,승용,여,46세,상해없음,자전거,남,90세 이상,중상
2015101500100215,2015년 10월 15일 10시,목요일,대구광역시 달성군 다사읍,경상사고,0,0,1,0,차대차 - 추돌 - 진행중,안전운전불이행,건조,맑음,교차로 - 교차로부근,승용,여,54세,상해없음,승용,여,26세,경상
2015101500100266,2015년 10월 15일 12시,목요일,대구광역시 수성구 상동,경상사고,0,0,1,0,차대차 - 측면직각충돌,직진우회전진행방해,건조,맑음,교차로 - 교차로안,승용,여,67세,상해없음,이륜,남,76세,경상
2015101500100267,2015년 10월 15일 12시,목요일,대구광역시 서구 내당동,중상사고,0,1,1,0,차대차 - 추돌 - 진행중,신호위반,건조,맑음,교차로 - 교차로안,승용,남,54세,상해없음,승용,남,63세,상해없음
2015101500100268,2015년 10월 15일 12시,목요일,대구광역시 북구 구암동,경상사고,0,0,1,0,차대차 - 추돌 - 진행중,기타,건조,맑음,단일로 - 기타,화물,남,55세,상해없음,승용,여,28세,경상
2015101500100294,2015년 10월 15일 13시,목요일,대구광역시 북구 산격동,중상사고,0,1,0,0,차대차 - 기타,불법유턴,건조,맑음,단일로 - 기타,자전거,남,82세,중상,승용,남,27세,상해없음
2015101500100338,2015년 10월 15일 14시,목요일,대구광역시 남구 대명동,경상사고,0,0,2,0,차대차 - 추돌 - 진행중,안전운전불이행,건조,맑음,단일로 - 기타,승용,남,31세,상해없음,승용,남,55세,경상
2015101500100364,2015년 10월 15일 15시,목요일,대구광역시 수성구 상동,경상사고,0,0,2,0,차대차 - 추돌 - 진행중,교차로운행방법위반,건조,맑음,교차로 - 교차로안,승용,남,52세,경상,승용,여,31세,경상
2015101500100365,2015년 10월 15일 15시,목요일,대구광역시 북구 침산동,경상사고,0,0,1,0,차대사람 - 횡단중,안전운전불이행,건조,맑음,단일로 - 기타,승용,남,62세,상해없음,보행자,남,3세,경상
2015101500100398,2015년 10월 15일 16시,목요일,대구광역시 달서구 송현동,부상신고사고,0,0,0,1,차대사람 - 기타,안전운전불이행,건조,맑음,단일로 - 기타,화물,남,34세,상해없음,보행자,남,76세,부상신고
2015101500100399,2015년 10월 15일 16시,목요일,대구광역시 달성군 다사읍,경상사고,0,0,2,0,차대차 - 추돌 - 진행중,안전운전불이행,건조,맑음,단일로 - 횡단보도부근,이륜,여,59세,경상,이륜,남,44세,경상
2015101500100400,2015년 10월 15일 16시,목요일,대구광역시 북구 복현동,경상사고,0,0,1,0,차대차 - 기타,불법유턴,건조,맑음,교차로 - 교차로안,이륜,남,57세,경상,승용,여,39세,상해없음
2015101500100401,2015년 10월 15일 16시,목요일,대구광역시 중구 대봉동,경상사고,0,0,1,0,차량단독 - 기타,안전운전불이행,건조,맑음,단일로 - 기타,승합,남,63세,상해없음,,,,
2015101500100402,2015년 10월 15일 16시,목요일,대구광역시 북구 서변동,경상사고,0,0,1,0,차대차 - 기타,안전운전불이행,건조,맑음,단일로 - 기타,승용,남,38세,상해없음,승용,남,26세,경상
2015101500100439,2015년 10월 15일 17시,목요일,대구광역시 북구 침산동,중상사고,0,1,0,0,차대차 - 추돌 - 진행중,교차로운행방법위반,건조,맑음,교차로 - 교차로안,승용,남,65세,상해없음,승용,여,26세,중상
2015101500100440,2015년 10월 15일 17시,목요일,대구광역시 달서구 성당동,부상신고사고,0,0,0,1,차대사람 - 기타,안전운전불이행,건조,맑음,교차로 - 교차로부근,승용,남,59세,상해없음,보행자,여,51세,부상신고
2015101500100498,2015년 10월 15일 18시,목요일,대구광역시 동구 지저동,경상사고,0,0,1,0,차대사람 - 기타,안전운전불이행,건조,맑음,교차로 - 교차로안,화물,여,39세,상해없음,보행자,여,64세,경상
2015101500100499,2015년 10월 15일 18시,목요일,대구광역시 동구 신천동,경상사고,0,0,1,0,차대차 - 측면직각충돌,교차로운행방법위반,건조,맑음,교차로 - 교차로안,승용,남,28세,상해없음,이륜,남,53세,경상
2015101500100580,2015년 10월 15일 20시,목요일,대구광역시 수성구 만촌동,중상사고,0,1,0,0,차대사람 - 보도통행중,안전운전불이행,건조,맑음,단일로 - 기타,승용,남,63세,상해없음,보행자,여,67세,중상
2015101500100581,2015년 10월 15일 20시,목요일,대구광역시 달서구 용산동,경상사고,0,0,1,0,차대사람 - 횡단중,보행자보호의무위반,건조,맑음,교차로 - 교차로부근,승용,여,28세,상해없음,보행자,여,64세,경상
2015101500100608,2015년 10월 15일 21시,목요일,대구광역시 북구 산격동,경상사고,0,0,1,0,차대사람 - 보도통행중,기타,건조,맑음,단일로 - 기타,이륜,남,24세,상해없음,보행자,여,23세,경상
2015101500100609,2015년 10월 15일 21시,목요일,대구광역시 달서구 두류동,경상사고,0,0,1,0,차대차 - 추돌 - 주정차중,안전운전불이행,건조,맑음,단일로 - 기타,화물,남,59세,상해없음,승용,남,49세,경상
2015101500100633,2015년 10월 15일 22시,목요일,대구광역시 수성구 만촌동,경상사고,0,0,2,0,차대차 - 추돌 - 주정차중,안전운전불이행,건조,맑음,교차로 - 교차로부근,승용,남,39세,상해없음,승합,남,34세,경상
2015101600100013,2015년 10월 16일 00시,금요일,대구광역시 수성구 신매동,중상사고,0,1,0,0,차대사람 - 횡단중,보행자보호의무위반,건조,맑음,단일로 - 횡단보도상,승용,남,24세,상해없음,보행자,남,47세,중상
2015101600100035,2015년 10월 16일 01시,금요일,대구광역시 남구 대명동,경상사고,0,0,1,0,차대사람 - 횡단중,신호위반,건조,맑음,교차로 - 교차로안,승용,남,26세,상해없음,보행자,남,63세,경상
2015101600100036,2015년 10월 16일 01시,금요일,대구광역시 동구 지묘동,중상사고,0,1,0,0,차량단독 - 공작물충돌,안전운전불이행,건조,맑음,단일로 - 기타,화물,남,65세,중상,,,,
2015101600100037,2015년 10월 16일 01시,금요일,대구광역시 서구 비산동,중상사고,0,1,0,0,차대사람 - 횡단중,안전운전불이행,건조,맑음,단일로 - 횡단보도상,승용,남,30세,상해없음,보행자,남,49세,중상
2015101600100044,2015년 10월 16일 02시,금요일,대구광역시 달서구 송현동,경상사고,0,0,1,0,차대차 - 측면직각충돌,신호위반,건조,맑음,교차로 - 교차로안,승용,남,57세,상해없음,승용,남,53세,경상
2015101600100053,2015년 10월 16일 04시,금요일,대구광역시 수성구 두산동,중상사고,0,1,3,0,차대차 - 기타,신호위반,건조,맑음,교차로 - 교차로안,승용,여,21세,상해없음,승용,남,54세,중상
2015101600100062,2015년 10월 16일 05시,금요일,대구광역시 북구 팔달동,중상사고,0,1,0,0,차대차 - 측면직각충돌,안전운전불이행,건조,맑음,단일로 - 횡단보도상,화물,남,51세,상해없음,자전거,남,64세,중상
2015101600100110,2015년 10월 16일 07시,금요일,대구광역시 북구 산격동,중상사고,0,1,0,0,차대차 - 측면직각충돌,안전운전불이행,건조,맑음,교차로 - 교차로안,승용,남,31세,상해없음,자전거,남,62세,중상
2015101600100162,2015년 10월 16일 08시,금요일,대구광역시 동구 각산동,경상사고,0,0,1,0,차대차 - 측면직각충돌,안전거리미확보,건조,맑음,단일로 - 기타,건설기계,남,46세,상해없음,승용,여,25세,경상
2015101600100163,2015년 10월 16일 08시,금요일,대구광역시 수성구 시지동,중상사고,0,1,0,0,차대차 - 측면직각충돌,안전운전불이행,건조,맑음,단일로 - 기타,승용,여,49세,상해없음,자전거,여,23세,중상
2015101600100164,2015년 10월 16일 08시,금요일,대구광역시 수성구 두산동,경상사고,0,0,1,0,차대차 - 측면직각충돌,교차로운행방법위반,건조,맑음,교차로 - 교차로안,승용,여,32세,상해없음,자전거,남,12세,경상
2015101600100165,2015년 10월 16일 08시,금요일,대구광역시 달서구 본동,경상사고,0,0,1,0,차대차 - 측면직각충돌,안전운전불이행,건조,맑음,단일로 - 기타,승용,남,27세,상해없음,자전거,남,31세,경상
2015101600100166,2015년 10월 16일 08시,금요일,대구광역시 중구 봉산동,경상사고,0,0,2,0,차대차 - 측면직각충돌,안전운전불이행,건조,맑음,교차로 - 교차로안,승용,남,58세,상해없음,승용,남,65세,경상
2015101600100167,2015년 10월 16일 08시,금요일,대구광역시 달서구 감삼동,중상사고,0,1,0,0,차대사람 - 횡단중,안전운전불이행,건조,맑음,단일로 - 횡단보도상,승용,남,58세,상해없음,보행자,남,23세,중상
2015101600100168,2015년 10월 16일 08시,금요일,대구광역시 달서구 본리동,중상사고,0,1,0,0,차대차 - 기타,안전운전불이행,건조,맑음,단일로 - 횡단보도상,승용,여,37세,상해없음,자전거,여,61세,중상
2015101600100200,2015년 10월 16일 09시,금요일,대구광역시 동구 불로동,중상사고,0,1,0,0,차대차 - 기타,교차로운행방법위반,건조,맑음,교차로 - 교차로안,승용,여,65세,상해없음,이륜,남,77세,중상
2015101600100201,2015년 10월 16일 09시,금요일,대구광역시 북구 대현동,경상사고,0,0,1,0,차대사람 - 기타,안전운전불이행,건조,맑음,단일로 - 기타,승용,남,21세,기타불명,보행자,남,51세,경상
2015101600100202,2015년 10월 16일 09시,금요일,대구광역시 중구 삼덕동3가,경상사고,0,0,2,0,차대차 - 측면직각충돌,안전운전불이행,건조,맑음,교차로 - 교차로부근,승용,남,30세,상해없음,승용,여,48세,경상
2015101600100261,2015년 10월 16일 11시,금요일,대구광역시 달서구 진천동,경상사고,0,0,1,0,차대차 - 기타,교차로운행방법위반,건조,맑음,교차로 - 교차로안,승합,남,55세,상해없음,화물,남,18세,경상
2015101600100262,2015년 10월 16일 11시,금요일,대구광역시 달성군 다사읍,경상사고,0,0,1,0,차대차 - 추돌 - 진행중,안전운전불이행,건조,맑음,교차로 - 교차로부근,화물,남,26세,상해없음,원동기,남,57세,경상
2015101600100288,2015년 10월 16일 12시,금요일,대구광역시 동구 신기동,사망사고,1,0,0,0,차대사람 - 횡단중,보행자보호의무위반,건조,맑음,단일로 - 횡단보도상,승용,여,56세,상해없음,보행자,여,84세,사망
2015101600100319,2015년 10월 16일 13시,금요일,대구광역시 수성구 범물동,경상사고,0,0,1,0,차대사람 - 횡단중,보행자보호의무위반,건조,맑음,단일로 - 횡단보도상,승용,여,50세,상해없음,보행자,여,60세,경상
2015101600100320,2015년 10월 16일 13시,금요일,대구광역시 중구 태평로1가,경상사고,0,0,1,0,차대사람 - 횡단중,신호위반,건조,맑음,단일로 - 횡단보도상,승용,남,77세,상해없음,보행자,여,74세,경상
2015101600100321,2015년 10월 16일 13시,금요일,대구광역시 달서구 두류동,경상사고,0,0,1,0,차대차 - 측면직각충돌,안전거리미확보,건조,맑음,단일로 - 기타,특수,남,55세,상해없음,승용,여,51세,경상
2015101600100366,2015년 10월 16일 14시,금요일,대구광역시 수성구 범어동,경상사고,0,0,1,0,차대차 - 정면충돌,교차로운행방법위반,건조,맑음,교차로 - 교차로안,승용,남,41세,상해없음,승용,남,53세,경상
2015101600100367,2015년 10월 16일 14시,금요일,대구광역시 달서구 대곡동,경상사고,0,0,1,0,차대차 - 측면직각충돌,차로위반,건조,맑음,단일로 - 기타,승용,남,57세,상해없음,승용,여,26세,경상
2015101600100368,2015년 10월 16일 14시,금요일,대구광역시 북구 칠성동2가,경상사고,0,0,1,0,차대차 - 추돌 - 주정차중,안전운전불이행,건조,맑음,교차로 - 교차로부근,기타불명,여,63세,경상,승용,여,48세,상해없음
2015101600100399,2015년 10월 16일 15시,금요일,대구광역시 달서구 진천동,경상사고,0,0,1,0,차대차 - 측면직각충돌,안전운전불이행,건조,맑음,단일로 - 기타,승용,여,31세,상해없음,자전거,여,21세,경상
2015101600100400,2015년 10월 16일 15시,금요일,대구광역시 달서구 감삼동,중상사고,0,1,0,0,차대차 - 기타,안전운전불이행,건조,맑음,단일로 - 기타,승용,남,34세,상해없음,자전거,여,75세,중상
2015101600100401,2015년 10월 16일 15시,금요일,대구광역시 북구 읍내동,부상신고사고,0,0,0,1,차대차 - 측면직각충돌,안전운전불이행,건조,맑음,단일로 - 횡단보도부근,승용,여,36세,상해없음,자전거,남,13세,부상신고
2015101600100435,2015년 10월 16일 16시,금요일,대구광역시 수성구 만촌동,경상사고,0,0,1,0,차대차 - 기타,안전거리미확보,건조,맑음,단일로 - 기타,승용,남,30세,상해없음,이륜,남,50세,상해없음
2015101600100436,2015년 10월 16일 16시,금요일,대구광역시 달성군 유가면,중상사고,0,1,0,0,차대차 - 추돌 - 진행중,안전운전불이행,건조,맑음,단일로 - 기타,화물,남,45세,상해없음,농기계,남,52세,중상
2015101600100437,2015년 10월 16일 16시,금요일,대구광역시 북구 동천동,경상사고,0,0,3,0,차대차 - 추돌 - 진행중,안전운전불이행,건조,맑음,교차로 - 교차로안,승용,남,35세,경상,승용,남,28세,상해없음
2015101600100485,2015년 10월 16일 17시,금요일,대구광역시 달서구 본동,경상사고,0,0,1,0,차대차 - 기타,안전운전불이행,건조,맑음,교차로 - 교차로부근,화물,남,50세,상해없음,승용,남,60세,경상
2015101600100534,2015년 10월 16일 18시,금요일,대구광역시 달성군 화원읍,중상사고,0,1,0,0,차대사람 - 횡단중,신호위반,건조,맑음,단일로 - 횡단보도상,승합,남,48세,상해없음,보행자,여,56세,중상
2015101600100535,2015년 10월 16일 18시,금요일,대구광역시 달성군 다사읍,경상사고,0,0,1,0,차대차 - 추돌 - 진행중,안전운전불이행,건조,맑음,단일로 - 기타,이륜,남,56세,상해없음,승용,여,51세,경상
2015101600100536,2015년 10월 16일 18시,금요일,대구광역시 북구 산격동,경상사고,0,0,1,0,차대차 - 추돌 - 주정차중,안전거리미확보,건조,맑음,단일로 - 기타,화물,남,26세,기타불명,승용,여,40세,경상
2015101600100537,2015년 10월 16일 18시,금요일,대구광역시 서구 비산동,경상사고,0,0,1,0,차대사람 - 기타,안전운전불이행,건조,맑음,단일로 - 기타,기타불명,기타불명,기타불명,기타불명,보행자,남,5세,경상
2015101600100590,2015년 10월 16일 19시,금요일,대구광역시 동구 신암동,경상사고,0,0,1,0,차대차 - 측면직각충돌,안전거리미확보,건조,맑음,단일로 - 기타,승용,여,21세,상해없음,승합,남,54세,경상
2015101600100591,2015년 10월 16일 19시,금요일,대구광역시 북구 침산동,중상사고,0,1,0,0,차대차 - 기타,안전운전불이행,건조,맑음,교차로 - 교차로부근,승용,남,33세,상해없음,원동기,남,23세,중상
2015101600100592,2015년 10월 16일 19시,금요일,대구광역시 서구 비산동,사망사고,1,0,0,0,차대사람 - 기타,안전운전불이행,건조,맑음,단일로 - 기타,승용,남,61세,상해없음,보행자,남,53세,사망
2015101600100593,2015년 10월 16일 19시,금요일,대구광역시 서구 원대동1가,중상사고,0,1,0,0,차대차 - 측면직각충돌,안전운전불이행,건조,맑음,교차로 - 교차로안,자전거,남,68세,중상,화물,남,38세,상해없음
2015101600100594,2015년 10월 16일 19시,금요일,대구광역시 서구 중리동,경상사고,0,0,1,0,차대차 - 추돌 - 진행중,안전운전불이행,건조,맑음,단일로 - 기타,화물,남,55세,상해없음,승용,남,60세,경상
2015101600100595,2015년 10월 16일 19시,금요일,대구광역시 중구 동성로3가,부상신고사고,0,0,0,1,차대사람 - 기타,안전운전불이행,건조,맑음,단일로 - 기타,자전거,기타불명,기타불명,기타불명,보행자,여,32세,부상신고
2015101600100596,2015년 10월 16일 19시,금요일,대구광역시 달서구 감삼동,경상사고,0,0,1,0,차대차 - 기타,안전거리미확보,건조,맑음,교차로 - 교차로부근,승용,남,42세,상해없음,승용,남,34세,경상
2015101600100644,2015년 10월 16일 20시,금요일,대구광역시 남구 대명동,경상사고,0,0,1,0,차대사람 - 기타,보행자보호의무위반,건조,맑음,교차로 - 교차로부근,승용,기타불명,기타불명,기타불명,보행자,남,47세,경상
2015101600100645,2015년 10월 16일 20시,금요일,대구광역시 달서구 월성동,경상사고,0,0,2,0,차대차 - 기타,안전거리미확보,건조,맑음,단일로 - 기타,승용,남,60세,상해없음,이륜,남,16세,경상
2015101600100678,2015년 10월 16일 21시,금요일,대구광역시 동구 입석동,중상사고,0,1,0,0,차대사람 - 횡단중,안전운전불이행,건조,맑음,교차로 - 교차로부근,승용,여,25세,상해없음,보행자,여,62세,중상
2015101600100739,2015년 10월 16일 23시,금요일,대구광역시 북구 복현동,경상사고,0,0,1,0,차대사람 - 기타,안전운전불이행,건조,맑음,단일로 - 기타,승용,남,39세,상해없음,보행자,남,49세,경상
2015101600100740,2015년 10월 16일 23시,금요일,대구광역시 북구 서변동,경상사고,0,0,2,0,차대차 - 기타,안전거리미확보,건조,맑음,기타 - 기타,승용,남,69세,상해없음,승용,남,57세,경상
2015101700100039,2015년 10월 17일 01시,토요일,대구광역시 중구 남산동,부상신고사고,0,0,0,1,차대사람 - 기타,안전운전불이행,건조,맑음,단일로 - 기타,승용,남,72세,상해없음,보행자,남,39세,부상신고
2015101700100040,2015년 10월 17일 01시,토요일,대구광역시 중구 삼덕동1가,경상사고,0,0,1,0,차대사람 - 길가장자리구역통행중,안전운전불이행,건조,맑음,단일로 - 기타,승용,남,23세,상해없음,보행자,여,16세,경상
2015101700100041,2015년 10월 17일 01시,토요일,대구광역시 달서구 용산동,경상사고,0,0,1,0,차대차 - 추돌 - 진행중,안전거리미확보,건조,맑음,단일로 - 기타,승용,남,51세,상해없음,화물,남,46세,경상
2015101700100060,2015년 10월 17일 02시,토요일,대구광역시 남구 대명동,부상신고사고,0,0,0,1,차대사람 - 기타,안전운전불이행,건조,맑음,단일로 - 기타,승용,남,33세,상해없음,보행자,여,26세,부상신고
2015101700100070,2015년 10월 17일 03시,토요일,대구광역시 동구 신천동,중상사고,0,1,0,0,차대차 - 기타,안전운전불이행,건조,맑음,단일로 - 기타,기타불명,기타불명,기타불명,기타불명,승용,남,61세,중상
2015101700100117,2015년 10월 17일 06시,토요일,대구광역시 서구 비산동,경상사고,0,0,1,0,차대사람 - 기타,안전운전불이행,건조,맑음,단일로 - 기타,원동기,기타불명,기타불명,기타불명,보행자,여,49세,경상
2015101700100118,2015년 10월 17일 06시,토요일,대구광역시 달서구 감삼동,경상사고,0,0,2,0,차대차 - 추돌 - 주정차중,안전운전불이행,건조,맑음,단일로 - 기타,승용,남,26세,기타불명,승용,남,52세,경상
2015101700100137,2015년 10월 17일 07시,토요일,대구광역시 달서구 월성동,경상사고,0,0,1,0,차대차 - 기타,교차로운행방법위반,건조,맑음,교차로 - 교차로안,승용,여,41세,상해없음,원동기,남,70세,경상
2015101700100138,2015년 10월 17일 07시,토요일,대구광역시 서구 내당동,경상사고,0,0,1,1,차대차 - 기타,불법유턴,건조,맑음,교차로 - 교차로부근,승용,여,50세,부상신고,승용,남,66세,경상
2015101700100139,2015년 10월 17일 07시,토요일,대구광역시 중구 태평로1가,중상사고,0,1,0,0,차대차 - 측면직각충돌,불법유턴,건조,맑음,단일로 - 기타,승용,남,62세,상해없음,이륜,남,55세,중상
2015101700100161,2015년 10월 17일 08시,토요일,대구광역시 달서구 본동,경상사고,0,0,1,0,차대차 - 추돌 - 주정차중,안전운전불이행,건조,맑음,교차로 - 교차로부근,화물,남,35세,상해없음,승용,남,30세,경상
2015101700100193,2015년 10월 17일 09시,토요일,대구광역시 동구 불로동,경상사고,0,0,1,0,차대차 - 기타,안전운전불이행,건조,맑음,교차로 - 교차로안,화물,남,63세,상해없음,승용,여,49세,경상
2015101700100194,2015년 10월 17일 09시,토요일,대구광역시 수성구 만촌동,중상사고,0,1,0,0,차대차 - 측면직각충돌,안전거리미확보,건조,맑음,단일로 - 기타,승용,남,61세,상해없음,이륜,여,22세,중상
2015101700100195,2015년 10월 17일 09시,토요일,대구광역시 중구 동인동3가,중상사고,0,1,0,0,차대차 - 측면직각충돌,안전운전불이행,건조,맑음,교차로 - 교차로부근,기타불명,기타불명,기타불명,기타불명,자전거,여,70세,중상
2015101700100196,2015년 10월 17일 09시,토요일,대구광역시 달서구 두류동,부상신고사고,0,0,0,1,차대차 - 기타,신호위반,건조,맑음,교차로 - 교차로안,이륜,남,56세,부상신고,승용,남,39세,상해없음
2015101700100230,2015년 10월 17일 10시,토요일,대구광역시 북구 복현동,중상사고,0,1,1,0,차대차 - 기타,안전거리미확보,건조,맑음,교차로 - 교차로부근,이륜,남,65세,중상,승용,여,43세,경상
2015101700100231,2015년 10월 17일 10시,토요일,대구광역시 중구 봉산동,경상사고,0,0,1,0,차대차 - 측면직각충돌,기타,건조,맑음,단일로 - 기타,승용,남,59세,상해없음,자전거,남,14세,경상
2015101700100232,2015년 10월 17일 10시,토요일,대구광역시 북구 구암동,중상사고,0,1,0,0,차대차 - 측면직각충돌,불법유턴,건조,맑음,단일로 - 기타,화물,남,69세,상해없음,승용,여,55세,중상
2015101700100260,2015년 10월 17일 11시,토요일,대구광역시 동구 신암동,경상사고,0,0,2,0,차대차 - 기타,안전거리미확보,건조,맑음,단일로 - 기타,승용,남,55세,상해없음,화물,남,24세,경상
2015101700100261,2015년 10월 17일 11시,토요일,대구광역시 북구 침산동,중상사고,0,1,0,0,차대차 - 측면직각충돌,직진우회전진행방해,건조,맑음,교차로 - 교차로안,화물,남,56세,상해없음,원동기,남,46세,중상
2015101700100293,2015년 10월 17일 12시,토요일,대구광역시 동구 신암동,경상사고,0,0,1,0,차대차 - 기타,안전거리미확보,건조,맑음,단일로 - 기타,승용,남,37세,상해없음,승용,남,50세,경상
2015101700100294,2015년 10월 17일 12시,토요일,대구광역시 수성구 만촌동,경상사고,0,0,1,1,차대차 - 추돌 - 진행중,안전운전불이행,건조,맑음,교차로 - 교차로부근,승용,남,67세,상해없음,승용,남,47세,상해없음
2015101700100295,2015년 10월 17일 12시,토요일,대구광역시 수성구 만촌동,중상사고,0,1,0,0,차대차 - 기타,기타,건조,맑음,단일로 - 기타,승용,남,47세,상해없음,이륜,남,53세,중상
2015101700100296,2015년 10월 17일 12시,토요일,대구광역시 수성구 범어동,경상사고,0,0,1,0,차대차 - 기타,교차로운행방법위반,건조,맑음,교차로 - 교차로부근,화물,남,51세,상해없음,승용,여,41세,경상
2015101700100297,2015년 10월 17일 12시,토요일,대구광역시 달서구 월성동,경상사고,0,0,1,0,차대차 - 기타,불법유턴,건조,맑음,단일로 - 기타,승용,여,47세,상해없음,원동기,남,19세,경상
2015101700100342,2015년 10월 17일 13시,토요일,대구광역시 북구 산격동,경상사고,0,0,1,0,차대사람 - 차도통행중,안전운전불이행,건조,맑음,단일로 - 기타,승용,남,79세,상해없음,보행자,남,68세,경상
2015101700100381,2015년 10월 17일 14시,토요일,대구광역시 남구 이천동,경상사고,0,0,1,0,차대차 - 기타,안전운전불이행,건조,맑음,단일로 - 기타,승용,여,69세,상해없음,자전거,남,61세,경상
2015101700100382,2015년 10월 17일 14시,토요일,대구광역시 남구 대명동,경상사고,0,0,1,0,차대사람 - 기타,기타,건조,맑음,단일로 - 기타,승합,남,40세,상해없음,보행자,여,78세,경상
2015101700100428,2015년 10월 17일 15시,토요일,대구광역시 동구 신암동,중상사고,0,1,0,0,차대차 - 기타,안전운전불이행,건조,맑음,교차로 - 교차로부근,승용,기타불명,기타불명,기타불명,승용,여,44세,중상
2015101700100430,2015년 10월 17일 15시,토요일,대구광역시 서구 비산동,경상사고,0,0,1,0,차대차 - 측면직각충돌,안전운전불이행,건조,맑음,교차로 - 교차로안,화물,남,31세,상해없음,자전거,남,55세,경상