사고번호,사고일시,요일,시군구,사고내용,사망자수,중상자수,경상자수,부상신고자수,사고유형,법규위반,노면상태,기상상태,도로형태,가해운전자 차종,가해운전자 성별,가해운전자 연령,가해운전자 상해정도,피해운전자 차종,피해운전자 성별,피해운전자 연령,피해운전자 상해정도
2015101700100474,2015년 10월 17일 16시,토요일,대구광역시 달서구 성당동,경상사고,0,0,1,0,차대사람 - 기타,안전운전불이행,건조,맑음,단일로 - 기타,화물,남,48세,상해없음,보행자,남,58세,경상
2015101700100501,2015년 10월 17일 17시,토요일,대구광역시 달서구 송현동,경상사고,0,0,1,0,차량단독 - 기타,안전운전불이행,건조,맑음,단일로 - 기타,승합,남,51세,상해없음,,,,
2015101700100502,2015년 10월 17일 17시,토요일,대구광역시 달성군 논공읍,중상사고,0,1,0,0,차대차 - 기타,기타,건조,맑음,단일로 - 기타,승합,남,54세,상해없음,자전거,남,22세,상해없음
2015101700100503,2015년 10월 17일 17시,토요일,대구광역시 달성군 다사읍,부상신고사고,0,0,0,1,차대차 - 측면직각충돌,신호위반,건조,맑음,교차로 - 교차로안,원동기,남,18세,부상신고,승용,남,43세,상해없음
2015101700100504,2015년 10월 17일 17시,토요일,대구광역시 달서구 용산동,경상사고,0,0,1,0,차대차 - 추돌 - 진행중,안전운전불이행,건조,맑음,단일로 - 기타,승용,남,32세,상해없음,승용,남,26세,경상
2015101700100562,2015년 10월 17일 18시,토요일,대구광역시 달성군 다사읍,부상신고사고,0,0,0,1,차대차 - 기타,안전운전불이행,건조,맑음,단일로 - 기타,기타불명,기타불명,기타불명,기타불명,원동기,남,18세,부상신고
2015101700100563,2015년 10월 17일 18시,토요일,대구광역시 서구 비산동,중상사고,0,1,0,0,차대사람 - 차도통행중,안전운전불이행,건조,맑음,교차로 - 교차로안,승용,남,49세,상해없음,보행자,남,52세,중상
2015101700100564,2015년 10월 17일 18시,토요일,대구광역시 달서구 성당동,중상사고,0,1,0,0,차대사람 - 횡단중,안전운전불이행,건조,맑음,단일로 - 횡단보도상,승합,남,37세,상해없음,보행자,남,52세,중상
2015101700100565,2015년 10월 17일 18시,토요일,대구광역시 북구 태전동,중상사고,0,1,1,0,차대차 - 추돌 - 주정차중,안전거리미확보,건조,맑음,단일로 - 기타,승용,남,55세,상해없음,승용,여,41세,중상
2015101700100608,2015년 10월 17일 19시,토요일,대구광역시 동구 신천동,중상사고,0,1,0,0,차대사람 - 기타,안전운전불이행,건조,맑음,단일로 - 횡단보도부근,승용,남,26세,상해없음,보행자,여,33세,중상
2015101700100609,2015년 10월 17일 19시,토요일,대구광역시 북구 복현동,경상사고,0,0,1,0,차대사람 - 횡단중,신호위반,건조,맑음,교차로 - 교차로부근,승용,여,40세,상해없음,보행자,여,45세,경상
2015101700100610,2015년 10월 17일 19시,토요일,대구광역시 북구 관음동,중상사고,0,1,0,0,차대차 - 측면직각충돌,교차로운행방법위반,건조,맑음,교차로 - 교차로안,승용,남,38세,상해없음,자전거,여,48세,중상
2015101700100611,2015년 10월 17일 19시,토요일,대구광역시 북구 구암동,경상사고,0,0,1,0,차대차 - 측면직각충돌,안전거리미확보,건조,맑음,교차로 - 교차로부근,화물,남,24세,상해없음,이륜,남,17세,경상
2015101700100656,2015년 10월 17일 20시,토요일,대구광역시 달성군 화원읍,경상사고,0,0,4,0,차대차 - 측면직각충돌,직진우회전진행방해,건조,맑음,교차로 - 교차로안,승용,남,36세,경상,승용,남,41세,경상
2015101700100699,2015년 10월 17일 21시,토요일,대구광역시 동구 용계동,중상사고,0,2,0,0,차대차 - 측면직각충돌,신호위반,건조,맑음,교차로 - 교차로안,승용,남,69세,상해없음,화물,남,57세,중상
2015101700100700,2015년 10월 17일 21시,토요일,대구광역시 수성구 신매동,중상사고,0,1,0,0,차대사람 - 횡단중,신호위반,건조,맑음,단일로 - 횡단보도상,이륜,남,17세,상해없음,보행자,남,17세,중상
2015101700100701,2015년 10월 17일 21시,토요일,대구광역시 북구 대현동,경상사고,0,0,1,0,차대차 - 기타,교차로운행방법위반,건조,맑음,교차로 - 교차로안,승용,남,23세,상해없음,자전거,여,47세,경상
2015101700100729,2015년 10월 17일 22시,토요일,대구광역시 남구 대명동,경상사고,0,0,1,0,차대차 - 기타,안전운전불이행,건조,맑음,교차로 - 교차로안,승용,남,44세,상해없음,승용,남,22세,경상
2015101800100018,2015년 10월 18일 00시,일요일,대구광역시 수성구 신매동,경상사고,0,0,1,0,차대사람 - 기타,안전운전불이행,건조,맑음,교차로 - 교차로부근,승용,남,20세,상해없음,보행자,남,48세,경상
2015101800100019,2015년 10월 18일 00시,일요일,대구광역시 달서구 상인동,경상사고,0,0,1,0,차대사람 - 기타,안전운전불이행,건조,맑음,단일로 - 기타,승용,남,53세,상해없음,보행자,여,45세,경상
2015101800100020,2015년 10월 18일 00시,일요일,대구광역시 달서구 상인동,경상사고,0,0,2,0,차대차 - 추돌 - 진행중,안전운전불이행,건조,맑음,단일로 - 기타,승용,남,26세,상해없음,승용,여,51세,경상
2015101800100046,2015년 10월 18일 01시,일요일,대구광역시 북구 복현동,경상사고,0,0,1,0,차대사람 - 기타,안전운전불이행,건조,맑음,단일로 - 기타,승용,남,57세,상해없음,보행자,남,26세,경상
2015101800100088,2015년 10월 18일 04시,일요일,대구광역시 동구 용계동,중상사고,0,1,3,0,차대차 - 정면충돌,신호위반,건조,맑음,교차로 - 교차로안,승용,남,52세,경상,승용,남,49세,경상
2015101800100089,2015년 10월 18일 04시,일요일,대구광역시 중구 태평로2가,경상사고,0,0,2,0,차대차 - 기타,안전운전불이행,건조,맑음,단일로 - 기타,승용,남,24세,상해없음,승용,남,21세,경상
2015101800100096,2015년 10월 18일 05시,일요일,대구광역시 서구 평리동,경상사고,0,0,3,0,차대차 - 측면직각충돌,신호위반,건조,맑음,단일로 - 기타,승용,여,51세,상해없음,승용,남,51세,경상
2015101800100130,2015년 10월 18일 08시,일요일,대구광역시 서구 평리동,경상사고,0,0,2,0,차대차 - 측면직각충돌,안전운전불이행,건조,맑음,교차로 - 교차로안,승합,남,46세,상해없음,승용,남,62세,경상
2015101800100188,2015년 10월 18일 10시,일요일,대구광역시 달성군 화원읍,경상사고,0,0,3,0,차대차 - 추돌 - 진행중,안전운전불이행,건조,맑음,단일로 - 기타,승용,여,53세,상해없음,승용,여,62세,경상
2015101800100189,2015년 10월 18일 10시,일요일,대구광역시 중구 삼덕동3가,경상사고,0,0,1,0,차대사람 - 기타,안전운전불이행,건조,맑음,교차로 - 교차로부근,승용,남,40세,상해없음,보행자,여,16세,경상
2015101800100215,2015년 10월 18일 11시,일요일,대구광역시 수성구 만촌동,경상사고,0,0,1,0,차대차 - 측면직각충돌,안전거리미확보,건조,맑음,미분류 - 미분류,승용,남,74세,상해없음,승용,남,27세,경상
2015101800100240,2015년 10월 18일 12시,일요일,대구광역시 달서구 월성동,경상사고,0,0,1,0,차대차 - 기타,교차로운행방법위반,건조,맑음,교차로 - 교차로안,이륜,여,41세,경상,승용,남,36세,상해없음
2015101800100241,2015년 10월 18일 12시,일요일,대구광역시 달성군 논공읍,부상신고사고,0,0,0,1,차대차 - 측면직각충돌,안전운전불이행,건조,맑음,단일로 - 기타,이륜,남,34세,부상신고,승용,남,40세,상해없음
2015101800100242,2015년 10월 18일 12시,일요일,대구광역시 북구 복현동,경상사고,0,0,1,0,차대차 - 기타,신호위반,건조,맑음,단일로 - 횡단보도부근,승용,남,48세,상해없음,이륜,남,35세,경상
2015101800100270,2015년 10월 18일 13시,일요일,대구광역시 달서구 유천동,경상사고,0,0,3,0,차대차 - 기타,안전거리미확보,건조,맑음,단일로 - 기타,승용,여,42세,상해없음,승용,남,39세,경상
2015101800100271,2015년 10월 18일 13시,일요일,대구광역시 서구 이현동,부상신고사고,0,0,0,1,차량단독 - 전도전복,안전운전불이행,건조,맑음,단일로 - 기타,이륜,남,38세,부상신고,,,,
2015101800100373,2015년 10월 18일 16시,일요일,대구광역시 동구 불로동,경상사고,0,0,3,0,차대차 - 측면직각충돌,교차로운행방법위반,건조,맑음,단일로 - 기타,승용,남,46세,경상,승용,남,23세,경상
2015101800100374,2015년 10월 18일 16시,일요일,대구광역시 서구 비산동,경상사고,0,0,1,0,차대사람 - 기타,안전운전불이행,건조,맑음,단일로 - 기타,승용,남,30세,상해없음,보행자,남,3세,경상
2015101800100376,2015년 10월 18일 16시,일요일,대구광역시 북구 동천동,경상사고,0,0,1,0,차대사람 - 횡단중,안전운전불이행,건조,맑음,단일로 - 기타,승용,남,47세,상해없음,보행자,여,6세,경상
2015101800100409,2015년 10월 18일 17시,일요일,대구광역시 달성군 다사읍,중상사고,0,1,0,0,차대차 - 기타,안전운전불이행,건조,맑음,교차로 - 교차로안,자전거,남,8세,중상,승용,남,45세,상해없음
2015101800100410,2015년 10월 18일 17시,일요일,대구광역시 달성군 다사읍,중상사고,0,1,1,0,차대사람 - 기타,안전운전불이행,건조,맑음,단일로 - 기타,원동기,여,27세,상해없음,보행자,여,25세,경상
2015101800100411,2015년 10월 18일 17시,일요일,대구광역시 북구 고성동3가,경상사고,0,0,1,0,차대차 - 측면직각충돌,중앙선침범,건조,맑음,교차로 - 교차로안,자전거,여,20세,경상,승용,남,32세,상해없음
2015101800100412,2015년 10월 18일 17시,일요일,대구광역시 중구 태평로3가,중상사고,0,1,0,0,차대차 - 측면직각충돌,신호위반,건조,맑음,교차로 - 교차로안,화물,남,56세,상해없음,이륜,남,72세,중상
2015101800100455,2015년 10월 18일 18시,일요일,대구광역시 동구 둔산동,경상사고,0,0,2,0,차대차 - 추돌 - 주정차중,안전거리미확보,건조,맑음,단일로 - 기타,승용,남,28세,상해없음,승용,남,31세,경상
2015101800100460,2015년 10월 18일 18시,일요일,대구광역시 달서구 본동,경상사고,0,0,1,0,차대차 - 추돌 - 진행중,안전거리미확보,건조,맑음,단일로 - 기타,승용,남,52세,상해없음,승합,남,63세,경상
2015101800100494,2015년 10월 18일 19시,일요일,대구광역시 달성군 하빈면,경상사고,0,0,4,0,차대차 - 측면직각충돌,차로위반,건조,맑음,단일로 - 교량,승용,여,55세,경상,승용,여,48세,경상
2015101800100547,2015년 10월 18일 21시,일요일,대구광역시 동구 율하동,경상사고,0,0,1,0,차대차 - 기타,신호위반,건조,맑음,교차로 - 교차로안,승용,남,57세,상해없음,승용,남,44세,경상
2015101800100548,2015년 10월 18일 21시,일요일,대구광역시 달서구 신당동,경상사고,0,0,1,0,차대사람 - 횡단중,신호위반,건조,맑음,단일로 - 횡단보도상,승용,남,48세,상해없음,보행자,여,17세,경상
2015101800100563,2015년 10월 18일 22시,일요일,대구광역시 북구 구암동,경상사고,0,0,2,0,차대차 - 추돌 - 주정차중,안전거리미확보,건조,맑음,단일로 - 기타,화물,남,48세,상해없음,승용,남,22세,경상
2015101900100010,2015년 10월 19일 00시,월요일,대구광역시 서구 내당동,중상사고,0,1,2,1,차대사람 - 보도통행중,신호위반,건조,맑음,단일로 - 횡단보도상,이륜,남,23세,상해없음,보행자,여,30세,경상
2015101900100011,2015년 10월 19일 00시,월요일,대구광역시 중구 교동,중상사고,0,1,0,0,차대차 - 측면직각충돌,신호위반,건조,맑음,교차로 - 교차로안,승용,남,44세,상해없음,승용,남,50세,중상
2015101900100012,2015년 10월 19일 00시,월요일,대구광역시 달서구 본리동,경상사고,0,0,1,0,차대차 - 추돌 - 진행중,불법유턴,건조,맑음,단일로 - 기타,승용,남,28세,상해없음,승용,남,54세,상해없음
2015101900100013,2015년 10월 19일 00시,월요일,대구광역시 북구 태전동,중상사고,0,1,0,0,차대사람 - 횡단중,안전운전불이행,건조,맑음,단일로 - 기타,승용,남,54세,상해없음,보행자,남,41세,중상
2015101900100108,2015년 10월 19일 07시,월요일,대구광역시 동구 방촌동,경상사고,0,0,1,0,차대차 - 기타,안전거리미확보,건조,맑음,단일로 - 기타,승용,여,35세,상해없음,승합,남,57세,상해없음
2015101900100109,2015년 10월 19일 07시,월요일,대구광역시 달서구 월성동,중상사고,0,1,0,0,차대차 - 측면직각충돌,안전운전불이행,건조,맑음,교차로 - 교차로안,승용,남,29세,상해없음,승용,남,46세,상해없음
2015101900100110,2015년 10월 19일 07시,월요일,대구광역시 달서구 신당동,중상사고,0,1,0,0,차대사람 - 횡단중,안전운전불이행,건조,맑음,교차로 - 교차로안,승용,남,44세,상해없음,보행자,여,82세,중상
2015101900100152,2015년 10월 19일 08시,월요일,대구광역시 북구 국우동,경상사고,0,0,1,0,차대차 - 측면직각충돌,교차로운행방법위반,건조,맑음,교차로 - 교차로안,승용,여,41세,상해없음,자전거,남,77세,경상
2015101900100193,2015년 10월 19일 09시,월요일,대구광역시 남구 대명동,경상사고,0,0,1,0,차대차 - 추돌 - 주정차중,안전운전불이행,건조,맑음,단일로 - 기타,승용,남,26세,상해없음,승용,여,31세,경상
2015101900100252,2015년 10월 19일 11시,월요일,대구광역시 서구 내당동,경상사고,0,0,1,0,차대차 - 기타,안전운전불이행,건조,맑음,단일로 - 기타,승용,남,79세,상해없음,승용,여,55세,상해없음
2015101900100253,2015년 10월 19일 11시,월요일,대구광역시 달서구 본리동,경상사고,0,0,1,0,차대차 - 기타,안전거리미확보,건조,맑음,기타 - 기타,화물,남,29세,상해없음,승용,여,22세,경상
2015101900100276,2015년 10월 19일 12시,월요일,대구광역시 중구 동인동4가,경상사고,0,0,1,0,차대차 - 추돌 - 주정차중,안전운전불이행,건조,맑음,단일로 - 기타,승용,여,35세,상해없음,승용,남,33세,경상
2015101900100306,2015년 10월 19일 13시,월요일,대구광역시 수성구 만촌동,중상사고,0,1,1,0,차대차 - 측면직각충돌,신호위반,건조,맑음,단일로 - 기타,승용,남,68세,상해없음,승용,여,55세,경상
2015101900100307,2015년 10월 19일 13시,월요일,대구광역시 달서구 월성동,중상사고,0,1,0,0,차대차 - 측면직각충돌,중앙선침범,건조,맑음,단일로 - 기타,승용,남,35세,상해없음,이륜,남,25세,중상
2015101900100347,2015년 10월 19일 14시,월요일,대구광역시 동구 신서동,경상사고,0,0,1,0,차대차 - 측면직각충돌,직진우회전진행방해,건조,맑음,교차로 - 교차로안,자전거,남,73세,경상,승용,남,62세,상해없음
2015101900100400,2015년 10월 19일 15시,월요일,대구광역시 남구 대명동,경상사고,0,0,1,0,차대사람 - 기타,안전운전불이행,건조,맑음,단일로 - 기타,승용,여,31세,기타불명,보행자,남,53세,경상
2015101900100401,2015년 10월 19일 15시,월요일,대구광역시 달서구 도원동,경상사고,0,0,2,0,차대차 - 기타,교차로운행방법위반,건조,맑음,교차로 - 교차로안,승용,여,51세,상해없음,승용,여,52세,경상
2015101900100440,2015년 10월 19일 16시,월요일,대구광역시 남구 봉덕동,경상사고,0,0,1,0,차대차 - 측면직각충돌,안전운전불이행,건조,맑음,교차로 - 교차로부근,승용,여,56세,상해없음,자전거,남,15세,경상
2015101900100441,2015년 10월 19일 16시,월요일,대구광역시 달서구 송현동,경상사고,0,0,1,0,차대사람 - 기타,안전운전불이행,건조,맑음,교차로 - 교차로안,승용,남,57세,상해없음,보행자,여,15세,경상
2015101900100442,2015년 10월 19일 16시,월요일,대구광역시 서구 내당동,경상사고,0,0,2,0,차대차 - 추돌 - 주정차중,안전운전불이행,건조,맑음,단일로 - 횡단보도부근,승용,남,46세,상해없음,승용,남,30세,경상
2015101900100478,2015년 10월 19일 17시,월요일,대구광역시 동구 신천동,경상사고,0,0,1,0,차대차 - 추돌 - 주정차중,안전거리미확보,건조,맑음,교차로 - 교차로안,이륜,남,60세,경상,승용,남,54세,상해없음
2015101900100479,2015년 10월 19일 17시,월요일,대구광역시 동구 율하동,중상사고,0,1,0,0,차대차 - 측면직각충돌,신호위반,건조,맑음,단일로 - 횡단보도상,기타불명,기타불명,기타불명,기타불명,자전거,여,67세,중상
2015101900100480,2015년 10월 19일 17시,월요일,대구광역시 수성구 매호동,중상사고,0,1,0,0,차대사람 - 차도통행중,안전운전불이행,건조,맑음,교차로 - 교차로안,화물,남,46세,상해없음,보행자,남,83세,중상
2015101900100481,2015년 10월 19일 17시,월요일,대구광역시 달서구 이곡동,중상사고,0,1,0,0,차대사람 - 기타,보행자보호의무위반,건조,맑음,단일로 - 기타,승용,여,46세,상해없음,보행자,여,9세,중상
2015101900100545,2015년 10월 19일 18시,월요일,대구광역시 남구 대명동,중상사고,0,1,0,0,차대차 - 기타,안전거리미확보,건조,맑음,단일로 - 기타,승용,남,52세,상해없음,기타불명,기타불명,기타불명,기타불명
2015101900100597,2015년 10월 19일 19시,월요일,대구광역시 남구 대명동,경상사고,0,0,1,0,차대사람 - 횡단중,안전운전불이행,건조,맑음,단일로 - 횡단보도상,승용,남,29세,상해없음,보행자,남,67세,경상
2015101900100598,2015년 10월 19일 19시,월요일,대구광역시 동구 동호동,경상사고,0,0,1,0,차대차 - 측면직각충돌,안전운전불이행,건조,맑음,단일로 - 기타,자전거,남,51세,경상,승용,남,32세,상해없음
2015101900100599,2015년 10월 19일 19시,월요일,대구광역시 수성구 황금동,경상사고,0,0,1,0,차대차 - 추돌 - 진행중,안전운전불이행,건조,맑음,교차로 - 교차로부근,승용,남,49세,상해없음,승용,남,51세,경상
2015101900100630,2015년 10월 19일 20시,월요일,대구광역시 서구 내당동,경상사고,0,0,1,0,차대차 - 측면직각충돌,불법유턴,건조,맑음,단일로 - 기타,승용,남,61세,상해없음,이륜,남,27세,경상
2015101900100631,2015년 10월 19일 20시,월요일,대구광역시 중구 동인동4가,경상사고,0,0,1,0,차대차 - 기타,안전운전불이행,건조,맑음,단일로 - 기타,승용,남,24세,상해없음,이륜,남,38세,경상
2015101900100649,2015년 10월 19일 21시,월요일,대구광역시 달성군 화원읍,중상사고,0,1,0,0,차대차 - 추돌 - 진행중,안전운전불이행,건조,맑음,단일로 - 기타,승용,여,41세,상해없음,자전거,남,32세,중상
2015101900100691,2015년 10월 19일 23시,월요일,대구광역시 수성구 중동,중상사고,0,1,0,0,차대차 - 측면직각충돌,안전운전불이행,건조,맑음,교차로 - 교차로부근,승용,남,49세,상해없음,이륜,남,18세,중상
2015101900100692,2015년 10월 19일 23시,월요일,대구광역시 달서구 호림동,경상사고,0,0,4,0,차대차 - 측면직각충돌,교차로운행방법위반,건조,맑음,교차로 - 교차로안,승용,남,24세,경상,승용,남,31세,경상
2015101900100693,2015년 10월 19일 23시,월요일,대구광역시 북구 동천동,경상사고,0,0,1,0,차대차 - 측면직각충돌,안전운전불이행,건조,맑음,단일로 - 기타,승용,남,54세,상해없음,이륜,남,28세,경상
2015102000100049,2015년 10월 20일 04시,화요일,대구광역시 동구 신천동,경상사고,0,0,1,0,차대차 - 측면직각충돌,교차로운행방법위반,건조,맑음,교차로 - 교차로안,승용,남,21세,상해없음,승용,여,45세,경상
2015102000100050,2015년 10월 20일 04시,화요일,대구광역시 달서구 장기동,경상사고,0,0,2,0,차대차 - 측면직각충돌,안전거리미확보,건조,맑음,단일로 - 기타,승용,남,66세,상해없음,승용,남,53세,경상
2015102000100051,2015년 10월 20일 04시,화요일,대구광역시 북구 관음동,중상사고,0,1,0,0,차대차 - 측면직각충돌,안전운전불이행,건조,맑음,교차로 - 교차로안,승용,남,26세,상해없음,화물,남,59세,중상
2015102000100065,2015년 10월 20일 05시,화요일,대구광역시 달서구 상인동,중상사고,0,1,0,0,차대차 - 기타,신호위반,건조,맑음,교차로 - 교차로안,승용,남,59세,상해없음,자전거,여,52세,중상
2015102000100096,2015년 10월 20일 07시,화요일,대구광역시 달서구 월성동,중상사고,0,1,0,1,차대사람 - 기타,중앙선침범,건조,맑음,단일로 - 기타,자전거,남,16세,부상신고,보행자,여,46세,중상
2015102000100097,2015년 10월 20일 07시,화요일,대구광역시 북구 대현동,경상사고,0,0,4,0,차대차 - 측면직각충돌,안전운전불이행,건조,맑음,단일로 - 횡단보도상,승용,여,57세,상해없음,승용,남,25세,경상
2015102000100098,2015년 10월 20일 07시,화요일,대구광역시 서구 이현동,부상신고사고,0,0,0,1,차대차 - 측면직각충돌,안전거리미확보,건조,맑음,단일로 - 기타,승용,남,24세,부상신고,승용,남,50세,상해없음
2015102000100099,2015년 10월 20일 07시,화요일,대구광역시 서구 평리동,중상사고,0,1,0,0,차대사람 - 길가장자리구역통행중,안전운전불이행,건조,맑음,단일로 - 기타,승용,기타불명,기타불명,기타불명,보행자,여,57세,중상
2015102000100100,2015년 10월 20일 07시,화요일,대구광역시 달서구 두류동,경상사고,0,0,1,0,차대차 - 기타,안전운전불이행,건조,맑음,단일로 - 기타,승용,남,26세,상해없음,원동기,남,33세,경상
2015102000100140,2015년 10월 20일 08시,화요일,대구광역시 서구 상리동,경상사고,0,0,1,0,차대사람 - 기타,안전운전불이행,건조,맑음,단일로 - 기타,건설기계,남,31세,상해없음,보행자,남,28세,경상
2015102000100145,2015년 10월 20일 08시,화요일,대구광역시 달서구 도원동,경상사고,0,0,1,0,차대차 - 기타,안전운전불이행,건조,맑음,교차로 - 교차로부근,자전거,남,61세,경상,승용,남,61세,상해없음
2015102000100146,2015년 10월 20일 08시,화요일,대구광역시 달서구 용산동,중상사고,0,1,0,0,차대차 - 측면직각충돌,안전거리미확보,건조,맑음,교차로 - 교차로부근,승용,남,55세,상해없음,승용,남,33세,중상
2015102000100147,2015년 10월 20일 08시,화요일,대구광역시 북구 국우동,중상사고,0,3,0,0,차대차 - 측면직각충돌,직진우회전진행방해,건조,맑음,교차로 - 교차로안,승용,여,54세,상해없음,승용,여,43세,중상
2015102000100191,2015년 10월 20일 09시,화요일,대구광역시 달서구 두류동,경상사고,0,0,1,0,차대차 - 측면직각충돌,안전운전불이행,건조,맑음,교차로 - 교차로부근,화물,남,70세,상해없음,자전거,여,27세,경상
2015102000100192,2015년 10월 20일 09시,화요일,대구광역시 북구 구암동,경상사고,0,0,1,0,차대차 - 측면직각충돌,안전거리미확보,건조,맑음,교차로 - 교차로부근,승용,남,45세,상해없음,승용,남,54세,상해없음
2015102000100230,2015년 10월 20일 10시,화요일,대구광역시 달서구 송현동,경상사고,0,0,1,0,차대사람 - 기타,안전운전불이행,건조,흐림,단일로 - 기타,이륜,남,75세,상해없음,보행자,여,17세,경상
2015102000100276,2015년 10월 20일 11시,화요일,대구광역시 남구 봉덕동,중상사고,0,1,0,0,차대사람 - 기타,안전운전불이행,건조,맑음,단일로 - 기타,승용,남,66세,상해없음,보행자,남,22세,중상
2015102000100277,2015년 10월 20일 11시,화요일,대구광역시 서구 원대동3가,중상사고,0,1,0,0,차대차 - 기타,안전운전불이행,건조,맑음,단일로 - 횡단보도상,승용,남,49세,상해없음,자전거,여,42세,중상
2015102000100278,2015년 10월 20일 11시,화요일,대구광역시 북구 구암동,중상사고,0,1,0,0,차대차 - 기타,안전운전불이행,건조,맑음,단일로 - 기타,승용,여,40세,상해없음,자전거,여,71세,중상
2015102000100338,2015년 10월 20일 13시,화요일,대구광역시 달서구 이곡동,중상사고,0,1,0,0,차대차 - 측면직각충돌,불법유턴,건조,맑음,교차로 - 교차로안,승용,여,54세,상해없음,승용,여,62세,중상
2015102000100409,2015년 10월 20일 15시,화요일,대구광역시 달서구 이곡동,중상사고,0,1,0,0,차대사람 - 보도통행중,기타,건조,맑음,단일로 - 기타,이륜,남,29세,상해없음,보행자,남,66세,중상
2015102000100452,2015년 10월 20일 16시,화요일,대구광역시 달서구 월성동,중상사고,0,1,0,0,차대사람 - 기타,안전운전불이행,건조,맑음,교차로 - 교차로안,화물,남,45세,상해없음,보행자,여,69세,중상
2015102000100487,2015년 10월 20일 17시,화요일,대구광역시 수성구 신매동,중상사고,0,1,0,0,차대차 - 기타,안전운전불이행,건조,맑음,교차로 - 교차로부근,자전거,남,13세,중상,승용,여,41세,상해없음
2015102000100489,2015년 10월 20일 17시,화요일,대구광역시 북구 침산동,중상사고,0,1,0,0,차대차 - 측면직각충돌,중앙선침범,건조,맑음,교차로 - 교차로부근,이륜,남,50세,중상,승용,남,31세,상해없음
2015102000100490,2015년 10월 20일 17시,화요일,대구광역시 달서구 감삼동,경상사고,0,0,1,0,차대사람 - 기타,안전운전불이행,건조,맑음,교차로 - 교차로안,승용,여,43세,상해없음,보행자,남,8세,경상
2015102000100556,2015년 10월 20일 18시,화요일,대구광역시 동구 신천동,경상사고,0,0,1,0,차대차 - 측면직각충돌,안전운전불이행,건조,맑음,교차로 - 교차로안,승용,남,63세,상해없음,자전거,남,14세,경상
2015102000100557,2015년 10월 20일 18시,화요일,대구광역시 북구 국우동,중상사고,0,1,0,0,차대차 - 측면직각충돌,차로위반,건조,맑음,단일로 - 기타,화물,남,25세,상해없음,승용,남,57세,중상
2015102000100593,2015년 10월 20일 19시,화요일,대구광역시 서구 이현동,경상사고,0,0,1,0,차대차 - 측면직각충돌,신호위반,건조,맑음,교차로 - 교차로안,화물,남,60세,상해없음,화물,남,48세,경상
2015102000100594,2015년 10월 20일 19시,화요일,대구광역시 달서구 장기동,경상사고,0,0,2,0,차대차 - 추돌 - 주정차중,안전거리미확보,건조,맑음,단일로 - 기타,승용,남,41세,상해없음,승용,남,43세,경상
2015102000100634,2015년 10월 20일 20시,화요일,대구광역시 달서구 용산동,중상사고,0,1,0,0,차대사람 - 횡단중,보행자보호의무위반,건조,흐림,단일로 - 횡단보도상,화물,남,52세,상해없음,보행자,남,51세,중상
2015102000100635,2015년 10월 20일 20시,화요일,대구광역시 북구 태전동,경상사고,0,0,2,0,차대차 - 추돌 - 주정차중,안전운전불이행,건조,맑음,교차로 - 교차로부근,승용,남,32세,상해없음,승용,여,53세,경상
2015102000100665,2015년 10월 20일 21시,화요일,대구광역시 달서구 대곡동,중상사고,0,1,0,0,차대차 - 정면충돌,안전운전불이행,건조,맑음,단일로 - 기타,승용,여,48세,상해없음,승용,여,48세,중상
2015102000100666,2015년 10월 20일 21시,화요일,대구광역시 중구 도원동,중상사고,0,1,0,0,차대사람 - 횡단중,안전운전불이행,건조,맑음,단일로 - 기타,승용,남,73세,상해없음,보행자,남,47세,중상
2015102000100685,2015년 10월 20일 22시,화요일,대구광역시 동구 동호동,경상사고,0,0,1,0,차대차 - 기타,안전운전불이행,건조,맑음,단일로 - 기타,승용,남,39세,상해없음,승용,남,42세,경상
2015102000100686,2015년 10월 20일 22시,화요일,대구광역시 달서구 진천동,경상사고,0,0,2,0,차대차 - 기타,안전운전불이행,건조,맑음,단일로 - 기타,승용,여,46세,상해없음,이륜,남,18세,경상
2015102000100714,2015년 10월 20일 23시,화요일,대구광역시 동구 용계동,경상사고,0,0,2,0,차대차 - 기타,안전운전불이행,건조,맑음,단일로 - 기타,승용,남,65세,상해없음,승용,남,64세,경상
2015102000100715,2015년 10월 20일 23시,화요일,대구광역시 수성구 황금동,중상사고,0,1,2,0,차대차 - 측면직각충돌,신호위반,건조,맑음,교차로 - 교차로안,승용,남,67세,상해없음,승용,남,39세,중상
2015102000100716,2015년 10월 20일 23시,화요일,대구광역시 달서구 월성동,경상사고,0,0,1,0,차대차 - 정면충돌,신호위반,건조,맑음,교차로 - 교차로부근,승용,여,40세,상해없음,승용,남,51세,상해없음
2015102000100717,2015년 10월 20일 23시,화요일,대구광역시 달서구 성당동,경상사고,0,0,1,0,차대차 - 기타,안전운전불이행,건조,맑음,단일로 - 기타,승용,남,51세,상해없음,승용,남,34세,경상
2015102100100042,2015년 10월 21일 02시,수요일,대구광역시 서구 내당동,경상사고,0,0,2,0,차대차 - 측면직각충돌,안전운전불이행,건조,맑음,단일로 - 기타,승용,남,47세,상해없음,승용,여,57세,경상
2015102100100109,2015년 10월 21일 07시,수요일,대구광역시 동구 효목동,부상신고사고,0,0,0,1,차대차 - 추돌 - 진행중,안전운전불이행,건조,맑음,단일로 - 기타,승용,남,49세,상해없음,승용,여,43세,부상신고