사고번호,사고일시,요일,시군구,사고내용,사망자수,중상자수,경상자수,부상신고자수,사고유형,법규위반,노면상태,기상상태,도로형태,가해운전자 차종,가해운전자 성별,가해운전자 연령,가해운전자 상해정도,피해운전자 차종,피해운전자 성별,피해운전자 연령,피해운전자 상해정도
2015102100100110,2015년 10월 21일 07시,수요일,대구광역시 수성구 범어동,중상사고,0,1,0,0,차대차 - 기타,안전운전불이행,건조,맑음,단일로 - 기타,자전거,남,18세,기타불명,승합,남,46세,상해없음
2015102100100146,2015년 10월 21일 08시,수요일,대구광역시 동구 신암동,경상사고,0,0,1,0,차대차 - 기타,교차로운행방법위반,건조,맑음,교차로 - 교차로안,승용,남,58세,상해없음,이륜,남,27세,경상
2015102100100147,2015년 10월 21일 08시,수요일,대구광역시 수성구 신매동,경상사고,0,0,2,0,차대사람 - 보도통행중,보행자보호의무위반,건조,맑음,교차로 - 교차로부근,승용,여,27세,상해없음,보행자,여,15세,경상
2015102100100180,2015년 10월 21일 09시,수요일,대구광역시 달성군 구지면,중상사고,0,1,2,0,차대차 - 추돌 - 주정차중,안전운전불이행,건조,맑음,단일로 - 기타,농기계,남,52세,상해없음,승용,남,56세,중상
2015102100100181,2015년 10월 21일 09시,수요일,대구광역시 중구 남산동,부상신고사고,0,0,0,1,차대차 - 측면직각충돌,신호위반,건조,맑음,교차로 - 교차로안,이륜,남,16세,상해없음,승용,남,28세,상해없음
2015102100100208,2015년 10월 21일 10시,수요일,대구광역시 달서구 본동,경상사고,0,0,1,0,차대차 - 추돌 - 진행중,안전운전불이행,건조,맑음,교차로 - 교차로부근,승용,남,26세,상해없음,승용,남,42세,경상
2015102100100209,2015년 10월 21일 10시,수요일,대구광역시 중구 남성로,경상사고,0,0,1,0,차대사람 - 길가장자리구역통행중,안전운전불이행,건조,맑음,단일로 - 기타,기타불명,기타불명,기타불명,기타불명,보행자,여,55세,경상
2015102100100278,2015년 10월 21일 13시,수요일,대구광역시 북구 서변동,경상사고,0,0,1,0,차대차 - 측면직각충돌,차로위반,건조,맑음,단일로 - 기타,특수,남,59세,상해없음,승용,여,45세,경상
2015102100100304,2015년 10월 21일 14시,수요일,대구광역시 동구 신천동,부상신고사고,0,0,0,1,차대차 - 기타,안전운전불이행,건조,맑음,단일로 - 기타,자전거,남,15세,부상신고,승용,여,41세,상해없음
2015102100100305,2015년 10월 21일 14시,수요일,대구광역시 수성구 두산동,중상사고,0,1,0,0,차대차 - 기타,안전운전불이행,건조,맑음,단일로 - 기타,이륜,남,77세,상해없음,자전거,남,77세,중상
2015102100100329,2015년 10월 21일 15시,수요일,대구광역시 중구 대신동,중상사고,0,1,0,0,차대사람 - 길가장자리구역통행중,안전운전불이행,건조,맑음,단일로 - 기타,승용,여,59세,상해없음,보행자,여,62세,중상
2015102100100375,2015년 10월 21일 16시,수요일,대구광역시 수성구 상동,중상사고,0,1,0,0,차대사람 - 기타,안전운전불이행,건조,맑음,단일로 - 기타,승용,남,50세,상해없음,보행자,여,73세,중상
2015102100100376,2015년 10월 21일 16시,수요일,대구광역시 서구 이현동,경상사고,0,0,1,0,차대차 - 추돌 - 주정차중,안전거리미확보,건조,맑음,단일로 - 기타,화물,남,47세,상해없음,화물,남,43세,경상
2015102100100377,2015년 10월 21일 16시,수요일,대구광역시 달서구 감삼동,중상사고,0,1,0,0,차대차 - 측면직각충돌,불법유턴,건조,맑음,단일로 - 기타,화물,여,32세,상해없음,승용,여,39세,중상
2015102100100403,2015년 10월 21일 17시,수요일,대구광역시 남구 대명동,경상사고,0,0,1,1,차대차 - 기타,안전운전불이행,건조,맑음,단일로 - 기타,이륜,남,32세,부상신고,승용,남,41세,경상
2015102100100404,2015년 10월 21일 17시,수요일,대구광역시 달서구 성당동,경상사고,0,0,1,0,차대사람 - 기타,안전운전불이행,건조,맑음,단일로 - 기타,승용,기타불명,기타불명,기타불명,보행자,여,67세,경상
2015102100100458,2015년 10월 21일 18시,수요일,대구광역시 남구 대명동,경상사고,0,0,1,0,차대사람 - 횡단중,보행자보호의무위반,건조,맑음,교차로 - 교차로부근,승용,남,63세,상해없음,보행자,여,83세,경상
2015102100100459,2015년 10월 21일 18시,수요일,대구광역시 동구 용계동,경상사고,0,0,1,0,차대차 - 추돌 - 주정차중,안전운전불이행,건조,맑음,단일로 - 기타,화물,남,61세,상해없음,승용,남,32세,경상
2015102100100496,2015년 10월 21일 19시,수요일,대구광역시 남구 대명동,중상사고,0,1,1,0,차대차 - 추돌 - 진행중,안전운전불이행,건조,맑음,기타 - 기타,승용,남,50세,상해없음,승용,여,39세,경상
2015102100100497,2015년 10월 21일 19시,수요일,대구광역시 북구 관음동,경상사고,0,0,1,0,차대차 - 추돌 - 진행중,안전운전불이행,건조,맑음,단일로 - 기타,이륜,남,19세,경상,이륜,남,18세,상해없음
2015102100100530,2015년 10월 21일 20시,수요일,대구광역시 동구 방촌동,경상사고,0,0,1,0,차대차 - 추돌 - 진행중,신호위반,건조,맑음,교차로 - 교차로안,화물,기타불명,기타불명,기타불명,승용,남,55세,경상
2015102100100531,2015년 10월 21일 20시,수요일,대구광역시 달서구 대곡동,중상사고,0,1,0,0,차대사람 - 보도통행중,신호위반,건조,맑음,교차로 - 교차로안,원동기,남,22세,상해없음,보행자,여,3세,중상
2015102100100532,2015년 10월 21일 20시,수요일,대구광역시 북구 태전동,경상사고,0,0,1,0,차량단독 - 전도전복,안전운전불이행,건조,맑음,단일로 - 기타,이륜,남,17세,경상,,,,
2015102100100558,2015년 10월 21일 21시,수요일,대구광역시 달성군 구지면,경상사고,0,0,1,0,차대차 - 측면직각충돌,교차로운행방법위반,건조,맑음,교차로 - 교차로안,승용,남,34세,경상,승용,남,67세,상해없음
2015102100100559,2015년 10월 21일 21시,수요일,대구광역시 북구 산격동,중상사고,0,3,0,0,차대차 - 측면직각충돌,신호위반,건조,맑음,교차로 - 교차로부근,승용,남,54세,중상,승용,남,54세,중상
2015102100100560,2015년 10월 21일 21시,수요일,대구광역시 서구 비산동,부상신고사고,0,0,0,1,차량단독 - 기타,안전운전불이행,건조,맑음,단일로 - 기타,이륜,남,43세,부상신고,,,,
2015102100100587,2015년 10월 21일 22시,수요일,대구광역시 수성구 범물동,경상사고,0,0,1,0,차대차 - 추돌 - 주정차중,안전운전불이행,건조,맑음,교차로 - 교차로부근,승용,여,55세,상해없음,승용,남,58세,경상
2015102100100588,2015년 10월 21일 22시,수요일,대구광역시 수성구 두산동,경상사고,0,0,1,0,차대차 - 측면직각충돌,직진우회전진행방해,건조,맑음,교차로 - 교차로안,승용,남,32세,상해없음,승용,여,56세,상해없음
2015102100100589,2015년 10월 21일 22시,수요일,대구광역시 수성구 욱수동,경상사고,0,0,1,0,차대차 - 정면충돌,기타,건조,맑음,단일로 - 기타,승용,남,54세,상해없음,원동기,여,49세,경상
2015102100100620,2015년 10월 21일 23시,수요일,대구광역시 동구 숙천동,경상사고,0,0,1,0,차대차 - 측면직각충돌,안전운전불이행,건조,맑음,교차로 - 교차로안,승용,남,19세,상해없음,승용,여,30세,경상
2015102100100621,2015년 10월 21일 23시,수요일,대구광역시 달서구 성당동,경상사고,0,0,1,0,차대차 - 측면직각충돌,교차로운행방법위반,건조,맑음,교차로 - 교차로안,화물,남,44세,상해없음,이륜,남,22세,경상
2015102200100022,2015년 10월 22일 00시,목요일,대구광역시 수성구 황금동,중상사고,0,1,1,0,차대차 - 추돌 - 진행중,안전운전불이행,건조,맑음,단일로 - 횡단보도부근,승용,남,37세,상해없음,화물,남,33세,경상
2015102200100059,2015년 10월 22일 04시,목요일,대구광역시 달성군 옥포면,중상사고,0,1,0,0,차량단독 - 전도전복,안전운전불이행,건조,맑음,단일로 - 기타,이륜,남,22세,중상,,,,
2015102200100068,2015년 10월 22일 05시,목요일,대구광역시 달서구 성당동,중상사고,0,1,0,0,차대사람 - 횡단중,안전운전불이행,건조,맑음,단일로 - 횡단보도상,화물,남,72세,상해없음,보행자,여,66세,중상
2015102200100107,2015년 10월 22일 07시,목요일,대구광역시 달서구 이곡동,경상사고,0,0,3,0,차대차 - 측면직각충돌,신호위반,건조,맑음,교차로 - 교차로안,승용,남,53세,경상,화물,남,39세,경상
2015102200100149,2015년 10월 22일 08시,목요일,대구광역시 남구 대명동,경상사고,0,0,1,0,차대차 - 측면직각충돌,차로위반,건조,맑음,단일로 - 기타,승용,여,55세,상해없음,승용,남,28세,경상
2015102200100150,2015년 10월 22일 08시,목요일,대구광역시 동구 신서동,경상사고,0,0,1,0,차대차 - 기타,안전운전불이행,건조,맑음,단일로 - 기타,승용,여,39세,상해없음,승용,여,41세,경상
2015102200100151,2015년 10월 22일 08시,목요일,대구광역시 달성군 옥포면,경상사고,0,0,2,0,차대차 - 추돌 - 진행중,안전운전불이행,건조,맑음,단일로 - 기타,승용,남,44세,상해없음,승용,여,39세,경상
2015102200100152,2015년 10월 22일 08시,목요일,대구광역시 달서구 두류동,경상사고,0,0,2,0,차대사람 - 기타,안전운전불이행,건조,맑음,단일로 - 기타,승합,남,56세,상해없음,보행자,여,74세,경상
2015102200100195,2015년 10월 22일 09시,목요일,대구광역시 동구 동호동,경상사고,0,0,2,0,차대차 - 측면직각충돌,직진우회전진행방해,건조,맑음,교차로 - 교차로안,승합,남,54세,상해없음,승용,여,44세,경상
2015102200100196,2015년 10월 22일 09시,목요일,대구광역시 동구 신암동,중상사고,0,1,0,0,차대차 - 기타,안전운전불이행,건조,맑음,단일로 - 기타,승용,남,54세,상해없음,승용,여,25세,중상
2015102200100197,2015년 10월 22일 09시,목요일,대구광역시 서구 비산동,경상사고,0,0,2,0,차대차 - 기타,안전운전불이행,건조,맑음,단일로 - 기타,이륜,남,66세,경상,승용,남,59세,경상
2015102200100198,2015년 10월 22일 09시,목요일,대구광역시 중구 교동,중상사고,0,1,0,0,차대차 - 기타,안전거리미확보,건조,맑음,교차로 - 교차로부근,승용,남,55세,상해없음,승합,여,54세,중상
2015102200100234,2015년 10월 22일 10시,목요일,대구광역시 북구 산격동,경상사고,0,0,1,0,차대차 - 측면직각충돌,안전운전불이행,건조,맑음,단일로 - 기타,원동기,남,25세,경상,승용,남,73세,상해없음
2015102200100263,2015년 10월 22일 11시,목요일,대구광역시 남구 대명동,경상사고,0,0,1,0,차대차 - 기타,안전거리미확보,건조,맑음,단일로 - 기타,이륜,남,60세,경상,승용,남,58세,상해없음
2015102200100286,2015년 10월 22일 12시,목요일,대구광역시 남구 대명동,경상사고,0,0,3,0,차대차 - 측면직각충돌,안전운전불이행,건조,맑음,단일로 - 기타,승용,여,78세,상해없음,승용,여,55세,경상
2015102200100325,2015년 10월 22일 13시,목요일,대구광역시 수성구 만촌동,경상사고,0,0,1,0,차대차 - 측면직각충돌,신호위반,건조,맑음,교차로 - 교차로안,승용,남,68세,상해없음,승용,여,51세,경상
2015102200100355,2015년 10월 22일 14시,목요일,대구광역시 달성군 논공읍,중상사고,0,1,0,0,차대사람 - 기타,안전운전불이행,건조,맑음,단일로 - 기타,승용,여,36세,상해없음,보행자,남,44세,중상
2015102200100356,2015년 10월 22일 14시,목요일,대구광역시 중구 동산동,경상사고,0,0,1,0,차대차 - 기타,안전운전불이행,건조,맑음,단일로 - 기타,기타불명,기타불명,기타불명,기타불명,이륜,남,33세,상해없음
2015102200100392,2015년 10월 22일 15시,목요일,대구광역시 동구 효목동,중상사고,0,1,0,0,차대사람 - 길가장자리구역통행중,안전운전불이행,건조,맑음,단일로 - 기타,원동기,남,47세,상해없음,보행자,여,76세,중상
2015102200100393,2015년 10월 22일 15시,목요일,대구광역시 달성군 화원읍,경상사고,0,0,2,0,차대차 - 정면충돌,안전운전불이행,건조,맑음,단일로 - 기타,화물,남,40세,상해없음,화물,남,59세,경상
2015102200100394,2015년 10월 22일 15시,목요일,대구광역시 달서구 두류동,경상사고,0,0,1,0,차대사람 - 횡단중,안전운전불이행,건조,맑음,교차로 - 교차로부근,승용,남,34세,상해없음,보행자,남,55세,경상
2015102200100395,2015년 10월 22일 15시,목요일,대구광역시 북구 서변동,중상사고,0,1,0,0,차대차 - 측면직각충돌,직진우회전진행방해,건조,맑음,교차로 - 교차로안,승용,여,38세,상해없음,승용,여,41세,중상
2015102200100429,2015년 10월 22일 16시,목요일,대구광역시 동구 신암동,부상신고사고,0,0,0,1,차대차 - 추돌 - 진행중,안전운전불이행,건조,맑음,단일로 - 기타,자전거,남,8세,부상신고,승용,여,40세,상해없음
2015102200100430,2015년 10월 22일 16시,목요일,대구광역시 달서구 월성동,경상사고,0,0,1,0,차대차 - 추돌 - 진행중,안전운전불이행,건조,맑음,교차로 - 교차로안,승합,남,62세,상해없음,승용,여,43세,경상
2015102200100464,2015년 10월 22일 17시,목요일,대구광역시 동구 방촌동,중상사고,0,1,0,0,차대차 - 기타,안전운전불이행,건조,맑음,단일로 - 기타,화물,남,55세,상해없음,자전거,남,12세,중상
2015102200100522,2015년 10월 22일 18시,목요일,대구광역시 동구 신천동,중상사고,0,1,0,1,차대차 - 측면직각충돌,안전거리미확보,건조,맑음,단일로 - 기타,이륜,남,55세,부상신고,이륜,남,20세,중상
2015102200100523,2015년 10월 22일 18시,목요일,대구광역시 수성구 수성동1가,경상사고,0,0,1,0,차대사람 - 기타,기타,건조,맑음,단일로 - 기타,승합,남,54세,상해없음,보행자,여,21세,경상
2015102200100524,2015년 10월 22일 18시,목요일,대구광역시 북구 노원동2가,경상사고,0,0,1,0,차대차 - 추돌 - 주정차중,안전운전불이행,건조,맑음,단일로 - 교량,화물,남,55세,상해없음,승용,남,28세,경상
2015102200100525,2015년 10월 22일 18시,목요일,대구광역시 서구 중리동,경상사고,0,0,1,0,차대사람 - 기타,안전운전불이행,건조,맑음,단일로 - 기타,화물,남,57세,상해없음,보행자,여,38세,경상
2015102200100582,2015년 10월 22일 19시,목요일,대구광역시 남구 대명동,경상사고,0,0,2,1,차대차 - 추돌 - 진행중,안전운전불이행,건조,맑음,단일로 - 기타,승용,남,33세,상해없음,승용,여,23세,경상
2015102200100583,2015년 10월 22일 19시,목요일,대구광역시 달성군 화원읍,경상사고,0,0,1,0,차대차 - 기타,안전운전불이행,건조,맑음,교차로 - 교차로부근,이륜,남,19세,경상,화물,남,45세,상해없음
2015102200100584,2015년 10월 22일 19시,목요일,대구광역시 달성군 논공읍,경상사고,0,0,1,0,차대차 - 추돌 - 주정차중,안전운전불이행,건조,맑음,교차로 - 교차로부근,이륜,남,18세,경상,승합,여,59세,상해없음
2015102200100585,2015년 10월 22일 19시,목요일,대구광역시 북구 구암동,경상사고,0,0,3,0,차대차 - 측면직각충돌,안전운전불이행,건조,맑음,단일로 - 기타,이륜,남,19세,경상,승용,남,28세,경상
2015102200100623,2015년 10월 22일 20시,목요일,대구광역시 중구 동인동1가,중상사고,0,3,0,0,차대차 - 측면직각충돌,안전거리미확보,건조,맑음,단일로 - 기타,승용,여,41세,중상,승용,남,63세,중상
2015102200100662,2015년 10월 22일 21시,목요일,대구광역시 서구 평리동,중상사고,0,2,0,0,차대차 - 추돌 - 진행중,안전운전불이행,건조,맑음,미분류 - 미분류,승용,남,60세,상해없음,이륜,여,29세,중상
2015102200100663,2015년 10월 22일 21시,목요일,대구광역시 서구 원대동3가,경상사고,0,0,1,0,차대차 - 측면직각충돌,안전운전불이행,건조,맑음,단일로 - 기타,승용,남,42세,기타불명,자전거,남,55세,경상
2015102200100664,2015년 10월 22일 21시,목요일,대구광역시 달서구 두류동,중상사고,0,1,0,0,차대차 - 기타,안전운전불이행,건조,맑음,단일로 - 횡단보도부근,승합,남,39세,상해없음,자전거,남,14세,상해없음
2015102200100686,2015년 10월 22일 22시,목요일,대구광역시 수성구 만촌동,중상사고,0,2,1,0,차대차 - 추돌 - 주정차중,안전운전불이행,건조,맑음,단일로 - 기타,승용,남,35세,상해없음,승용,남,51세,경상
2015102200100687,2015년 10월 22일 22시,목요일,대구광역시 달서구 본동,부상신고사고,0,0,0,1,차대사람 - 횡단중,안전운전불이행,건조,맑음,단일로 - 기타,화물,남,41세,상해없음,보행자,남,55세,부상신고
2015102200100688,2015년 10월 22일 22시,목요일,대구광역시 달서구 상인동,경상사고,0,0,4,0,차대차 - 측면직각충돌,교차로운행방법위반,건조,맑음,교차로 - 교차로안,승용,여,50세,경상,승용,남,55세,경상
2015102200100689,2015년 10월 22일 22시,목요일,대구광역시 달서구 상인동,중상사고,0,1,1,0,차대차 - 추돌 - 진행중,안전거리미확보,건조,맑음,교차로 - 교차로부근,승용,남,54세,상해없음,승용,남,53세,경상
2015102200100709,2015년 10월 22일 23시,목요일,대구광역시 북구 노원동1가,중상사고,0,1,1,0,차대차 - 측면직각충돌,신호위반,건조,맑음,교차로 - 교차로안,승용,여,61세,상해없음,승용,남,65세,중상
2015102200100710,2015년 10월 22일 23시,목요일,대구광역시 서구 비산동,경상사고,0,0,1,1,차대차 - 측면직각충돌,신호위반,건조,맑음,교차로 - 교차로안,이륜,남,19세,부상신고,승용,남,53세,경상
2015102200100711,2015년 10월 22일 23시,목요일,대구광역시 북구 서변동,부상신고사고,0,0,0,1,차대차 - 측면직각충돌,안전운전불이행,건조,맑음,단일로 - 기타,이륜,남,23세,부상신고,승용,남,53세,상해없음
2015102300100052,2015년 10월 23일 02시,금요일,대구광역시 북구 노원동3가,경상사고,0,0,4,0,차대차 - 기타,안전운전불이행,건조,맑음,단일로 - 교량,승용,남,66세,경상,승용,남,44세,경상
2015102300100072,2015년 10월 23일 05시,금요일,대구광역시 수성구 매호동,경상사고,0,0,2,0,차대사람 - 기타,보행자보호의무위반,건조,맑음,교차로 - 교차로부근,승용,남,52세,기타불명,보행자,남,72세,경상
2015102300100073,2015년 10월 23일 05시,금요일,대구광역시 달서구 성당동,경상사고,0,0,2,0,차대차 - 측면직각충돌,안전운전불이행,건조,맑음,기타 - 기타,승용,남,67세,기타불명,승용,남,52세,경상
2015102300100091,2015년 10월 23일 06시,금요일,대구광역시 달서구 송현동,경상사고,0,0,2,0,차대차 - 추돌 - 주정차중,안전운전불이행,건조,맑음,단일로 - 기타,승합,남,59세,상해없음,승용,남,28세,경상
2015102300100151,2015년 10월 23일 08시,금요일,대구광역시 남구 대명동,경상사고,0,0,3,0,차대차 - 기타,안전거리미확보,건조,맑음,단일로 - 기타,화물,남,64세,상해없음,승용,여,46세,경상
2015102300100152,2015년 10월 23일 08시,금요일,대구광역시 북구 산격동,중상사고,0,1,0,0,차대차 - 기타,안전거리미확보,건조,맑음,단일로 - 기타,승합,남,61세,상해없음,이륜,남,25세,중상
2015102300100153,2015년 10월 23일 08시,금요일,대구광역시 중구 남산동,경상사고,0,0,2,0,차대차 - 추돌 - 진행중,안전거리미확보,건조,맑음,교차로 - 교차로안,승용,남,66세,상해없음,승용,남,54세,경상
2015102300100154,2015년 10월 23일 08시,금요일,대구광역시 중구 남산동,경상사고,0,0,1,0,차대사람 - 기타,기타,건조,맑음,단일로 - 기타,승합,남,59세,상해없음,보행자,남,56세,경상
2015102300100186,2015년 10월 23일 09시,금요일,대구광역시 서구 내당동,경상사고,0,0,2,0,차대차 - 추돌 - 주정차중,안전운전불이행,건조,맑음,교차로 - 교차로부근,승용,여,58세,상해없음,승용,여,29세,경상
2015102300100187,2015년 10월 23일 09시,금요일,대구광역시 서구 이현동,경상사고,0,0,1,0,차대차 - 추돌 - 진행중,안전운전불이행,건조,맑음,교차로 - 교차로안,승용,남,55세,상해없음,승용,남,22세,경상
2015102300100224,2015년 10월 23일 10시,금요일,대구광역시 서구 비산동,중상사고,0,1,0,0,차대사람 - 기타,보행자보호의무위반,건조,맑음,단일로 - 기타,승용,여,29세,상해없음,보행자,남,68세,중상
2015102300100258,2015년 10월 23일 11시,금요일,대구광역시 북구 금호동,경상사고,0,0,1,0,차대차 - 기타,안전거리미확보,건조,맑음,단일로 - 기타,화물,남,37세,상해없음,승합,남,52세,상해없음
2015102300100284,2015년 10월 23일 12시,금요일,대구광역시 수성구 범어동,경상사고,0,0,1,0,차대차 - 추돌 - 진행중,안전거리미확보,건조,맑음,단일로 - 기타,승용,여,56세,상해없음,승합,남,55세,상해없음
2015102300100285,2015년 10월 23일 12시,금요일,대구광역시 달서구 상인동,경상사고,0,0,1,0,차대사람 - 기타,안전운전불이행,건조,맑음,단일로 - 기타,승용,남,59세,상해없음,보행자,남,41세,경상
2015102300100321,2015년 10월 23일 13시,금요일,대구광역시 북구 산격동,중상사고,0,1,0,0,차대사람 - 횡단중,안전운전불이행,건조,맑음,단일로 - 기타,승용,남,74세,상해없음,보행자,여,82세,중상
2015102300100322,2015년 10월 23일 13시,금요일,대구광역시 서구 비산동,중상사고,0,1,0,0,차대사람 - 기타,안전운전불이행,건조,맑음,단일로 - 기타,승용,남,54세,상해없음,보행자,여,29세,중상
2015102300100323,2015년 10월 23일 13시,금요일,대구광역시 달서구 신당동,경상사고,0,0,1,1,차대차 - 기타,안전거리미확보,건조,맑음,교차로 - 교차로부근,승용,여,50세,부상신고,승용,여,48세,경상
2015102300100365,2015년 10월 23일 14시,금요일,대구광역시 동구 서호동,중상사고,0,1,0,0,차대차 - 측면직각충돌,교차로운행방법위반,건조,맑음,교차로 - 교차로안,화물,여,45세,상해없음,이륜,남,45세,중상
2015102300100366,2015년 10월 23일 14시,금요일,대구광역시 북구 산격동,경상사고,0,0,1,0,차대차 - 기타,안전운전불이행,건조,맑음,단일로 - 기타,자전거,남,58세,상해없음,승합,남,40세,상해없음
2015102300100367,2015년 10월 23일 14시,금요일,대구광역시 달서구 이곡동,경상사고,0,0,1,0,차대차 - 추돌 - 진행중,안전거리미확보,건조,맑음,교차로 - 교차로부근,화물,남,43세,상해없음,승용,여,41세,경상
2015102300100397,2015년 10월 23일 15시,금요일,대구광역시 달성군 다사읍,중상사고,0,1,0,1,차대차 - 측면직각충돌,안전거리미확보,건조,맑음,교차로 - 교차로부근,화물,여,68세,부상신고,승용,여,56세,중상
2015102300100442,2015년 10월 23일 16시,금요일,대구광역시 남구 대명동,경상사고,0,0,1,0,차대차 - 추돌 - 진행중,안전거리미확보,건조,맑음,단일로 - 기타,승용,남,26세,상해없음,승용,남,32세,경상
2015102300100443,2015년 10월 23일 16시,금요일,대구광역시 남구 대명동,경상사고,0,0,1,0,차대사람 - 기타,안전운전불이행,건조,맑음,단일로 - 기타,승용,남,27세,상해없음,보행자,남,63세,경상
2015102300100444,2015년 10월 23일 16시,금요일,대구광역시 북구 태전동,경상사고,0,0,1,0,차대차 - 기타,중앙선침범,건조,맑음,단일로 - 기타,승용,남,54세,상해없음,이륜,남,17세,경상
2015102300100445,2015년 10월 23일 16시,금요일,대구광역시 북구 읍내동,경상사고,0,0,1,0,차량단독 - 기타,안전운전불이행,건조,맑음,단일로 - 기타,승합,남,51세,기타불명,,,,
2015102300100488,2015년 10월 23일 17시,금요일,대구광역시 동구 신천동,중상사고,0,1,0,0,차량단독 - 기타,기타,건조,맑음,단일로 - 기타,승합,남,49세,상해없음,,,,
2015102300100489,2015년 10월 23일 17시,금요일,대구광역시 달서구 진천동,경상사고,0,0,1,0,차대차 - 기타,직진우회전진행방해,건조,맑음,단일로 - 기타,승용,여,41세,상해없음,이륜,남,17세,경상
2015102300100490,2015년 10월 23일 17시,금요일,대구광역시 달성군 화원읍,중상사고,0,1,2,1,차대차 - 추돌 - 진행중,안전운전불이행,건조,맑음,단일로 - 터널,화물,남,25세,상해없음,화물,남,25세,경상
2015102300100491,2015년 10월 23일 17시,금요일,대구광역시 중구 대봉동,경상사고,0,0,1,0,차대사람 - 기타,안전운전불이행,건조,맑음,교차로 - 교차로안,승용,남,42세,상해없음,보행자,여,35세,경상
2015102300100492,2015년 10월 23일 17시,금요일,대구광역시 중구 남산동,경상사고,0,0,1,0,차대차 - 추돌 - 주정차중,안전운전불이행,건조,맑음,단일로 - 기타,승합,남,25세,상해없음,승용,남,30세,경상
2015102300100493,2015년 10월 23일 17시,금요일,대구광역시 달서구 성당동,경상사고,0,0,1,0,차대차 - 추돌 - 주정차중,안전운전불이행,건조,맑음,단일로 - 기타,자전거,남,14세,경상,승합,남,53세,상해없음
2015102300100562,2015년 10월 23일 18시,금요일,대구광역시 남구 대명동,경상사고,0,0,1,0,차대사람 - 차도통행중,안전운전불이행,건조,맑음,단일로 - 기타,승용,여,54세,상해없음,보행자,남,46세,경상
2015102300100563,2015년 10월 23일 18시,금요일,대구광역시 동구 신천동,경상사고,0,0,1,0,차대차 - 측면직각충돌,신호위반,건조,맑음,교차로 - 교차로안,승용,남,65세,상해없음,승용,남,43세,상해없음
2015102300100564,2015년 10월 23일 18시,금요일,대구광역시 동구 효목동,경상사고,0,0,1,0,차대사람 - 길가장자리구역통행중,안전운전불이행,건조,맑음,교차로 - 교차로안,승용,남,27세,상해없음,보행자,여,50세,경상
2015102300100565,2015년 10월 23일 18시,금요일,대구광역시 동구 신천동,경상사고,0,0,1,0,차대차 - 측면직각충돌,안전운전불이행,건조,맑음,단일로 - 기타,승용,남,69세,상해없음,승용,남,59세,경상
2015102300100566,2015년 10월 23일 18시,금요일,대구광역시 수성구 황금동,중상사고,0,1,3,0,차대차 - 추돌 - 주정차중,안전거리미확보,건조,맑음,교차로 - 교차로부근,승용,여,41세,상해없음,승용,여,42세,중상
2015102300100567,2015년 10월 23일 18시,금요일,대구광역시 중구 동인동4가,경상사고,0,0,1,0,차대차 - 기타,안전운전불이행,건조,맑음,단일로 - 기타,승용,남,50세,기타불명,승용,남,54세,경상
2015102300100568,2015년 10월 23일 18시,금요일,대구광역시 북구 서변동,경상사고,0,0,1,0,차대차 - 추돌 - 진행중,안전거리미확보,건조,맑음,교차로 - 교차로부근,승용,남,60세,상해없음,화물,남,43세,경상
2015102300100632,2015년 10월 23일 19시,금요일,대구광역시 수성구 만촌동,경상사고,0,0,1,0,차대사람 - 기타,안전운전불이행,건조,맑음,단일로 - 기타,승합,남,60세,상해없음,보행자,여,28세,경상
2015102300100633,2015년 10월 23일 19시,금요일,대구광역시 중구 대봉동,경상사고,0,0,1,0,차대차 - 추돌 - 진행중,안전운전불이행,건조,맑음,단일로 - 기타,승용,여,49세,기타불명,승용,여,48세,경상
2015102300100634,2015년 10월 23일 19시,금요일,대구광역시 달서구 죽전동,중상사고,0,1,0,0,차대차 - 측면직각충돌,안전운전불이행,건조,맑음,단일로 - 기타,승용,남,63세,상해없음,원동기,남,25세,중상
2015102300100635,2015년 10월 23일 19시,금요일,대구광역시 북구 관음동,부상신고사고,0,0,0,1,차대차 - 측면직각충돌,안전운전불이행,건조,맑음,교차로 - 교차로안,원동기,남,39세,부상신고,승용,남,52세,상해없음
2015102300100670,2015년 10월 23일 20시,금요일,대구광역시 달서구 송현동,중상사고,0,1,0,0,차대차 - 측면직각충돌,안전거리미확보,건조,맑음,교차로 - 교차로부근,화물,남,58세,상해없음,원동기,남,56세,중상
2015102300100671,2015년 10월 23일 20시,금요일,대구광역시 서구 내당동,중상사고,0,1,0,0,차대사람 - 기타,안전운전불이행,건조,맑음,교차로 - 교차로부근,승용,남,42세,상해없음,보행자,남,40세,중상
2015102300100672,2015년 10월 23일 20시,금요일,대구광역시 중구 남산동,중상사고,0,1,0,0,차대차 - 기타,교차로운행방법위반,건조,맑음,교차로 - 교차로안,승용,남,59세,상해없음,이륜,남,28세,중상
2015102300100707,2015년 10월 23일 21시,금요일,대구광역시 남구 대명동,중상사고,0,3,0,0,차대차 - 측면직각충돌,안전운전불이행,건조,맑음,교차로 - 교차로안,승용,남,51세,상해없음,승용,남,25세,중상