사고번호,사고일시,요일,시군구,사고내용,사망자수,중상자수,경상자수,부상신고자수,사고유형,법규위반,노면상태,기상상태,도로형태,가해운전자 차종,가해운전자 성별,가해운전자 연령,가해운전자 상해정도,피해운전자 차종,피해운전자 성별,피해운전자 연령,피해운전자 상해정도
2015102300100744,2015년 10월 23일 22시,금요일,대구광역시 달서구 감삼동,중상사고,0,1,0,0,차대차 - 추돌 - 진행중,안전거리미확보,건조,맑음,단일로 - 기타,승용,남,25세,상해없음,이륜,남,62세,중상
2015102300100745,2015년 10월 23일 22시,금요일,대구광역시 북구 서변동,경상사고,0,0,3,0,차대차 - 추돌 - 주정차중,안전운전불이행,건조,맑음,단일로 - 기타,승용,여,51세,경상,승용,남,39세,경상
2015102300100777,2015년 10월 23일 23시,금요일,대구광역시 북구 동천동,경상사고,0,0,2,0,차대차 - 정면충돌,안전운전불이행,건조,맑음,교차로 - 교차로부근,승용,남,47세,상해없음,승용,남,47세,경상
2015102400100018,2015년 10월 24일 00시,토요일,대구광역시 서구 비산동,경상사고,0,0,4,0,차대차 - 기타,안전운전불이행,건조,맑음,교차로 - 교차로부근,승용,여,31세,상해없음,승용,남,57세,경상
2015102400100019,2015년 10월 24일 00시,토요일,대구광역시 달서구 두류동,경상사고,0,0,1,0,차대사람 - 길가장자리구역통행중,안전운전불이행,건조,맑음,단일로 - 기타,승용,남,24세,상해없음,보행자,남,53세,경상
2015102400100039,2015년 10월 24일 01시,토요일,대구광역시 수성구 지산동,경상사고,0,0,6,0,차대차 - 측면직각충돌,안전운전불이행,건조,맑음,교차로 - 교차로안,승용,여,59세,상해없음,승용,남,19세,경상
2015102400100040,2015년 10월 24일 01시,토요일,대구광역시 수성구 두산동,부상신고사고,0,0,0,1,차대차 - 추돌 - 진행중,안전운전불이행,건조,맑음,단일로 - 기타,이륜,남,41세,부상신고,기타불명,기타불명,기타불명,기타불명
2015102400100054,2015년 10월 24일 02시,토요일,대구광역시 북구 복현동,중상사고,0,1,1,0,차대차 - 기타,신호위반,건조,맑음,교차로 - 교차로안,승용,여,37세,상해없음,승용,남,64세,중상
2015102400100070,2015년 10월 24일 03시,토요일,대구광역시 달서구 두류동,경상사고,0,0,1,0,차대차 - 측면직각충돌,안전운전불이행,건조,맑음,교차로 - 교차로안,화물,남,50세,경상,승용,남,24세,상해없음
2015102400100150,2015년 10월 24일 07시,토요일,대구광역시 서구 비산동,중상사고,0,1,0,0,차대차 - 측면직각충돌,안전운전불이행,습기,비,단일로 - 기타,승용,남,49세,상해없음,자전거,남,68세,중상
2015102400100205,2015년 10월 24일 09시,토요일,대구광역시 수성구 노변동,경상사고,0,0,1,0,차대차 - 측면직각충돌,안전거리미확보,건조,맑음,단일로 - 기타,승용,남,60세,상해없음,승용,여,52세,상해없음
2015102400100206,2015년 10월 24일 09시,토요일,대구광역시 수성구 만촌동,경상사고,0,0,1,0,차대차 - 측면직각충돌,안전운전불이행,건조,맑음,단일로 - 기타,승용,여,51세,상해없음,승용,여,42세,경상
2015102400100207,2015년 10월 24일 09시,토요일,대구광역시 달서구 상인동,경상사고,0,0,2,0,차대차 - 기타,안전운전불이행,건조,맑음,단일로 - 기타,승용,여,47세,상해없음,승용,남,57세,상해없음
2015102400100247,2015년 10월 24일 10시,토요일,대구광역시 북구 복현동,경상사고,0,0,2,0,차대차 - 측면직각충돌,안전거리미확보,건조,맑음,교차로 - 교차로부근,승용,남,33세,상해없음,승용,남,71세,경상
2015102400100276,2015년 10월 24일 11시,토요일,대구광역시 수성구 만촌동,중상사고,0,1,0,0,차대차 - 측면직각충돌,안전운전불이행,건조,맑음,단일로 - 기타,승용,남,54세,상해없음,자전거,여,49세,중상
2015102400100277,2015년 10월 24일 11시,토요일,대구광역시 수성구 만촌동,중상사고,0,1,0,0,차대차 - 측면직각충돌,안전운전불이행,건조,맑음,교차로 - 교차로부근,원동기,남,81세,중상,승용,여,54세,상해없음
2015102400100278,2015년 10월 24일 11시,토요일,대구광역시 달서구 송현동,중상사고,0,1,0,0,차대사람 - 기타,기타,건조,맑음,기타 - 기타,화물,남,43세,상해없음,보행자,여,64세,중상
2015102400100279,2015년 10월 24일 11시,토요일,대구광역시 서구 상리동,경상사고,0,0,2,0,차대차 - 측면직각충돌,안전거리미확보,건조,맑음,단일로 - 기타,승용,남,43세,상해없음,화물,남,66세,상해없음
2015102400100314,2015년 10월 24일 12시,토요일,대구광역시 동구 효목동,중상사고,0,1,0,0,차대차 - 기타,교차로운행방법위반,건조,맑음,교차로 - 교차로안,승용,남,53세,상해없음,승용,여,62세,중상
2015102400100315,2015년 10월 24일 12시,토요일,대구광역시 북구 태전동,중상사고,0,1,0,0,차대사람 - 횡단중,안전운전불이행,건조,맑음,교차로 - 교차로안,승용,남,39세,상해없음,보행자,남,82세,중상
2015102400100351,2015년 10월 24일 13시,토요일,대구광역시 동구 효목동,경상사고,0,0,3,0,차대차 - 기타,안전운전불이행,건조,맑음,단일로 - 기타,원동기,남,60세,상해없음,승용,남,45세,경상
2015102400100352,2015년 10월 24일 13시,토요일,대구광역시 동구 효목동,부상신고사고,0,0,0,1,차대차 - 기타,안전운전불이행,건조,맑음,교차로 - 교차로안,자전거,남,16세,부상신고,승용,여,45세,상해없음
2015102400100389,2015년 10월 24일 14시,토요일,대구광역시 달서구 진천동,중상사고,0,1,0,0,차대사람 - 기타,안전운전불이행,건조,맑음,단일로 - 기타,승용,여,49세,상해없음,보행자,여,15세,중상
2015102400100390,2015년 10월 24일 14시,토요일,대구광역시 달서구 상인동,경상사고,0,0,1,0,차대차 - 측면직각충돌,교차로운행방법위반,건조,맑음,교차로 - 교차로안,승용,여,45세,상해없음,자전거,남,11세,경상
2015102400100391,2015년 10월 24일 14시,토요일,대구광역시 서구 내당동,부상신고사고,0,0,0,1,차량단독 - 공작물충돌,안전운전불이행,건조,맑음,교차로 - 교차로안,승용,남,41세,부상신고,,,,
2015102400100392,2015년 10월 24일 14시,토요일,대구광역시 달서구 두류동,중상사고,0,1,0,0,차대사람 - 기타,보행자보호의무위반,건조,맑음,단일로 - 횡단보도상,승용,여,51세,상해없음,보행자,여,32세,중상
2015102400100435,2015년 10월 24일 15시,토요일,대구광역시 남구 이천동,경상사고,0,0,1,0,차대차 - 측면직각충돌,기타,건조,맑음,기타 - 기타,승용,여,41세,상해없음,자전거,남,9세,경상
2015102400100436,2015년 10월 24일 15시,토요일,대구광역시 동구 신암동,경상사고,0,0,2,0,차대차 - 측면직각충돌,안전운전불이행,건조,맑음,단일로 - 기타,화물,남,65세,상해없음,이륜,남,21세,경상
2015102400100494,2015년 10월 24일 16시,토요일,대구광역시 북구 칠성동1가,경상사고,0,0,1,0,차대차 - 기타,안전운전불이행,건조,맑음,단일로 - 기타,승용,남,47세,기타불명,승용,남,35세,경상
2015102400100495,2015년 10월 24일 16시,토요일,대구광역시 중구 공평동,경상사고,0,0,2,0,차대차 - 측면직각충돌,안전거리미확보,건조,맑음,단일로 - 기타,승용,남,19세,기타불명,승용,남,28세,경상
2015102400100548,2015년 10월 24일 17시,토요일,대구광역시 수성구 만촌동,경상사고,0,0,1,0,차대차 - 측면직각충돌,기타,건조,맑음,단일로 - 기타,승용,남,40세,상해없음,이륜,남,24세,경상
2015102400100549,2015년 10월 24일 17시,토요일,대구광역시 달성군 논공읍,중상사고,0,1,0,0,차대차 - 추돌 - 진행중,안전운전불이행,건조,맑음,교차로 - 교차로부근,승용,남,43세,상해없음,승용,남,63세,중상
2015102400100601,2015년 10월 24일 18시,토요일,대구광역시 수성구 만촌동,중상사고,0,1,0,0,차대사람 - 횡단중,보행자보호의무위반,건조,맑음,단일로 - 횡단보도상,기타불명,기타불명,기타불명,기타불명,보행자,남,55세,중상
2015102400100602,2015년 10월 24일 18시,토요일,대구광역시 수성구 수성동4가,경상사고,0,0,2,0,차대차 - 추돌 - 진행중,안전운전불이행,건조,맑음,단일로 - 기타,승합,남,61세,상해없음,승용,남,34세,경상
2015102400100603,2015년 10월 24일 18시,토요일,대구광역시 달서구 송현동,경상사고,0,0,3,0,차대차 - 기타,안전운전불이행,건조,맑음,단일로 - 기타,승용,남,21세,경상,승용,남,46세,상해없음
2015102400100604,2015년 10월 24일 18시,토요일,대구광역시 달성군 화원읍,중상사고,0,1,0,0,차대차 - 측면직각충돌,안전운전불이행,건조,맑음,교차로 - 교차로부근,승용,남,62세,상해없음,자전거,여,56세,중상
2015102400100605,2015년 10월 24일 18시,토요일,대구광역시 서구 중리동,경상사고,0,0,3,0,차대차 - 측면직각충돌,기타,건조,맑음,교차로 - 교차로안,승용,남,55세,기타불명,승용,여,23세,경상
2015102400100606,2015년 10월 24일 18시,토요일,대구광역시 달서구 성당동,경상사고,0,0,1,0,차대차 - 추돌 - 주정차중,안전운전불이행,건조,맑음,교차로 - 교차로부근,승용,남,46세,상해없음,승용,남,50세,경상
2015102400100607,2015년 10월 24일 18시,토요일,대구광역시 북구 태전동,경상사고,0,0,1,0,차대차 - 측면직각충돌,안전운전불이행,건조,맑음,단일로 - 기타,승용,여,48세,상해없음,자전거,남,10세,경상
2015102400100608,2015년 10월 24일 18시,토요일,대구광역시 북구 태전동,경상사고,0,0,1,0,차대차 - 측면직각충돌,안전운전불이행,건조,맑음,교차로 - 교차로안,승용,남,62세,상해없음,이륜,남,37세,경상
2015102400100651,2015년 10월 24일 19시,토요일,대구광역시 동구 방촌동,경상사고,0,0,1,0,차대차 - 측면직각충돌,안전운전불이행,건조,맑음,단일로 - 기타,승용,여,38세,상해없음,자전거,남,56세,경상
2015102400100653,2015년 10월 24일 19시,토요일,대구광역시 달성군 가창면,경상사고,0,0,1,0,차대차 - 측면직각충돌,안전운전불이행,건조,맑음,교차로 - 교차로안,승용,남,63세,상해없음,승용,여,31세,상해없음
2015102400100654,2015년 10월 24일 19시,토요일,대구광역시 중구 봉산동,경상사고,0,0,1,0,차대사람 - 기타,안전운전불이행,건조,맑음,단일로 - 기타,승용,남,47세,상해없음,보행자,남,10세,경상
2015102400100686,2015년 10월 24일 20시,토요일,대구광역시 서구 비산동,경상사고,0,0,1,1,차대차 - 기타,안전운전불이행,건조,맑음,단일로 - 기타,승용,남,39세,부상신고,승용,남,23세,경상
2015102400100687,2015년 10월 24일 20시,토요일,대구광역시 서구 비산동,부상신고사고,0,0,0,1,차대차 - 측면직각충돌,불법유턴,건조,맑음,단일로 - 횡단보도상,자전거,남,51세,부상신고,승용,남,38세,상해없음
2015102400100688,2015년 10월 24일 20시,토요일,대구광역시 중구 태평로3가,경상사고,0,0,2,0,차대차 - 측면직각충돌,교차로운행방법위반,건조,맑음,교차로 - 교차로안,화물,남,39세,상해없음,승용,남,39세,경상
2015102400100689,2015년 10월 24일 20시,토요일,대구광역시 달서구 월암동,사망사고,1,0,0,0,차대차 - 측면직각충돌,안전운전불이행,건조,흐림,단일로 - 횡단보도상,승용,남,25세,상해없음,자전거,남,27세,사망
2015102400100758,2015년 10월 24일 22시,토요일,대구광역시 달서구 진천동,경상사고,0,0,1,0,차대차 - 기타,안전거리미확보,건조,맑음,단일로 - 기타,승용,여,24세,상해없음,승용,여,50세,경상
2015102400100759,2015년 10월 24일 22시,토요일,대구광역시 서구 중리동,중상사고,0,2,1,0,차대차 - 측면직각충돌,교차로운행방법위반,건조,맑음,교차로 - 교차로안,승용,여,58세,기타불명,승용,남,58세,중상
2015102400100760,2015년 10월 24일 22시,토요일,대구광역시 서구 내당동,중상사고,0,1,0,0,차대차 - 측면직각충돌,교차로운행방법위반,건조,맑음,교차로 - 교차로안,승용,남,58세,상해없음,자전거,남,21세,중상
2015102400100787,2015년 10월 24일 23시,토요일,대구광역시 수성구 만촌동,경상사고,0,0,3,0,차대차 - 기타,안전거리미확보,건조,맑음,단일로 - 기타,승용,남,73세,상해없음,승용,남,52세,경상
2015102500100042,2015년 10월 25일 01시,일요일,대구광역시 동구 율하동,중상사고,0,2,0,0,차대차 - 측면직각충돌,신호위반,건조,맑음,교차로 - 교차로안,승용,남,37세,상해없음,승용,남,44세,중상
2015102500100043,2015년 10월 25일 01시,일요일,대구광역시 북구 읍내동,경상사고,0,0,1,0,차대차 - 정면충돌,불법유턴,건조,맑음,교차로 - 교차로부근,승용,남,57세,상해없음,승용,남,24세,경상
2015102500100074,2015년 10월 25일 03시,일요일,대구광역시 달성군 화원읍,중상사고,0,2,4,0,차대차 - 추돌 - 진행중,중앙선침범,건조,맑음,단일로 - 횡단보도부근,승용,남,29세,상해없음,승용,여,55세,중상
2015102500100075,2015년 10월 25일 03시,일요일,대구광역시 달서구 감삼동,중상사고,0,1,0,0,차대사람 - 기타,안전운전불이행,건조,맑음,교차로 - 교차로부근,승용,남,33세,상해없음,보행자,남,48세,중상
2015102500100076,2015년 10월 25일 03시,일요일,대구광역시 달서구 감삼동,경상사고,0,0,3,0,차대차 - 측면직각충돌,교차로운행방법위반,건조,흐림,교차로 - 교차로안,승용,남,55세,경상,화물,남,23세,경상
2015102500100082,2015년 10월 25일 04시,일요일,대구광역시 달성군 다사읍,중상사고,0,1,3,0,차대차 - 추돌 - 진행중,신호위반,건조,맑음,교차로 - 교차로안,승용,남,50세,상해없음,승용,남,18세,경상
2015102500100093,2015년 10월 25일 05시,일요일,대구광역시 달서구 월성동,중상사고,0,1,0,0,차대사람 - 길가장자리구역통행중,안전운전불이행,건조,흐림,단일로 - 기타,승용,남,52세,상해없음,보행자,남,82세,중상
2015102500100094,2015년 10월 25일 05시,일요일,대구광역시 중구 공평동,경상사고,0,0,3,0,차대차 - 추돌 - 주정차중,안전운전불이행,건조,맑음,단일로 - 기타,승용,남,28세,상해없음,승용,남,61세,경상
2015102500100124,2015년 10월 25일 07시,일요일,대구광역시 달서구 본리동,경상사고,0,0,2,0,차대차 - 기타,안전운전불이행,건조,맑음,단일로 - 기타,승용,남,42세,상해없음,승용,남,52세,경상
2015102500100144,2015년 10월 25일 08시,일요일,대구광역시 남구 봉덕동,부상신고사고,0,0,0,1,차대차 - 추돌 - 주정차중,안전운전불이행,건조,맑음,단일로 - 기타,승용,여,35세,상해없음,승용,남,60세,부상신고
2015102500100145,2015년 10월 25일 08시,일요일,대구광역시 수성구 상동,경상사고,0,0,1,0,차대차 - 추돌 - 진행중,안전운전불이행,건조,맑음,단일로 - 기타,승용,여,47세,상해없음,승용,남,44세,경상
2015102500100146,2015년 10월 25일 08시,일요일,대구광역시 북구 복현동,부상신고사고,0,0,0,1,차대차 - 측면직각충돌,직진우회전진행방해,건조,맑음,교차로 - 교차로안,자전거,여,50세,부상신고,승용,여,47세,상해없음
2015102500100170,2015년 10월 25일 09시,일요일,대구광역시 달서구 두류동,중상사고,0,1,1,0,차대차 - 측면직각충돌,안전운전불이행,건조,맑음,교차로 - 교차로부근,이륜,남,23세,경상,승용,여,28세,중상
2015102500100199,2015년 10월 25일 10시,일요일,대구광역시 동구 효목동,중상사고,0,1,0,0,차대차 - 기타,안전운전불이행,건조,맑음,교차로 - 교차로안,승용,여,46세,상해없음,자전거,남,73세,중상
2015102500100227,2015년 10월 25일 11시,일요일,대구광역시 중구 공평동,경상사고,0,0,1,1,차대차 - 측면직각충돌,신호위반,건조,맑음,교차로 - 교차로안,이륜,남,29세,부상신고,승용,여,27세,경상
2015102500100299,2015년 10월 25일 14시,일요일,대구광역시 남구 대명동,부상신고사고,0,0,0,1,차대차 - 측면직각충돌,안전운전불이행,건조,맑음,기타 - 기타,이륜,남,37세,상해없음,승용,남,48세,부상신고
2015102500100300,2015년 10월 25일 14시,일요일,대구광역시 북구 복현동,경상사고,0,0,1,0,차대차 - 측면직각충돌,신호위반,건조,맑음,교차로 - 교차로안,승용,남,52세,상해없음,이륜,남,34세,경상
2015102500100342,2015년 10월 25일 15시,일요일,대구광역시 동구 신암동,중상사고,0,1,0,0,차대사람 - 길가장자리구역통행중,안전운전불이행,건조,맑음,단일로 - 기타,승용,남,62세,상해없음,보행자,여,77세,중상
2015102500100343,2015년 10월 25일 15시,일요일,대구광역시 수성구 지산동,경상사고,0,0,2,0,차대차 - 추돌 - 주정차중,안전운전불이행,건조,맑음,교차로 - 교차로부근,승용,남,55세,상해없음,승용,여,38세,경상
2015102500100344,2015년 10월 25일 15시,일요일,대구광역시 서구 평리동,경상사고,0,0,1,0,차대차 - 측면직각충돌,안전운전불이행,건조,맑음,교차로 - 교차로부근,승용,남,58세,상해없음,승용,남,54세,경상
2015102500100391,2015년 10월 25일 16시,일요일,대구광역시 동구 검사동,경상사고,0,0,1,0,차대차 - 기타,안전운전불이행,건조,맑음,단일로 - 기타,승용,남,48세,상해없음,자전거,남,75세,경상
2015102500100392,2015년 10월 25일 16시,일요일,대구광역시 동구 신암동,경상사고,0,0,3,0,차대차 - 측면직각충돌,안전운전불이행,건조,맑음,단일로 - 기타,승용,남,70세,상해없음,승용,여,25세,경상
2015102500100393,2015년 10월 25일 16시,일요일,대구광역시 수성구 황금동,부상신고사고,0,0,0,1,차대차 - 추돌 - 진행중,안전운전불이행,건조,맑음,단일로 - 기타,원동기,남,20세,부상신고,승용,남,68세,상해없음
2015102500100430,2015년 10월 25일 17시,일요일,대구광역시 북구 산격동,중상사고,0,1,0,0,차대사람 - 기타,안전운전불이행,건조,맑음,단일로 - 기타,원동기,남,49세,상해없음,보행자,여,83세,중상
2015102500100431,2015년 10월 25일 17시,일요일,대구광역시 달서구 대곡동,중상사고,0,2,1,0,차대차 - 기타,신호위반,건조,맑음,교차로 - 교차로안,화물,여,64세,상해없음,승용,여,44세,중상
2015102500100432,2015년 10월 25일 17시,일요일,대구광역시 달서구 송현동,경상사고,0,0,1,0,차대사람 - 기타,기타,건조,맑음,단일로 - 기타,승합,남,50세,상해없음,보행자,여,43세,경상
2015102500100433,2015년 10월 25일 17시,일요일,대구광역시 달성군 다사읍,경상사고,0,0,1,0,차대차 - 정면충돌,중앙선침범,건조,맑음,단일로 - 기타,자전거,남,13세,상해없음,자전거,남,17세,경상
2015102500100434,2015년 10월 25일 17시,일요일,대구광역시 달서구 감삼동,부상신고사고,0,0,0,1,차대차 - 기타,안전운전불이행,건조,맑음,교차로 - 교차로안,이륜,남,19세,부상신고,승용,남,30세,상해없음
2015102500100435,2015년 10월 25일 17시,일요일,대구광역시 북구 노곡동,경상사고,0,0,1,0,차대차 - 측면직각충돌,직진우회전진행방해,건조,맑음,교차로 - 교차로안,승용,남,50세,상해없음,승용,남,60세,경상
2015102500100485,2015년 10월 25일 18시,일요일,대구광역시 달서구 송현동,경상사고,0,0,1,0,차대사람 - 길가장자리구역통행중,안전운전불이행,건조,맑음,교차로 - 교차로부근,승용,남,77세,상해없음,보행자,남,39세,경상
2015102500100526,2015년 10월 25일 19시,일요일,대구광역시 동구 덕곡동,경상사고,0,0,1,0,차대차 - 기타,안전운전불이행,건조,맑음,단일로 - 기타,승용,남,48세,상해없음,승용,남,26세,상해없음
2015102500100527,2015년 10월 25일 19시,일요일,대구광역시 달서구 신당동,경상사고,0,0,1,0,차대사람 - 보도통행중,기타,건조,맑음,기타 - 기타,이륜,남,34세,상해없음,보행자,남,63세,경상
2015102500100607,2015년 10월 25일 22시,일요일,대구광역시 남구 대명동,경상사고,0,0,1,0,차대차 - 측면직각충돌,교차로운행방법위반,건조,맑음,교차로 - 교차로안,원동기,여,55세,경상,승용,남,68세,상해없음
2015102500100608,2015년 10월 25일 22시,일요일,대구광역시 수성구 만촌동,경상사고,0,0,1,0,차대사람 - 횡단중,안전운전불이행,건조,맑음,단일로 - 횡단보도상,이륜,남,25세,상해없음,보행자,여,16세,경상
2015102500100619,2015년 10월 25일 23시,일요일,대구광역시 수성구 두산동,중상사고,0,1,0,0,차대사람 - 횡단중,보행자보호의무위반,건조,맑음,교차로 - 교차로안,승용,남,34세,상해없음,보행자,여,41세,중상
2015102500100620,2015년 10월 25일 23시,일요일,대구광역시 수성구 수성동1가,중상사고,0,1,0,0,차대차 - 측면직각충돌,신호위반,건조,맑음,교차로 - 교차로안,승용,남,30세,상해없음,승용,여,31세,중상
2015102600100043,2015년 10월 26일 05시,월요일,대구광역시 동구 신암동,중상사고,0,1,0,0,차대사람 - 기타,안전운전불이행,건조,맑음,단일로 - 횡단보도상,승용,남,34세,상해없음,보행자,남,72세,중상
2015102600100044,2015년 10월 26일 05시,월요일,대구광역시 수성구 만촌동,경상사고,0,0,2,0,차대차 - 측면직각충돌,안전거리미확보,건조,맑음,단일로 - 기타,승용,남,58세,경상,승합,여,69세,경상
2015102600100045,2015년 10월 26일 05시,월요일,대구광역시 북구 태전동,중상사고,0,1,0,0,차대사람 - 횡단중,안전운전불이행,건조,맑음,단일로 - 횡단보도상,화물,남,28세,상해없음,보행자,여,60세,중상
2015102600100083,2015년 10월 26일 07시,월요일,대구광역시 동구 효목동,경상사고,0,0,1,0,차대차 - 기타,안전운전불이행,건조,맑음,단일로 - 기타,자전거,남,62세,경상,승용,여,52세,상해없음
2015102600100084,2015년 10월 26일 07시,월요일,대구광역시 달서구 용산동,중상사고,0,1,0,0,차대차 - 정면충돌,교차로운행방법위반,건조,맑음,교차로 - 교차로부근,승용,남,41세,상해없음,이륜,남,62세,중상
2015102600100085,2015년 10월 26일 07시,월요일,대구광역시 달서구 호림동,중상사고,0,1,0,0,차대차 - 추돌 - 진행중,신호위반,건조,맑음,단일로 - 기타,승용,남,28세,상해없음,자전거,남,55세,중상
2015102600100141,2015년 10월 26일 08시,월요일,대구광역시 달서구 상인동,부상신고사고,0,0,0,1,차대사람 - 기타,안전운전불이행,건조,맑음,교차로 - 교차로안,이륜,기타불명,기타불명,기타불명,보행자,남,77세,부상신고
2015102600100142,2015년 10월 26일 08시,월요일,대구광역시 달성군 가창면,경상사고,0,0,1,1,차대차 - 측면직각충돌,안전운전불이행,건조,맑음,교차로 - 교차로안,승용,남,42세,부상신고,승용,여,42세,경상
2015102600100143,2015년 10월 26일 08시,월요일,대구광역시 북구 서변동,경상사고,0,0,1,0,차대차 - 추돌 - 진행중,안전거리미확보,건조,맑음,교차로 - 교차로부근,승합,남,65세,상해없음,승용,여,29세,경상
2015102600100229,2015년 10월 26일 10시,월요일,대구광역시 북구 산격동,경상사고,0,0,2,0,차대차 - 기타,안전거리미확보,건조,맑음,단일로 - 기타,승용,남,63세,상해없음,이륜,남,42세,경상
2015102600100293,2015년 10월 26일 12시,월요일,대구광역시 달서구 이곡동,경상사고,0,0,1,0,차대차 - 측면직각충돌,신호위반,건조,맑음,교차로 - 교차로안,승용,남,43세,상해없음,승용,여,46세,경상
2015102600100330,2015년 10월 26일 13시,월요일,대구광역시 동구 효목동,경상사고,0,0,1,0,차대차 - 추돌 - 주정차중,안전운전불이행,건조,맑음,단일로 - 횡단보도부근,승용,남,56세,상해없음,승용,여,45세,경상
2015102600100331,2015년 10월 26일 13시,월요일,대구광역시 달서구 장동,경상사고,0,0,1,0,차대차 - 측면직각충돌,차로위반,건조,맑음,단일로 - 기타,승용,남,56세,상해없음,승용,여,47세,경상
2015102600100362,2015년 10월 26일 14시,월요일,대구광역시 수성구 황금동,경상사고,0,0,1,0,차대차 - 측면직각충돌,안전운전불이행,건조,맑음,단일로 - 기타,화물,남,45세,상해없음,자전거,여,73세,경상
2015102600100363,2015년 10월 26일 14시,월요일,대구광역시 수성구 범어동,경상사고,0,0,2,0,차대차 - 측면직각충돌,차로위반,건조,맑음,단일로 - 기타,승용,남,36세,경상,승용,남,59세,경상
2015102600100364,2015년 10월 26일 14시,월요일,대구광역시 서구 비산동,중상사고,0,1,0,0,차대사람 - 기타,안전운전불이행,건조,맑음,교차로 - 교차로부근,화물,남,55세,상해없음,보행자,남,26세,중상
2015102600100365,2015년 10월 26일 14시,월요일,대구광역시 달서구 용산동,경상사고,0,0,1,0,차대사람 - 횡단중,보행자보호의무위반,건조,맑음,단일로 - 횡단보도상,승합,남,73세,상해없음,보행자,남,6세,경상
2015102600100395,2015년 10월 26일 15시,월요일,대구광역시 달서구 도원동,경상사고,0,0,2,0,차대차 - 기타,불법유턴,건조,맑음,단일로 - 기타,승용,여,51세,상해없음,승용,여,58세,경상
2015102600100396,2015년 10월 26일 15시,월요일,대구광역시 서구 비산동,경상사고,0,0,2,0,차대차 - 추돌 - 진행중,안전거리미확보,건조,맑음,단일로 - 기타,승용,여,35세,상해없음,승용,여,62세,경상
2015102600100397,2015년 10월 26일 15시,월요일,대구광역시 달서구 신당동,중상사고,0,1,0,0,차대차 - 기타,안전운전불이행,건조,맑음,단일로 - 기타,승용,여,26세,기타불명,원동기,남,35세,중상
2015102600100444,2015년 10월 26일 16시,월요일,대구광역시 동구 지저동,경상사고,0,0,1,0,차대차 - 추돌 - 진행중,안전운전불이행,건조,맑음,단일로 - 기타,승용,남,53세,상해없음,승용,여,48세,경상
2015102600100445,2015년 10월 26일 16시,월요일,대구광역시 북구 구암동,중상사고,0,1,0,0,차대사람 - 횡단중,신호위반,건조,맑음,교차로 - 교차로안,승합,남,67세,상해없음,보행자,남,11세,중상
2015102600100501,2015년 10월 26일 17시,월요일,대구광역시 동구 신암동,부상신고사고,0,0,0,1,차대사람 - 기타,안전운전불이행,건조,맑음,단일로 - 기타,승용,기타불명,기타불명,기타불명,보행자,남,16세,부상신고
2015102600100502,2015년 10월 26일 17시,월요일,대구광역시 달서구 죽전동,경상사고,0,0,1,0,차대차 - 추돌 - 진행중,안전운전불이행,건조,맑음,단일로 - 기타,화물,남,61세,상해없음,자전거,남,54세,경상
2015102600100587,2015년 10월 26일 18시,월요일,대구광역시 북구 태전동,중상사고,0,1,0,0,차대차 - 기타,안전거리미확보,건조,맑음,단일로 - 기타,승용,여,33세,상해없음,이륜,남,19세,중상
2015102600100647,2015년 10월 26일 19시,월요일,대구광역시 남구 대명동,중상사고,0,1,0,0,차대차 - 기타,기타,건조,맑음,단일로 - 기타,승합,남,56세,상해없음,이륜,남,20세,상해없음
2015102600100648,2015년 10월 26일 19시,월요일,대구광역시 달서구 감삼동,중상사고,0,1,0,0,차대차 - 측면직각충돌,신호위반,건조,맑음,교차로 - 교차로안,승용,남,34세,상해없음,이륜,남,25세,중상
2015102600100649,2015년 10월 26일 19시,월요일,대구광역시 북구 동변동,중상사고,0,1,0,0,차대차 - 추돌 - 주정차중,안전운전불이행,건조,맑음,교차로 - 교차로안,승용,남,47세,중상,승용,남,46세,상해없음
2015102600100650,2015년 10월 26일 19시,월요일,대구광역시 북구 관음동,경상사고,0,0,1,0,차대차 - 기타,안전운전불이행,건조,맑음,기타 - 기타,승용,여,59세,경상,화물,남,44세,기타불명
2015102600100681,2015년 10월 26일 20시,월요일,대구광역시 수성구 수성동1가,경상사고,0,0,1,1,차대차 - 측면직각충돌,안전거리미확보,건조,맑음,단일로 - 기타,승용,여,19세,부상신고,승용,남,49세,경상
2015102700100024,2015년 10월 27일 00시,화요일,대구광역시 달서구 두류동,부상신고사고,0,0,0,1,차대사람 - 기타,기타,건조,맑음,단일로 - 기타,자전거,남,26세,상해없음,보행자,여,22세,부상신고
2015102700100036,2015년 10월 27일 01시,화요일,대구광역시 수성구 파동,부상신고사고,0,0,0,1,차대차 - 기타,안전운전불이행,건조,맑음,단일로 - 기타,승용,남,45세,부상신고,화물,남,30세,기타불명
2015102700100052,2015년 10월 27일 02시,화요일,대구광역시 북구 노원동3가,경상사고,0,0,1,0,차대차 - 추돌 - 주정차중,안전운전불이행,건조,맑음,단일로 - 기타,승용,남,28세,상해없음,승용,남,55세,상해없음
2015102700100053,2015년 10월 27일 02시,화요일,대구광역시 서구 비산동,부상신고사고,0,0,0,1,차대차 - 기타,안전운전불이행,건조,맑음,교차로 - 교차로안,자전거,남,33세,부상신고,승용,남,52세,상해없음