사고번호,사고일시,요일,시군구,사고내용,사망자수,중상자수,경상자수,부상신고자수,사고유형,법규위반,노면상태,기상상태,도로형태,가해운전자 차종,가해운전자 성별,가해운전자 연령,가해운전자 상해정도,피해운전자 차종,피해운전자 성별,피해운전자 연령,피해운전자 상해정도
2015102700100071,2015년 10월 27일 04시,화요일,대구광역시 서구 내당동,중상사고,0,2,1,5,차대차 - 측면직각충돌,신호위반,건조,맑음,교차로 - 교차로안,승용,남,41세,상해없음,승용,여,55세,부상신고
2015102700100087,2015년 10월 27일 05시,화요일,대구광역시 중구 대봉동,중상사고,0,1,2,0,차대차 - 측면직각충돌,신호위반,건조,맑음,교차로 - 교차로안,승용,남,66세,경상,승합,남,47세,경상
2015102700100141,2015년 10월 27일 07시,화요일,대구광역시 달서구 용산동,중상사고,0,1,0,0,차대차 - 기타,안전운전불이행,습기,비,단일로 - 기타,승용,남,56세,상해없음,자전거,남,20세,중상
2015102700100184,2015년 10월 27일 08시,화요일,대구광역시 수성구 범어동,중상사고,0,2,0,0,차대차 - 추돌 - 진행중,안전운전불이행,건조,맑음,교차로 - 교차로부근,승합,남,53세,상해없음,승용,남,50세,중상
2015102700100185,2015년 10월 27일 08시,화요일,대구광역시 달성군 화원읍,중상사고,0,1,0,0,차대사람 - 기타,안전운전불이행,건조,맑음,교차로 - 교차로부근,승용,여,21세,상해없음,보행자,여,65세,중상
2015102700100186,2015년 10월 27일 08시,화요일,대구광역시 달성군 옥포면,경상사고,0,0,1,0,차대차 - 추돌 - 진행중,안전운전불이행,습기,비,교차로 - 교차로안,화물,남,53세,상해없음,승용,여,46세,경상
2015102700100187,2015년 10월 27일 08시,화요일,대구광역시 북구 침산동,경상사고,0,0,1,0,차대차 - 기타,교차로운행방법위반,습기,비,교차로 - 교차로부근,화물,남,63세,상해없음,승용,여,45세,경상
2015102700100188,2015년 10월 27일 08시,화요일,대구광역시 서구 내당동,경상사고,0,0,2,0,차대차 - 측면직각충돌,안전운전불이행,습기,비,단일로 - 기타,승용,남,42세,상해없음,승용,남,62세,경상
2015102700100189,2015년 10월 27일 08시,화요일,대구광역시 달서구 용산동,경상사고,0,0,1,0,차대사람 - 기타,안전운전불이행,습기,비,기타 - 기타,승용,여,40세,상해없음,보행자,남,61세,경상
2015102700100260,2015년 10월 27일 10시,화요일,대구광역시 동구 율하동,중상사고,0,1,0,0,차대사람 - 기타,안전운전불이행,습기,비,단일로 - 기타,승합,남,58세,상해없음,보행자,여,65세,중상
2015102700100261,2015년 10월 27일 10시,화요일,대구광역시 북구 검단동,경상사고,0,0,1,0,차대차 - 측면직각충돌,교차로운행방법위반,습기,비,단일로 - 기타,화물,남,38세,상해없음,승용,여,56세,경상
2015102700100293,2015년 10월 27일 11시,화요일,대구광역시 서구 비산동,경상사고,0,0,1,0,차대차 - 측면직각충돌,안전거리미확보,습기,흐림,단일로 - 기타,승합,남,55세,상해없음,승용,남,43세,경상
2015102700100294,2015년 10월 27일 11시,화요일,대구광역시 서구 상리동,중상사고,0,1,1,0,차대차 - 기타,안전운전불이행,건조,맑음,단일로 - 기타,승용,남,55세,상해없음,승용,여,50세,중상
2015102700100321,2015년 10월 27일 12시,화요일,대구광역시 중구 동산동,경상사고,0,0,1,1,차대차 - 측면직각충돌,중앙선침범,건조,맑음,단일로 - 기타,이륜,남,52세,부상신고,승용,남,50세,경상
2015102700100356,2015년 10월 27일 13시,화요일,대구광역시 남구 대명동,중상사고,0,1,0,0,차대사람 - 기타,안전운전불이행,건조,맑음,단일로 - 기타,승용,여,39세,상해없음,보행자,여,66세,중상
2015102700100357,2015년 10월 27일 13시,화요일,대구광역시 달성군 논공읍,경상사고,0,0,1,0,차대차 - 측면직각충돌,신호위반,건조,맑음,교차로 - 교차로안,승용,남,33세,상해없음,승용,남,42세,경상
2015102700100358,2015년 10월 27일 13시,화요일,대구광역시 서구 내당동,경상사고,0,0,1,0,차대차 - 측면직각충돌,안전거리미확보,건조,맑음,교차로 - 교차로부근,승용,남,39세,상해없음,승용,여,49세,경상
2015102700100359,2015년 10월 27일 13시,화요일,대구광역시 중구 동산동,경상사고,0,0,1,1,차대차 - 추돌 - 주정차중,안전운전불이행,건조,맑음,단일로 - 기타,승용,남,62세,상해없음,승용,남,36세,경상
2015102700100389,2015년 10월 27일 14시,화요일,대구광역시 달서구 송현동,경상사고,0,0,1,0,차대차 - 측면직각충돌,중앙선침범,건조,맑음,단일로 - 기타,승용,남,54세,상해없음,승용,남,58세,경상
2015102700100390,2015년 10월 27일 14시,화요일,대구광역시 달서구 감삼동,부상신고사고,0,0,0,1,차대차 - 기타,중앙선침범,건조,맑음,교차로 - 교차로부근,승용,남,73세,상해없음,원동기,남,19세,부상신고
2015102700100417,2015년 10월 27일 15시,화요일,대구광역시 수성구 상동,중상사고,0,1,0,0,차대사람 - 횡단중,안전운전불이행,건조,맑음,단일로 - 기타,승용,남,41세,상해없음,보행자,여,61세,중상
2015102700100418,2015년 10월 27일 15시,화요일,대구광역시 달서구 두류동,중상사고,0,1,0,0,차대차 - 측면직각충돌,안전운전불이행,건조,맑음,단일로 - 기타,승합,남,71세,상해없음,자전거,여,54세,중상
2015102700100464,2015년 10월 27일 16시,화요일,대구광역시 중구 대봉동,중상사고,0,1,0,0,차대차 - 추돌 - 진행중,안전운전불이행,건조,맑음,단일로 - 기타,승용,여,39세,상해없음,자전거,남,71세,중상
2015102700100503,2015년 10월 27일 17시,화요일,대구광역시 서구 비산동,경상사고,0,0,1,0,차대사람 - 횡단중,보행자보호의무위반,건조,맑음,교차로 - 교차로안,승용,남,34세,상해없음,보행자,여,9세,경상
2015102700100504,2015년 10월 27일 17시,화요일,대구광역시 중구 덕산동,경상사고,0,0,1,0,차대차 - 측면직각충돌,안전운전불이행,건조,맑음,단일로 - 기타,승용,남,62세,상해없음,승용,여,38세,경상
2015102700100505,2015년 10월 27일 17시,화요일,대구광역시 달서구 본동,경상사고,0,0,2,0,차대차 - 추돌 - 주정차중,안전운전불이행,건조,맑음,교차로 - 교차로부근,승용,남,46세,상해없음,승용,남,62세,경상
2015102700100555,2015년 10월 27일 18시,화요일,대구광역시 달서구 송현동,경상사고,0,0,2,0,차대차 - 추돌 - 주정차중,안전운전불이행,건조,맑음,교차로 - 교차로부근,승용,남,55세,상해없음,승용,남,38세,경상
2015102700100556,2015년 10월 27일 18시,화요일,대구광역시 달성군 가창면,사망사고,1,0,0,0,차대사람 - 횡단중,안전운전불이행,건조,맑음,교차로 - 교차로부근,승용,남,57세,상해없음,보행자,여,77세,사망
2015102700100586,2015년 10월 27일 19시,화요일,대구광역시 수성구 범어동,중상사고,0,1,0,0,차대차 - 추돌 - 주정차중,안전운전불이행,건조,맑음,단일로 - 기타,승용,남,43세,상해없음,승용,여,53세,중상
2015102700100588,2015년 10월 27일 19시,화요일,대구광역시 남구 봉덕동,경상사고,0,0,1,0,차대차 - 측면직각충돌,안전운전불이행,건조,맑음,교차로 - 교차로부근,승용,여,54세,상해없음,자전거,여,54세,경상
2015102700100589,2015년 10월 27일 19시,화요일,대구광역시 동구 동호동,경상사고,0,0,1,0,차대차 - 추돌 - 진행중,안전거리미확보,건조,맑음,단일로 - 기타,승용,남,51세,상해없음,승용,여,55세,경상
2015102700100590,2015년 10월 27일 19시,화요일,대구광역시 수성구 연호동,경상사고,0,0,1,0,차대차 - 추돌 - 주정차중,안전거리미확보,건조,흐림,단일로 - 기타,승용,여,25세,상해없음,승용,여,26세,경상
2015102700100591,2015년 10월 27일 19시,화요일,대구광역시 수성구 중동,중상사고,0,1,0,0,차대사람 - 횡단중,신호위반,건조,맑음,단일로 - 횡단보도상,승용,여,32세,상해없음,보행자,여,59세,중상
2015102700100592,2015년 10월 27일 19시,화요일,대구광역시 달서구 상인동,경상사고,0,0,1,0,차대차 - 추돌 - 주정차중,안전운전불이행,건조,맑음,교차로 - 교차로부근,승용,남,58세,상해없음,승용,남,34세,경상
2015102700100593,2015년 10월 27일 19시,화요일,대구광역시 달서구 성당동,경상사고,0,0,1,0,차대사람 - 길가장자리구역통행중,안전운전불이행,건조,맑음,단일로 - 기타,승용,남,68세,상해없음,보행자,여,15세,경상
2015102700100630,2015년 10월 27일 20시,화요일,대구광역시 수성구 범물동,중상사고,0,1,0,0,차대사람 - 횡단중,보행자보호의무위반,건조,맑음,교차로 - 교차로부근,승용,남,42세,상해없음,보행자,여,62세,중상
2015102700100631,2015년 10월 27일 20시,화요일,대구광역시 수성구 황금동,경상사고,0,0,1,0,차대차 - 측면직각충돌,안전운전불이행,건조,맑음,교차로 - 교차로안,승용,남,38세,상해없음,자전거,여,44세,경상
2015102700100659,2015년 10월 27일 21시,화요일,대구광역시 동구 율하동,경상사고,0,0,2,0,차대차 - 추돌 - 주정차중,안전운전불이행,건조,맑음,교차로 - 교차로부근,승용,남,42세,경상,승용,여,31세,경상
2015102700100699,2015년 10월 27일 22시,화요일,대구광역시 북구 칠성동1가,경상사고,0,0,1,0,차량단독 - 기타,안전운전불이행,건조,맑음,단일로 - 기타,승용,남,57세,상해없음,,,,
2015102800100018,2015년 10월 28일 00시,수요일,대구광역시 달서구 신당동,경상사고,0,0,3,0,차대차 - 추돌 - 주정차중,안전운전불이행,건조,맑음,교차로 - 교차로부근,승용,남,35세,상해없음,승용,남,48세,경상
2015102800100031,2015년 10월 28일 01시,수요일,대구광역시 수성구 수성동2가,경상사고,0,0,1,0,차대차 - 추돌 - 주정차중,안전거리미확보,건조,맑음,단일로 - 기타,승용,남,50세,상해없음,승용,남,58세,경상
2015102800100032,2015년 10월 28일 01시,수요일,대구광역시 북구 검단동,경상사고,0,0,1,0,차대차 - 정면충돌,중앙선침범,건조,맑음,단일로 - 기타,이륜,남,16세,상해없음,승합,남,42세,경상
2015102800100041,2015년 10월 28일 02시,수요일,대구광역시 북구 산격동,경상사고,0,0,1,0,차량단독 - 기타,안전운전불이행,건조,맑음,교차로 - 교차로부근,이륜,남,17세,경상,,,,
2015102800100042,2015년 10월 28일 02시,수요일,대구광역시 달서구 이곡동,경상사고,0,0,1,1,차대차 - 기타,교차로운행방법위반,건조,맑음,교차로 - 교차로안,승용,남,28세,부상신고,승용,남,55세,경상
2015102800100105,2015년 10월 28일 07시,수요일,대구광역시 달성군 화원읍,경상사고,0,0,4,0,차대차 - 추돌 - 진행중,안전운전불이행,건조,맑음,단일로 - 기타,승용,남,34세,상해없음,승용,남,50세,상해없음
2015102800100109,2015년 10월 28일 07시,수요일,대구광역시 달서구 대곡동,중상사고,0,1,0,0,차대사람 - 기타,기타,건조,맑음,단일로 - 기타,자전거,남,17세,상해없음,보행자,여,45세,중상
2015102800100110,2015년 10월 28일 07시,수요일,대구광역시 달서구 두류동,중상사고,0,1,0,0,차대사람 - 기타,안전운전불이행,건조,맑음,단일로 - 기타,승용,남,33세,상해없음,보행자,여,62세,중상
2015102800100111,2015년 10월 28일 07시,수요일,대구광역시 달서구 장동,경상사고,0,0,1,0,차대차 - 측면직각충돌,차로위반,건조,맑음,교차로 - 교차로안,승용,남,60세,상해없음,승용,남,28세,경상
2015102800100149,2015년 10월 28일 08시,수요일,대구광역시 남구 대명동,경상사고,0,0,1,0,차대차 - 측면직각충돌,중앙선침범,건조,맑음,교차로 - 교차로안,자전거,남,19세,경상,화물,남,51세,상해없음
2015102800100150,2015년 10월 28일 08시,수요일,대구광역시 서구 내당동,경상사고,0,0,1,0,차대차 - 측면직각충돌,차로위반,건조,맑음,단일로 - 기타,승용,남,30세,상해없음,승용,여,54세,상해없음
2015102800100189,2015년 10월 28일 09시,수요일,대구광역시 동구 검사동,경상사고,0,0,1,0,차량단독 - 기타,안전운전불이행,건조,맑음,단일로 - 기타,승합,남,41세,상해없음,,,,
2015102800100190,2015년 10월 28일 09시,수요일,대구광역시 수성구 만촌동,경상사고,0,0,4,0,차대차 - 측면직각충돌,안전거리미확보,건조,맑음,단일로 - 기타,승용,남,23세,상해없음,승합,남,44세,상해없음
2015102800100191,2015년 10월 28일 09시,수요일,대구광역시 북구 산격동,중상사고,0,1,0,0,차대차 - 기타,안전운전불이행,건조,맑음,단일로 - 기타,승용,여,49세,상해없음,자전거,여,28세,중상
2015102800100192,2015년 10월 28일 09시,수요일,대구광역시 북구 관음동,중상사고,0,1,0,0,차대사람 - 기타,안전운전불이행,건조,맑음,교차로 - 교차로안,승용,남,51세,상해없음,보행자,남,50세,중상
2015102800100217,2015년 10월 28일 10시,수요일,대구광역시 남구 대명동,경상사고,0,0,2,0,차대차 - 추돌 - 주정차중,안전거리미확보,건조,맑음,단일로 - 기타,승합,남,52세,상해없음,승용,여,42세,경상
2015102800100218,2015년 10월 28일 10시,수요일,대구광역시 달서구 본동,경상사고,0,0,3,0,차대차 - 기타,교차로운행방법위반,건조,맑음,교차로 - 교차로안,승용,여,35세,경상,화물,여,68세,경상
2015102800100250,2015년 10월 28일 11시,수요일,대구광역시 수성구 이천동,중상사고,0,1,0,0,차대차 - 측면직각충돌,안전거리미확보,건조,맑음,단일로 - 기타,이륜,남,20세,상해없음,화물,남,54세,상해없음
2015102800100251,2015년 10월 28일 11시,수요일,대구광역시 달서구 송현동,경상사고,0,0,1,0,차대사람 - 기타,기타,건조,맑음,단일로 - 기타,승합,남,61세,상해없음,보행자,남,46세,경상
2015102800100252,2015년 10월 28일 11시,수요일,대구광역시 달서구 상인동,경상사고,0,0,1,0,차대차 - 기타,안전운전불이행,건조,맑음,교차로 - 교차로안,승용,남,41세,상해없음,승용,남,60세,경상
2015102800100253,2015년 10월 28일 11시,수요일,대구광역시 달서구 월성동,중상사고,0,1,0,0,차대차 - 기타,안전운전불이행,건조,맑음,단일로 - 기타,승용,여,40세,상해없음,이륜,남,31세,중상
2015102800100254,2015년 10월 28일 11시,수요일,대구광역시 북구 동변동,경상사고,0,0,3,0,차대차 - 측면직각충돌,안전거리미확보,건조,맑음,단일로 - 기타,승용,여,70세,경상,승합,남,44세,상해없음
2015102800100291,2015년 10월 28일 12시,수요일,대구광역시 수성구 만촌동,중상사고,0,1,0,0,차대사람 - 횡단중,보행자보호의무위반,건조,맑음,단일로 - 횡단보도상,승용,남,73세,상해없음,보행자,남,16세,중상
2015102800100326,2015년 10월 28일 13시,수요일,대구광역시 북구 태전동,경상사고,0,0,2,0,차대사람 - 횡단중,신호위반,건조,맑음,단일로 - 횡단보도상,이륜,기타불명,기타불명,기타불명,보행자,여,17세,경상
2015102800100366,2015년 10월 28일 14시,수요일,대구광역시 수성구 만촌동,중상사고,0,2,0,1,차량단독 - 공작물충돌,안전운전불이행,건조,맑음,단일로 - 기타,승용,남,48세,부상신고,,,,
2015102800100367,2015년 10월 28일 14시,수요일,대구광역시 서구 비산동,중상사고,0,1,0,0,차대차 - 기타,차로위반,건조,맑음,교차로 - 교차로부근,승용,남,51세,상해없음,이륜,남,63세,중상
2015102800100411,2015년 10월 28일 15시,수요일,대구광역시 동구 방촌동,경상사고,0,0,1,0,차대차 - 측면직각충돌,안전운전불이행,건조,맑음,단일로 - 기타,승용,남,34세,상해없음,자전거,남,68세,경상
2015102800100412,2015년 10월 28일 15시,수요일,대구광역시 달서구 상인동,중상사고,0,1,0,0,차대사람 - 기타,보행자보호의무위반,건조,맑음,단일로 - 기타,승합,남,60세,상해없음,보행자,여,76세,중상
2015102800100413,2015년 10월 28일 15시,수요일,대구광역시 달성군 화원읍,경상사고,0,0,1,0,차대사람 - 횡단중,보행자보호의무위반,건조,맑음,교차로 - 교차로안,이륜,남,63세,상해없음,보행자,여,49세,경상
2015102800100414,2015년 10월 28일 15시,수요일,대구광역시 달성군 다사읍,경상사고,0,0,2,0,차대차 - 추돌 - 진행중,안전운전불이행,건조,맑음,단일로 - 기타,승용,여,35세,상해없음,승용,여,32세,경상
2015102800100415,2015년 10월 28일 15시,수요일,대구광역시 중구 남일동,경상사고,0,0,1,0,차대사람 - 횡단중,보행자보호의무위반,건조,맑음,단일로 - 기타,이륜,남,40세,상해없음,보행자,남,27세,경상
2015102800100448,2015년 10월 28일 16시,수요일,대구광역시 달서구 상인동,경상사고,0,0,1,0,차량단독 - 기타,안전운전불이행,건조,맑음,단일로 - 기타,승합,남,55세,상해없음,,,,
2015102800100449,2015년 10월 28일 16시,수요일,대구광역시 달성군 다사읍,중상사고,0,1,0,0,차대사람 - 기타,안전운전불이행,건조,맑음,교차로 - 교차로부근,승용,여,34세,상해없음,보행자,남,27세,중상
2015102800100450,2015년 10월 28일 16시,수요일,대구광역시 북구 태전동,경상사고,0,0,1,0,차대차 - 측면직각충돌,안전운전불이행,건조,맑음,교차로 - 교차로부근,승용,여,40세,상해없음,이륜,남,17세,경상
2015102800100491,2015년 10월 28일 17시,수요일,대구광역시 달서구 성당동,경상사고,0,0,1,0,차대사람 - 보도통행중,안전운전불이행,건조,맑음,교차로 - 교차로안,승용,여,38세,상해없음,보행자,여,55세,경상
2015102800100492,2015년 10월 28일 17시,수요일,대구광역시 달서구 장동,중상사고,0,1,0,0,차대사람 - 기타,안전운전불이행,건조,맑음,기타 - 기타,건설기계,남,52세,상해없음,보행자,남,59세,중상
2015102800100559,2015년 10월 28일 18시,수요일,대구광역시 남구 봉덕동,중상사고,0,1,0,0,차대차 - 기타,안전운전불이행,건조,맑음,단일로 - 기타,이륜,여,54세,중상,승용,여,43세,상해없음
2015102800100560,2015년 10월 28일 18시,수요일,대구광역시 남구 대명동,경상사고,0,0,2,0,차대차 - 측면직각충돌,신호위반,건조,맑음,교차로 - 교차로안,승용,남,27세,경상,이륜,남,16세,경상
2015102800100561,2015년 10월 28일 18시,수요일,대구광역시 동구 지저동,중상사고,0,1,0,0,차대차 - 기타,안전운전불이행,건조,맑음,단일로 - 기타,승용,남,72세,상해없음,자전거,남,14세,중상
2015102800100562,2015년 10월 28일 18시,수요일,대구광역시 수성구 신매동,경상사고,0,0,1,0,차대사람 - 횡단중,보행자보호의무위반,건조,맑음,교차로 - 교차로부근,이륜,남,55세,상해없음,보행자,여,18세,경상
2015102800100563,2015년 10월 28일 18시,수요일,대구광역시 수성구 욱수동,경상사고,0,0,1,0,차대차 - 측면직각충돌,교차로운행방법위반,건조,맑음,교차로 - 교차로안,승용,여,48세,상해없음,승용,남,61세,경상
2015102800100564,2015년 10월 28일 18시,수요일,대구광역시 달서구 월암동,경상사고,0,0,1,0,차대차 - 측면직각충돌,교차로운행방법위반,건조,맑음,교차로 - 교차로안,승용,남,50세,상해없음,승용,여,49세,경상
2015102800100565,2015년 10월 28일 18시,수요일,대구광역시 달서구 상인동,경상사고,0,0,1,0,차대차 - 측면직각충돌,안전운전불이행,건조,맑음,교차로 - 교차로안,승용,기타불명,기타불명,기타불명,자전거,남,13세,경상
2015102800100566,2015년 10월 28일 18시,수요일,대구광역시 북구 산격동,경상사고,0,0,2,0,차대차 - 추돌 - 진행중,안전거리미확보,건조,맑음,교차로 - 교차로부근,승용,남,40세,상해없음,승용,남,25세,경상
2015102800100567,2015년 10월 28일 18시,수요일,대구광역시 북구 침산동,경상사고,0,0,3,0,차대차 - 추돌 - 진행중,안전운전불이행,건조,맑음,단일로 - 기타,승용,여,55세,상해없음,화물,남,50세,경상
2015102800100568,2015년 10월 28일 18시,수요일,대구광역시 서구 내당동,경상사고,0,0,1,0,차대차 - 측면직각충돌,기타,건조,맑음,단일로 - 기타,승용,남,52세,상해없음,자전거,남,14세,경상
2015102800100626,2015년 10월 28일 19시,수요일,대구광역시 수성구 지산동,중상사고,0,1,0,0,차대차 - 측면직각충돌,신호위반,건조,맑음,단일로 - 기타,승용,여,50세,상해없음,승용,여,52세,중상
2015102800100627,2015년 10월 28일 19시,수요일,대구광역시 수성구 황금동,경상사고,0,0,1,1,차대차 - 추돌 - 진행중,안전거리미확보,건조,맑음,단일로 - 기타,승용,남,59세,상해없음,승용,남,25세,경상
2015102800100652,2015년 10월 28일 20시,수요일,대구광역시 남구 대명동,경상사고,0,0,1,0,차대차 - 기타,교차로운행방법위반,건조,맑음,단일로 - 기타,원동기,여,56세,경상,승용,여,46세,상해없음
2015102800100653,2015년 10월 28일 20시,수요일,대구광역시 북구 관음동,경상사고,0,0,2,0,차대차 - 추돌 - 진행중,안전운전불이행,건조,맑음,단일로 - 기타,승용,남,21세,상해없음,승용,남,31세,경상
2015102800100692,2015년 10월 28일 21시,수요일,대구광역시 남구 봉덕동,경상사고,0,0,2,0,차대차 - 측면직각충돌,안전운전불이행,건조,맑음,단일로 - 기타,승용,남,40세,상해없음,원동기,남,46세,경상
2015102800100693,2015년 10월 28일 21시,수요일,대구광역시 달서구 이곡동,부상신고사고,0,0,0,1,차대차 - 기타,안전거리미확보,건조,맑음,단일로 - 기타,이륜,남,33세,부상신고,승용,여,53세,상해없음
2015102800100729,2015년 10월 28일 22시,수요일,대구광역시 중구 태평로1가,경상사고,0,0,1,0,차대차 - 추돌 - 주정차중,안전거리미확보,건조,맑음,단일로 - 기타,승용,남,63세,상해없음,승용,남,48세,경상
2015102900100017,2015년 10월 29일 00시,목요일,대구광역시 수성구 황금동,경상사고,0,0,1,0,차대차 - 측면직각충돌,안전운전불이행,건조,맑음,단일로 - 횡단보도상,자전거,남,19세,경상,승용,남,58세,상해없음
2015102900100018,2015년 10월 29일 00시,목요일,대구광역시 수성구 신매동,경상사고,0,0,1,0,차대차 - 측면직각충돌,안전운전불이행,건조,맑음,교차로 - 교차로부근,화물,남,71세,상해없음,승용,남,52세,경상
2015102900100019,2015년 10월 29일 00시,목요일,대구광역시 달서구 상인동,경상사고,0,0,1,0,차대차 - 기타,교차로운행방법위반,건조,맑음,교차로 - 교차로안,승용,남,60세,상해없음,승용,여,46세,상해없음
2015102900100034,2015년 10월 29일 02시,목요일,대구광역시 수성구 범어동,경상사고,0,0,1,0,차대사람 - 횡단중,안전운전불이행,건조,맑음,교차로 - 교차로부근,승용,남,69세,상해없음,보행자,남,25세,경상
2015102900100035,2015년 10월 29일 02시,목요일,대구광역시 달서구 상인동,중상사고,0,1,0,0,차대사람 - 기타,안전운전불이행,건조,맑음,단일로 - 기타,승용,여,36세,상해없음,보행자,남,45세,중상
2015102900100043,2015년 10월 29일 03시,목요일,대구광역시 북구 동호동,중상사고,0,1,0,0,차대차 - 추돌 - 진행중,안전운전불이행,건조,맑음,단일로 - 기타,화물,여,54세,상해없음,승용,여,51세,중상
2015102900100066,2015년 10월 29일 06시,목요일,대구광역시 남구 대명동,경상사고,0,0,1,0,차대차 - 기타,신호위반,건조,맑음,단일로 - 기타,승용,남,24세,상해없음,원동기,남,54세,경상
2015102900100086,2015년 10월 29일 07시,목요일,대구광역시 북구 노원동2가,중상사고,0,1,0,0,차대차 - 기타,교차로운행방법위반,건조,맑음,교차로 - 교차로안,화물,남,53세,상해없음,이륜,남,29세,중상
2015102900100123,2015년 10월 29일 08시,목요일,대구광역시 동구 신암동,중상사고,0,1,0,0,차대차 - 기타,안전운전불이행,건조,맑음,단일로 - 기타,원동기,남,25세,상해없음,원동기,남,56세,중상
2015102900100124,2015년 10월 29일 08시,목요일,대구광역시 수성구 만촌동,경상사고,0,0,1,0,차대사람 - 기타,안전운전불이행,건조,맑음,단일로 - 기타,승용,여,39세,상해없음,보행자,남,14세,경상
2015102900100155,2015년 10월 29일 09시,목요일,대구광역시 수성구 연호동,경상사고,0,0,1,0,차대차 - 측면직각충돌,교차로운행방법위반,건조,맑음,교차로 - 교차로안,화물,남,47세,상해없음,승용,남,61세,경상
2015102900100156,2015년 10월 29일 09시,목요일,대구광역시 달성군 다사읍,경상사고,0,0,1,0,차대차 - 추돌 - 주정차중,안전거리미확보,건조,맑음,단일로 - 기타,승용,남,56세,상해없음,승용,남,55세,상해없음
2015102900100157,2015년 10월 29일 09시,목요일,대구광역시 서구 내당동,경상사고,0,0,2,0,차대차 - 측면직각충돌,교차로운행방법위반,건조,맑음,교차로 - 교차로부근,승합,남,47세,상해없음,승용,남,68세,경상
2015102900100158,2015년 10월 29일 09시,목요일,대구광역시 북구 태전동,경상사고,0,0,1,0,차대차 - 측면직각충돌,교차로운행방법위반,건조,맑음,교차로 - 교차로부근,자전거,남,78세,경상,승용,남,43세,상해없음
2015102900100198,2015년 10월 29일 10시,목요일,대구광역시 남구 대명동,경상사고,0,0,1,0,차대차 - 기타,교차로운행방법위반,건조,맑음,교차로 - 교차로안,승용,남,62세,상해없음,이륜,남,60세,경상
2015102900100199,2015년 10월 29일 10시,목요일,대구광역시 동구 방촌동,중상사고,0,1,0,0,차대차 - 기타,안전운전불이행,건조,맑음,단일로 - 기타,화물,남,47세,상해없음,자전거,남,74세,중상
2015102900100200,2015년 10월 29일 10시,목요일,대구광역시 서구 내당동,경상사고,0,0,1,0,차대차 - 기타,안전운전불이행,건조,맑음,교차로 - 교차로안,원동기,남,49세,경상,승용,여,32세,상해없음
2015102900100231,2015년 10월 29일 11시,목요일,대구광역시 달서구 갈산동,중상사고,0,2,1,0,차대차 - 기타,안전운전불이행,건조,맑음,교차로 - 교차로안,승용,남,64세,상해없음,화물,남,30세,중상
2015102900100263,2015년 10월 29일 12시,목요일,대구광역시 동구 신천동,경상사고,0,0,1,0,차대차 - 추돌 - 진행중,안전거리미확보,건조,맑음,단일로 - 기타,승용,남,39세,상해없음,이륜,남,34세,경상
2015102900100302,2015년 10월 29일 13시,목요일,대구광역시 달서구 본동,경상사고,0,0,1,0,차대차 - 측면직각충돌,신호위반,건조,맑음,교차로 - 교차로안,승합,여,46세,상해없음,승용,여,46세,경상
2015102900100303,2015년 10월 29일 13시,목요일,대구광역시 서구 평리동,부상신고사고,0,0,0,1,차대차 - 측면직각충돌,안전거리미확보,건조,맑음,단일로 - 기타,이륜,남,46세,부상신고,화물,남,62세,상해없음
2015102900100304,2015년 10월 29일 13시,목요일,대구광역시 서구 평리동,중상사고,0,1,0,0,차대차 - 측면직각충돌,안전운전불이행,건조,맑음,교차로 - 교차로안,승용,남,35세,상해없음,승용,여,38세,중상
2015102900100327,2015년 10월 29일 14시,목요일,대구광역시 남구 봉덕동,중상사고,0,1,0,0,차대차 - 기타,교차로운행방법위반,건조,맑음,교차로 - 교차로안,승용,남,54세,상해없음,이륜,남,55세,중상
2015102900100328,2015년 10월 29일 14시,목요일,대구광역시 동구 미대동,경상사고,0,0,1,0,차대차 - 기타,안전운전불이행,건조,맑음,단일로 - 터널,승용,남,75세,상해없음,자전거,남,39세,경상
2015102900100329,2015년 10월 29일 14시,목요일,대구광역시 북구 칠성동2가,중상사고,0,3,10,1,차대차 - 추돌 - 주정차중,안전거리미확보,건조,맑음,단일로 - 기타,화물,남,47세,상해없음,화물,남,49세,상해없음
2015102900100364,2015년 10월 29일 15시,목요일,대구광역시 동구 신암동,경상사고,0,0,1,0,차대사람 - 기타,기타,건조,맑음,단일로 - 기타,이륜,남,36세,상해없음,보행자,남,8세,경상
2015102900100365,2015년 10월 29일 15시,목요일,대구광역시 북구 태전동,경상사고,0,0,1,0,차대차 - 추돌 - 진행중,안전운전불이행,건조,맑음,교차로 - 교차로부근,승용,여,55세,상해없음,화물,남,39세,경상
2015102900100413,2015년 10월 29일 16시,목요일,대구광역시 동구 신천동,중상사고,0,1,0,0,차대차 - 측면직각충돌,안전운전불이행,건조,맑음,단일로 - 기타,승용,남,60세,상해없음,이륜,남,50세,중상
2015102900100452,2015년 10월 29일 17시,목요일,대구광역시 북구 칠성동2가,경상사고,0,0,1,0,차대차 - 측면직각충돌,신호위반,건조,맑음,교차로 - 교차로부근,자전거,남,19세,경상,승용,여,47세,상해없음
2015102900100453,2015년 10월 29일 17시,목요일,대구광역시 중구 태평로1가,부상신고사고,0,0,0,1,차대차 - 측면직각충돌,불법유턴,건조,맑음,단일로 - 횡단보도상,자전거,남,56세,부상신고,승용,남,72세,상해없음