사고번호,사고일시,요일,시군구,사고내용,사망자수,중상자수,경상자수,부상신고자수,사고유형,법규위반,노면상태,기상상태,도로형태,가해운전자 차종,가해운전자 성별,가해운전자 연령,가해운전자 상해정도,피해운전자 차종,피해운전자 성별,피해운전자 연령,피해운전자 상해정도
2015110100100100,2015년 11월 1일 04시,일요일,대구광역시 중구 삼덕동1가,중상사고,0,1,0,0,차대사람 - 기타,안전운전불이행,건조,맑음,단일로 - 기타,승용,여,23세,상해없음,보행자,여,24세,중상
2015110100100101,2015년 11월 1일 04시,일요일,대구광역시 달서구 감삼동,경상사고,0,0,2,0,차대차 - 추돌 - 진행중,안전거리미확보,건조,맑음,단일로 - 기타,승용,남,39세,상해없음,승용,남,53세,경상
2015110100100124,2015년 11월 1일 06시,일요일,대구광역시 남구 대명동,부상신고사고,0,0,0,1,차대사람 - 기타,안전운전불이행,건조,맑음,교차로 - 교차로안,기타불명,기타불명,기타불명,기타불명,보행자,남,24세,부상신고
2015110100100125,2015년 11월 1일 06시,일요일,대구광역시 달서구 본리동,중상사고,0,2,0,0,차대차 - 기타,신호위반,건조,흐림,교차로 - 교차로안,승용,남,28세,상해없음,승용,남,35세,중상
2015110100100154,2015년 11월 1일 08시,일요일,대구광역시 중구 남산동,경상사고,0,0,1,0,차대차 - 추돌 - 주정차중,안전운전불이행,건조,맑음,단일로 - 횡단보도상,승용,남,19세,상해없음,화물,남,69세,경상
2015110100100171,2015년 11월 1일 09시,일요일,대구광역시 달서구 본동,부상신고사고,0,0,0,1,차대사람 - 기타,안전운전불이행,건조,맑음,단일로 - 기타,기타불명,기타불명,기타불명,기타불명,보행자,남,23세,부상신고
2015110100100220,2015년 11월 1일 11시,일요일,대구광역시 북구 산격동,중상사고,0,1,1,0,차대차 - 측면직각충돌,신호위반,건조,맑음,교차로 - 교차로안,이륜,남,14세,중상,승용,남,65세,상해없음
2015110100100221,2015년 11월 1일 11시,일요일,대구광역시 중구 남성로,경상사고,0,0,1,0,차대차 - 측면직각충돌,직진우회전진행방해,건조,흐림,교차로 - 교차로안,화물,남,71세,상해없음,이륜,남,73세,경상
2015110100100222,2015년 11월 1일 11시,일요일,대구광역시 중구 대봉동,경상사고,0,0,1,0,차대차 - 측면직각충돌,교차로운행방법위반,건조,맑음,교차로 - 교차로안,승용,여,43세,상해없음,승용,여,43세,경상
2015110100100288,2015년 11월 1일 14시,일요일,대구광역시 동구 신천동,중상사고,0,1,0,0,차대차 - 추돌 - 주정차중,교차로운행방법위반,건조,맑음,교차로 - 교차로안,승용,남,75세,상해없음,이륜,남,49세,중상
2015110100100289,2015년 11월 1일 14시,일요일,대구광역시 달서구 도원동,경상사고,0,0,1,0,차대사람 - 길가장자리구역통행중,안전운전불이행,건조,맑음,교차로 - 교차로부근,승용,남,45세,기타불명,보행자,여,55세,경상
2015110100100290,2015년 11월 1일 14시,일요일,대구광역시 서구 내당동,중상사고,0,1,0,0,차대차 - 기타,신호위반,건조,맑음,단일로 - 횡단보도상,승용,여,57세,상해없음,자전거,남,70세,중상
2015110100100343,2015년 11월 1일 16시,일요일,대구광역시 남구 대명동,경상사고,0,0,1,0,차대사람 - 기타,안전운전불이행,건조,맑음,단일로 - 기타,승용,남,42세,상해없음,보행자,여,78세,경상
2015110100100344,2015년 11월 1일 16시,일요일,대구광역시 수성구 범어동,중상사고,0,1,0,0,차대차 - 측면직각충돌,안전운전불이행,건조,맑음,교차로 - 교차로부근,승용,여,66세,상해없음,승용,여,45세,중상
2015110100100345,2015년 11월 1일 16시,일요일,대구광역시 달서구 상인동,중상사고,0,1,0,0,차대차 - 측면직각충돌,교차로운행방법위반,건조,맑음,교차로 - 교차로안,승용,남,47세,상해없음,이륜,남,53세,중상
2015110100100377,2015년 11월 1일 17시,일요일,대구광역시 북구 침산동,중상사고,0,1,1,0,차대차 - 추돌 - 주정차중,안전운전불이행,건조,맑음,교차로 - 교차로부근,승용,남,54세,상해없음,승용,여,45세,중상
2015110100100423,2015년 11월 1일 18시,일요일,대구광역시 남구 대명동,경상사고,0,0,1,0,차대차 - 추돌 - 진행중,안전운전불이행,건조,맑음,단일로 - 기타,승용,여,51세,상해없음,승용,여,55세,경상
2015110100100424,2015년 11월 1일 18시,일요일,대구광역시 달서구 월성동,중상사고,0,1,0,0,차대사람 - 보도통행중,기타,건조,맑음,교차로 - 교차로안,승용,여,66세,상해없음,보행자,남,61세,중상
2015110100100460,2015년 11월 1일 19시,일요일,대구광역시 달서구 상인동,중상사고,0,1,0,0,차대차 - 기타,안전거리미확보,건조,맑음,단일로 - 기타,승용,여,27세,상해없음,이륜,남,16세,중상
2015110100100483,2015년 11월 1일 20시,일요일,대구광역시 서구 비산동,경상사고,0,0,1,0,차대차 - 추돌 - 주정차중,안전운전불이행,건조,맑음,단일로 - 터널,승용,남,49세,상해없음,승용,남,64세,상해없음
2015110100100510,2015년 11월 1일 21시,일요일,대구광역시 동구 방촌동,경상사고,0,0,1,0,차대사람 - 기타,안전운전불이행,건조,맑음,단일로 - 횡단보도상,승용,기타불명,기타불명,기타불명,보행자,남,69세,경상
2015110100100511,2015년 11월 1일 21시,일요일,대구광역시 달서구 월성동,경상사고,0,0,2,0,차대차 - 기타,안전운전불이행,건조,맑음,교차로 - 교차로부근,승용,남,31세,경상,승용,남,23세,경상
2015110100100513,2015년 11월 1일 21시,일요일,대구광역시 북구 고성동3가,경상사고,0,0,4,0,차대차 - 추돌 - 진행중,차로위반,건조,흐림,단일로 - 기타,승용,남,29세,상해없음,승용,남,19세,경상
2015110100100514,2015년 11월 1일 21시,일요일,대구광역시 북구 서변동,경상사고,0,0,1,0,차대차 - 측면직각충돌,안전거리미확보,건조,맑음,단일로 - 기타,승합,남,64세,기타불명,승용,남,66세,상해없음
2015110100100540,2015년 11월 1일 22시,일요일,대구광역시 달서구 감삼동,중상사고,0,1,0,0,차대사람 - 횡단중,과속,습기,비,단일로 - 기타,승용,남,21세,상해없음,보행자,남,62세,중상
2015110100100555,2015년 11월 1일 23시,일요일,대구광역시 동구 방촌동,경상사고,0,0,2,1,차대차 - 측면직각충돌,중앙선침범,습기,비,단일로 - 기타,승용,남,22세,부상신고,승용,남,55세,경상
2015110100100556,2015년 11월 1일 23시,일요일,대구광역시 서구 평리동,경상사고,0,0,1,0,차대차 - 기타,교차로운행방법위반,습기,비,교차로 - 교차로안,이륜,남,16세,경상,승합,남,43세,상해없음
2015110200100019,2015년 11월 2일 02시,월요일,대구광역시 남구 대명동,경상사고,0,0,2,0,차대차 - 추돌 - 주정차중,안전운전불이행,건조,맑음,교차로 - 교차로부근,승용,남,24세,상해없음,승용,남,41세,경상
2015110200100027,2015년 11월 2일 03시,월요일,대구광역시 서구 상리동,경상사고,0,0,1,0,차대사람 - 기타,안전운전불이행,건조,맑음,단일로 - 기타,화물,남,48세,상해없음,보행자,남,38세,경상
2015110200100048,2015년 11월 2일 05시,월요일,대구광역시 동구 신암동,부상신고사고,0,0,0,1,차대사람 - 횡단중,보행자보호의무위반,건조,맑음,교차로 - 교차로안,승용,남,65세,상해없음,보행자,남,39세,부상신고
2015110200100049,2015년 11월 2일 05시,월요일,대구광역시 동구 신천동,중상사고,0,2,0,0,차대차 - 추돌 - 주정차중,안전운전불이행,건조,맑음,단일로 - 기타,승용,남,25세,상해없음,승용,남,66세,중상
2015110200100050,2015년 11월 2일 05시,월요일,대구광역시 북구 노원동3가,부상신고사고,0,0,0,1,차대차 - 기타,안전운전불이행,건조,맑음,단일로 - 기타,자전거,남,21세,부상신고,원동기,남,39세,상해없음
2015110200100073,2015년 11월 2일 06시,월요일,대구광역시 달서구 월성동,중상사고,0,1,0,0,차대차 - 측면직각충돌,교차로운행방법위반,건조,맑음,교차로 - 교차로안,승용,여,48세,상해없음,자전거,남,52세,중상
2015110200100095,2015년 11월 2일 07시,월요일,대구광역시 북구 복현동,부상신고사고,0,0,0,1,차대사람 - 기타,안전운전불이행,건조,맑음,교차로 - 교차로안,승용,여,38세,상해없음,보행자,남,60세,부상신고
2015110200100096,2015년 11월 2일 07시,월요일,대구광역시 달서구 이곡동,부상신고사고,0,0,0,1,차대차 - 기타,안전거리미확보,건조,맑음,단일로 - 기타,이륜,남,72세,부상신고,승용,남,32세,상해없음
2015110200100132,2015년 11월 2일 08시,월요일,대구광역시 수성구 만촌동,경상사고,0,0,1,0,차대차 - 측면직각충돌,직진우회전진행방해,건조,맑음,단일로 - 기타,승용,남,65세,상해없음,승용,남,31세,경상
2015110200100169,2015년 11월 2일 09시,월요일,대구광역시 수성구 수성동2가,중상사고,0,1,0,0,차대사람 - 횡단중,안전운전불이행,건조,맑음,단일로 - 기타,승용,여,43세,상해없음,보행자,여,56세,중상
2015110200100170,2015년 11월 2일 09시,월요일,대구광역시 수성구 지산동,경상사고,0,0,1,0,차대차 - 기타,안전거리미확보,건조,맑음,단일로 - 기타,승용,남,54세,상해없음,이륜,남,22세,경상
2015110200100171,2015년 11월 2일 09시,월요일,대구광역시 서구 평리동,중상사고,0,1,0,0,차대차 - 측면직각충돌,안전운전불이행,건조,맑음,교차로 - 교차로안,승용,여,42세,상해없음,승용,남,29세,중상
2015110200100205,2015년 11월 2일 10시,월요일,대구광역시 수성구 황금동,경상사고,0,0,1,0,차량단독 - 기타,안전운전불이행,건조,맑음,교차로 - 교차로안,승용,남,63세,상해없음,,,,
2015110200100290,2015년 11월 2일 13시,월요일,대구광역시 달서구 본동,경상사고,0,0,1,0,차대차 - 기타,안전운전불이행,건조,맑음,단일로 - 기타,자전거,남,72세,경상,승합,남,59세,상해없음
2015110200100292,2015년 11월 2일 13시,월요일,대구광역시 북구 동천동,중상사고,0,1,0,0,차대차 - 측면직각충돌,안전운전불이행,건조,맑음,교차로 - 교차로부근,승용,여,38세,상해없음,자전거,여,42세,중상
2015110200100320,2015년 11월 2일 14시,월요일,대구광역시 수성구 상동,중상사고,0,1,1,0,차대차 - 측면직각충돌,신호위반,건조,맑음,교차로 - 교차로안,승용,남,32세,상해없음,승용,남,61세,경상
2015110200100362,2015년 11월 2일 15시,월요일,대구광역시 북구 노원동3가,중상사고,0,1,0,0,차대차 - 측면직각충돌,불법유턴,건조,맑음,단일로 - 기타,승용,여,44세,상해없음,이륜,여,49세,중상
2015110200100391,2015년 11월 2일 16시,월요일,대구광역시 수성구 범어동,중상사고,0,1,0,0,차대차 - 측면직각충돌,차로위반,건조,맑음,단일로 - 기타,승용,여,52세,상해없음,원동기,남,46세,중상
2015110200100392,2015년 11월 2일 16시,월요일,대구광역시 달서구 월성동,경상사고,0,0,1,0,차량단독 - 기타,안전운전불이행,건조,맑음,단일로 - 기타,승합,남,55세,상해없음,,,,
2015110200100393,2015년 11월 2일 16시,월요일,대구광역시 달성군 화원읍,경상사고,0,0,1,0,차대차 - 측면직각충돌,안전운전불이행,건조,맑음,단일로 - 기타,기타불명,기타불명,기타불명,기타불명,자전거,남,54세,경상
2015110200100433,2015년 11월 2일 17시,월요일,대구광역시 수성구 상동,중상사고,0,1,0,0,차대사람 - 횡단중,안전운전불이행,건조,맑음,단일로 - 기타,승용,여,45세,상해없음,보행자,여,71세,중상
2015110200100435,2015년 11월 2일 17시,월요일,대구광역시 북구 침산동,경상사고,0,0,2,0,차대차 - 추돌 - 진행중,안전거리미확보,건조,맑음,단일로 - 교량,화물,남,48세,상해없음,승용,남,27세,상해없음
2015110200100504,2015년 11월 2일 18시,월요일,대구광역시 동구 신기동,중상사고,0,1,0,0,차대사람 - 차도통행중,안전운전불이행,건조,맑음,교차로 - 교차로안,화물,남,48세,상해없음,보행자,여,72세,중상
2015110200100505,2015년 11월 2일 18시,월요일,대구광역시 동구 신천동,경상사고,0,0,1,0,차대차 - 측면직각충돌,신호위반,건조,맑음,교차로 - 교차로안,승용,여,35세,상해없음,승용,남,56세,경상
2015110200100506,2015년 11월 2일 18시,월요일,대구광역시 달성군 현풍면,경상사고,0,0,1,0,차대차 - 측면직각충돌,안전운전불이행,건조,맑음,교차로 - 교차로부근,승용,여,57세,상해없음,자전거,남,20세,경상
2015110200100507,2015년 11월 2일 18시,월요일,대구광역시 달성군 논공읍,중상사고,0,1,0,0,차대사람 - 횡단중,안전운전불이행,건조,맑음,교차로 - 교차로안,승용,남,24세,상해없음,보행자,여,59세,중상
2015110200100508,2015년 11월 2일 18시,월요일,대구광역시 서구 원대동3가,부상신고사고,0,0,0,1,차대사람 - 기타,안전운전불이행,건조,맑음,단일로 - 기타,승용,여,54세,상해없음,보행자,남,15세,부상신고
2015110200100561,2015년 11월 2일 19시,월요일,대구광역시 남구 대명동,경상사고,0,0,1,1,차대차 - 측면직각충돌,신호위반,건조,맑음,단일로 - 횡단보도부근,자전거,남,14세,부상신고,이륜,남,38세,경상
2015110200100562,2015년 11월 2일 19시,월요일,대구광역시 남구 봉덕동,경상사고,0,0,3,0,차대차 - 추돌 - 주정차중,안전운전불이행,건조,흐림,교차로 - 교차로부근,승용,남,51세,상해없음,승용,남,52세,경상
2015110200100563,2015년 11월 2일 19시,월요일,대구광역시 수성구 상동,중상사고,0,1,0,0,차대사람 - 횡단중,안전운전불이행,건조,맑음,단일로 - 기타,승용,남,46세,상해없음,보행자,여,13세,중상
2015110200100564,2015년 11월 2일 19시,월요일,대구광역시 달성군 가창면,경상사고,0,0,1,0,차대차 - 측면직각충돌,안전운전불이행,건조,맑음,교차로 - 교차로안,승용,여,45세,상해없음,원동기,남,49세,경상
2015110200100565,2015년 11월 2일 19시,월요일,대구광역시 서구 평리동,부상신고사고,0,0,0,1,차대사람 - 길가장자리구역통행중,안전운전불이행,건조,맑음,교차로 - 교차로부근,자전거,남,50세,상해없음,보행자,남,43세,부상신고
2015110200100566,2015년 11월 2일 19시,월요일,대구광역시 북구 학정동,경상사고,0,0,2,0,차대차 - 측면직각충돌,교차로운행방법위반,건조,맑음,교차로 - 교차로안,이륜,남,52세,경상,승용,여,35세,경상
2015110200100567,2015년 11월 2일 19시,월요일,대구광역시 북구 매천동,경상사고,0,0,1,0,차대차 - 측면직각충돌,안전운전불이행,건조,맑음,단일로 - 기타,승용,남,27세,상해없음,승용,여,48세,경상
2015110200100601,2015년 11월 2일 20시,월요일,대구광역시 남구 대명동,경상사고,0,0,1,0,차대사람 - 기타,보행자보호의무위반,건조,맑음,단일로 - 횡단보도상,승용,남,61세,상해없음,보행자,여,24세,경상
2015110200100602,2015년 11월 2일 20시,월요일,대구광역시 중구 동인동1가,경상사고,0,0,2,1,차대차 - 측면직각충돌,신호위반,건조,맑음,교차로 - 교차로안,승용,남,27세,부상신고,승용,여,30세,경상
2015110200100603,2015년 11월 2일 20시,월요일,대구광역시 중구 삼덕동2가,경상사고,0,0,1,0,차대차 - 추돌 - 진행중,안전거리미확보,건조,맑음,단일로 - 기타,승용,남,66세,상해없음,승용,남,31세,상해없음
2015110200100604,2015년 11월 2일 20시,월요일,대구광역시 중구 대봉동,경상사고,0,0,1,0,차대차 - 추돌 - 주정차중,안전운전불이행,건조,맑음,단일로 - 기타,승용,남,47세,상해없음,승용,여,39세,경상
2015110200100605,2015년 11월 2일 20시,월요일,대구광역시 달서구 성당동,경상사고,0,0,2,0,차대사람 - 횡단중,안전운전불이행,건조,맑음,단일로 - 기타,이륜,남,53세,경상,보행자,여,48세,경상
2015110200100635,2015년 11월 2일 21시,월요일,대구광역시 수성구 범어동,중상사고,0,1,0,0,차대차 - 측면직각충돌,안전운전불이행,건조,맑음,교차로 - 교차로안,이륜,남,60세,중상,승용,남,33세,상해없음
2015110200100636,2015년 11월 2일 21시,월요일,대구광역시 북구 고성동2가,경상사고,0,0,1,1,차대차 - 기타,안전운전불이행,건조,맑음,단일로 - 기타,승용,남,51세,상해없음,승용,남,66세,상해없음
2015110200100637,2015년 11월 2일 21시,월요일,대구광역시 서구 내당동,중상사고,0,1,0,0,차대사람 - 기타,안전운전불이행,건조,맑음,단일로 - 기타,승합,남,38세,상해없음,보행자,남,1세,중상
2015110200100671,2015년 11월 2일 22시,월요일,대구광역시 수성구 범어동,중상사고,0,1,0,0,차대사람 - 차도통행중,안전운전불이행,건조,맑음,단일로 - 횡단보도부근,승용,남,53세,상해없음,보행자,남,48세,중상
2015110200100692,2015년 11월 2일 23시,월요일,대구광역시 남구 봉덕동,중상사고,0,2,0,0,차대차 - 기타,안전거리미확보,건조,맑음,단일로 - 기타,승용,남,37세,상해없음,승용,남,32세,상해없음
2015110200100693,2015년 11월 2일 23시,월요일,대구광역시 남구 봉덕동,경상사고,0,0,1,0,차대차 - 측면직각충돌,중앙선침범,건조,맑음,단일로 - 기타,승용,남,23세,상해없음,승용,여,49세,경상
2015110200100694,2015년 11월 2일 23시,월요일,대구광역시 북구 태전동,중상사고,0,1,1,0,차대차 - 추돌 - 진행중,안전운전불이행,건조,맑음,교차로 - 교차로안,이륜,남,17세,상해없음,승용,남,28세,상해없음
2015110300100020,2015년 11월 3일 00시,화요일,대구광역시 남구 이천동,중상사고,0,1,0,0,차대차 - 기타,안전운전불이행,건조,맑음,교차로 - 교차로안,기타불명,기타불명,기타불명,기타불명,승용,남,44세,중상
2015110300100055,2015년 11월 3일 04시,화요일,대구광역시 달성군 가창면,경상사고,0,0,1,0,차량단독 - 공작물충돌,안전운전불이행,건조,맑음,교차로 - 교차로부근,승용,남,52세,경상,,,,
2015110300100080,2015년 11월 3일 06시,화요일,대구광역시 수성구 두산동,중상사고,0,1,0,0,차대차 - 추돌 - 진행중,안전운전불이행,건조,맑음,단일로 - 기타,화물,남,67세,상해없음,이륜,남,55세,중상
2015110300100106,2015년 11월 3일 07시,화요일,대구광역시 달서구 용산동,중상사고,0,1,0,0,차대사람 - 횡단중,안전운전불이행,건조,맑음,단일로 - 횡단보도상,승용,남,69세,상해없음,보행자,여,48세,중상
2015110300100158,2015년 11월 3일 08시,화요일,대구광역시 수성구 범어동,경상사고,0,0,2,0,차대차 - 측면직각충돌,교차로운행방법위반,건조,맑음,교차로 - 교차로안,승용,남,68세,경상,승용,남,32세,경상
2015110300100159,2015년 11월 3일 08시,화요일,대구광역시 수성구 만촌동,경상사고,0,0,2,0,차대차 - 추돌 - 주정차중,안전운전불이행,건조,맑음,단일로 - 기타,승용,남,65세,상해없음,승용,남,33세,경상
2015110300100160,2015년 11월 3일 08시,화요일,대구광역시 달성군 다사읍,경상사고,0,0,1,1,차대차 - 측면직각충돌,신호위반,건조,맑음,교차로 - 교차로안,승용,여,50세,부상신고,승용,남,56세,경상
2015110300100162,2015년 11월 3일 08시,화요일,대구광역시 서구 비산동,경상사고,0,0,1,0,차대차 - 추돌 - 진행중,안전운전불이행,건조,맑음,단일로 - 기타,승용,여,25세,상해없음,승용,여,51세,경상
2015110300100163,2015년 11월 3일 08시,화요일,대구광역시 서구 내당동,경상사고,0,0,1,0,차대차 - 기타,안전거리미확보,건조,맑음,단일로 - 기타,화물,남,64세,기타불명,승합,남,54세,상해없음
2015110300100164,2015년 11월 3일 08시,화요일,대구광역시 북구 국우동,경상사고,0,0,1,0,차대차 - 추돌 - 진행중,차로위반,건조,맑음,단일로 - 기타,승용,남,66세,상해없음,승용,여,39세,상해없음
2015110300100165,2015년 11월 3일 08시,화요일,대구광역시 북구 서변동,경상사고,0,0,1,0,차대사람 - 기타,불법유턴,건조,맑음,단일로 - 기타,승용,여,41세,상해없음,보행자,남,57세,경상
2015110300100200,2015년 11월 3일 09시,화요일,대구광역시 달서구 성당동,중상사고,0,1,0,0,차대차 - 측면직각충돌,중앙선침범,건조,맑음,단일로 - 기타,이륜,남,74세,중상,승용,남,54세,상해없음
2015110300100236,2015년 11월 3일 10시,화요일,대구광역시 동구 신기동,경상사고,0,0,3,0,차대차 - 추돌 - 진행중,안전운전불이행,건조,맑음,단일로 - 기타,화물,남,53세,상해없음,승용,남,35세,경상
2015110300100237,2015년 11월 3일 10시,화요일,대구광역시 수성구 범어동,경상사고,0,0,1,4,차대차 - 측면직각충돌,차로위반,건조,맑음,단일로 - 기타,승용,여,47세,상해없음,승용,남,22세,부상신고
2015110300100238,2015년 11월 3일 10시,화요일,대구광역시 서구 내당동,경상사고,0,0,1,0,차대차 - 추돌 - 진행중,안전운전불이행,건조,맑음,단일로 - 기타,승용,여,60세,상해없음,승합,남,48세,경상
2015110300100269,2015년 11월 3일 11시,화요일,대구광역시 북구 침산동,부상신고사고,0,0,0,1,차대차 - 측면직각충돌,중앙선침범,건조,맑음,단일로 - 기타,자전거,여,43세,부상신고,승용,여,41세,상해없음
2015110300100296,2015년 11월 3일 12시,화요일,대구광역시 수성구 지산동,중상사고,0,1,0,1,차대차 - 측면직각충돌,안전운전불이행,건조,맑음,교차로 - 교차로안,승용,여,72세,부상신고,승용,남,56세,중상
2015110300100317,2015년 11월 3일 13시,화요일,대구광역시 동구 방촌동,중상사고,0,1,1,0,차대차 - 기타,안전운전불이행,건조,맑음,단일로 - 기타,승용,남,77세,경상,승용,남,57세,상해없음
2015110300100318,2015년 11월 3일 13시,화요일,대구광역시 수성구 수성동4가,중상사고,0,1,0,0,차대차 - 추돌 - 진행중,안전거리미확보,건조,맑음,교차로 - 교차로부근,승용,남,65세,상해없음,승용,여,27세,중상
2015110300100319,2015년 11월 3일 13시,화요일,대구광역시 수성구 수성동4가,경상사고,0,0,1,0,차대차 - 측면직각충돌,안전거리미확보,건조,맑음,단일로 - 기타,승용,남,71세,상해없음,승용,남,61세,경상
2015110300100320,2015년 11월 3일 13시,화요일,대구광역시 수성구 신매동,경상사고,0,0,1,0,차대차 - 측면직각충돌,안전운전불이행,건조,맑음,교차로 - 교차로안,승용,여,57세,상해없음,자전거,남,67세,경상
2015110300100321,2015년 11월 3일 13시,화요일,대구광역시 북구 칠성동2가,경상사고,0,0,1,0,차대사람 - 기타,안전운전불이행,건조,맑음,단일로 - 기타,승합,남,44세,상해없음,보행자,여,74세,경상
2015110300100322,2015년 11월 3일 13시,화요일,대구광역시 북구 팔달동,경상사고,0,0,1,0,차대차 - 기타,안전운전불이행,건조,맑음,기타 - 기타,승용,남,34세,상해없음,승용,남,42세,경상
2015110300100361,2015년 11월 3일 14시,화요일,대구광역시 동구 방촌동,경상사고,0,0,2,0,차대차 - 기타,중앙선침범,건조,맑음,단일로 - 기타,특수,남,37세,상해없음,화물,남,55세,경상
2015110300100387,2015년 11월 3일 15시,화요일,대구광역시 수성구 범어동,경상사고,0,0,2,0,차대차 - 추돌 - 주정차중,안전운전불이행,건조,맑음,단일로 - 기타,승합,남,46세,상해없음,승합,남,54세,경상
2015110300100388,2015년 11월 3일 15시,화요일,대구광역시 달서구 대곡동,경상사고,0,0,1,0,차대사람 - 길가장자리구역통행중,안전운전불이행,건조,맑음,단일로 - 기타,승용,여,60세,상해없음,보행자,여,14세,경상
2015110300100389,2015년 11월 3일 15시,화요일,대구광역시 서구 중리동,중상사고,0,1,0,0,차대차 - 기타,안전운전불이행,건조,맑음,단일로 - 기타,특수,남,48세,상해없음,이륜,남,50세,중상
2015110300100390,2015년 11월 3일 15시,화요일,대구광역시 달서구 호산동,경상사고,0,0,1,0,차대사람 - 횡단중,보행자보호의무위반,건조,맑음,교차로 - 교차로안,이륜,남,53세,상해없음,보행자,남,79세,경상
2015110300100391,2015년 11월 3일 15시,화요일,대구광역시 달서구 두류동,경상사고,0,0,1,0,차대차 - 측면직각충돌,교차로운행방법위반,건조,맑음,교차로 - 교차로부근,승용,남,62세,상해없음,승용,남,57세,상해없음
2015110300100426,2015년 11월 3일 16시,화요일,대구광역시 남구 대명동,경상사고,0,0,1,0,차대차 - 측면직각충돌,중앙선침범,건조,맑음,교차로 - 교차로부근,원동기,남,66세,경상,승용,남,50세,상해없음
2015110300100427,2015년 11월 3일 16시,화요일,대구광역시 동구 백안동,경상사고,0,0,2,0,차대차 - 추돌 - 진행중,안전거리미확보,건조,맑음,단일로 - 기타,승용,남,70세,상해없음,승용,남,24세,경상
2015110300100428,2015년 11월 3일 16시,화요일,대구광역시 달서구 월성동,경상사고,0,0,1,0,차대사람 - 기타,안전운전불이행,건조,맑음,단일로 - 기타,화물,남,57세,상해없음,보행자,남,80세,경상
2015110300100429,2015년 11월 3일 16시,화요일,대구광역시 중구 서문로2가,중상사고,0,1,0,0,차대차 - 기타,안전운전불이행,건조,맑음,교차로 - 교차로부근,승용,여,52세,상해없음,승용,남,36세,중상
2015110300100472,2015년 11월 3일 17시,화요일,대구광역시 수성구 욱수동,경상사고,0,0,1,0,차대차 - 기타,차로위반,건조,맑음,단일로 - 기타,승용,여,52세,상해없음,승용,남,26세,경상
2015110300100473,2015년 11월 3일 17시,화요일,대구광역시 수성구 신매동,부상신고사고,0,0,0,1,차대차 - 추돌 - 진행중,안전거리미확보,건조,맑음,단일로 - 기타,이륜,남,25세,부상신고,승용,남,44세,상해없음
2015110300100474,2015년 11월 3일 17시,화요일,대구광역시 달서구 송현동,경상사고,0,0,2,0,차대차 - 측면직각충돌,안전운전불이행,건조,맑음,단일로 - 기타,승합,남,53세,경상,승용,여,24세,경상
2015110300100537,2015년 11월 3일 18시,화요일,대구광역시 수성구 지산동,경상사고,0,0,1,0,차대사람 - 길가장자리구역통행중,교차로운행방법위반,건조,맑음,교차로 - 교차로부근,승용,남,46세,상해없음,보행자,여,66세,경상
2015110300100538,2015년 11월 3일 18시,화요일,대구광역시 달서구 송현동,경상사고,0,0,1,0,차대사람 - 기타,안전운전불이행,건조,맑음,단일로 - 기타,이륜,남,21세,상해없음,보행자,여,63세,경상
2015110300100539,2015년 11월 3일 18시,화요일,대구광역시 달서구 상인동,부상신고사고,0,0,0,1,차대차 - 기타,신호위반,건조,맑음,교차로 - 교차로안,자전거,남,15세,부상신고,승용,남,28세,상해없음
2015110300100540,2015년 11월 3일 18시,화요일,대구광역시 북구 산격동,부상신고사고,0,0,0,1,차대차 - 측면직각충돌,교차로운행방법위반,건조,맑음,교차로 - 교차로안,원동기,남,56세,부상신고,승용,남,39세,상해없음
2015110300100541,2015년 11월 3일 18시,화요일,대구광역시 달서구 장기동,경상사고,0,0,1,0,차대사람 - 길가장자리구역통행중,안전운전불이행,건조,맑음,교차로 - 교차로안,승용,여,29세,상해없음,보행자,여,37세,경상
2015110300100567,2015년 11월 3일 19시,화요일,대구광역시 수성구 만촌동,경상사고,0,0,1,0,차대사람 - 차도통행중,안전운전불이행,건조,맑음,단일로 - 기타,승용,여,22세,상해없음,보행자,남,19세,경상
2015110300100568,2015년 11월 3일 19시,화요일,대구광역시 중구 동인동3가,중상사고,0,1,0,0,차대차 - 추돌 - 진행중,안전운전불이행,건조,맑음,교차로 - 교차로안,승용,남,57세,상해없음,승용,남,25세,중상
2015110300100569,2015년 11월 3일 19시,화요일,대구광역시 중구 달성동,경상사고,0,0,1,0,차대차 - 측면직각충돌,안전운전불이행,건조,맑음,단일로 - 기타,승용,남,61세,상해없음,승용,남,31세,경상
2015110300100599,2015년 11월 3일 20시,화요일,대구광역시 달성군 화원읍,중상사고,0,1,5,0,차대차 - 추돌 - 주정차중,안전거리미확보,건조,맑음,교차로 - 교차로부근,이륜,남,34세,경상,승용,여,34세,경상
2015110300100600,2015년 11월 3일 20시,화요일,대구광역시 중구 남산동,부상신고사고,0,0,0,1,차대차 - 측면직각충돌,직진우회전진행방해,건조,맑음,교차로 - 교차로안,원동기,남,51세,부상신고,승용,남,50세,상해없음
2015110300100632,2015년 11월 3일 21시,화요일,대구광역시 수성구 만촌동,경상사고,0,0,1,0,차대사람 - 횡단중,보행자보호의무위반,건조,맑음,교차로 - 교차로안,승용,남,33세,상해없음,보행자,남,28세,경상
2015110300100633,2015년 11월 3일 21시,화요일,대구광역시 달성군 다사읍,경상사고,0,0,1,0,차대차 - 기타,직진우회전진행방해,건조,맑음,교차로 - 교차로안,승용,남,22세,상해없음,이륜,남,35세,경상
2015110300100634,2015년 11월 3일 21시,화요일,대구광역시 중구 동인동4가,경상사고,0,0,3,0,차대차 - 추돌 - 진행중,안전거리미확보,건조,맑음,단일로 - 기타,승용,남,31세,상해없음,승용,남,52세,경상