사고번호,사고일시,요일,시군구,사고내용,사망자수,중상자수,경상자수,부상신고자수,사고유형,법규위반,노면상태,기상상태,도로형태,가해운전자 차종,가해운전자 성별,가해운전자 연령,가해운전자 상해정도,피해운전자 차종,피해운전자 성별,피해운전자 연령,피해운전자 상해정도
2015110900100060,2015년 11월 9일 02시,월요일,대구광역시 달서구 상인동,경상사고,0,0,2,1,차대차 - 측면직각충돌,교차로운행방법위반,건조,맑음,교차로 - 교차로안,승용,남,55세,경상,승용,남,29세,경상
2015110900100071,2015년 11월 9일 03시,월요일,대구광역시 서구 평리동,사망사고,1,1,0,0,차대차 - 추돌 - 주정차중,안전운전불이행,습기,비,단일로 - 기타,승용,남,19세,사망,승합,남,61세,기타불명
2015110900100082,2015년 11월 9일 04시,월요일,대구광역시 동구 신천동,경상사고,0,0,1,0,차량단독 - 공작물충돌,안전운전불이행,습기,흐림,단일로 - 기타,승용,남,23세,경상,,,,
2015110900100119,2015년 11월 9일 06시,월요일,대구광역시 중구 달성동,중상사고,0,1,1,0,차대사람 - 기타,안전운전불이행,습기,비,교차로 - 교차로부근,승용,남,26세,상해없음,보행자,남,68세,중상
2015110900100154,2015년 11월 9일 07시,월요일,대구광역시 달서구 이곡동,경상사고,0,0,3,0,차대차 - 기타,직진우회전진행방해,건조,맑음,교차로 - 교차로안,승용,남,58세,상해없음,승용,남,18세,경상
2015110900100201,2015년 11월 9일 08시,월요일,대구광역시 남구 대명동,중상사고,0,1,0,0,차대사람 - 기타,안전운전불이행,건조,맑음,단일로 - 기타,승용,남,50세,상해없음,보행자,여,70세,중상
2015110900100202,2015년 11월 9일 08시,월요일,대구광역시 동구 효목동,중상사고,0,1,0,0,차대차 - 정면충돌,신호위반,건조,맑음,교차로 - 교차로안,승용,남,67세,상해없음,승용,여,50세,중상
2015110900100203,2015년 11월 9일 08시,월요일,대구광역시 동구 신천동,경상사고,0,0,1,0,차대차 - 기타,안전거리미확보,건조,맑음,단일로 - 기타,승용,남,59세,상해없음,화물,남,51세,경상
2015110900100205,2015년 11월 9일 08시,월요일,대구광역시 중구 동인동1가,경상사고,0,0,1,0,차대차 - 측면직각충돌,안전거리미확보,기타,흐림,교차로 - 교차로부근,화물,남,55세,상해없음,승용,여,35세,경상
2015110900100206,2015년 11월 9일 08시,월요일,대구광역시 중구 교동,경상사고,0,0,1,0,차대차 - 기타,차로위반,건조,맑음,교차로 - 교차로안,승용,남,32세,상해없음,승용,여,43세,상해없음
2015110900100238,2015년 11월 9일 09시,월요일,대구광역시 남구 봉덕동,중상사고,0,1,0,0,차대사람 - 기타,기타,습기,흐림,단일로 - 기타,승합,남,41세,상해없음,보행자,여,47세,중상
2015110900100239,2015년 11월 9일 09시,월요일,대구광역시 북구 노원동3가,중상사고,0,1,4,0,차대차 - 추돌 - 진행중,안전거리미확보,건조,맑음,단일로 - 기타,승용,남,72세,상해없음,승용,남,54세,상해없음
2015110900100240,2015년 11월 9일 09시,월요일,대구광역시 서구 평리동,부상신고사고,0,0,0,1,차대차 - 기타,안전운전불이행,건조,맑음,교차로 - 교차로부근,자전거,남,68세,부상신고,승용,여,39세,상해없음
2015110900100241,2015년 11월 9일 09시,월요일,대구광역시 달서구 성당동,경상사고,0,0,1,0,차대차 - 추돌 - 주정차중,안전운전불이행,건조,맑음,교차로 - 교차로부근,승용,남,43세,상해없음,승용,남,46세,경상
2015110900100242,2015년 11월 9일 09시,월요일,대구광역시 북구 서변동,부상신고사고,0,0,0,1,차량단독 - 공작물충돌,안전운전불이행,습기,비,단일로 - 기타,화물,남,43세,부상신고,,,,
2015110900100273,2015년 11월 9일 10시,월요일,대구광역시 수성구 황금동,경상사고,0,0,1,0,차대차 - 추돌 - 진행중,안전운전불이행,건조,맑음,교차로 - 교차로안,승용,남,57세,상해없음,승용,남,31세,경상
2015110900100274,2015년 11월 9일 10시,월요일,대구광역시 수성구 두산동,중상사고,0,2,0,0,차대차 - 측면직각충돌,직진우회전진행방해,건조,맑음,교차로 - 교차로안,승용,여,58세,중상,원동기,남,28세,중상
2015110900100275,2015년 11월 9일 10시,월요일,대구광역시 달서구 이곡동,경상사고,0,0,1,0,차대차 - 추돌 - 주정차중,안전운전불이행,건조,맑음,단일로 - 기타,승용,남,57세,상해없음,승용,남,47세,경상
2015110900100276,2015년 11월 9일 10시,월요일,대구광역시 달서구 두류동,경상사고,0,0,2,0,차대차 - 측면직각충돌,교차로운행방법위반,건조,맑음,교차로 - 교차로안,승용,남,65세,상해없음,승용,여,43세,경상
2015110900100311,2015년 11월 9일 11시,월요일,대구광역시 북구 대현동,경상사고,0,0,1,0,차대차 - 추돌 - 진행중,안전운전불이행,건조,맑음,단일로 - 기타,승용,여,36세,상해없음,승용,남,58세,경상
2015110900100312,2015년 11월 9일 11시,월요일,대구광역시 달서구 죽전동,경상사고,0,0,1,0,차대사람 - 기타,안전운전불이행,건조,맑음,단일로 - 기타,승용,여,54세,상해없음,보행자,남,19세,경상
2015110900100344,2015년 11월 9일 12시,월요일,대구광역시 북구 관음동,경상사고,0,0,1,1,차대차 - 측면직각충돌,기타,건조,맑음,단일로 - 기타,화물,남,23세,부상신고,승용,남,23세,경상
2015110900100362,2015년 11월 9일 13시,월요일,대구광역시 북구 구암동,중상사고,0,1,0,0,차대사람 - 횡단중,안전운전불이행,건조,맑음,단일로 - 기타,승용,남,32세,상해없음,보행자,여,9세,중상
2015110900100418,2015년 11월 9일 15시,월요일,대구광역시 수성구 만촌동,경상사고,0,0,1,0,차대차 - 측면직각충돌,교차로운행방법위반,건조,맑음,교차로 - 교차로안,승용,여,45세,상해없음,승용,여,54세,경상
2015110900100419,2015년 11월 9일 15시,월요일,대구광역시 북구 산격동,중상사고,0,1,0,0,차대차 - 기타,안전운전불이행,건조,맑음,교차로 - 교차로부근,승용,남,34세,상해없음,이륜,남,63세,중상
2015110900100420,2015년 11월 9일 15시,월요일,대구광역시 북구 노원동2가,경상사고,0,0,1,0,차대사람 - 길가장자리구역통행중,안전운전불이행,건조,흐림,단일로 - 기타,승용,여,57세,상해없음,보행자,남,58세,경상
2015110900100421,2015년 11월 9일 15시,월요일,대구광역시 북구 산격동,경상사고,0,0,1,0,차대차 - 기타,안전운전불이행,건조,맑음,단일로 - 기타,건설기계,남,52세,상해없음,승용,남,40세,경상
2015110900100422,2015년 11월 9일 15시,월요일,대구광역시 서구 내당동,중상사고,0,1,0,0,차대차 - 측면직각충돌,안전운전불이행,건조,맑음,교차로 - 교차로안,이륜,여,44세,중상,승용,여,53세,상해없음
2015110900100455,2015년 11월 9일 16시,월요일,대구광역시 남구 이천동,경상사고,0,0,1,0,차대차 - 측면직각충돌,안전거리미확보,건조,맑음,단일로 - 기타,승용,남,65세,상해없음,승용,여,32세,경상
2015110900100500,2015년 11월 9일 17시,월요일,대구광역시 달성군 화원읍,중상사고,0,1,0,0,차대차 - 측면직각충돌,안전운전불이행,건조,맑음,교차로 - 교차로안,승용,남,66세,상해없음,승용,남,33세,중상
2015110900100567,2015년 11월 9일 18시,월요일,대구광역시 남구 대명동,경상사고,0,0,1,0,차대차 - 측면직각충돌,교차로운행방법위반,건조,맑음,교차로 - 교차로안,승용,여,44세,상해없음,원동기,남,67세,경상
2015110900100568,2015년 11월 9일 18시,월요일,대구광역시 수성구 중동,경상사고,0,0,1,0,차대차 - 측면직각충돌,중앙선침범,건조,맑음,단일로 - 기타,승용,여,52세,상해없음,자전거,여,56세,경상
2015110900100569,2015년 11월 9일 18시,월요일,대구광역시 수성구 신매동,경상사고,0,0,1,0,차대차 - 추돌 - 진행중,교차로운행방법위반,건조,맑음,교차로 - 교차로부근,승용,여,54세,상해없음,승용,여,56세,경상
2015110900100570,2015년 11월 9일 18시,월요일,대구광역시 달서구 송현동,중상사고,0,1,0,0,차대사람 - 기타,안전운전불이행,건조,맑음,단일로 - 기타,승용,남,57세,기타불명,보행자,남,57세,중상
2015110900100571,2015년 11월 9일 18시,월요일,대구광역시 북구 복현동,경상사고,0,0,1,0,차대차 - 측면직각충돌,신호위반,건조,흐림,교차로 - 교차로안,이륜,남,24세,경상,승용,남,59세,상해없음
2015110900100572,2015년 11월 9일 18시,월요일,대구광역시 북구 칠성동1가,경상사고,0,0,1,0,차대사람 - 보도통행중,안전운전불이행,건조,맑음,교차로 - 교차로부근,승용,여,52세,상해없음,보행자,여,55세,경상
2015110900100573,2015년 11월 9일 18시,월요일,대구광역시 달서구 신당동,경상사고,0,0,1,0,차대사람 - 기타,안전운전불이행,건조,맑음,단일로 - 기타,원동기,남,41세,상해없음,보행자,남,65세,경상
2015110900100614,2015년 11월 9일 19시,월요일,대구광역시 달성군 화원읍,경상사고,0,0,1,0,차대차 - 추돌 - 진행중,안전운전불이행,건조,맑음,교차로 - 교차로안,이륜,남,65세,경상,승용,남,40세,상해없음
2015110900100615,2015년 11월 9일 19시,월요일,대구광역시 달서구 이곡동,부상신고사고,0,0,0,1,차대차 - 측면직각충돌,안전운전불이행,건조,맑음,교차로 - 교차로부근,승용,여,42세,상해없음,원동기,남,24세,부상신고
2015110900100648,2015년 11월 9일 20시,월요일,대구광역시 남구 대명동,경상사고,0,0,1,0,차대차 - 추돌 - 주정차중,불법유턴,건조,맑음,단일로 - 기타,승용,여,49세,기타불명,승용,여,36세,경상
2015110900100649,2015년 11월 9일 20시,월요일,대구광역시 수성구 사월동,중상사고,0,1,1,0,차대차 - 측면직각충돌,안전거리미확보,건조,맑음,단일로 - 기타,승용,여,56세,상해없음,이륜,남,18세,경상
2015110900100705,2015년 11월 9일 22시,월요일,대구광역시 북구 노원동3가,경상사고,0,0,3,0,차대차 - 추돌 - 주정차중,안전운전불이행,건조,맑음,단일로 - 기타,승용,여,58세,상해없음,승용,남,34세,경상
2015110900100706,2015년 11월 9일 22시,월요일,대구광역시 북구 복현동,경상사고,0,0,1,0,차대차 - 추돌 - 진행중,안전운전불이행,건조,맑음,단일로 - 기타,승용,남,28세,상해없음,승용,여,31세,경상
2015110900100707,2015년 11월 9일 22시,월요일,대구광역시 북구 연경동,경상사고,0,0,1,0,차대차 - 추돌 - 진행중,안전운전불이행,건조,맑음,단일로 - 기타,승합,남,50세,상해없음,승용,여,27세,경상
2015110900100731,2015년 11월 9일 23시,월요일,대구광역시 남구 대명동,중상사고,0,1,0,0,차대차 - 기타,교차로운행방법위반,건조,맑음,교차로 - 교차로안,승용,남,24세,상해없음,이륜,남,18세,중상
2015111000100013,2015년 11월 10일 00시,화요일,대구광역시 달서구 월암동,경상사고,0,0,1,0,차대차 - 측면직각충돌,교차로운행방법위반,건조,맑음,교차로 - 교차로안,승용,남,25세,상해없음,승용,남,29세,경상
2015111000100028,2015년 11월 10일 01시,화요일,대구광역시 동구 방촌동,중상사고,0,1,0,0,차대차 - 추돌 - 진행중,안전운전불이행,건조,맑음,단일로 - 기타,승용,남,30세,상해없음,이륜,남,17세,중상
2015111000100029,2015년 11월 10일 01시,화요일,대구광역시 달성군 논공읍,경상사고,0,0,4,0,차대차 - 추돌 - 주정차중,안전운전불이행,건조,맑음,단일로 - 기타,승용,남,43세,상해없음,승용,남,26세,경상
2015111000100039,2015년 11월 10일 02시,화요일,대구광역시 수성구 삼덕동,경상사고,0,0,2,1,차대차 - 추돌 - 진행중,안전운전불이행,건조,흐림,단일로 - 기타,승용,남,25세,부상신고,승용,남,55세,경상
2015111000100051,2015년 11월 10일 03시,화요일,대구광역시 남구 대명동,중상사고,0,1,1,0,차대차 - 기타,안전거리미확보,건조,맑음,단일로 - 기타,승용,남,49세,상해없음,승용,남,24세,중상
2015111000100057,2015년 11월 10일 04시,화요일,대구광역시 동구 용계동,중상사고,0,3,0,0,차대차 - 측면직각충돌,신호위반,건조,맑음,교차로 - 교차로안,화물,남,31세,중상,승합,남,55세,중상
2015111000100064,2015년 11월 10일 05시,화요일,대구광역시 달서구 성당동,중상사고,0,1,0,0,차대차 - 기타,신호위반,건조,맑음,교차로 - 교차로안,승용,남,33세,상해없음,이륜,남,73세,중상
2015111000100084,2015년 11월 10일 06시,화요일,대구광역시 북구 노원동3가,부상신고사고,0,0,0,1,차대차 - 기타,불법유턴,건조,맑음,단일로 - 기타,자전거,남,82세,부상신고,승용,남,58세,상해없음
2015111000100110,2015년 11월 10일 07시,화요일,대구광역시 남구 대명동,중상사고,0,1,0,0,차대사람 - 기타,안전운전불이행,건조,맑음,단일로 - 기타,승용,남,66세,기타불명,보행자,남,73세,중상
2015111000100154,2015년 11월 10일 08시,화요일,대구광역시 수성구 신매동,경상사고,0,0,1,0,차대차 - 추돌 - 진행중,안전운전불이행,건조,맑음,단일로 - 기타,화물,남,55세,상해없음,화물,남,41세,경상
2015111000100155,2015년 11월 10일 08시,화요일,대구광역시 중구 달성동,경상사고,0,0,1,0,차대차 - 기타,안전운전불이행,건조,맑음,단일로 - 기타,승용,여,59세,상해없음,자전거,남,54세,경상
2015111000100156,2015년 11월 10일 08시,화요일,대구광역시 북구 서변동,경상사고,0,0,1,0,차대차 - 측면직각충돌,안전운전불이행,건조,맑음,단일로 - 기타,화물,남,48세,상해없음,이륜,남,33세,경상
2015111000100157,2015년 11월 10일 08시,화요일,대구광역시 북구 태전동,경상사고,0,0,1,0,차대차 - 측면직각충돌,교차로운행방법위반,건조,맑음,교차로 - 교차로안,승용,남,66세,상해없음,승용,남,49세,경상
2015111000100221,2015년 11월 10일 10시,화요일,대구광역시 동구 신천동,경상사고,0,0,1,0,차대사람 - 보도통행중,기타,건조,맑음,단일로 - 기타,승용,여,49세,상해없음,보행자,여,84세,경상
2015111000100222,2015년 11월 10일 10시,화요일,대구광역시 달서구 송현동,경상사고,0,0,1,0,차대차 - 기타,차로위반,건조,맑음,교차로 - 교차로부근,화물,남,46세,상해없음,승용,남,57세,경상
2015111000100299,2015년 11월 10일 13시,화요일,대구광역시 북구 칠성동2가,중상사고,0,1,0,0,차대차 - 측면직각충돌,불법유턴,건조,맑음,단일로 - 기타,승용,여,32세,상해없음,원동기,남,21세,중상
2015111000100300,2015년 11월 10일 13시,화요일,대구광역시 서구 비산동,중상사고,0,2,1,0,차대차 - 정면충돌,신호위반,건조,맑음,교차로 - 교차로부근,승합,남,52세,상해없음,승용,남,41세,중상
2015111000100301,2015년 11월 10일 13시,화요일,대구광역시 서구 비산동,경상사고,0,0,1,0,차대사람 - 차도통행중,안전운전불이행,건조,맑음,단일로 - 기타,승용,남,67세,상해없음,보행자,남,54세,경상
2015111000100302,2015년 11월 10일 13시,화요일,대구광역시 중구 동인동4가,경상사고,0,0,2,0,차대차 - 추돌 - 진행중,안전거리미확보,건조,맑음,단일로 - 기타,승용,남,42세,상해없음,승용,여,35세,경상
2015111000100365,2015년 11월 10일 15시,화요일,대구광역시 북구 구암동,경상사고,0,0,2,0,차대차 - 기타,안전운전불이행,건조,맑음,단일로 - 기타,승용,여,36세,상해없음,자전거,여,54세,경상
2015111000100396,2015년 11월 10일 16시,화요일,대구광역시 동구 신무동,중상사고,0,1,0,0,차대사람 - 기타,안전운전불이행,건조,맑음,단일로 - 기타,승합,남,46세,상해없음,보행자,여,52세,중상
2015111000100397,2015년 11월 10일 16시,화요일,대구광역시 달서구 도원동,경상사고,0,0,1,0,차대차 - 기타,안전운전불이행,건조,맑음,교차로 - 교차로부근,이륜,남,18세,경상,승용,여,56세,상해없음
2015111000100398,2015년 11월 10일 16시,화요일,대구광역시 달서구 월암동,중상사고,0,1,0,0,차대차 - 측면직각충돌,직진우회전진행방해,건조,맑음,교차로 - 교차로안,화물,남,51세,상해없음,승용,여,58세,중상
2015111000100399,2015년 11월 10일 16시,화요일,대구광역시 중구 향촌동,부상신고사고,0,0,0,2,차대차 - 기타,안전운전불이행,건조,맑음,단일로 - 기타,원동기,여,68세,부상신고,자전거,남,58세,부상신고
2015111000100400,2015년 11월 10일 16시,화요일,대구광역시 북구 구암동,경상사고,0,0,1,0,차대사람 - 횡단중,안전운전불이행,건조,맑음,교차로 - 교차로부근,승용,여,61세,상해없음,보행자,남,13세,경상
2015111000100401,2015년 11월 10일 16시,화요일,대구광역시 북구 동변동,중상사고,0,1,0,0,차대차 - 정면충돌,안전운전불이행,건조,맑음,교차로 - 교차로부근,승용,여,46세,상해없음,자전거,여,67세,중상
2015111000100449,2015년 11월 10일 17시,화요일,대구광역시 북구 복현동,사망사고,1,0,0,0,차대차 - 기타,안전거리미확보,건조,맑음,단일로 - 기타,건설기계,남,54세,상해없음,자전거,남,35세,사망
2015111000100502,2015년 11월 10일 18시,화요일,대구광역시 수성구 두산동,중상사고,0,1,0,0,차대차 - 측면직각충돌,안전운전불이행,건조,맑음,단일로 - 기타,화물,남,23세,상해없음,승용,남,64세,중상
2015111000100503,2015년 11월 10일 18시,화요일,대구광역시 달서구 대천동,중상사고,0,1,0,0,차대사람 - 차도통행중,안전운전불이행,건조,흐림,단일로 - 기타,승용,여,69세,상해없음,보행자,남,61세,중상
2015111000100504,2015년 11월 10일 18시,화요일,대구광역시 북구 동천동,경상사고,0,0,1,0,차대차 - 측면직각충돌,안전운전불이행,건조,맑음,교차로 - 교차로부근,승용,여,44세,상해없음,승합,남,51세,경상
2015111000100540,2015년 11월 10일 19시,화요일,대구광역시 달서구 송현동,경상사고,0,0,1,0,차대차 - 측면직각충돌,안전운전불이행,건조,맑음,교차로 - 교차로안,승용,남,53세,상해없음,자전거,여,53세,경상
2015111000100541,2015년 11월 10일 19시,화요일,대구광역시 남구 대명동,경상사고,0,0,2,0,차대차 - 기타,안전거리미확보,건조,맑음,단일로 - 기타,승용,남,60세,상해없음,승용,남,65세,경상
2015111000100542,2015년 11월 10일 19시,화요일,대구광역시 달서구 두류동,중상사고,0,1,0,0,차대사람 - 차도통행중,안전운전불이행,건조,흐림,단일로 - 기타,승용,여,32세,상해없음,보행자,여,21세,중상
2015111000100575,2015년 11월 10일 20시,화요일,대구광역시 동구 신암동,경상사고,0,0,1,0,차대사람 - 기타,안전운전불이행,건조,맑음,단일로 - 기타,승용,여,51세,상해없음,보행자,남,55세,경상
2015111000100576,2015년 11월 10일 20시,화요일,대구광역시 달서구 상인동,중상사고,0,1,0,0,차대사람 - 기타,보행자보호의무위반,건조,맑음,단일로 - 기타,승용,남,61세,상해없음,보행자,여,54세,중상
2015111000100577,2015년 11월 10일 20시,화요일,대구광역시 달서구 대천동,경상사고,0,0,1,0,차대차 - 측면직각충돌,안전운전불이행,건조,맑음,단일로 - 기타,승용,남,32세,상해없음,승용,남,42세,상해없음
2015111000100613,2015년 11월 10일 21시,화요일,대구광역시 달서구 이곡동,중상사고,0,1,3,0,차대차 - 추돌 - 주정차중,안전운전불이행,건조,맑음,단일로 - 기타,승용,남,35세,상해없음,승용,남,56세,경상
2015111000100614,2015년 11월 10일 21시,화요일,대구광역시 달서구 두류동,중상사고,0,1,0,0,차대차 - 기타,안전운전불이행,건조,맑음,교차로 - 교차로안,기타불명,기타불명,기타불명,기타불명,자전거,남,17세,중상
2015111000100648,2015년 11월 10일 22시,화요일,대구광역시 수성구 지산동,중상사고,0,1,0,0,차대사람 - 횡단중,보행자보호의무위반,건조,맑음,단일로 - 기타,승용,여,45세,상해없음,보행자,여,50세,중상
2015111000100649,2015년 11월 10일 22시,화요일,대구광역시 달서구 감삼동,중상사고,0,1,1,0,차대차 - 기타,안전거리미확보,건조,맑음,단일로 - 기타,특수,남,46세,상해없음,화물,남,42세,경상
2015111000100671,2015년 11월 10일 23시,화요일,대구광역시 북구 노원동3가,경상사고,0,0,1,0,차대차 - 추돌 - 진행중,안전거리미확보,건조,맑음,교차로 - 교차로부근,승용,여,30세,상해없음,이륜,남,16세,경상
2015111100100014,2015년 11월 11일 00시,수요일,대구광역시 서구 내당동,중상사고,0,1,2,0,차대차 - 측면직각충돌,안전거리미확보,건조,맑음,단일로 - 기타,승용,남,38세,상해없음,승용,남,56세,경상
2015111100100015,2015년 11월 11일 00시,수요일,대구광역시 달서구 두류동,경상사고,0,0,1,0,차대차 - 추돌 - 주정차중,안전운전불이행,건조,맑음,교차로 - 교차로부근,승용,남,53세,상해없음,승용,남,65세,경상
2015111100100029,2015년 11월 11일 01시,수요일,대구광역시 중구 삼덕동1가,경상사고,0,0,1,0,차대사람 - 길가장자리구역통행중,안전운전불이행,건조,맑음,단일로 - 기타,승용,남,20세,상해없음,보행자,여,21세,경상
2015111100100052,2015년 11월 11일 03시,수요일,대구광역시 남구 봉덕동,부상신고사고,0,0,0,2,차대차 - 측면직각충돌,신호위반,건조,맑음,단일로 - 기타,승용,남,37세,상해없음,원동기,남,18세,부상신고
2015111100100053,2015년 11월 11일 03시,수요일,대구광역시 서구 내당동,경상사고,0,0,1,0,차대사람 - 차도통행중,안전운전불이행,건조,맑음,단일로 - 기타,승용,남,30세,상해없음,보행자,남,37세,경상
2015111100100054,2015년 11월 11일 03시,수요일,대구광역시 달서구 장기동,경상사고,0,0,2,0,차대차 - 기타,안전운전불이행,건조,맑음,단일로 - 기타,승용,여,40세,상해없음,승용,여,34세,경상
2015111100100092,2015년 11월 11일 06시,수요일,대구광역시 수성구 두산동,중상사고,0,1,0,0,차대차 - 측면직각충돌,신호위반,건조,맑음,단일로 - 기타,기타불명,기타불명,기타불명,기타불명,자전거,남,79세,중상
2015111100100093,2015년 11월 11일 06시,수요일,대구광역시 서구 평리동,경상사고,0,0,1,0,차대사람 - 기타,안전운전불이행,건조,맑음,단일로 - 기타,승용,남,23세,상해없음,보행자,남,32세,경상
2015111100100115,2015년 11월 11일 07시,수요일,대구광역시 남구 대명동,중상사고,0,1,0,0,차량단독 - 전도전복,안전운전불이행,건조,맑음,단일로 - 기타,승용,남,30세,중상,,,,
2015111100100116,2015년 11월 11일 07시,수요일,대구광역시 남구 대명동,부상신고사고,0,0,0,1,차대사람 - 기타,안전운전불이행,건조,맑음,단일로 - 기타,자전거,기타불명,기타불명,기타불명,보행자,남,12세,부상신고
2015111100100117,2015년 11월 11일 07시,수요일,대구광역시 달성군 현풍면,경상사고,0,0,1,0,차대차 - 측면직각충돌,안전운전불이행,건조,맑음,교차로 - 교차로안,화물,남,57세,상해없음,자전거,남,14세,경상
2015111100100118,2015년 11월 11일 07시,수요일,대구광역시 달서구 갈산동,중상사고,0,1,0,0,차대차 - 측면직각충돌,직진우회전진행방해,건조,맑음,교차로 - 교차로안,이륜,남,56세,중상,승용,남,36세,상해없음
2015111100100164,2015년 11월 11일 08시,수요일,대구광역시 수성구 중동,경상사고,0,0,1,0,차대사람 - 차도통행중,기타,건조,맑음,단일로 - 기타,승용,남,29세,상해없음,보행자,여,9세,경상
2015111100100226,2015년 11월 11일 10시,수요일,대구광역시 수성구 만촌동,중상사고,0,1,0,0,차대차 - 측면직각충돌,안전운전불이행,건조,맑음,단일로 - 기타,승용,여,51세,상해없음,자전거,남,17세,중상
2015111100100227,2015년 11월 11일 10시,수요일,대구광역시 달서구 상인동,경상사고,0,0,1,0,차대사람 - 기타,안전운전불이행,건조,맑음,단일로 - 기타,화물,남,54세,상해없음,보행자,남,3세,경상
2015111100100228,2015년 11월 11일 10시,수요일,대구광역시 달서구 신당동,중상사고,0,2,0,0,차대차 - 기타,직진우회전진행방해,건조,맑음,교차로 - 교차로안,승용,남,38세,상해없음,승용,남,46세,중상
2015111100100257,2015년 11월 11일 11시,수요일,대구광역시 동구 지저동,경상사고,0,0,1,0,차대차 - 정면충돌,중앙선침범,건조,맑음,단일로 - 기타,승용,남,68세,상해없음,화물,남,54세,경상
2015111100100258,2015년 11월 11일 11시,수요일,대구광역시 달서구 월암동,경상사고,0,0,1,0,차대차 - 측면직각충돌,안전운전불이행,건조,맑음,교차로 - 교차로안,승합,여,62세,상해없음,원동기,남,44세,경상
2015111100100259,2015년 11월 11일 11시,수요일,대구광역시 북구 관음동,경상사고,0,0,1,0,차대차 - 추돌 - 주정차중,안전운전불이행,건조,맑음,교차로 - 교차로부근,승용,여,54세,상해없음,승용,여,61세,경상
2015111100100287,2015년 11월 11일 12시,수요일,대구광역시 동구 효목동,중상사고,0,1,0,0,차대사람 - 횡단중,안전운전불이행,건조,맑음,교차로 - 교차로안,승용,여,30세,상해없음,보행자,여,61세,중상
2015111100100310,2015년 11월 11일 13시,수요일,대구광역시 동구 검사동,경상사고,0,0,1,0,차대차 - 기타,안전운전불이행,건조,맑음,교차로 - 교차로안,승용,남,42세,상해없음,이륜,남,30세,경상
2015111100100311,2015년 11월 11일 13시,수요일,대구광역시 달서구 이곡동,경상사고,0,0,1,0,차량단독 - 기타,안전운전불이행,건조,맑음,단일로 - 기타,승용,기타불명,기타불명,기타불명,,,,
2015111100100312,2015년 11월 11일 13시,수요일,대구광역시 북구 태전동,사망사고,1,0,0,0,차대사람 - 횡단중,안전운전불이행,건조,맑음,단일로 - 기타,화물,남,50세,상해없음,보행자,남,7세,사망
2015111100100345,2015년 11월 11일 14시,수요일,대구광역시 동구 서호동,경상사고,0,0,1,0,차대차 - 추돌 - 진행중,안전거리미확보,건조,맑음,교차로 - 교차로부근,승용,남,34세,상해없음,승용,남,53세,경상
2015111100100389,2015년 11월 11일 15시,수요일,대구광역시 동구 신천동,경상사고,0,0,1,0,차대사람 - 길가장자리구역통행중,안전운전불이행,건조,맑음,단일로 - 기타,승용,여,50세,상해없음,보행자,여,42세,경상
2015111100100390,2015년 11월 11일 15시,수요일,대구광역시 북구 산격동,경상사고,0,0,1,0,차대차 - 측면직각충돌,안전운전불이행,건조,맑음,단일로 - 기타,승용,남,62세,상해없음,이륜,남,47세,경상
2015111100100410,2015년 11월 11일 16시,수요일,대구광역시 중구 남산동,중상사고,0,1,0,0,차대차 - 기타,안전운전불이행,건조,맑음,단일로 - 횡단보도상,자전거,남,16세,상해없음,자전거,남,71세,중상
2015111100100448,2015년 11월 11일 17시,수요일,대구광역시 수성구 만촌동,경상사고,0,0,1,0,차대사람 - 횡단중,안전운전불이행,건조,맑음,교차로 - 교차로부근,승용,기타불명,기타불명,기타불명,보행자,남,20세,경상
2015111100100449,2015년 11월 11일 17시,수요일,대구광역시 수성구 수성동2가,경상사고,0,0,2,0,차대차 - 추돌 - 주정차중,안전운전불이행,건조,맑음,단일로 - 기타,승용,여,55세,기타불명,승용,남,24세,경상
2015111100100450,2015년 11월 11일 17시,수요일,대구광역시 서구 내당동,중상사고,0,2,0,0,차대차 - 측면직각충돌,안전운전불이행,건조,맑음,단일로 - 기타,승용,여,45세,상해없음,이륜,남,27세,중상
2015111100100451,2015년 11월 11일 17시,수요일,대구광역시 달서구 감삼동,중상사고,0,1,0,0,차대사람 - 횡단중,안전운전불이행,건조,맑음,단일로 - 기타,승용,여,48세,상해없음,보행자,여,4세,중상
2015111100100520,2015년 11월 11일 18시,수요일,대구광역시 수성구 범물동,중상사고,0,1,0,0,차대차 - 측면직각충돌,신호위반,건조,맑음,교차로 - 교차로안,승용,여,47세,상해없음,자전거,여,29세,중상
2015111100100521,2015년 11월 11일 18시,수요일,대구광역시 수성구 황금동,경상사고,0,0,2,0,차대차 - 추돌 - 주정차중,안전운전불이행,건조,맑음,단일로 - 기타,승용,여,35세,상해없음,승용,여,33세,경상
2015111100100522,2015년 11월 11일 18시,수요일,대구광역시 북구 복현동,경상사고,0,0,1,0,차대차 - 추돌 - 주정차중,안전운전불이행,건조,맑음,단일로 - 기타,화물,남,54세,상해없음,화물,남,48세,상해없음
2015111100100523,2015년 11월 11일 18시,수요일,대구광역시 달서구 감삼동,경상사고,0,0,2,0,차대차 - 기타,안전운전불이행,건조,맑음,단일로 - 기타,승용,남,54세,상해없음,화물,남,43세,경상
2015111100100583,2015년 11월 11일 19시,수요일,대구광역시 달서구 월암동,경상사고,0,0,1,0,차대차 - 기타,안전운전불이행,건조,맑음,단일로 - 기타,승용,남,27세,기타불명,승용,남,37세,경상