사고번호,사고일시,요일,시군구,사고내용,사망자수,중상자수,경상자수,부상신고자수,사고유형,법규위반,노면상태,기상상태,도로형태,가해운전자 차종,가해운전자 성별,가해운전자 연령,가해운전자 상해정도,피해운전자 차종,피해운전자 성별,피해운전자 연령,피해운전자 상해정도
2015111100100584,2015년 11월 11일 19시,수요일,대구광역시 서구 내당동,중상사고,0,1,0,0,차대사람 - 기타,보행자보호의무위반,건조,맑음,단일로 - 횡단보도상,승용,남,75세,상해없음,보행자,여,31세,중상
2015111100100612,2015년 11월 11일 20시,수요일,대구광역시 남구 대명동,경상사고,0,0,1,0,차대사람 - 길가장자리구역통행중,안전운전불이행,건조,맑음,단일로 - 기타,승용,여,41세,기타불명,보행자,남,47세,경상
2015111100100613,2015년 11월 11일 20시,수요일,대구광역시 수성구 범물동,중상사고,0,1,0,0,차대사람 - 횡단중,안전운전불이행,건조,맑음,교차로 - 교차로안,승용,남,26세,상해없음,보행자,남,43세,중상
2015111100100615,2015년 11월 11일 20시,수요일,대구광역시 북구 대현동,경상사고,0,0,1,0,차대사람 - 보도통행중,안전운전불이행,건조,맑음,단일로 - 기타,승용,남,61세,상해없음,보행자,남,51세,경상
2015111100100690,2015년 11월 11일 22시,수요일,대구광역시 달서구 용산동,경상사고,0,0,1,0,차대차 - 추돌 - 진행중,안전거리미확보,건조,맑음,교차로 - 교차로부근,승용,여,44세,상해없음,승용,남,66세,경상
2015111100100715,2015년 11월 11일 23시,수요일,대구광역시 달서구 상인동,중상사고,0,1,0,0,차대차 - 추돌 - 주정차중,안전운전불이행,습기,맑음,단일로 - 기타,승용,남,22세,상해없음,승용,남,24세,중상
2015111100100716,2015년 11월 11일 23시,수요일,대구광역시 달성군 다사읍,중상사고,0,1,0,0,차대사람 - 횡단중,보행자보호의무위반,건조,맑음,단일로 - 기타,승용,남,18세,상해없음,보행자,여,24세,중상
2015111200100019,2015년 11월 12일 00시,목요일,대구광역시 달서구 대천동,중상사고,0,1,0,0,차대차 - 추돌 - 주정차중,안전운전불이행,건조,맑음,교차로 - 교차로부근,승용,남,22세,상해없음,승용,남,43세,중상
2015111200100020,2015년 11월 12일 00시,목요일,대구광역시 중구 동인동3가,중상사고,0,2,0,0,차대차 - 추돌 - 진행중,안전운전불이행,건조,맑음,교차로 - 교차로부근,화물,남,44세,상해없음,이륜,남,70세,중상
2015111200100035,2015년 11월 12일 01시,목요일,대구광역시 달서구 도원동,경상사고,0,0,1,0,차대차 - 측면직각충돌,안전운전불이행,건조,맑음,단일로 - 기타,승용,남,20세,상해없음,승용,남,44세,경상
2015111200100036,2015년 11월 12일 01시,목요일,대구광역시 달성군 현풍면,중상사고,0,1,0,0,차대차 - 추돌 - 주정차중,안전운전불이행,건조,맑음,단일로 - 기타,승용,남,35세,중상,화물,남,42세,기타불명
2015111200100093,2015년 11월 12일 06시,목요일,대구광역시 동구 신암동,부상신고사고,0,0,0,1,차대차 - 추돌 - 주정차중,안전운전불이행,건조,맑음,단일로 - 기타,원동기,남,56세,부상신고,승합,남,55세,상해없음
2015111200100094,2015년 11월 12일 06시,목요일,대구광역시 수성구 두산동,중상사고,0,1,0,0,차대사람 - 횡단중,안전운전불이행,건조,흐림,단일로 - 횡단보도상,승용,남,20세,상해없음,보행자,남,66세,중상
2015111200100095,2015년 11월 12일 06시,목요일,대구광역시 수성구 두산동,부상신고사고,0,0,0,1,차대차 - 기타,안전운전불이행,습기,흐림,교차로 - 교차로안,승용,여,65세,부상신고,승용,남,55세,상해없음
2015111200100096,2015년 11월 12일 06시,목요일,대구광역시 달서구 유천동,부상신고사고,0,0,0,1,차대차 - 추돌 - 진행중,안전운전불이행,건조,맑음,단일로 - 기타,이륜,남,64세,부상신고,화물,남,54세,기타불명
2015111200100097,2015년 11월 12일 06시,목요일,대구광역시 달서구 월성동,부상신고사고,0,0,0,1,차대사람 - 횡단중,보행자보호의무위반,건조,맑음,단일로 - 횡단보도상,기타불명,기타불명,기타불명,기타불명,보행자,남,23세,부상신고
2015111200100098,2015년 11월 12일 06시,목요일,대구광역시 북구 태전동,중상사고,0,1,0,0,차대사람 - 길가장자리구역통행중,안전운전불이행,습기,비,단일로 - 기타,승용,남,49세,상해없음,보행자,여,81세,중상
2015111200100116,2015년 11월 12일 07시,목요일,대구광역시 수성구 만촌동,경상사고,0,0,1,0,차대차 - 기타,안전운전불이행,건조,맑음,교차로 - 교차로부근,승용,여,51세,상해없음,이륜,여,48세,경상
2015111200100199,2015년 11월 12일 09시,목요일,대구광역시 남구 이천동,부상신고사고,0,0,0,1,차대차 - 정면충돌,안전운전불이행,건조,맑음,단일로 - 기타,자전거,남,12세,부상신고,승용,남,62세,상해없음
2015111200100200,2015년 11월 12일 09시,목요일,대구광역시 동구 신암동,경상사고,0,0,1,0,차량단독 - 기타,기타,건조,맑음,단일로 - 기타,승합,남,58세,상해없음,,,,
2015111200100201,2015년 11월 12일 09시,목요일,대구광역시 달서구 상인동,경상사고,0,0,1,0,차대차 - 측면직각충돌,신호위반,건조,맑음,교차로 - 교차로안,승용,남,29세,상해없음,승용,남,57세,경상
2015111200100202,2015년 11월 12일 09시,목요일,대구광역시 서구 비산동,중상사고,0,1,0,0,차대차 - 기타,기타,건조,맑음,단일로 - 기타,승용,남,66세,상해없음,자전거,여,55세,중상
2015111200100236,2015년 11월 12일 10시,목요일,대구광역시 동구 중대동,부상신고사고,0,0,0,1,차량단독 - 공작물충돌,안전운전불이행,건조,맑음,단일로 - 기타,승용,남,66세,상해없음,,,,
2015111200100237,2015년 11월 12일 10시,목요일,대구광역시 수성구 신매동,중상사고,0,1,0,0,차대차 - 추돌 - 주정차중,안전운전불이행,건조,맑음,교차로 - 교차로부근,승용,여,61세,상해없음,승용,여,57세,중상
2015111200100272,2015년 11월 12일 11시,목요일,대구광역시 동구 율하동,경상사고,0,0,1,0,차대차 - 측면직각충돌,기타,건조,맑음,교차로 - 교차로안,특수,남,48세,상해없음,승합,남,66세,경상
2015111200100273,2015년 11월 12일 11시,목요일,대구광역시 동구 부동,경상사고,0,0,1,0,차대차 - 기타,안전운전불이행,건조,맑음,교차로 - 교차로부근,기타불명,기타불명,기타불명,기타불명,자전거,남,72세,경상
2015111200100328,2015년 11월 12일 13시,목요일,대구광역시 동구 신천동,경상사고,0,0,1,0,차대차 - 측면직각충돌,안전운전불이행,건조,맑음,단일로 - 기타,승용,남,47세,상해없음,승용,남,48세,경상
2015111200100329,2015년 11월 12일 13시,목요일,대구광역시 달서구 송현동,부상신고사고,0,0,0,1,차대차 - 기타,기타,건조,맑음,단일로 - 기타,승용,남,64세,상해없음,자전거,남,13세,부상신고
2015111200100330,2015년 11월 12일 13시,목요일,대구광역시 북구 고성동1가,중상사고,0,1,0,0,차대차 - 측면직각충돌,신호위반,건조,흐림,단일로 - 횡단보도상,화물,남,60세,상해없음,자전거,남,69세,중상
2015111200100354,2015년 11월 12일 14시,목요일,대구광역시 남구 대명동,중상사고,0,1,0,0,차대차 - 기타,안전운전불이행,건조,맑음,기타 - 기타,특수,남,40세,상해없음,자전거,여,63세,중상
2015111200100355,2015년 11월 12일 14시,목요일,대구광역시 달서구 상인동,경상사고,0,0,1,0,차대사람 - 기타,안전운전불이행,건조,맑음,단일로 - 기타,자전거,남,17세,상해없음,보행자,여,65세,경상
2015111200100356,2015년 11월 12일 14시,목요일,대구광역시 서구 원대동1가,중상사고,0,1,0,0,차대차 - 측면직각충돌,안전운전불이행,건조,맑음,단일로 - 기타,승용,남,50세,상해없음,자전거,남,84세,중상
2015111200100357,2015년 11월 12일 14시,목요일,대구광역시 중구 덕산동,경상사고,0,0,3,0,차대차 - 측면직각충돌,안전거리미확보,건조,맑음,단일로 - 기타,승용,남,77세,상해없음,승용,남,47세,경상
2015111200100428,2015년 11월 12일 16시,목요일,대구광역시 수성구 만촌동,경상사고,0,0,1,0,차대차 - 추돌 - 주정차중,안전운전불이행,건조,맑음,단일로 - 기타,화물,남,59세,상해없음,자전거,남,12세,경상
2015111200100429,2015년 11월 12일 16시,목요일,대구광역시 북구 매천동,중상사고,0,1,0,0,차량단독 - 기타,안전운전불이행,건조,흐림,기타 - 기타,승용,여,56세,상해없음,,,,
2015111200100481,2015년 11월 12일 17시,목요일,대구광역시 수성구 만촌동,경상사고,0,0,1,0,차대사람 - 횡단중,안전운전불이행,건조,맑음,단일로 - 기타,승용,남,69세,기타불명,보행자,여,13세,경상
2015111200100482,2015년 11월 12일 17시,목요일,대구광역시 서구 비산동,중상사고,0,1,0,0,차량단독 - 기타,기타,건조,맑음,단일로 - 기타,승합,남,50세,상해없음,,,,
2015111200100533,2015년 11월 12일 18시,목요일,대구광역시 동구 신기동,경상사고,0,0,1,0,차대사람 - 횡단중,보행자보호의무위반,건조,맑음,단일로 - 기타,이륜,남,48세,상해없음,보행자,여,60세,경상
2015111200100534,2015년 11월 12일 18시,목요일,대구광역시 달서구 본리동,경상사고,0,0,1,0,차대차 - 측면직각충돌,안전거리미확보,건조,맑음,단일로 - 기타,승용,남,70세,상해없음,승용,남,52세,경상
2015111200100583,2015년 11월 12일 19시,목요일,대구광역시 달성군 가창면,중상사고,0,1,0,0,차대차 - 측면직각충돌,안전운전불이행,건조,맑음,교차로 - 교차로안,승용,남,49세,상해없음,승용,남,67세,중상
2015111200100623,2015년 11월 12일 20시,목요일,대구광역시 수성구 신매동,경상사고,0,0,1,0,차대사람 - 횡단중,신호위반,건조,맑음,교차로 - 교차로부근,이륜,남,15세,상해없음,보행자,남,25세,경상
2015111200100624,2015년 11월 12일 20시,목요일,대구광역시 수성구 수성동1가,경상사고,0,0,1,0,차대사람 - 횡단중,보행자보호의무위반,건조,맑음,교차로 - 교차로안,승용,여,43세,상해없음,보행자,여,53세,경상
2015111200100651,2015년 11월 12일 21시,목요일,대구광역시 북구 침산동,부상신고사고,0,0,0,1,차대차 - 기타,안전운전불이행,건조,맑음,단일로 - 기타,자전거,남,64세,부상신고,승용,여,52세,상해없음
2015111200100652,2015년 11월 12일 21시,목요일,대구광역시 중구 남산동,경상사고,0,0,1,0,차대사람 - 기타,신호위반,습기,비,단일로 - 기타,이륜,남,66세,상해없음,보행자,남,74세,경상
2015111200100653,2015년 11월 12일 21시,목요일,대구광역시 중구 동인동3가,중상사고,0,1,0,0,차대차 - 기타,신호위반,건조,맑음,교차로 - 교차로안,이륜,남,22세,중상,승용,남,53세,상해없음
2015111200100654,2015년 11월 12일 21시,목요일,대구광역시 중구 달성동,경상사고,0,0,2,1,차대차 - 기타,교차로운행방법위반,건조,맑음,교차로 - 교차로안,승용,남,37세,상해없음,승용,남,55세,경상
2015111200100680,2015년 11월 12일 22시,목요일,대구광역시 남구 대명동,경상사고,0,0,1,0,차대사람 - 기타,안전운전불이행,건조,맑음,단일로 - 기타,승용,남,51세,상해없음,보행자,남,47세,경상
2015111200100681,2015년 11월 12일 22시,목요일,대구광역시 수성구 범어동,경상사고,0,0,1,0,차대차 - 추돌 - 주정차중,안전운전불이행,건조,맑음,단일로 - 기타,화물,남,31세,상해없음,승용,남,61세,경상
2015111200100682,2015년 11월 12일 22시,목요일,대구광역시 수성구 매호동,중상사고,0,1,0,0,차대사람 - 기타,안전운전불이행,건조,맑음,단일로 - 기타,승용,남,48세,상해없음,보행자,남,68세,중상
2015111200100683,2015년 11월 12일 22시,목요일,대구광역시 서구 평리동,중상사고,0,2,0,0,차대사람 - 기타,안전운전불이행,건조,맑음,교차로 - 교차로부근,이륜,남,37세,상해없음,보행자,남,44세,중상
2015111200100713,2015년 11월 12일 23시,목요일,대구광역시 달서구 두류동,경상사고,0,0,1,0,차대사람 - 기타,안전운전불이행,건조,맑음,단일로 - 기타,승용,남,26세,기타불명,보행자,남,21세,경상
2015111300100013,2015년 11월 13일 00시,금요일,대구광역시 수성구 황금동,경상사고,0,0,1,0,차대차 - 추돌 - 진행중,안전운전불이행,건조,맑음,단일로 - 기타,승용,남,55세,상해없음,승용,남,23세,경상
2015111300100014,2015년 11월 13일 00시,금요일,대구광역시 달서구 용산동,중상사고,0,1,1,0,차대차 - 정면충돌,직진우회전진행방해,건조,맑음,교차로 - 교차로안,승용,남,51세,상해없음,승용,남,61세,경상
2015111300100032,2015년 11월 13일 01시,금요일,대구광역시 수성구 지산동,부상신고사고,0,0,0,1,차대사람 - 기타,안전운전불이행,건조,맑음,단일로 - 기타,승용,기타불명,기타불명,기타불명,보행자,남,53세,부상신고
2015111300100033,2015년 11월 13일 01시,금요일,대구광역시 수성구 지산동,중상사고,0,1,0,0,차대사람 - 보도통행중,안전운전불이행,건조,흐림,단일로 - 기타,화물,남,36세,상해없음,보행자,여,59세,중상
2015111300100066,2015년 11월 13일 04시,금요일,대구광역시 북구 칠성동1가,경상사고,0,0,1,0,차대차 - 추돌 - 진행중,안전운전불이행,건조,맑음,단일로 - 기타,원동기,남,27세,상해없음,승용,남,67세,상해없음
2015111300100078,2015년 11월 13일 05시,금요일,대구광역시 북구 태전동,부상신고사고,0,0,0,1,차량단독 - 공작물충돌,안전운전불이행,건조,맑음,단일로 - 기타,원동기,여,50세,부상신고,,,,
2015111300100131,2015년 11월 13일 07시,금요일,대구광역시 남구 대명동,경상사고,0,0,2,0,차대차 - 추돌 - 주정차중,안전운전불이행,건조,맑음,단일로 - 기타,승용,남,37세,상해없음,승용,남,63세,경상
2015111300100177,2015년 11월 13일 08시,금요일,대구광역시 동구 지묘동,경상사고,0,0,1,0,차대차 - 기타,중앙선침범,습기,비,단일로 - 기타,특수,남,40세,상해없음,승용,남,49세,경상
2015111300100178,2015년 11월 13일 08시,금요일,대구광역시 수성구 신매동,경상사고,0,0,3,0,차대차 - 측면직각충돌,안전거리미확보,건조,맑음,단일로 - 기타,승용,남,47세,상해없음,승용,남,48세,경상
2015111300100179,2015년 11월 13일 08시,금요일,대구광역시 달서구 대천동,경상사고,0,0,2,0,차대차 - 추돌 - 진행중,안전운전불이행,습기,비,교차로 - 교차로안,승용,남,58세,상해없음,승용,남,45세,경상
2015111300100219,2015년 11월 13일 09시,금요일,대구광역시 수성구 지산동,경상사고,0,0,1,0,차대차 - 추돌 - 진행중,안전거리미확보,습기,비,단일로 - 기타,승용,남,39세,상해없음,승용,여,31세,경상
2015111300100220,2015년 11월 13일 09시,금요일,대구광역시 달서구 대곡동,중상사고,0,1,0,0,차대차 - 기타,안전운전불이행,습기,비,단일로 - 기타,승합,기타불명,기타불명,기타불명,자전거,남,60세,중상
2015111300100221,2015년 11월 13일 09시,금요일,대구광역시 달성군 가창면,경상사고,0,0,1,0,차대사람 - 횡단중,신호위반,습기,비,교차로 - 교차로부근,화물,남,66세,상해없음,보행자,여,59세,경상
2015111300100253,2015년 11월 13일 10시,금요일,대구광역시 수성구 만촌동,경상사고,0,0,1,0,차대차 - 기타,기타,습기,비,단일로 - 기타,승용,남,78세,상해없음,이륜,남,32세,경상
2015111300100309,2015년 11월 13일 12시,금요일,대구광역시 달서구 월성동,경상사고,0,0,1,0,차대차 - 기타,중앙선침범,습기,비,단일로 - 기타,화물,남,63세,상해없음,화물,남,32세,경상
2015111300100345,2015년 11월 13일 13시,금요일,대구광역시 중구 대봉동,경상사고,0,0,1,0,차대사람 - 기타,안전운전불이행,습기,비,단일로 - 기타,승용,여,72세,상해없음,보행자,여,32세,경상
2015111300100380,2015년 11월 13일 14시,금요일,대구광역시 북구 국우동,중상사고,0,1,2,0,차대차 - 측면직각충돌,안전운전불이행,습기,비,단일로 - 기타,화물,남,52세,상해없음,승용,여,55세,경상
2015111300100381,2015년 11월 13일 14시,금요일,대구광역시 북구 서변동,경상사고,0,0,1,0,차대차 - 측면직각충돌,안전운전불이행,습기,비,단일로 - 기타,승용,남,57세,상해없음,이륜,남,56세,경상
2015111300100449,2015년 11월 13일 16시,금요일,대구광역시 달서구 월암동,경상사고,0,0,3,0,차대차 - 기타,차로위반,습기,비,교차로 - 교차로부근,승용,여,46세,경상,승합,남,47세,경상
2015111300100450,2015년 11월 13일 16시,금요일,대구광역시 달서구 본리동,경상사고,0,0,1,0,차대차 - 추돌 - 진행중,안전운전불이행,습기,비,단일로 - 기타,승용,여,43세,상해없음,승용,남,32세,경상
2015111300100511,2015년 11월 13일 17시,금요일,대구광역시 서구 상리동,중상사고,0,2,0,0,차대차 - 추돌 - 진행중,안전운전불이행,습기,비,단일로 - 기타,화물,남,49세,상해없음,승용,남,40세,중상
2015111300100518,2015년 11월 13일 17시,금요일,대구광역시 수성구 범어동,경상사고,0,0,2,1,차대차 - 정면충돌,안전운전불이행,습기,비,단일로 - 기타,승용,남,55세,상해없음,승합,남,25세,경상
2015111300100519,2015년 11월 13일 17시,금요일,대구광역시 달서구 상인동,중상사고,0,1,0,0,차대사람 - 횡단중,보행자보호의무위반,건조,맑음,교차로 - 교차로안,원동기,남,20세,상해없음,보행자,남,67세,중상
2015111300100520,2015년 11월 13일 17시,금요일,대구광역시 달서구 상인동,경상사고,0,0,1,0,차대사람 - 횡단중,보행자보호의무위반,습기,비,단일로 - 횡단보도상,승용,여,27세,상해없음,보행자,여,54세,경상
2015111300100521,2015년 11월 13일 17시,금요일,대구광역시 북구 산격동,경상사고,0,0,2,0,차대사람 - 횡단중,보행자보호의무위반,습기,비,교차로 - 교차로부근,화물,남,79세,상해없음,보행자,남,54세,경상
2015111300100522,2015년 11월 13일 17시,금요일,대구광역시 중구 동문동,경상사고,0,0,1,0,차대차 - 기타,안전운전불이행,습기,비,교차로 - 교차로안,승용,여,37세,상해없음,승용,남,56세,경상
2015111300100523,2015년 11월 13일 17시,금요일,대구광역시 달서구 감삼동,경상사고,0,0,2,0,차대사람 - 기타,안전운전불이행,건조,맑음,단일로 - 기타,승용,여,46세,상해없음,보행자,남,46세,경상
2015111300100625,2015년 11월 13일 18시,금요일,대구광역시 동구 동호동,경상사고,0,0,7,0,차대차 - 기타,안전거리미확보,습기,비,단일로 - 기타,승용,여,43세,상해없음,승합,남,67세,경상
2015111300100626,2015년 11월 13일 18시,금요일,대구광역시 수성구 상동,중상사고,0,1,0,0,차대사람 - 보도통행중,안전운전불이행,건조,맑음,단일로 - 횡단보도부근,이륜,남,68세,상해없음,보행자,여,43세,중상
2015111300100627,2015년 11월 13일 18시,금요일,대구광역시 수성구 범어동,경상사고,0,0,1,0,차대차 - 추돌 - 주정차중,안전운전불이행,건조,맑음,단일로 - 기타,승용,남,33세,상해없음,승용,여,46세,경상
2015111300100628,2015년 11월 13일 18시,금요일,대구광역시 수성구 범어동,경상사고,0,0,2,0,차대차 - 추돌 - 진행중,안전운전불이행,건조,맑음,단일로 - 기타,승용,남,65세,상해없음,승용,남,34세,경상
2015111300100629,2015년 11월 13일 18시,금요일,대구광역시 달서구 송현동,경상사고,0,0,1,0,차대차 - 추돌 - 주정차중,안전운전불이행,습기,비,단일로 - 기타,승용,남,39세,상해없음,승용,여,36세,경상
2015111300100630,2015년 11월 13일 18시,금요일,대구광역시 북구 침산동,중상사고,0,1,0,0,차대사람 - 횡단중,안전운전불이행,습기,비,단일로 - 횡단보도상,승용,남,47세,상해없음,보행자,남,63세,중상
2015111300100631,2015년 11월 13일 18시,금요일,대구광역시 북구 산격동,경상사고,0,0,1,0,차대사람 - 기타,안전운전불이행,건조,맑음,교차로 - 교차로부근,승용,남,29세,상해없음,보행자,남,21세,경상
2015111300100632,2015년 11월 13일 18시,금요일,대구광역시 달서구 신당동,경상사고,0,0,2,0,차대차 - 측면직각충돌,신호위반,습기,비,교차로 - 교차로안,승용,남,33세,경상,승용,남,40세,경상
2015111300100633,2015년 11월 13일 18시,금요일,대구광역시 달서구 두류동,중상사고,0,1,0,0,차대사람 - 횡단중,안전운전불이행,건조,흐림,교차로 - 교차로안,승용,남,64세,상해없음,보행자,남,61세,중상
2015111300100634,2015년 11월 13일 18시,금요일,대구광역시 북구 읍내동,경상사고,0,0,1,0,차대사람 - 횡단중,보행자보호의무위반,습기,비,단일로 - 횡단보도상,승용,여,46세,상해없음,보행자,남,68세,경상
2015111300100705,2015년 11월 13일 19시,금요일,대구광역시 동구 서호동,경상사고,0,0,1,0,차대차 - 측면직각충돌,직진우회전진행방해,습기,비,교차로 - 교차로안,이륜,남,34세,상해없음,자전거,남,53세,경상
2015111300100706,2015년 11월 13일 19시,금요일,대구광역시 동구 신암동,경상사고,0,0,1,0,차대사람 - 기타,안전운전불이행,습기,비,단일로 - 기타,화물,남,48세,상해없음,보행자,여,48세,경상
2015111300100707,2015년 11월 13일 19시,금요일,대구광역시 수성구 사월동,경상사고,0,0,1,0,차대차 - 추돌 - 주정차중,안전거리미확보,습기,비,단일로 - 기타,승용,남,46세,상해없음,승용,남,56세,상해없음
2015111300100708,2015년 11월 13일 19시,금요일,대구광역시 달서구 도원동,경상사고,0,0,1,0,차대사람 - 차도통행중,안전운전불이행,습기,비,교차로 - 교차로부근,승용,여,34세,상해없음,보행자,남,48세,경상
2015111300100709,2015년 11월 13일 19시,금요일,대구광역시 달서구 월암동,중상사고,0,1,1,0,차대사람 - 횡단중,보행자보호의무위반,습기,비,단일로 - 횡단보도상,승용,남,30세,상해없음,보행자,여,23세,중상
2015111300100710,2015년 11월 13일 19시,금요일,대구광역시 달서구 송현동,경상사고,0,0,1,0,차대사람 - 기타,안전운전불이행,습기,비,단일로 - 기타,승용,여,54세,상해없음,보행자,남,16세,경상
2015111300100711,2015년 11월 13일 19시,금요일,대구광역시 달서구 월성동,경상사고,0,0,1,0,차대차 - 측면직각충돌,교차로운행방법위반,건조,맑음,교차로 - 교차로안,승용,여,41세,기타불명,이륜,남,18세,경상
2015111300100712,2015년 11월 13일 19시,금요일,대구광역시 북구 노원동2가,경상사고,0,0,2,0,차대차 - 측면직각충돌,신호위반,건조,맑음,교차로 - 교차로안,승용,남,48세,상해없음,승용,남,32세,경상
2015111300100713,2015년 11월 13일 19시,금요일,대구광역시 서구 중리동,경상사고,0,0,1,0,차대사람 - 기타,안전운전불이행,습기,비,교차로 - 교차로부근,승용,여,57세,상해없음,보행자,남,51세,경상
2015111300100714,2015년 11월 13일 19시,금요일,대구광역시 북구 태전동,중상사고,0,1,0,0,차대사람 - 횡단중,안전운전불이행,습기,비,단일로 - 기타,승용,남,57세,상해없음,보행자,여,74세,중상
2015111300100778,2015년 11월 13일 20시,금요일,대구광역시 동구 신암동,경상사고,0,0,1,1,차대차 - 측면직각충돌,교차로운행방법위반,건조,맑음,교차로 - 교차로부근,승용,여,45세,부상신고,화물,남,29세,경상
2015111300100779,2015년 11월 13일 20시,금요일,대구광역시 수성구 두산동,경상사고,0,0,2,0,차대차 - 추돌 - 주정차중,안전운전불이행,습기,비,교차로 - 교차로부근,승용,여,41세,상해없음,승용,여,38세,경상
2015111300100780,2015년 11월 13일 20시,금요일,대구광역시 달성군 현풍면,중상사고,0,1,0,0,차대차 - 측면직각충돌,신호위반,습기,비,교차로 - 교차로안,이륜,남,47세,중상,승용,남,30세,상해없음
2015111300100835,2015년 11월 13일 21시,금요일,대구광역시 달성군 화원읍,중상사고,0,1,0,0,차대차 - 측면직각충돌,안전운전불이행,건조,맑음,단일로 - 기타,승용,여,41세,상해없음,이륜,남,18세,중상
2015111300100900,2015년 11월 13일 22시,금요일,대구광역시 수성구 황금동,중상사고,0,1,1,0,차대차 - 측면직각충돌,신호위반,습기,비,단일로 - 기타,승용,여,59세,상해없음,승용,남,43세,중상
2015111300100951,2015년 11월 13일 23시,금요일,대구광역시 북구 금호동,경상사고,0,0,1,0,차대차 - 추돌 - 진행중,안전운전불이행,습기,비,단일로 - 기타,승용,남,35세,상해없음,화물,남,46세,경상
2015111300100957,2015년 11월 13일 23시,금요일,대구광역시 동구 효목동,경상사고,0,0,2,0,차대사람 - 기타,보행자보호의무위반,습기,비,단일로 - 횡단보도상,승용,여,59세,상해없음,보행자,여,39세,경상
2015111300100958,2015년 11월 13일 23시,금요일,대구광역시 수성구 신매동,경상사고,0,0,1,0,차대차 - 추돌 - 진행중,안전운전불이행,건조,맑음,단일로 - 기타,승용,남,51세,상해없음,승용,남,68세,경상
2015111300100959,2015년 11월 13일 23시,금요일,대구광역시 달서구 상인동,부상신고사고,0,0,0,1,차량단독 - 기타,안전운전불이행,습기,비,단일로 - 기타,원동기,남,16세,부상신고,,,,
2015111300100960,2015년 11월 13일 23시,금요일,대구광역시 서구 비산동,중상사고,0,2,0,0,차대사람 - 기타,안전운전불이행,습기,비,단일로 - 횡단보도상,승용,남,42세,상해없음,보행자,남,48세,중상
2015111400100034,2015년 11월 14일 00시,토요일,대구광역시 북구 검단동,중상사고,0,3,5,1,차대차 - 측면직각충돌,신호위반,습기,흐림,교차로 - 교차로안,승용,남,26세,부상신고,승합,남,68세,중상
2015111400100072,2015년 11월 14일 01시,토요일,대구광역시 서구 내당동,중상사고,0,1,0,0,차대사람 - 횡단중,안전운전불이행,건조,맑음,단일로 - 기타,승용,남,28세,기타불명,보행자,남,22세,중상
2015111400100073,2015년 11월 14일 01시,토요일,대구광역시 달서구 신당동,중상사고,0,1,2,0,차대차 - 기타,과속,습기,비,교차로 - 교차로부근,승용,남,30세,상해없음,승합,남,45세,경상
2015111400100106,2015년 11월 14일 02시,토요일,대구광역시 수성구 만촌동,중상사고,0,1,1,0,차대차 - 측면직각충돌,교차로운행방법위반,습기,비,교차로 - 교차로안,승용,남,40세,상해없음,승용,남,31세,상해없음
2015111400100107,2015년 11월 14일 02시,토요일,대구광역시 달서구 호산동,중상사고,0,2,0,0,차대차 - 추돌 - 주정차중,안전운전불이행,습기,비,단일로 - 기타,승용,남,28세,상해없음,승용,남,36세,중상
2015111400100162,2015년 11월 14일 04시,토요일,대구광역시 중구 시장북로,경상사고,0,0,2,0,차대차 - 기타,신호위반,습기,흐림,교차로 - 교차로안,승용,남,26세,상해없음,승용,남,58세,경상
2015111400100183,2015년 11월 14일 05시,토요일,대구광역시 중구 동인동1가,경상사고,0,0,4,0,차대차 - 추돌 - 주정차중,신호위반,건조,맑음,교차로 - 교차로안,승용,남,39세,상해없음,승용,남,52세,경상
2015111400100281,2015년 11월 14일 09시,토요일,대구광역시 남구 대명동,경상사고,0,0,1,0,차대차 - 측면직각충돌,차로위반,건조,맑음,단일로 - 기타,승용,남,40세,경상,승용,남,57세,상해없음
2015111400100282,2015년 11월 14일 09시,토요일,대구광역시 수성구 수성동1가,중상사고,0,1,0,0,차대차 - 측면직각충돌,신호위반,건조,맑음,교차로 - 교차로안,승용,남,62세,상해없음,승용,남,65세,중상
2015111400100283,2015년 11월 14일 09시,토요일,대구광역시 달서구 용산동,중상사고,0,1,0,0,차대차 - 기타,안전운전불이행,습기,흐림,기타 - 기타,승용,여,23세,상해없음,이륜,남,31세,중상
2015111400100319,2015년 11월 14일 10시,토요일,대구광역시 남구 봉덕동,경상사고,0,0,2,0,차대차 - 정면충돌,교차로운행방법위반,건조,맑음,교차로 - 교차로안,승용,여,52세,경상,승용,남,59세,경상
2015111400100351,2015년 11월 14일 11시,토요일,대구광역시 달서구 진천동,중상사고,0,1,0,0,차대사람 - 기타,안전운전불이행,건조,맑음,단일로 - 기타,자전거,기타불명,기타불명,기타불명,보행자,남,59세,중상
2015111400100352,2015년 11월 14일 11시,토요일,대구광역시 달성군 다사읍,경상사고,0,0,3,0,차대차 - 측면직각충돌,신호위반,건조,맑음,교차로 - 교차로안,승용,남,74세,경상,승용,남,24세,경상
2015111400100382,2015년 11월 14일 12시,토요일,대구광역시 수성구 범어동,경상사고,0,0,1,0,차대차 - 기타,안전거리미확보,건조,맑음,단일로 - 기타,화물,남,63세,상해없음,이륜,남,52세,경상