사고번호,사고일시,요일,시군구,사고내용,사망자수,중상자수,경상자수,부상신고자수,사고유형,법규위반,노면상태,기상상태,도로형태,가해운전자 차종,가해운전자 성별,가해운전자 연령,가해운전자 상해정도,피해운전자 차종,피해운전자 성별,피해운전자 연령,피해운전자 상해정도
2015112000100539,2015년 11월 20일 18시,금요일,대구광역시 북구 고성동3가,경상사고,0,0,1,0,차대차 - 기타,안전운전불이행,건조,맑음,단일로 - 기타,원동기,남,47세,상해없음,자전거,여,18세,경상
2015112000100598,2015년 11월 20일 19시,금요일,대구광역시 남구 대명동,부상신고사고,0,0,0,1,차대차 - 정면충돌,안전운전불이행,건조,맑음,단일로 - 기타,승용,남,73세,상해없음,원동기,남,20세,부상신고
2015112000100599,2015년 11월 20일 19시,금요일,대구광역시 남구 대명동,경상사고,0,0,1,0,차대사람 - 횡단중,보행자보호의무위반,건조,맑음,교차로 - 교차로부근,승용,여,41세,상해없음,보행자,여,18세,경상
2015112000100600,2015년 11월 20일 19시,금요일,대구광역시 남구 이천동,중상사고,0,1,2,1,차대차 - 추돌 - 주정차중,안전운전불이행,건조,맑음,단일로 - 기타,승용,여,46세,부상신고,승용,남,47세,경상
2015112000100601,2015년 11월 20일 19시,금요일,대구광역시 서구 평리동,경상사고,0,0,1,0,차대차 - 측면직각충돌,차로위반,건조,맑음,교차로 - 교차로부근,승합,남,58세,상해없음,승용,남,62세,상해없음
2015112000100636,2015년 11월 20일 20시,금요일,대구광역시 동구 효목동,중상사고,0,1,1,0,차대차 - 정면충돌,안전운전불이행,건조,맑음,단일로 - 기타,이륜,남,24세,중상,승용,여,34세,경상
2015112000100637,2015년 11월 20일 20시,금요일,대구광역시 달성군 다사읍,중상사고,0,1,0,0,차대차 - 측면직각충돌,중앙선침범,건조,맑음,교차로 - 교차로부근,이륜,기타불명,기타불명,기타불명,자전거,남,15세,중상
2015112000100638,2015년 11월 20일 20시,금요일,대구광역시 달서구 두류동,부상신고사고,0,0,0,1,차대사람 - 기타,안전운전불이행,건조,맑음,교차로 - 교차로부근,승용,기타불명,기타불명,기타불명,보행자,남,50세,부상신고
2015112000100678,2015년 11월 20일 21시,금요일,대구광역시 달성군 화원읍,부상신고사고,0,0,0,1,차대차 - 측면직각충돌,안전운전불이행,건조,맑음,교차로 - 교차로안,자전거,남,13세,부상신고,승용,남,56세,상해없음
2015112000100679,2015년 11월 20일 21시,금요일,대구광역시 중구 동인동1가,경상사고,0,0,1,0,차대차 - 정면충돌,안전운전불이행,건조,맑음,단일로 - 기타,승용,남,45세,상해없음,이륜,남,45세,경상
2015112000100697,2015년 11월 20일 22시,금요일,대구광역시 남구 봉덕동,경상사고,0,0,1,0,차대차 - 측면직각충돌,기타,건조,맑음,교차로 - 교차로안,승용,남,55세,상해없음,승용,남,39세,경상
2015112000100698,2015년 11월 20일 22시,금요일,대구광역시 수성구 상동,경상사고,0,0,2,0,차대차 - 추돌 - 주정차중,안전운전불이행,건조,맑음,교차로 - 교차로부근,승용,남,49세,기타불명,승용,남,33세,경상
2015112000100699,2015년 11월 20일 22시,금요일,대구광역시 서구 내당동,중상사고,0,1,0,1,차대차 - 측면직각충돌,안전거리미확보,건조,맑음,단일로 - 기타,승용,남,24세,부상신고,승용,남,58세,중상
2015112000100733,2015년 11월 20일 23시,금요일,대구광역시 수성구 황금동,경상사고,0,0,1,1,차대차 - 추돌 - 진행중,차로위반,건조,맑음,단일로 - 기타,이륜,남,18세,부상신고,승용,남,41세,경상
2015112000100734,2015년 11월 20일 23시,금요일,대구광역시 달서구 송현동,중상사고,0,1,0,0,차대사람 - 기타,안전운전불이행,건조,맑음,교차로 - 교차로부근,승용,남,23세,상해없음,보행자,남,46세,중상
2015112000100735,2015년 11월 20일 23시,금요일,대구광역시 달서구 용산동,경상사고,0,0,3,0,차대차 - 측면직각충돌,안전운전불이행,건조,맑음,교차로 - 교차로안,승합,남,64세,경상,승용,남,32세,경상
2015112100100019,2015년 11월 21일 00시,토요일,대구광역시 남구 대명동,중상사고,0,1,0,0,차대차 - 기타,안전운전불이행,건조,맑음,교차로 - 교차로안,승용,남,57세,상해없음,승용,여,26세,중상
2015112100100020,2015년 11월 21일 00시,토요일,대구광역시 달서구 월성동,경상사고,0,0,1,0,차대차 - 측면직각충돌,신호위반,건조,맑음,교차로 - 교차로안,원동기,남,18세,경상,승용,여,45세,상해없음
2015112100100021,2015년 11월 21일 00시,토요일,대구광역시 서구 내당동,경상사고,0,0,2,0,차대차 - 기타,안전운전불이행,건조,맑음,단일로 - 기타,승용,남,56세,상해없음,승용,남,54세,경상
2015112100100045,2015년 11월 21일 01시,토요일,대구광역시 서구 비산동,중상사고,0,2,0,0,차대사람 - 기타,안전운전불이행,건조,맑음,교차로 - 교차로부근,승용,남,72세,상해없음,보행자,남,50세,중상
2015112100100071,2015년 11월 21일 02시,토요일,대구광역시 서구 내당동,중상사고,0,1,0,0,차대사람 - 횡단중,안전운전불이행,건조,맑음,교차로 - 교차로부근,승용,남,40세,상해없음,보행자,남,46세,중상
2015112100100083,2015년 11월 21일 03시,토요일,대구광역시 남구 봉덕동,경상사고,0,0,2,0,차대차 - 정면충돌,신호위반,건조,맑음,단일로 - 기타,승용,남,38세,상해없음,원동기,남,18세,경상
2015112100100095,2015년 11월 21일 04시,토요일,대구광역시 동구 각산동,중상사고,0,1,1,0,차량단독 - 기타,안전운전불이행,건조,맑음,단일로 - 기타,이륜,남,17세,중상,,,,
2015112100100096,2015년 11월 21일 04시,토요일,대구광역시 북구 태전동,중상사고,0,2,0,0,차대사람 - 횡단중,안전운전불이행,건조,맑음,단일로 - 기타,승용,남,19세,상해없음,보행자,남,47세,중상
2015112100100133,2015년 11월 21일 06시,토요일,대구광역시 수성구 수성동4가,경상사고,0,0,1,0,차대차 - 추돌 - 주정차중,안전거리미확보,건조,맑음,단일로 - 교량,승용,남,66세,상해없음,승용,남,48세,경상
2015112100100134,2015년 11월 21일 06시,토요일,대구광역시 달서구 송현동,경상사고,0,0,1,0,차대차 - 정면충돌,교차로운행방법위반,건조,맑음,교차로 - 교차로안,승용,남,33세,상해없음,승용,남,74세,경상
2015112100100135,2015년 11월 21일 06시,토요일,대구광역시 서구 평리동,중상사고,0,1,0,0,차대차 - 정면충돌,신호위반,건조,맑음,단일로 - 횡단보도상,승용,여,52세,상해없음,자전거,남,64세,중상
2015112100100136,2015년 11월 21일 06시,토요일,대구광역시 북구 관음동,경상사고,0,0,6,0,차대차 - 측면직각충돌,신호위반,건조,맑음,교차로 - 교차로안,승용,남,54세,상해없음,화물,남,59세,경상
2015112100100174,2015년 11월 21일 08시,토요일,대구광역시 달성군 화원읍,경상사고,0,0,1,0,차대차 - 정면충돌,신호위반,건조,맑음,교차로 - 교차로부근,화물,남,40세,상해없음,승용,남,50세,경상
2015112100100209,2015년 11월 21일 09시,토요일,대구광역시 수성구 수성동2가,중상사고,0,1,0,0,차대차 - 정면충돌,안전운전불이행,건조,맑음,단일로 - 기타,승용,남,50세,상해없음,승합,여,48세,중상
2015112100100271,2015년 11월 21일 11시,토요일,대구광역시 남구 대명동,경상사고,0,0,1,0,차대사람 - 횡단중,보행자보호의무위반,건조,흐림,교차로 - 교차로안,승용,남,79세,상해없음,보행자,여,45세,경상
2015112100100272,2015년 11월 21일 11시,토요일,대구광역시 북구 구암동,중상사고,0,2,0,0,차대차 - 측면직각충돌,안전운전불이행,건조,흐림,교차로 - 교차로부근,승용,남,33세,기타불명,승용,남,47세,중상
2015112100100304,2015년 11월 21일 12시,토요일,대구광역시 남구 대명동,중상사고,0,1,0,0,차대차 - 정면충돌,안전거리미확보,건조,흐림,단일로 - 기타,승용,남,26세,상해없음,이륜,남,17세,중상
2015112100100305,2015년 11월 21일 12시,토요일,대구광역시 남구 이천동,경상사고,0,0,1,0,차대차 - 추돌 - 주정차중,기타,건조,맑음,단일로 - 기타,승용,남,35세,상해없음,원동기,남,59세,경상
2015112100100306,2015년 11월 21일 12시,토요일,대구광역시 달서구 상인동,경상사고,0,0,1,0,차대차 - 정면충돌,교차로운행방법위반,건조,맑음,단일로 - 기타,승용,남,64세,상해없음,승용,남,61세,경상
2015112100100383,2015년 11월 21일 14시,토요일,대구광역시 동구 각산동,부상신고사고,0,0,0,1,차대차 - 기타,안전운전불이행,건조,맑음,단일로 - 기타,자전거,여,64세,부상신고,건설기계,남,51세,상해없음
2015112100100384,2015년 11월 21일 14시,토요일,대구광역시 수성구 수성동4가,경상사고,0,0,1,0,차대차 - 측면직각충돌,안전운전불이행,건조,맑음,단일로 - 기타,승용,남,52세,상해없음,화물,남,56세,상해없음
2015112100100415,2015년 11월 21일 15시,토요일,대구광역시 수성구 노변동,중상사고,0,2,2,0,차대차 - 정면충돌,안전운전불이행,건조,맑음,단일로 - 기타,승용,남,50세,상해없음,승용,남,73세,중상
2015112100100416,2015년 11월 21일 15시,토요일,대구광역시 달성군 화원읍,중상사고,0,1,0,0,차대차 - 추돌 - 진행중,안전운전불이행,건조,맑음,단일로 - 기타,승용,여,43세,상해없음,승용,남,64세,상해없음
2015112100100417,2015년 11월 21일 15시,토요일,대구광역시 달성군 구지면,중상사고,0,1,0,0,차대차 - 기타,안전운전불이행,건조,맑음,단일로 - 기타,기타불명,기타불명,기타불명,기타불명,화물,남,34세,중상
2015112100100418,2015년 11월 21일 15시,토요일,대구광역시 중구 문화동,경상사고,0,0,1,0,차대사람 - 기타,안전운전불이행,건조,흐림,교차로 - 교차로부근,승합,남,45세,상해없음,보행자,남,34세,경상
2015112100100455,2015년 11월 21일 16시,토요일,대구광역시 수성구 범어동,부상신고사고,0,0,0,1,차대차 - 측면직각충돌,안전거리미확보,건조,맑음,단일로 - 기타,승용,남,50세,부상신고,승용,여,36세,상해없음
2015112100100456,2015년 11월 21일 16시,토요일,대구광역시 달서구 신당동,경상사고,0,0,2,0,차대차 - 추돌 - 주정차중,안전거리미확보,건조,맑음,단일로 - 기타,승용,남,35세,상해없음,승용,남,40세,경상
2015112100100511,2015년 11월 21일 17시,토요일,대구광역시 동구 덕곡동,중상사고,0,1,0,0,차대사람 - 횡단중,보행자보호의무위반,건조,맑음,단일로 - 기타,승용,남,67세,상해없음,보행자,남,41세,중상
2015112100100512,2015년 11월 21일 17시,토요일,대구광역시 동구 율하동,경상사고,0,0,5,0,차대차 - 추돌 - 진행중,안전거리미확보,습기,비,단일로 - 기타,승용,남,45세,경상,승용,남,44세,경상
2015112100100513,2015년 11월 21일 17시,토요일,대구광역시 달서구 진천동,부상신고사고,0,0,0,1,차대차 - 정면충돌,안전거리미확보,건조,흐림,단일로 - 기타,이륜,남,21세,부상신고,승용,남,66세,상해없음
2015112100100514,2015년 11월 21일 17시,토요일,대구광역시 달성군 구지면,경상사고,0,0,1,1,차대차 - 측면직각충돌,안전거리미확보,습기,맑음,단일로 - 기타,승용,남,20세,부상신고,이륜,남,24세,경상
2015112100100515,2015년 11월 21일 17시,토요일,대구광역시 달서구 성당동,경상사고,0,0,4,0,차대차 - 추돌 - 진행중,안전운전불이행,건조,맑음,단일로 - 기타,화물,남,67세,상해없음,승용,여,32세,경상
2015112100100568,2015년 11월 21일 18시,토요일,대구광역시 수성구 만촌동,중상사고,0,1,0,0,차대차 - 측면직각충돌,안전운전불이행,건조,맑음,단일로 - 기타,승용,남,41세,상해없음,자전거,남,84세,중상
2015112100100569,2015년 11월 21일 18시,토요일,대구광역시 달서구 두류동,경상사고,0,0,2,0,차대차 - 측면직각충돌,안전거리미확보,습기,비,단일로 - 기타,승용,남,26세,상해없음,승용,남,39세,경상
2015112100100612,2015년 11월 21일 19시,토요일,대구광역시 동구 동호동,경상사고,0,0,1,0,차대차 - 측면직각충돌,안전운전불이행,습기,흐림,교차로 - 교차로안,승용,남,49세,상해없음,이륜,남,52세,경상
2015112100100613,2015년 11월 21일 19시,토요일,대구광역시 동구 지저동,경상사고,0,0,1,0,차대차 - 추돌 - 진행중,안전운전불이행,습기,비,교차로 - 교차로부근,승용,남,50세,상해없음,화물,남,44세,경상
2015112100100614,2015년 11월 21일 19시,토요일,대구광역시 서구 평리동,경상사고,0,0,1,0,차대차 - 정면충돌,안전운전불이행,건조,맑음,단일로 - 기타,승용,남,42세,상해없음,이륜,남,33세,경상
2015112100100615,2015년 11월 21일 19시,토요일,대구광역시 중구 남산동,부상신고사고,0,0,0,1,차대차 - 측면직각충돌,안전거리미확보,습기,비,단일로 - 기타,이륜,남,18세,부상신고,승용,남,56세,상해없음
2015112100100669,2015년 11월 21일 21시,토요일,대구광역시 동구 지저동,경상사고,0,0,1,0,차대사람 - 횡단중,안전운전불이행,건조,맑음,교차로 - 교차로안,승용,남,21세,상해없음,보행자,여,61세,경상
2015112100100670,2015년 11월 21일 21시,토요일,대구광역시 수성구 만촌동,경상사고,0,0,2,0,차대차 - 기타,신호위반,건조,맑음,교차로 - 교차로안,화물,남,40세,상해없음,승용,남,62세,경상
2015112100100671,2015년 11월 21일 21시,토요일,대구광역시 서구 내당동,경상사고,0,0,3,0,차대차 - 추돌 - 진행중,안전거리미확보,건조,맑음,단일로 - 기타,승합,남,43세,상해없음,승용,남,23세,경상
2015112100100700,2015년 11월 21일 22시,토요일,대구광역시 달서구 이곡동,부상신고사고,0,0,0,1,차대사람 - 기타,안전운전불이행,습기,비,단일로 - 기타,승용,남,48세,상해없음,보행자,남,51세,부상신고
2015112100100716,2015년 11월 21일 23시,토요일,대구광역시 북구 복현동,경상사고,0,0,1,0,차대차 - 추돌 - 주정차중,안전운전불이행,건조,맑음,단일로 - 기타,화물,여,57세,상해없음,승용,남,27세,경상
2015112100100717,2015년 11월 21일 23시,토요일,대구광역시 중구 남산동,중상사고,0,1,0,0,차대차 - 정면충돌,안전운전불이행,건조,맑음,교차로 - 교차로부근,승용,남,67세,기타불명,승용,남,59세,중상
2015112200100018,2015년 11월 22일 00시,일요일,대구광역시 서구 중리동,경상사고,0,0,6,1,차대차 - 기타,신호위반,건조,맑음,교차로 - 교차로안,승용,남,45세,부상신고,승용,남,57세,경상
2015112200100054,2015년 11월 22일 02시,일요일,대구광역시 달서구 용산동,경상사고,0,0,2,0,차대차 - 기타,신호위반,건조,맑음,교차로 - 교차로안,승용,남,60세,기타불명,승용,남,37세,경상
2015112200100055,2015년 11월 22일 02시,일요일,대구광역시 북구 읍내동,경상사고,0,0,2,0,차대차 - 측면직각충돌,안전운전불이행,건조,흐림,기타 - 기타,승용,여,41세,상해없음,승용,남,67세,경상
2015112200100085,2015년 11월 22일 04시,일요일,대구광역시 중구 봉산동,경상사고,0,0,1,0,차대차 - 추돌 - 주정차중,안전운전불이행,건조,맑음,단일로 - 기타,승용,남,27세,상해없음,승용,남,26세,경상
2015112200100111,2015년 11월 22일 06시,일요일,대구광역시 북구 서변동,경상사고,0,0,1,0,차대차 - 정면충돌,안전운전불이행,건조,맑음,기타 - 기타,승용,여,60세,경상,승합,남,51세,상해없음
2015112200100136,2015년 11월 22일 08시,일요일,대구광역시 달서구 본동,중상사고,0,1,1,0,차대차 - 측면직각충돌,신호위반,건조,맑음,교차로 - 교차로안,승용,여,46세,상해없음,승용,남,29세,경상
2015112200100151,2015년 11월 22일 09시,일요일,대구광역시 달서구 상인동,경상사고,0,0,1,0,차대차 - 추돌 - 진행중,안전운전불이행,건조,흐림,단일로 - 기타,승합,남,41세,상해없음,승용,남,41세,경상
2015112200100167,2015년 11월 22일 10시,일요일,대구광역시 동구 능성동,경상사고,0,0,1,0,차대사람 - 기타,안전운전불이행,건조,맑음,교차로 - 교차로부근,승용,남,82세,상해없음,보행자,남,29세,경상
2015112200100168,2015년 11월 22일 10시,일요일,대구광역시 북구 복현동,사망사고,1,0,0,0,차대사람 - 횡단중,안전운전불이행,건조,맑음,단일로 - 기타,승용,남,67세,상해없음,보행자,여,69세,사망
2015112200100196,2015년 11월 22일 11시,일요일,대구광역시 달서구 진천동,중상사고,0,3,2,0,차대차 - 추돌 - 주정차중,안전운전불이행,건조,맑음,교차로 - 교차로부근,승용,남,57세,경상,승용,남,49세,중상
2015112200100215,2015년 11월 22일 12시,일요일,대구광역시 동구 신천동,경상사고,0,0,2,0,차대차 - 기타,안전운전불이행,건조,맑음,교차로 - 교차로부근,승용,남,29세,상해없음,화물,남,57세,경상
2015112200100216,2015년 11월 22일 12시,일요일,대구광역시 수성구 범어동,중상사고,0,1,0,0,차대차 - 기타,안전운전불이행,건조,맑음,단일로 - 기타,승용,여,36세,상해없음,이륜,남,83세,중상
2015112200100217,2015년 11월 22일 12시,일요일,대구광역시 달서구 신당동,중상사고,0,2,3,0,차대차 - 측면직각충돌,불법유턴,습기,비,단일로 - 기타,승용,남,53세,상해없음,화물,남,33세,중상
2015112200100246,2015년 11월 22일 13시,일요일,대구광역시 동구 검사동,경상사고,0,0,1,0,차대차 - 정면충돌,안전운전불이행,건조,맑음,단일로 - 기타,승용,남,25세,상해없음,승용,여,28세,경상
2015112200100247,2015년 11월 22일 13시,일요일,대구광역시 달서구 상인동,부상신고사고,0,0,0,1,차대차 - 정면충돌,안전운전불이행,건조,맑음,단일로 - 횡단보도상,기타불명,기타불명,기타불명,기타불명,자전거,남,69세,부상신고
2015112200100248,2015년 11월 22일 13시,일요일,대구광역시 중구 남산동,경상사고,0,0,1,0,차대차 - 측면직각충돌,신호위반,건조,맑음,교차로 - 교차로안,승용,남,31세,상해없음,승용,남,60세,경상
2015112200100271,2015년 11월 22일 14시,일요일,대구광역시 서구 내당동,경상사고,0,0,2,0,차대차 - 측면직각충돌,안전거리미확보,건조,맑음,단일로 - 기타,승용,남,58세,상해없음,이륜,남,17세,경상
2015112200100301,2015년 11월 22일 15시,일요일,대구광역시 달성군 논공읍,경상사고,0,0,1,0,차대차 - 측면직각충돌,안전운전불이행,건조,맑음,단일로 - 기타,승용,여,63세,상해없음,승용,여,39세,경상
2015112200100302,2015년 11월 22일 15시,일요일,대구광역시 중구 동인동3가,부상신고사고,0,0,0,1,차대사람 - 횡단중,안전운전불이행,건조,흐림,단일로 - 기타,원동기,남,13세,기타불명,보행자,여,74세,부상신고
2015112200100303,2015년 11월 22일 15시,일요일,대구광역시 북구 태전동,경상사고,0,0,5,0,차대차 - 측면직각충돌,중앙선침범,건조,맑음,단일로 - 기타,승용,남,39세,경상,승용,남,50세,경상
2015112200100329,2015년 11월 22일 16시,일요일,대구광역시 동구 지묘동,부상신고사고,0,0,0,1,차대차 - 기타,안전거리미확보,건조,맑음,교차로 - 교차로부근,승용,남,72세,상해없음,승용,남,38세,상해없음
2015112200100330,2015년 11월 22일 16시,일요일,대구광역시 달성군 옥포면,경상사고,0,0,4,0,차대차 - 측면직각충돌,신호위반,건조,맑음,교차로 - 교차로안,승용,여,36세,경상,승용,남,35세,경상
2015112200100331,2015년 11월 22일 16시,일요일,대구광역시 달서구 신당동,중상사고,0,1,0,0,차대차 - 측면직각충돌,중앙선침범,건조,맑음,단일로 - 기타,승용,여,55세,상해없음,이륜,남,19세,중상
2015112200100382,2015년 11월 22일 17시,일요일,대구광역시 수성구 범어동,경상사고,0,0,1,0,차대사람 - 기타,안전운전불이행,건조,맑음,단일로 - 기타,승용,남,44세,상해없음,보행자,여,22세,경상
2015112200100427,2015년 11월 22일 18시,일요일,대구광역시 수성구 상동,중상사고,0,2,0,0,차대차 - 정면충돌,차로위반,건조,맑음,단일로 - 기타,승용,남,46세,기타불명,승용,남,45세,중상
2015112200100428,2015년 11월 22일 18시,일요일,대구광역시 수성구 수성동1가,경상사고,0,0,1,0,차대차 - 추돌 - 진행중,안전거리미확보,건조,맑음,단일로 - 횡단보도부근,승합,남,38세,상해없음,원동기,남,17세,경상
2015112200100429,2015년 11월 22일 18시,일요일,대구광역시 북구 칠성동2가,경상사고,0,0,1,0,차대차 - 정면충돌,안전거리미확보,건조,맑음,단일로 - 기타,승용,남,33세,상해없음,이륜,남,19세,경상
2015112200100430,2015년 11월 22일 18시,일요일,대구광역시 북구 읍내동,중상사고,0,1,0,0,차대사람 - 횡단중,안전운전불이행,건조,맑음,교차로 - 교차로안,승용,여,52세,상해없음,보행자,여,75세,중상
2015112200100467,2015년 11월 22일 19시,일요일,대구광역시 달서구 송현동,경상사고,0,0,1,0,차량단독 - 전도전복,안전운전불이행,건조,맑음,단일로 - 기타,자전거,남,41세,경상,,,,
2015112200100511,2015년 11월 22일 20시,일요일,대구광역시 달서구 도원동,중상사고,0,1,0,0,차대사람 - 횡단중,안전운전불이행,건조,흐림,교차로 - 교차로부근,승용,남,20세,상해없음,보행자,여,58세,중상
2015112200100512,2015년 11월 22일 20시,일요일,대구광역시 중구 대신동,경상사고,0,0,1,0,차대차 - 정면충돌,안전거리미확보,건조,맑음,교차로 - 교차로부근,승용,여,46세,상해없음,승용,남,57세,경상
2015112200100513,2015년 11월 22일 20시,일요일,대구광역시 중구 하서동,부상신고사고,0,0,0,1,차대차 - 정면충돌,안전운전불이행,건조,맑음,교차로 - 교차로부근,자전거,남,23세,부상신고,승용,남,63세,상해없음
2015112200100514,2015년 11월 22일 20시,일요일,대구광역시 중구 대봉동,중상사고,0,1,1,0,차대차 - 추돌 - 주정차중,안전거리미확보,건조,맑음,단일로 - 기타,승용,남,43세,상해없음,승용,남,27세,중상
2015112200100515,2015년 11월 22일 20시,일요일,대구광역시 달서구 죽전동,경상사고,0,0,1,0,차대차 - 기타,불법유턴,건조,맑음,교차로 - 교차로부근,승용,남,44세,상해없음,이륜,남,23세,경상
2015112200100587,2015년 11월 22일 22시,일요일,대구광역시 동구 신암동,중상사고,0,1,0,0,차대차 - 정면충돌,안전거리미확보,건조,맑음,단일로 - 기타,승용,남,47세,상해없음,이륜,남,18세,중상
2015112200100588,2015년 11월 22일 22시,일요일,대구광역시 달서구 상인동,경상사고,0,0,2,0,차대차 - 기타,안전거리미확보,건조,맑음,단일로 - 기타,승용,여,49세,경상,원동기,남,19세,경상
2015112200100629,2015년 11월 22일 23시,일요일,대구광역시 동구 서호동,경상사고,0,0,1,0,차대차 - 기타,교차로운행방법위반,건조,맑음,교차로 - 교차로안,승용,남,58세,상해없음,승용,여,29세,상해없음
2015112200100630,2015년 11월 22일 23시,일요일,대구광역시 달서구 본동,중상사고,0,1,0,0,차대사람 - 횡단중,안전운전불이행,건조,맑음,교차로 - 교차로부근,승용,남,31세,상해없음,보행자,남,42세,중상
2015112300100037,2015년 11월 23일 02시,월요일,대구광역시 수성구 지산동,경상사고,0,0,1,0,차대차 - 측면직각충돌,신호위반,건조,맑음,교차로 - 교차로안,승용,남,48세,상해없음,승용,남,55세,경상
2015112300100098,2015년 11월 23일 06시,월요일,대구광역시 남구 대명동,중상사고,0,1,0,0,차대사람 - 횡단중,안전운전불이행,건조,맑음,단일로 - 횡단보도상,승용,남,58세,상해없음,보행자,여,66세,중상
2015112300100132,2015년 11월 23일 07시,월요일,대구광역시 남구 대명동,경상사고,0,0,1,0,차대차 - 정면충돌,교차로운행방법위반,건조,맑음,단일로 - 기타,화물,남,44세,상해없음,이륜,남,59세,경상
2015112300100133,2015년 11월 23일 07시,월요일,대구광역시 동구 신천동,부상신고사고,0,0,0,1,차대차 - 기타,신호위반,건조,맑음,교차로 - 교차로안,자전거,남,54세,부상신고,승용,남,28세,상해없음
2015112300100134,2015년 11월 23일 07시,월요일,대구광역시 서구 비산동,경상사고,0,0,1,0,차대사람 - 횡단중,신호위반,습기,비,단일로 - 횡단보도상,승용,남,69세,상해없음,보행자,남,11세,경상
2015112300100178,2015년 11월 23일 08시,월요일,대구광역시 동구 신암동,중상사고,0,1,0,0,차대사람 - 횡단중,안전운전불이행,건조,맑음,단일로 - 기타,승용,남,66세,상해없음,보행자,여,74세,중상
2015112300100179,2015년 11월 23일 08시,월요일,대구광역시 서구 중리동,경상사고,0,0,1,0,차대차 - 측면직각충돌,안전운전불이행,건조,맑음,단일로 - 기타,승용,여,31세,상해없음,승용,남,24세,경상
2015112300100207,2015년 11월 23일 09시,월요일,대구광역시 수성구 연호동,경상사고,0,0,1,0,차대차 - 측면직각충돌,신호위반,습기,흐림,교차로 - 교차로안,승용,남,60세,상해없음,이륜,남,39세,경상
2015112300100238,2015년 11월 23일 10시,월요일,대구광역시 서구 내당동,경상사고,0,0,1,0,차대차 - 측면직각충돌,신호위반,건조,맑음,교차로 - 교차로안,화물,남,74세,상해없음,승용,남,67세,경상
2015112300100259,2015년 11월 23일 11시,월요일,대구광역시 북구 노원동2가,경상사고,0,0,1,0,차대차 - 측면직각충돌,중앙선침범,습기,흐림,단일로 - 교량,화물,남,54세,상해없음,승용,남,24세,경상
2015112300100260,2015년 11월 23일 11시,월요일,대구광역시 중구 남산동,경상사고,0,0,1,0,차대차 - 추돌 - 진행중,안전거리미확보,건조,맑음,교차로 - 교차로안,화물,남,44세,상해없음,승용,여,34세,경상
2015112300100261,2015년 11월 23일 11시,월요일,대구광역시 달서구 장기동,경상사고,0,0,1,0,차대사람 - 기타,안전운전불이행,건조,맑음,단일로 - 기타,화물,남,46세,상해없음,보행자,남,57세,경상
2015112300100284,2015년 11월 23일 12시,월요일,대구광역시 동구 용계동,경상사고,0,0,1,1,차대차 - 정면충돌,직진우회전진행방해,건조,맑음,교차로 - 교차로부근,승용,여,52세,부상신고,승용,남,30세,경상
2015112300100285,2015년 11월 23일 12시,월요일,대구광역시 동구 율하동,중상사고,0,1,0,0,차대차 - 정면충돌,안전운전불이행,건조,맑음,교차로 - 교차로부근,자전거,여,65세,중상,승용,여,55세,상해없음
2015112300100315,2015년 11월 23일 13시,월요일,대구광역시 달서구 상인동,경상사고,0,0,1,0,차대차 - 정면충돌,안전거리미확보,습기,비,단일로 - 기타,승용,남,66세,상해없음,이륜,남,43세,경상
2015112300100316,2015년 11월 23일 13시,월요일,대구광역시 달서구 용산동,중상사고,0,1,0,0,차대차 - 추돌 - 주정차중,안전운전불이행,건조,맑음,단일로 - 기타,승용,남,61세,상해없음,승용,여,47세,중상
2015112300100339,2015년 11월 23일 14시,월요일,대구광역시 수성구 두산동,경상사고,0,0,1,0,차대차 - 추돌 - 주정차중,안전운전불이행,건조,맑음,단일로 - 기타,승합,남,72세,상해없음,승용,여,38세,경상
2015112300100340,2015년 11월 23일 14시,월요일,대구광역시 서구 내당동,중상사고,0,1,0,0,차량단독 - 기타,안전운전불이행,건조,맑음,단일로 - 기타,승합,남,50세,상해없음,,,,
2015112300100370,2015년 11월 23일 15시,월요일,대구광역시 수성구 범물동,사망사고,1,0,0,0,차대사람 - 횡단중,안전운전불이행,건조,맑음,교차로 - 교차로안,승용,여,51세,상해없음,보행자,여,83세,사망
2015112300100371,2015년 11월 23일 15시,월요일,대구광역시 달서구 송현동,경상사고,0,0,1,0,차대사람 - 횡단중,안전운전불이행,건조,맑음,교차로 - 교차로안,화물,남,61세,상해없음,보행자,남,7세,경상
2015112300100372,2015년 11월 23일 15시,월요일,대구광역시 서구 평리동,중상사고,0,1,0,0,차대차 - 측면직각충돌,신호위반,건조,맑음,교차로 - 교차로안,승용,여,28세,상해없음,이륜,남,45세,중상
2015112300100373,2015년 11월 23일 15시,월요일,대구광역시 달서구 호림동,중상사고,0,1,2,0,차대차 - 추돌 - 진행중,안전운전불이행,건조,흐림,교차로 - 교차로안,승용,남,54세,상해없음,승용,남,54세,중상
2015112300100401,2015년 11월 23일 16시,월요일,대구광역시 북구 복현동,경상사고,0,0,1,0,차대사람 - 기타,안전운전불이행,습기,흐림,단일로 - 기타,승용,여,59세,상해없음,보행자,남,51세,경상
2015112300100402,2015년 11월 23일 16시,월요일,대구광역시 북구 매천동,중상사고,0,1,0,0,차대차 - 측면직각충돌,교차로운행방법위반,건조,맑음,교차로 - 교차로안,승용,남,68세,상해없음,이륜,남,67세,중상