사고번호,사고일시,요일,시군구,사고내용,사망자수,중상자수,경상자수,부상신고자수,사고유형,법규위반,노면상태,기상상태,도로형태,가해운전자 차종,가해운전자 성별,가해운전자 연령,가해운전자 상해정도,피해운전자 차종,피해운전자 성별,피해운전자 연령,피해운전자 상해정도
2015112300100435,2015년 11월 23일 17시,월요일,대구광역시 동구 방촌동,중상사고,0,1,0,0,차대사람 - 차도통행중,안전운전불이행,건조,맑음,단일로 - 기타,승용,남,60세,상해없음,보행자,남,58세,중상
2015112300100436,2015년 11월 23일 17시,월요일,대구광역시 수성구 범물동,경상사고,0,0,1,0,차대차 - 측면직각충돌,안전운전불이행,건조,맑음,교차로 - 교차로안,승용,기타불명,기타불명,기타불명,승용,여,31세,경상
2015112300100437,2015년 11월 23일 17시,월요일,대구광역시 수성구 만촌동,중상사고,0,1,0,0,차대차 - 기타,교차로운행방법위반,건조,맑음,교차로 - 교차로안,승용,여,36세,상해없음,화물,남,42세,중상
2015112300100438,2015년 11월 23일 17시,월요일,대구광역시 달서구 용산동,경상사고,0,0,1,0,차대사람 - 기타,안전운전불이행,건조,맑음,단일로 - 기타,기타불명,기타불명,기타불명,기타불명,보행자,남,16세,경상
2015112300100439,2015년 11월 23일 17시,월요일,대구광역시 북구 태전동,부상신고사고,0,0,0,1,차대사람 - 횡단중,안전운전불이행,건조,맑음,단일로 - 기타,승합,남,56세,상해없음,보행자,남,15세,부상신고
2015112300100498,2015년 11월 23일 18시,월요일,대구광역시 서구 평리동,경상사고,0,0,2,0,차대차 - 정면충돌,안전운전불이행,건조,맑음,단일로 - 기타,승용,남,58세,경상,이륜,남,52세,경상
2015112300100499,2015년 11월 23일 18시,월요일,대구광역시 달서구 두류동,중상사고,0,1,1,0,차대차 - 정면충돌,안전거리미확보,건조,흐림,단일로 - 기타,승용,남,49세,상해없음,승용,여,32세,경상
2015112300100548,2015년 11월 23일 19시,월요일,대구광역시 남구 대명동,경상사고,0,0,1,0,차대사람 - 기타,안전운전불이행,건조,맑음,단일로 - 기타,승용,남,55세,상해없음,보행자,남,54세,경상
2015112300100549,2015년 11월 23일 19시,월요일,대구광역시 수성구 지산동,경상사고,0,0,1,0,차대차 - 추돌 - 진행중,안전거리미확보,건조,맑음,교차로 - 교차로부근,승용,여,59세,상해없음,승용,여,38세,경상
2015112300100550,2015년 11월 23일 19시,월요일,대구광역시 수성구 두산동,중상사고,0,1,0,0,차대차 - 추돌 - 주정차중,안전운전불이행,건조,맑음,교차로 - 교차로부근,승용,남,43세,상해없음,승용,남,60세,중상
2015112300100612,2015년 11월 23일 21시,월요일,대구광역시 북구 산격동,경상사고,0,0,2,0,차대차 - 측면직각충돌,기타,건조,맑음,단일로 - 기타,승용,남,61세,상해없음,원동기,남,20세,경상
2015112300100630,2015년 11월 23일 22시,월요일,대구광역시 중구 대봉동,경상사고,0,0,1,0,차대차 - 측면직각충돌,신호위반,건조,맑음,교차로 - 교차로안,승용,여,51세,상해없음,승용,여,48세,경상
2015112300100648,2015년 11월 23일 23시,월요일,대구광역시 동구 신암동,경상사고,0,0,1,0,차대차 - 정면충돌,안전운전불이행,건조,맑음,단일로 - 기타,승용,남,26세,상해없음,승용,남,48세,경상
2015112300100649,2015년 11월 23일 23시,월요일,대구광역시 달서구 진천동,중상사고,0,1,0,0,차대차 - 정면충돌,안전운전불이행,건조,맑음,교차로 - 교차로부근,승용,남,63세,기타불명,승용,여,50세,중상
2015112300100650,2015년 11월 23일 23시,월요일,대구광역시 달서구 월성동,경상사고,0,0,1,0,차대차 - 측면직각충돌,안전거리미확보,건조,맑음,교차로 - 교차로부근,승용,남,52세,상해없음,승용,여,46세,경상
2015112400100009,2015년 11월 24일 00시,화요일,대구광역시 수성구 수성동4가,중상사고,0,1,1,0,차대차 - 측면직각충돌,안전거리미확보,건조,맑음,교차로 - 교차로부근,승용,남,53세,상해없음,이륜,남,17세,중상
2015112400100010,2015년 11월 24일 00시,화요일,대구광역시 달서구 성당동,중상사고,0,1,2,0,차대차 - 측면직각충돌,과속,건조,맑음,교차로 - 교차로안,승용,남,55세,중상,승용,남,23세,경상
2015112400100035,2015년 11월 24일 02시,화요일,대구광역시 동구 신암동,경상사고,0,0,4,0,차대차 - 기타,신호위반,건조,맑음,교차로 - 교차로안,승용,남,42세,상해없음,승용,남,57세,경상
2015112400100042,2015년 11월 24일 03시,화요일,대구광역시 중구 삼덕동1가,경상사고,0,0,1,0,차대사람 - 길가장자리구역통행중,안전운전불이행,건조,맑음,단일로 - 기타,승용,남,25세,상해없음,보행자,남,26세,경상
2015112400100048,2015년 11월 24일 04시,화요일,대구광역시 달서구 월성동,경상사고,0,0,1,0,차량단독 - 전도전복,안전운전불이행,건조,흐림,단일로 - 기타,이륜,남,28세,경상,,,,
2015112400100057,2015년 11월 24일 05시,화요일,대구광역시 남구 대명동,중상사고,0,1,0,0,차대사람 - 횡단중,안전운전불이행,건조,맑음,단일로 - 기타,승용,남,48세,상해없음,보행자,여,42세,중상
2015112400100058,2015년 11월 24일 05시,화요일,대구광역시 동구 신암동,중상사고,0,1,0,0,차대사람 - 횡단중,보행자보호의무위반,건조,맑음,단일로 - 기타,승용,여,64세,상해없음,보행자,남,78세,중상
2015112400100077,2015년 11월 24일 06시,화요일,대구광역시 서구 내당동,중상사고,0,1,0,0,차대차 - 측면직각충돌,안전운전불이행,건조,맑음,단일로 - 기타,승용,여,43세,상해없음,승용,여,53세,중상
2015112400100096,2015년 11월 24일 07시,화요일,대구광역시 동구 신암동,경상사고,0,0,1,0,차대차 - 정면충돌,안전운전불이행,건조,맑음,미분류 - 미분류,이륜,남,26세,경상,승용,남,30세,상해없음
2015112400100140,2015년 11월 24일 08시,화요일,대구광역시 북구 산격동,경상사고,0,0,3,0,차대차 - 정면충돌,안전운전불이행,건조,맑음,교차로 - 교차로부근,승용,남,62세,상해없음,승합,남,61세,경상
2015112400100166,2015년 11월 24일 09시,화요일,대구광역시 달성군 옥포면,경상사고,0,0,1,0,차대사람 - 기타,안전운전불이행,건조,맑음,교차로 - 교차로부근,화물,남,58세,상해없음,보행자,여,75세,경상
2015112400100167,2015년 11월 24일 09시,화요일,대구광역시 북구 칠성동1가,경상사고,0,0,1,0,차대사람 - 횡단중,안전운전불이행,건조,흐림,단일로 - 기타,승합,남,51세,상해없음,보행자,남,69세,경상
2015112400100168,2015년 11월 24일 09시,화요일,대구광역시 달서구 감삼동,중상사고,0,1,0,0,차대사람 - 횡단중,안전운전불이행,건조,맑음,교차로 - 교차로부근,승용,여,46세,상해없음,보행자,여,22세,중상
2015112400100199,2015년 11월 24일 10시,화요일,대구광역시 남구 이천동,중상사고,0,1,0,0,차대차 - 정면충돌,안전운전불이행,건조,맑음,단일로 - 기타,원동기,남,60세,중상,화물,남,52세,상해없음
2015112400100200,2015년 11월 24일 10시,화요일,대구광역시 남구 봉덕동,경상사고,0,0,1,0,차대차 - 정면충돌,안전거리미확보,건조,맑음,단일로 - 기타,승용,여,53세,상해없음,승용,여,42세,경상
2015112400100201,2015년 11월 24일 10시,화요일,대구광역시 동구 효목동,경상사고,0,0,1,0,차대사람 - 횡단중,안전운전불이행,건조,맑음,단일로 - 기타,승용,남,26세,상해없음,보행자,남,60세,경상
2015112400100202,2015년 11월 24일 10시,화요일,대구광역시 달서구 진천동,경상사고,0,0,4,0,차대차 - 정면충돌,안전운전불이행,건조,맑음,단일로 - 기타,승용,여,49세,경상,승합,여,28세,경상
2015112400100230,2015년 11월 24일 11시,화요일,대구광역시 달서구 성당동,경상사고,0,0,1,0,차대차 - 정면충돌,안전운전불이행,건조,맑음,교차로 - 교차로안,승용,기타불명,기타불명,기타불명,자전거,여,74세,경상
2015112400100251,2015년 11월 24일 12시,화요일,대구광역시 달서구 이곡동,경상사고,0,0,1,0,차대차 - 측면직각충돌,교차로운행방법위반,건조,맑음,교차로 - 교차로안,승용,여,63세,상해없음,승용,여,55세,경상
2015112400100252,2015년 11월 24일 12시,화요일,대구광역시 북구 동천동,경상사고,0,0,2,0,차대차 - 정면충돌,안전운전불이행,건조,맑음,단일로 - 기타,승용,여,27세,경상,승용,여,60세,경상
2015112400100282,2015년 11월 24일 13시,화요일,대구광역시 달서구 파호동,경상사고,0,0,1,0,차대차 - 기타,안전운전불이행,건조,맑음,교차로 - 교차로안,승용,남,26세,기타불명,승용,여,33세,경상
2015112400100317,2015년 11월 24일 14시,화요일,대구광역시 수성구 두산동,경상사고,0,0,1,0,차대차 - 기타,신호위반,건조,맑음,단일로 - 기타,이륜,여,58세,상해없음,승용,여,41세,경상
2015112400100318,2015년 11월 24일 14시,화요일,대구광역시 서구 이현동,경상사고,0,0,1,0,차대차 - 기타,차로위반,건조,맑음,단일로 - 기타,화물,남,48세,상해없음,화물,남,36세,경상
2015112400100345,2015년 11월 24일 15시,화요일,대구광역시 수성구 만촌동,경상사고,0,0,2,0,차대차 - 측면직각충돌,안전운전불이행,건조,맑음,단일로 - 기타,승용,여,53세,경상,승용,여,44세,경상
2015112400100379,2015년 11월 24일 16시,화요일,대구광역시 달성군 논공읍,중상사고,0,3,3,0,차대차 - 추돌 - 주정차중,안전운전불이행,건조,흐림,단일로 - 터널,승합,남,49세,경상,화물,남,61세,중상
2015112400100381,2015년 11월 24일 16시,화요일,대구광역시 서구 내당동,경상사고,0,0,1,0,차대차 - 측면직각충돌,안전거리미확보,건조,맑음,단일로 - 기타,원동기,남,68세,상해없음,승용,여,47세,상해없음
2015112400100482,2015년 11월 24일 18시,화요일,대구광역시 동구 불로동,경상사고,0,0,1,0,차대차 - 기타,안전운전불이행,건조,맑음,교차로 - 교차로부근,승합,남,54세,상해없음,자전거,남,10세,경상
2015112400100483,2015년 11월 24일 18시,화요일,대구광역시 동구 율하동,경상사고,0,0,1,0,차대차 - 추돌 - 진행중,안전운전불이행,건조,맑음,단일로 - 기타,자전거,남,14세,경상,승용,남,46세,상해없음
2015112400100484,2015년 11월 24일 18시,화요일,대구광역시 달서구 상인동,부상신고사고,0,0,0,1,차대차 - 정면충돌,안전운전불이행,건조,맑음,교차로 - 교차로부근,자전거,남,16세,상해없음,원동기,남,16세,부상신고
2015112400100485,2015년 11월 24일 18시,화요일,대구광역시 서구 내당동,부상신고사고,0,0,0,2,차대차 - 기타,교차로운행방법위반,건조,맑음,교차로 - 교차로부근,승용,남,50세,부상신고,승용,여,30세,부상신고
2015112400100486,2015년 11월 24일 18시,화요일,대구광역시 북구 태전동,부상신고사고,0,0,0,1,차대차 - 기타,안전운전불이행,건조,맑음,기타 - 기타,자전거,남,15세,부상신고,화물,남,63세,기타불명
2015112400100487,2015년 11월 24일 18시,화요일,대구광역시 북구 팔달동,경상사고,0,0,3,0,차대차 - 측면직각충돌,교차로운행방법위반,건조,맑음,교차로 - 교차로안,승용,여,51세,경상,승용,남,54세,경상
2015112400100527,2015년 11월 24일 19시,화요일,대구광역시 수성구 황금동,중상사고,0,1,0,1,차대차 - 측면직각충돌,직진우회전진행방해,건조,맑음,교차로 - 교차로안,승용,여,54세,부상신고,이륜,남,27세,중상
2015112400100528,2015년 11월 24일 19시,화요일,대구광역시 달서구 도원동,경상사고,0,0,2,0,차대차 - 측면직각충돌,차로위반,건조,맑음,단일로 - 기타,승용,여,43세,경상,승용,여,62세,경상
2015112400100529,2015년 11월 24일 19시,화요일,대구광역시 중구 삼덕동1가,경상사고,0,0,3,1,차대차 - 추돌 - 진행중,안전거리미확보,건조,맑음,단일로 - 기타,승용,남,65세,부상신고,승용,남,24세,경상
2015112400100530,2015년 11월 24일 19시,화요일,대구광역시 북구 읍내동,경상사고,0,0,1,1,차대차 - 추돌 - 진행중,안전운전불이행,건조,맑음,교차로 - 교차로안,승용,여,63세,부상신고,특수,남,33세,경상
2015112400100531,2015년 11월 24일 19시,화요일,대구광역시 북구 조야동,중상사고,0,1,0,0,차대사람 - 횡단중,안전운전불이행,건조,맑음,단일로 - 기타,승용,남,36세,상해없음,보행자,남,55세,중상
2015112400100561,2015년 11월 24일 20시,화요일,대구광역시 달서구 상인동,경상사고,0,0,1,0,차대차 - 기타,안전거리미확보,건조,맑음,단일로 - 기타,승용,남,51세,상해없음,원동기,남,22세,경상
2015112400100562,2015년 11월 24일 20시,화요일,대구광역시 서구 평리동,경상사고,0,0,1,0,차대차 - 측면직각충돌,신호위반,건조,맑음,교차로 - 교차로안,승용,여,34세,상해없음,승용,여,32세,경상
2015112400100563,2015년 11월 24일 20시,화요일,대구광역시 서구 원대동1가,경상사고,0,0,2,0,차대차 - 측면직각충돌,교차로운행방법위반,건조,흐림,교차로 - 교차로부근,승용,여,34세,경상,승용,남,55세,경상
2015112400100598,2015년 11월 24일 21시,화요일,대구광역시 달서구 본동,경상사고,0,0,1,0,차대차 - 측면직각충돌,안전운전불이행,건조,맑음,단일로 - 기타,승용,남,26세,상해없음,이륜,남,40세,경상
2015112400100641,2015년 11월 24일 22시,화요일,대구광역시 남구 이천동,경상사고,0,0,1,0,차대차 - 측면직각충돌,안전운전불이행,건조,맑음,단일로 - 기타,승용,남,21세,상해없음,승용,남,58세,경상
2015112400100642,2015년 11월 24일 22시,화요일,대구광역시 달서구 월성동,경상사고,0,0,2,0,차대차 - 정면충돌,안전거리미확보,건조,맑음,교차로 - 교차로안,원동기,남,16세,경상,승용,남,25세,상해없음
2015112400100643,2015년 11월 24일 22시,화요일,대구광역시 달성군 다사읍,경상사고,0,0,1,0,차대차 - 측면직각충돌,신호위반,건조,맑음,교차로 - 교차로안,자전거,남,28세,경상,승용,여,35세,상해없음
2015112400100644,2015년 11월 24일 22시,화요일,대구광역시 서구 평리동,중상사고,0,1,0,0,차대차 - 기타,안전운전불이행,건조,맑음,단일로 - 기타,승용,남,51세,상해없음,승용,남,39세,상해없음
2015112500100054,2015년 11월 25일 01시,수요일,대구광역시 달서구 호림동,중상사고,0,1,0,0,차대사람 - 차도통행중,안전운전불이행,건조,맑음,단일로 - 기타,기타불명,기타불명,기타불명,기타불명,보행자,남,46세,중상
2015112500100082,2015년 11월 25일 02시,수요일,대구광역시 남구 대명동,경상사고,0,0,1,0,차대사람 - 횡단중,신호위반,건조,맑음,교차로 - 교차로부근,이륜,남,20세,상해없음,보행자,남,27세,경상
2015112500100083,2015년 11월 25일 02시,수요일,대구광역시 동구 신암동,중상사고,0,1,0,0,차대사람 - 차도통행중,안전운전불이행,건조,맑음,교차로 - 교차로안,승용,남,43세,상해없음,보행자,남,31세,중상
2015112500100100,2015년 11월 25일 03시,수요일,대구광역시 동구 입석동,중상사고,0,2,2,0,차대차 - 측면직각충돌,신호위반,건조,맑음,교차로 - 교차로안,이륜,남,20세,중상,승합,남,51세,경상
2015112500100149,2015년 11월 25일 06시,수요일,대구광역시 남구 이천동,중상사고,0,1,0,0,차대사람 - 횡단중,신호위반,습기,비,교차로 - 교차로안,승합,남,33세,상해없음,보행자,남,54세,중상
2015112500100150,2015년 11월 25일 06시,수요일,대구광역시 수성구 만촌동,경상사고,0,0,1,0,차대차 - 정면충돌,신호위반,건조,흐림,교차로 - 교차로안,승용,남,40세,상해없음,화물,남,63세,경상
2015112500100151,2015년 11월 25일 06시,수요일,대구광역시 북구 칠성동1가,중상사고,0,1,0,0,차대차 - 기타,안전운전불이행,습기,비,단일로 - 기타,기타불명,기타불명,기타불명,기타불명,원동기,남,80세,중상
2015112500100179,2015년 11월 25일 07시,수요일,대구광역시 달서구 상인동,중상사고,0,1,0,0,차대사람 - 횡단중,기타,건조,맑음,단일로 - 기타,승합,남,57세,기타불명,보행자,여,86세,중상
2015112500100222,2015년 11월 25일 08시,수요일,대구광역시 달서구 상인동,경상사고,0,0,2,0,차대차 - 측면직각충돌,안전운전불이행,습기,비,단일로 - 기타,화물,남,57세,기타불명,화물,남,38세,상해없음
2015112500100223,2015년 11월 25일 08시,수요일,대구광역시 중구 남산동,경상사고,0,0,1,0,차대차 - 정면충돌,안전거리미확보,습기,비,교차로 - 교차로부근,승용,여,75세,상해없음,승용,여,39세,경상
2015112500100224,2015년 11월 25일 08시,수요일,대구광역시 중구 덕산동,경상사고,0,0,1,0,차대사람 - 보도통행중,기타,습기,비,단일로 - 기타,자전거,남,15세,상해없음,보행자,여,33세,경상
2015112500100244,2015년 11월 25일 09시,수요일,대구광역시 동구 신서동,경상사고,0,0,1,0,차대차 - 기타,안전거리미확보,습기,맑음,단일로 - 기타,승용,기타불명,기타불명,기타불명,승용,남,24세,경상
2015112500100245,2015년 11월 25일 09시,수요일,대구광역시 달성군 다사읍,경상사고,0,0,3,0,차대차 - 측면직각충돌,기타,습기,비,교차로 - 교차로안,승용,여,48세,경상,승용,여,31세,경상
2015112500100266,2015년 11월 25일 10시,수요일,대구광역시 동구 불로동,중상사고,0,1,0,0,차대사람 - 횡단중,안전운전불이행,건조,맑음,단일로 - 횡단보도상,승용,남,74세,상해없음,보행자,여,60세,중상
2015112500100267,2015년 11월 25일 10시,수요일,대구광역시 수성구 범물동,경상사고,0,0,1,0,차대사람 - 횡단중,보행자보호의무위반,습기,비,단일로 - 횡단보도상,승용,여,27세,상해없음,보행자,여,87세,경상
2015112500100268,2015년 11월 25일 10시,수요일,대구광역시 북구 구암동,경상사고,0,0,1,0,차대차 - 추돌 - 진행중,안전운전불이행,습기,비,단일로 - 기타,승용,여,50세,상해없음,이륜,남,45세,경상
2015112500100312,2015년 11월 25일 12시,수요일,대구광역시 남구 대명동,경상사고,0,0,1,0,차대차 - 정면충돌,안전운전불이행,건조,맑음,단일로 - 기타,승합,남,50세,상해없음,승합,남,57세,경상
2015112500100336,2015년 11월 25일 13시,수요일,대구광역시 북구 침산동,경상사고,0,0,6,0,차대차 - 정면충돌,안전운전불이행,건조,맑음,교차로 - 교차로부근,승용,남,51세,상해없음,승용,여,55세,경상
2015112500100401,2015년 11월 25일 15시,수요일,대구광역시 북구 노원동3가,경상사고,0,0,1,0,차대사람 - 기타,안전운전불이행,건조,맑음,단일로 - 기타,승용,남,50세,상해없음,보행자,남,14세,경상
2015112500100402,2015년 11월 25일 15시,수요일,대구광역시 중구 삼덕동2가,경상사고,0,0,1,0,차대차 - 추돌 - 주정차중,안전운전불이행,건조,맑음,단일로 - 기타,승용,남,42세,상해없음,원동기,여,59세,경상
2015112500100435,2015년 11월 25일 16시,수요일,대구광역시 수성구 두산동,경상사고,0,0,2,0,차대차 - 측면직각충돌,안전운전불이행,건조,맑음,단일로 - 기타,승용,남,59세,상해없음,승용,여,37세,경상
2015112500100493,2015년 11월 25일 17시,수요일,대구광역시 달서구 송현동,경상사고,0,0,1,0,차대차 - 측면직각충돌,신호위반,습기,비,교차로 - 교차로안,승용,여,51세,상해없음,승용,남,68세,경상
2015112500100495,2015년 11월 25일 17시,수요일,대구광역시 서구 내당동,경상사고,0,0,1,0,차대차 - 정면충돌,안전운전불이행,건조,흐림,단일로 - 기타,승용,남,30세,상해없음,승용,여,38세,경상
2015112500100588,2015년 11월 25일 19시,수요일,대구광역시 달서구 상인동,중상사고,0,2,0,0,차대사람 - 기타,안전운전불이행,습기,비,교차로 - 교차로부근,이륜,남,20세,중상,보행자,여,56세,중상
2015112500100630,2015년 11월 25일 20시,수요일,대구광역시 중구 시장북로,중상사고,0,1,0,0,차대차 - 측면직각충돌,교차로운행방법위반,건조,맑음,교차로 - 교차로안,이륜,남,16세,상해없음,이륜,여,38세,중상
2015112500100631,2015년 11월 25일 20시,수요일,대구광역시 북구 태전동,경상사고,0,0,2,0,차대사람 - 기타,안전운전불이행,건조,맑음,기타 - 기타,승용,남,66세,상해없음,보행자,남,68세,경상
2015112500100697,2015년 11월 25일 22시,수요일,대구광역시 동구 불로동,경상사고,0,0,1,0,차대차 - 측면직각충돌,신호위반,건조,맑음,교차로 - 교차로안,승용,남,55세,상해없음,승용,여,48세,경상
2015112500100698,2015년 11월 25일 22시,수요일,대구광역시 달서구 이곡동,중상사고,0,1,1,0,차대차 - 추돌 - 주정차중,안전운전불이행,건조,맑음,교차로 - 교차로부근,승용,남,30세,상해없음,승용,남,46세,중상
2015112500100731,2015년 11월 25일 23시,수요일,대구광역시 남구 대명동,경상사고,0,0,1,0,차대차 - 정면충돌,안전운전불이행,건조,맑음,단일로 - 기타,승용,남,67세,상해없음,이륜,남,20세,경상
2015112600100019,2015년 11월 26일 00시,목요일,대구광역시 달서구 월암동,부상신고사고,0,0,0,1,차대차 - 기타,안전운전불이행,건조,맑음,단일로 - 기타,승용,남,34세,부상신고,화물,남,44세,기타불명
2015112600100020,2015년 11월 26일 00시,목요일,대구광역시 서구 평리동,경상사고,0,0,1,0,차대사람 - 횡단중,보행자보호의무위반,건조,맑음,단일로 - 횡단보도상,화물,남,34세,상해없음,보행자,남,42세,경상
2015112600100021,2015년 11월 26일 00시,목요일,대구광역시 달서구 두류동,경상사고,0,0,1,0,차대사람 - 기타,안전운전불이행,건조,맑음,교차로 - 교차로부근,화물,남,60세,상해없음,보행자,남,57세,경상
2015112600100036,2015년 11월 26일 01시,목요일,대구광역시 중구 대봉동,경상사고,0,0,2,0,차대차 - 측면직각충돌,안전운전불이행,건조,맑음,단일로 - 기타,승용,남,46세,상해없음,승용,남,52세,경상
2015112600100056,2015년 11월 26일 04시,목요일,대구광역시 서구 평리동,경상사고,0,0,2,0,차대차 - 측면직각충돌,신호위반,건조,맑음,교차로 - 교차로안,승용,남,61세,상해없음,승용,남,63세,경상
2015112600100147,2015년 11월 26일 08시,목요일,대구광역시 남구 대명동,경상사고,0,0,3,0,차대차 - 정면충돌,안전운전불이행,건조,맑음,단일로 - 기타,승용,남,58세,상해없음,승용,여,62세,경상
2015112600100148,2015년 11월 26일 08시,목요일,대구광역시 서구 평리동,중상사고,0,1,0,0,차대차 - 정면충돌,중앙선침범,건조,맑음,단일로 - 횡단보도부근,승용,남,75세,상해없음,승용,남,54세,중상
2015112600100149,2015년 11월 26일 08시,목요일,대구광역시 달서구 두류동,중상사고,0,1,0,0,차대차 - 기타,안전운전불이행,건조,맑음,단일로 - 기타,승용,기타불명,기타불명,기타불명,자전거,남,18세,중상
2015112600100150,2015년 11월 26일 08시,목요일,대구광역시 북구 학정동,경상사고,0,0,1,0,차대차 - 측면직각충돌,안전운전불이행,건조,맑음,교차로 - 교차로부근,기타불명,기타불명,기타불명,기타불명,자전거,여,43세,상해없음
2015112600100179,2015년 11월 26일 09시,목요일,대구광역시 동구 신암동,중상사고,0,1,1,0,차대차 - 추돌 - 진행중,안전거리미확보,건조,맑음,교차로 - 교차로부근,승용,남,44세,경상,화물,남,50세,상해없음
2015112600100180,2015년 11월 26일 09시,목요일,대구광역시 북구 구암동,중상사고,0,1,0,0,차대차 - 정면충돌,안전운전불이행,건조,맑음,교차로 - 교차로부근,승용,남,33세,상해없음,자전거,남,74세,중상
2015112600100216,2015년 11월 26일 10시,목요일,대구광역시 동구 각산동,경상사고,0,0,1,0,차대차 - 정면충돌,신호위반,건조,맑음,교차로 - 교차로안,승용,여,60세,상해없음,승용,여,34세,경상
2015112600100217,2015년 11월 26일 10시,목요일,대구광역시 달성군 화원읍,경상사고,0,0,2,0,차대차 - 측면직각충돌,신호위반,건조,맑음,교차로 - 교차로안,승용,여,54세,경상,화물,남,65세,경상
2015112600100243,2015년 11월 26일 11시,목요일,대구광역시 수성구 범어동,경상사고,0,0,1,0,차대차 - 정면충돌,안전운전불이행,건조,맑음,단일로 - 기타,승용,남,48세,상해없음,승용,여,46세,경상
2015112600100299,2015년 11월 26일 13시,목요일,대구광역시 북구 산격동,경상사고,0,0,1,0,차대차 - 정면충돌,신호위반,건조,맑음,교차로 - 교차로안,승용,여,23세,상해없음,화물,남,52세,경상
2015112600100300,2015년 11월 26일 13시,목요일,대구광역시 중구 대신동,중상사고,0,1,1,0,차대차 - 추돌 - 진행중,안전운전불이행,건조,맑음,단일로 - 기타,승용,여,54세,상해없음,승용,여,27세,중상
2015112600100301,2015년 11월 26일 13시,목요일,대구광역시 북구 태전동,경상사고,0,0,1,0,차대차 - 측면직각충돌,안전운전불이행,건조,흐림,교차로 - 교차로안,승용,여,48세,상해없음,승용,여,57세,경상
2015112600100341,2015년 11월 26일 14시,목요일,대구광역시 동구 도학동,경상사고,0,0,2,0,차대차 - 측면직각충돌,신호위반,건조,맑음,교차로 - 교차로안,승합,남,62세,상해없음,승용,남,76세,경상
2015112600100363,2015년 11월 26일 15시,목요일,대구광역시 남구 대명동,경상사고,0,0,1,0,차대차 - 추돌 - 주정차중,안전운전불이행,건조,맑음,기타 - 기타,승용,남,71세,상해없음,자전거,남,79세,경상
2015112600100364,2015년 11월 26일 15시,목요일,대구광역시 동구 효목동,경상사고,0,0,1,0,차대차 - 기타,교차로운행방법위반,건조,맑음,교차로 - 교차로안,승용,여,36세,상해없음,승용,여,44세,경상
2015112600100365,2015년 11월 26일 15시,목요일,대구광역시 달서구 본동,경상사고,0,0,1,0,차대차 - 기타,교차로운행방법위반,건조,맑음,교차로 - 교차로안,승용,여,51세,상해없음,자전거,남,14세,경상
2015112600100366,2015년 11월 26일 15시,목요일,대구광역시 서구 비산동,부상신고사고,0,0,0,1,차대차 - 측면직각충돌,안전운전불이행,건조,맑음,교차로 - 교차로안,이륜,남,73세,부상신고,승용,남,77세,상해없음
2015112600100404,2015년 11월 26일 16시,목요일,대구광역시 동구 방촌동,경상사고,0,0,1,0,차대차 - 기타,안전운전불이행,건조,맑음,단일로 - 기타,화물,남,43세,상해없음,승용,여,29세,경상
2015112600100405,2015년 11월 26일 16시,목요일,대구광역시 중구 덕산동,중상사고,0,2,0,0,차량단독 - 기타,기타,건조,맑음,단일로 - 기타,승용,남,66세,상해없음,,,,
2015112600100406,2015년 11월 26일 16시,목요일,대구광역시 북구 구암동,경상사고,0,0,1,0,차대차 - 정면충돌,교차로운행방법위반,건조,맑음,교차로 - 교차로안,승용,여,39세,상해없음,이륜,남,21세,경상
2015112600100446,2015년 11월 26일 17시,목요일,대구광역시 동구 신천동,경상사고,0,0,2,0,차대차 - 추돌 - 진행중,안전거리미확보,건조,맑음,단일로 - 기타,승용,남,35세,상해없음,승용,남,60세,경상
2015112600100447,2015년 11월 26일 17시,목요일,대구광역시 수성구 노변동,부상신고사고,0,0,0,1,차대차 - 기타,안전거리미확보,건조,맑음,단일로 - 기타,승용,여,24세,기타불명,승합,남,62세,부상신고
2015112600100448,2015년 11월 26일 17시,목요일,대구광역시 중구 남산동,중상사고,0,1,2,0,차대차 - 추돌 - 진행중,안전거리미확보,건조,맑음,단일로 - 기타,승용,여,30세,상해없음,승용,여,57세,중상
2015112600100504,2015년 11월 26일 18시,목요일,대구광역시 수성구 만촌동,중상사고,0,1,0,0,차대사람 - 횡단중,보행자보호의무위반,건조,맑음,단일로 - 횡단보도상,승용,남,42세,상해없음,보행자,남,46세,중상
2015112600100505,2015년 11월 26일 18시,목요일,대구광역시 수성구 두산동,경상사고,0,0,1,0,차대차 - 정면충돌,안전운전불이행,건조,맑음,단일로 - 기타,승용,여,47세,상해없음,승용,남,44세,경상
2015112600100506,2015년 11월 26일 18시,목요일,대구광역시 북구 관음동,경상사고,0,0,1,0,차대차 - 정면충돌,안전운전불이행,건조,맑음,단일로 - 기타,화물,남,30세,상해없음,이륜,남,17세,경상
2015112600100507,2015년 11월 26일 18시,목요일,대구광역시 북구 태전동,경상사고,0,0,1,0,차대차 - 정면충돌,불법유턴,건조,맑음,교차로 - 교차로부근,승용,여,54세,기타불명,이륜,남,18세,경상
2015112600100589,2015년 11월 26일 20시,목요일,대구광역시 달서구 이곡동,경상사고,0,0,6,0,차대차 - 정면충돌,안전운전불이행,건조,맑음,단일로 - 기타,승용,남,42세,상해없음,승합,남,57세,경상