사고번호,사고일시,요일,시군구,사고내용,사망자수,중상자수,경상자수,부상신고자수,사고유형,법규위반,노면상태,기상상태,도로형태,가해운전자 차종,가해운전자 성별,가해운전자 연령,가해운전자 상해정도,피해운전자 차종,피해운전자 성별,피해운전자 연령,피해운전자 상해정도
2015112600100617,2015년 11월 26일 21시,목요일,대구광역시 남구 봉덕동,경상사고,0,0,1,0,차대사람 - 횡단중,안전운전불이행,건조,맑음,교차로 - 교차로안,승용,여,54세,상해없음,보행자,남,45세,경상
2015112600100618,2015년 11월 26일 21시,목요일,대구광역시 수성구 두산동,경상사고,0,0,1,0,차대사람 - 횡단중,보행자보호의무위반,건조,맑음,단일로 - 기타,이륜,남,37세,상해없음,보행자,남,21세,경상
2015112600100619,2015년 11월 26일 21시,목요일,대구광역시 북구 복현동,중상사고,0,1,1,0,차량단독 - 기타,안전운전불이행,건조,맑음,단일로 - 기타,승용,남,59세,상해없음,,,,
2015112600100620,2015년 11월 26일 21시,목요일,대구광역시 북구 동천동,경상사고,0,0,2,0,차대차 - 정면충돌,안전운전불이행,건조,맑음,교차로 - 교차로안,승용,남,46세,기타불명,승용,남,23세,경상
2015112600100659,2015년 11월 26일 22시,목요일,대구광역시 중구 동인동1가,경상사고,0,0,3,0,차대차 - 추돌 - 주정차중,안전운전불이행,건조,맑음,교차로 - 교차로부근,승용,여,27세,상해없음,승용,남,45세,경상
2015112600100690,2015년 11월 26일 23시,목요일,대구광역시 북구 구암동,경상사고,0,0,1,0,차대차 - 추돌 - 주정차중,안전운전불이행,건조,맑음,단일로 - 기타,승용,남,47세,상해없음,승용,남,33세,경상
2015112700100016,2015년 11월 27일 00시,금요일,대구광역시 수성구 지산동,중상사고,0,3,2,0,차대차 - 정면충돌,안전운전불이행,건조,맑음,교차로 - 교차로안,승용,남,54세,중상,승용,남,19세,경상
2015112700100033,2015년 11월 27일 01시,금요일,대구광역시 달서구 용산동,경상사고,0,0,1,0,차대차 - 정면충돌,신호위반,건조,맑음,교차로 - 교차로안,승용,남,31세,상해없음,승용,남,62세,경상
2015112700100051,2015년 11월 27일 02시,금요일,대구광역시 달서구 본동,경상사고,0,0,1,0,차대사람 - 횡단중,안전운전불이행,건조,맑음,단일로 - 기타,기타불명,기타불명,기타불명,기타불명,보행자,여,33세,경상
2015112700100052,2015년 11월 27일 02시,금요일,대구광역시 서구 상리동,경상사고,0,0,1,0,차대차 - 기타,안전운전불이행,건조,맑음,단일로 - 기타,승용,남,33세,상해없음,특수,남,31세,상해없음
2015112700100053,2015년 11월 27일 02시,금요일,대구광역시 북구 매천동,경상사고,0,0,1,0,차대차 - 정면충돌,안전운전불이행,건조,맑음,단일로 - 기타,승용,남,38세,기타불명,승용,남,60세,경상
2015112700100061,2015년 11월 27일 03시,금요일,대구광역시 북구 구암동,중상사고,0,1,2,0,차대차 - 정면충돌,신호위반,건조,흐림,교차로 - 교차로안,이륜,남,18세,경상,승용,남,55세,경상
2015112700100119,2015년 11월 27일 07시,금요일,대구광역시 동구 신기동,중상사고,0,1,0,0,차대차 - 정면충돌,중앙선침범,건조,맑음,교차로 - 교차로부근,화물,남,41세,상해없음,승용,남,35세,중상
2015112700100120,2015년 11월 27일 07시,금요일,대구광역시 서구 중리동,부상신고사고,0,0,0,1,차대사람 - 기타,안전운전불이행,건조,맑음,단일로 - 기타,원동기,기타불명,기타불명,기타불명,보행자,남,19세,부상신고
2015112700100121,2015년 11월 27일 07시,금요일,대구광역시 북구 관음동,중상사고,0,2,1,0,차대차 - 기타,안전운전불이행,건조,맑음,단일로 - 기타,승용,남,28세,상해없음,승용,남,48세,중상
2015112700100166,2015년 11월 27일 08시,금요일,대구광역시 동구 괴전동,경상사고,0,0,1,0,차대사람 - 기타,안전운전불이행,건조,맑음,교차로 - 교차로부근,승용,여,33세,상해없음,보행자,남,21세,경상
2015112700100167,2015년 11월 27일 08시,금요일,대구광역시 수성구 수성동4가,부상신고사고,0,0,0,1,차대차 - 측면직각충돌,신호위반,건조,맑음,교차로 - 교차로안,자전거,남,67세,부상신고,승용,남,65세,상해없음
2015112700100168,2015년 11월 27일 08시,금요일,대구광역시 수성구 만촌동,경상사고,0,0,1,0,차대사람 - 횡단중,안전운전불이행,건조,맑음,단일로 - 기타,승용,여,48세,상해없음,보행자,남,11세,경상
2015112700100169,2015년 11월 27일 08시,금요일,대구광역시 달서구 도원동,경상사고,0,0,1,0,차대차 - 추돌 - 진행중,안전거리미확보,건조,맑음,교차로 - 교차로부근,건설기계,남,57세,상해없음,승용,남,55세,경상
2015112700100170,2015년 11월 27일 08시,금요일,대구광역시 북구 노원동3가,경상사고,0,0,2,0,차대차 - 추돌 - 진행중,안전운전불이행,건조,맑음,단일로 - 기타,승용,여,54세,상해없음,승용,남,55세,경상
2015112700100171,2015년 11월 27일 08시,금요일,대구광역시 서구 비산동,경상사고,0,0,2,0,차대차 - 측면직각충돌,신호위반,건조,맑음,교차로 - 교차로안,화물,남,61세,상해없음,승용,남,55세,경상
2015112700100172,2015년 11월 27일 08시,금요일,대구광역시 서구 평리동,경상사고,0,0,1,0,차대차 - 기타,안전거리미확보,건조,맑음,단일로 - 기타,승합,남,47세,상해없음,승용,여,35세,경상
2015112700100173,2015년 11월 27일 08시,금요일,대구광역시 달서구 본리동,경상사고,0,0,1,0,차대사람 - 횡단중,안전운전불이행,건조,맑음,단일로 - 기타,승용,여,49세,상해없음,보행자,여,10세,경상
2015112700100206,2015년 11월 27일 09시,금요일,대구광역시 동구 신암동,중상사고,0,1,0,0,차대차 - 측면직각충돌,안전운전불이행,건조,맑음,단일로 - 기타,화물,남,47세,상해없음,자전거,여,44세,중상
2015112700100207,2015년 11월 27일 09시,금요일,대구광역시 달서구 두류동,중상사고,0,1,0,0,차대차 - 기타,안전운전불이행,건조,맑음,단일로 - 기타,화물,남,49세,상해없음,자전거,남,77세,중상
2015112700100208,2015년 11월 27일 09시,금요일,대구광역시 달서구 성당동,경상사고,0,0,1,0,차대차 - 정면충돌,기타,건조,맑음,단일로 - 기타,이륜,여,58세,경상,승용,남,42세,상해없음
2015112700100209,2015년 11월 27일 09시,금요일,대구광역시 달서구 감삼동,경상사고,0,0,1,0,차대차 - 추돌 - 주정차중,안전운전불이행,건조,맑음,단일로 - 기타,승용,여,76세,상해없음,승용,남,53세,경상
2015112700100232,2015년 11월 27일 10시,금요일,대구광역시 수성구 신매동,중상사고,0,1,0,0,차대차 - 측면직각충돌,안전운전불이행,건조,맑음,교차로 - 교차로안,승용,남,45세,상해없음,이륜,남,58세,중상
2015112700100233,2015년 11월 27일 10시,금요일,대구광역시 북구 매천동,경상사고,0,0,1,0,차대차 - 정면충돌,안전운전불이행,건조,맑음,단일로 - 기타,화물,남,50세,상해없음,승용,여,37세,경상
2015112700100261,2015년 11월 27일 11시,금요일,대구광역시 남구 대명동,경상사고,0,0,1,0,차대차 - 측면직각충돌,안전운전불이행,건조,맑음,단일로 - 기타,승합,남,33세,상해없음,승용,남,31세,경상
2015112700100289,2015년 11월 27일 12시,금요일,대구광역시 달서구 성당동,경상사고,0,0,1,0,차대사람 - 횡단중,신호위반,건조,맑음,단일로 - 횡단보도상,승용,남,32세,기타불명,보행자,여,78세,경상
2015112700100317,2015년 11월 27일 13시,금요일,대구광역시 달성군 화원읍,중상사고,0,1,0,0,차대사람 - 횡단중,안전운전불이행,건조,맑음,교차로 - 교차로안,승용,남,36세,상해없음,보행자,남,17세,중상
2015112700100318,2015년 11월 27일 13시,금요일,대구광역시 달성군 다사읍,경상사고,0,0,1,0,차대차 - 추돌 - 진행중,신호위반,건조,맑음,교차로 - 교차로안,화물,남,65세,상해없음,승합,남,47세,경상
2015112700100319,2015년 11월 27일 13시,금요일,대구광역시 북구 노원동3가,중상사고,0,1,0,0,차대차 - 정면충돌,안전운전불이행,건조,맑음,단일로 - 기타,승용,남,35세,상해없음,자전거,여,50세,중상
2015112700100320,2015년 11월 27일 13시,금요일,대구광역시 서구 중리동,중상사고,0,1,0,0,차대사람 - 기타,안전운전불이행,건조,맑음,단일로 - 기타,승용,여,41세,상해없음,보행자,여,58세,중상
2015112700100358,2015년 11월 27일 14시,금요일,대구광역시 동구 불로동,경상사고,0,0,1,0,차대사람 - 기타,안전운전불이행,건조,맑음,단일로 - 기타,화물,남,63세,상해없음,보행자,여,60세,경상
2015112700100359,2015년 11월 27일 14시,금요일,대구광역시 달서구 상인동,경상사고,0,0,1,0,차대차 - 정면충돌,안전운전불이행,건조,맑음,교차로 - 교차로부근,화물,남,35세,상해없음,이륜,남,59세,경상
2015112700100360,2015년 11월 27일 14시,금요일,대구광역시 북구 팔달동,중상사고,0,1,1,0,차대차 - 정면충돌,안전운전불이행,건조,맑음,교차로 - 교차로부근,승용,여,53세,중상,승용,남,26세,경상
2015112700100402,2015년 11월 27일 15시,금요일,대구광역시 북구 읍내동,중상사고,0,1,0,0,차대차 - 측면직각충돌,안전운전불이행,건조,맑음,단일로 - 횡단보도상,화물,남,60세,상해없음,자전거,남,79세,중상
2015112700100486,2015년 11월 27일 17시,금요일,대구광역시 동구 신천동,사망사고,1,1,0,0,차대사람 - 횡단중,안전운전불이행,건조,맑음,단일로 - 횡단보도상,승용,남,29세,상해없음,보행자,여,8세,사망
2015112700100487,2015년 11월 27일 17시,금요일,대구광역시 달서구 월성동,경상사고,0,0,2,0,차대차 - 기타,안전거리미확보,건조,맑음,교차로 - 교차로안,승용,여,38세,상해없음,승용,여,53세,경상
2015112700100488,2015년 11월 27일 17시,금요일,대구광역시 달서구 이곡동,경상사고,0,0,1,0,차대차 - 정면충돌,안전운전불이행,건조,맑음,단일로 - 기타,화물,남,48세,상해없음,승합,여,50세,경상
2015112700100540,2015년 11월 27일 18시,금요일,대구광역시 수성구 범어동,중상사고,0,1,0,0,차대사람 - 횡단중,안전운전불이행,건조,맑음,단일로 - 기타,승용,남,64세,상해없음,보행자,여,54세,중상
2015112700100541,2015년 11월 27일 18시,금요일,대구광역시 달서구 송현동,중상사고,0,1,0,0,차대사람 - 횡단중,보행자보호의무위반,건조,맑음,단일로 - 횡단보도상,승용,여,54세,상해없음,보행자,남,15세,중상
2015112700100542,2015년 11월 27일 18시,금요일,대구광역시 서구 내당동,중상사고,0,1,0,0,차대차 - 정면충돌,안전운전불이행,건조,맑음,교차로 - 교차로부근,승용,남,52세,상해없음,승용,남,39세,중상
2015112700100587,2015년 11월 27일 19시,금요일,대구광역시 수성구 신매동,중상사고,0,1,0,1,차대차 - 정면충돌,안전운전불이행,건조,흐림,단일로 - 기타,승용,남,25세,부상신고,화물,남,55세,중상
2015112700100588,2015년 11월 27일 19시,금요일,대구광역시 서구 내당동,경상사고,0,0,1,0,차대사람 - 횡단중,안전운전불이행,건조,맑음,단일로 - 횡단보도부근,승용,여,34세,상해없음,보행자,남,15세,경상
2015112700100682,2015년 11월 27일 21시,금요일,대구광역시 동구 신암동,경상사고,0,0,2,0,차대차 - 정면충돌,안전운전불이행,건조,맑음,단일로 - 기타,승용,여,23세,상해없음,이륜,남,20세,경상
2015112700100683,2015년 11월 27일 21시,금요일,대구광역시 중구 태평로1가,중상사고,0,2,1,0,차대차 - 정면충돌,안전거리미확보,건조,맑음,단일로 - 기타,원동기,남,58세,중상,승용,여,54세,경상
2015112700100684,2015년 11월 27일 21시,금요일,대구광역시 달서구 장기동,경상사고,0,0,3,0,차대차 - 측면직각충돌,안전운전불이행,건조,맑음,교차로 - 교차로부근,승용,남,18세,상해없음,화물,남,44세,경상
2015112700100685,2015년 11월 27일 21시,금요일,대구광역시 달서구 신당동,경상사고,0,0,1,0,차대사람 - 횡단중,안전운전불이행,건조,맑음,교차로 - 교차로안,승용,여,43세,상해없음,보행자,남,24세,경상
2015112700100716,2015년 11월 27일 22시,금요일,대구광역시 동구 신기동,경상사고,0,0,1,0,차대차 - 기타,안전운전불이행,건조,맑음,단일로 - 기타,승용,남,61세,상해없음,이륜,남,21세,경상
2015112700100717,2015년 11월 27일 22시,금요일,대구광역시 수성구 두산동,경상사고,0,0,2,0,차대차 - 정면충돌,중앙선침범,건조,맑음,단일로 - 기타,승용,여,24세,상해없음,이륜,남,18세,경상
2015112700100718,2015년 11월 27일 22시,금요일,대구광역시 서구 비산동,경상사고,0,0,1,0,차대차 - 측면직각충돌,안전운전불이행,건조,맑음,교차로 - 교차로부근,승용,남,38세,상해없음,승용,남,50세,경상
2015112700100719,2015년 11월 27일 22시,금요일,대구광역시 서구 비산동,경상사고,0,0,1,0,차대차 - 기타,안전운전불이행,건조,맑음,단일로 - 기타,승용,남,71세,상해없음,승용,남,41세,경상
2015112700100720,2015년 11월 27일 22시,금요일,대구광역시 북구 태전동,중상사고,0,1,0,0,차대차 - 정면충돌,안전운전불이행,건조,맑음,단일로 - 기타,승용,여,53세,상해없음,자전거,남,14세,중상
2015112700100756,2015년 11월 27일 23시,금요일,대구광역시 달서구 상인동,경상사고,0,0,2,0,차대차 - 정면충돌,안전운전불이행,건조,맑음,교차로 - 교차로안,승용,여,47세,상해없음,승용,남,51세,경상
2015112700100757,2015년 11월 27일 23시,금요일,대구광역시 중구 대봉동,경상사고,0,0,2,0,차대차 - 추돌 - 진행중,안전운전불이행,건조,맑음,단일로 - 기타,승용,남,58세,상해없음,승용,여,28세,경상
2015112700100758,2015년 11월 27일 23시,금요일,대구광역시 북구 동천동,경상사고,0,0,1,0,차대차 - 추돌 - 진행중,안전운전불이행,건조,맑음,단일로 - 기타,이륜,남,17세,상해없음,이륜,남,20세,경상
2015112800100053,2015년 11월 28일 01시,토요일,대구광역시 서구 중리동,중상사고,0,1,0,0,차대사람 - 횡단중,안전운전불이행,건조,맑음,단일로 - 기타,승용,남,31세,상해없음,보행자,남,22세,중상
2015112800100071,2015년 11월 28일 02시,토요일,대구광역시 달서구 상인동,경상사고,0,0,1,0,차대차 - 정면충돌,중앙선침범,건조,맑음,교차로 - 교차로부근,승용,남,33세,상해없음,이륜,남,56세,경상
2015112800100090,2015년 11월 28일 03시,토요일,대구광역시 남구 봉덕동,경상사고,0,0,1,1,차대차 - 추돌 - 주정차중,안전운전불이행,건조,맑음,단일로 - 기타,승용,남,25세,상해없음,승용,여,59세,부상신고
2015112800100091,2015년 11월 28일 03시,토요일,대구광역시 동구 신암동,경상사고,0,0,1,0,차대차 - 기타,안전운전불이행,건조,맑음,교차로 - 교차로부근,승용,남,43세,상해없음,원동기,남,36세,경상
2015112800100117,2015년 11월 28일 05시,토요일,대구광역시 중구 삼덕동1가,경상사고,0,0,1,0,차대사람 - 차도통행중,안전운전불이행,건조,맑음,단일로 - 기타,승용,여,29세,상해없음,보행자,남,21세,경상
2015112800100118,2015년 11월 28일 05시,토요일,대구광역시 중구 태평로2가,부상신고사고,0,0,0,1,차대차 - 추돌 - 진행중,안전운전불이행,건조,맑음,교차로 - 교차로부근,원동기,남,18세,부상신고,승용,남,72세,상해없음
2015112800100132,2015년 11월 28일 06시,토요일,대구광역시 중구 삼덕동1가,경상사고,0,0,1,1,차대사람 - 차도통행중,안전운전불이행,건조,맑음,단일로 - 기타,승용,남,23세,상해없음,보행자,남,19세,부상신고
2015112800100147,2015년 11월 28일 07시,토요일,대구광역시 달서구 상인동,경상사고,0,0,2,0,차대차 - 정면충돌,안전운전불이행,건조,흐림,교차로 - 교차로안,승용,여,25세,경상,승용,여,55세,경상
2015112800100148,2015년 11월 28일 07시,토요일,대구광역시 달서구 상인동,중상사고,0,1,0,0,차대차 - 정면충돌,신호위반,건조,맑음,교차로 - 교차로안,승합,남,71세,상해없음,승용,여,61세,중상
2015112800100149,2015년 11월 28일 07시,토요일,대구광역시 달서구 이곡동,중상사고,0,1,3,0,차대차 - 기타,안전운전불이행,건조,맑음,단일로 - 기타,승용,남,23세,상해없음,승합,남,54세,경상
2015112800100166,2015년 11월 28일 08시,토요일,대구광역시 남구 봉덕동,중상사고,0,1,0,0,차대차 - 정면충돌,안전운전불이행,건조,맑음,단일로 - 기타,승합,남,59세,상해없음,이륜,남,53세,중상
2015112800100167,2015년 11월 28일 08시,토요일,대구광역시 달서구 호산동,중상사고,0,2,0,0,차대차 - 기타,교차로운행방법위반,건조,맑음,교차로 - 교차로안,승용,남,24세,상해없음,원동기,남,30세,중상
2015112800100190,2015년 11월 28일 09시,토요일,대구광역시 달성군 유가면,경상사고,0,0,1,0,차대사람 - 기타,안전운전불이행,건조,맑음,교차로 - 교차로부근,승합,남,32세,상해없음,보행자,남,41세,경상
2015112800100213,2015년 11월 28일 10시,토요일,대구광역시 북구 동천동,경상사고,0,0,1,0,차대차 - 측면직각충돌,신호위반,건조,맑음,교차로 - 교차로안,원동기,남,54세,경상,승용,여,39세,상해없음
2015112800100242,2015년 11월 28일 11시,토요일,대구광역시 남구 봉덕동,부상신고사고,0,0,0,1,차대차 - 추돌 - 진행중,안전거리미확보,건조,맑음,단일로 - 기타,승용,여,19세,상해없음,승용,남,45세,부상신고
2015112800100243,2015년 11월 28일 11시,토요일,대구광역시 북구 구암동,경상사고,0,0,1,0,차대차 - 측면직각충돌,안전거리미확보,건조,맑음,단일로 - 기타,승용,남,52세,상해없음,승용,남,47세,경상
2015112800100284,2015년 11월 28일 12시,토요일,대구광역시 수성구 범어동,경상사고,0,0,1,0,차대차 - 추돌 - 진행중,안전운전불이행,건조,맑음,단일로 - 기타,승용,남,49세,상해없음,원동기,남,18세,경상
2015112800100285,2015년 11월 28일 12시,토요일,대구광역시 달서구 용산동,경상사고,0,0,1,0,차대차 - 정면충돌,안전운전불이행,건조,맑음,교차로 - 교차로부근,승용,여,44세,상해없음,이륜,남,57세,경상
2015112800100306,2015년 11월 28일 13시,토요일,대구광역시 남구 대명동,경상사고,0,0,1,0,차대차 - 정면충돌,안전거리미확보,건조,맑음,단일로 - 기타,승용,남,55세,상해없음,이륜,남,36세,경상
2015112800100307,2015년 11월 28일 13시,토요일,대구광역시 동구 신천동,중상사고,0,1,0,0,차대사람 - 길가장자리구역통행중,안전운전불이행,건조,맑음,단일로 - 기타,승용,남,60세,기타불명,보행자,여,24세,중상
2015112800100308,2015년 11월 28일 13시,토요일,대구광역시 달서구 송현동,중상사고,0,1,0,0,차대차 - 기타,안전운전불이행,건조,맑음,교차로 - 교차로안,이륜,남,18세,중상,승용,남,40세,상해없음
2015112800100309,2015년 11월 28일 13시,토요일,대구광역시 서구 평리동,경상사고,0,0,2,0,차대차 - 정면충돌,안전운전불이행,건조,맑음,교차로 - 교차로안,승용,남,28세,경상,화물,남,46세,경상
2015112800100310,2015년 11월 28일 13시,토요일,대구광역시 북구 태전동,경상사고,0,0,1,0,차량단독 - 기타,기타,건조,맑음,단일로 - 기타,승합,남,50세,기타불명,,,,
2015112800100343,2015년 11월 28일 14시,토요일,대구광역시 달성군 논공읍,경상사고,0,0,1,0,차대차 - 추돌 - 진행중,안전운전불이행,건조,맑음,교차로 - 교차로안,승용,남,20세,상해없음,화물,남,42세,경상
2015112800100344,2015년 11월 28일 14시,토요일,대구광역시 중구 계산동2가,경상사고,0,0,2,0,차대차 - 기타,안전거리미확보,건조,맑음,단일로 - 기타,화물,여,60세,경상,승용,남,58세,경상
2015112800100373,2015년 11월 28일 15시,토요일,대구광역시 달성군 논공읍,중상사고,0,1,0,0,차대차 - 추돌 - 주정차중,안전운전불이행,건조,맑음,교차로 - 교차로부근,화물,여,59세,상해없음,승합,남,31세,중상
2015112800100374,2015년 11월 28일 15시,토요일,대구광역시 중구 삼덕동2가,경상사고,0,0,1,0,차대차 - 정면충돌,안전거리미확보,건조,맑음,단일로 - 기타,승용,남,73세,상해없음,승용,남,40세,경상
2015112800100405,2015년 11월 28일 16시,토요일,대구광역시 남구 봉덕동,중상사고,0,1,0,0,차대사람 - 횡단중,보행자보호의무위반,건조,맑음,교차로 - 교차로안,승용,남,55세,상해없음,보행자,여,74세,중상
2015112800100406,2015년 11월 28일 16시,토요일,대구광역시 수성구 황금동,경상사고,0,0,1,1,차대차 - 정면충돌,신호위반,건조,맑음,교차로 - 교차로안,승용,여,62세,부상신고,화물,남,62세,경상
2015112800100434,2015년 11월 28일 17시,토요일,대구광역시 남구 봉덕동,중상사고,0,1,0,0,차대사람 - 횡단중,안전운전불이행,건조,맑음,교차로 - 교차로부근,승용,남,42세,상해없음,보행자,남,90세 이상,중상
2015112800100435,2015년 11월 28일 17시,토요일,대구광역시 남구 봉덕동,경상사고,0,0,1,0,차대차 - 추돌 - 진행중,안전거리미확보,건조,맑음,단일로 - 기타,승용,남,48세,상해없음,승용,여,42세,경상
2015112800100436,2015년 11월 28일 17시,토요일,대구광역시 동구 각산동,경상사고,0,0,5,1,차대차 - 정면충돌,안전거리미확보,건조,맑음,단일로 - 기타,승용,여,20세,부상신고,화물,남,23세,경상
2015112800100437,2015년 11월 28일 17시,토요일,대구광역시 중구 태평로3가,경상사고,0,0,2,0,차대차 - 측면직각충돌,안전거리미확보,건조,맑음,단일로 - 기타,승용,남,64세,상해없음,승용,남,30세,경상
2015112800100479,2015년 11월 28일 18시,토요일,대구광역시 북구 금호동,경상사고,0,0,1,0,차대차 - 추돌 - 진행중,안전운전불이행,건조,맑음,단일로 - 기타,기타불명,기타불명,기타불명,기타불명,승용,남,40세,경상
2015112800100482,2015년 11월 28일 18시,토요일,대구광역시 동구 각산동,경상사고,0,0,1,0,차대차 - 정면충돌,안전운전불이행,건조,맑음,단일로 - 기타,승용,남,53세,상해없음,자전거,남,14세,경상
2015112800100483,2015년 11월 28일 18시,토요일,대구광역시 서구 비산동,경상사고,0,0,1,0,차대차 - 추돌 - 주정차중,안전운전불이행,건조,맑음,단일로 - 기타,승용,여,50세,상해없음,승용,남,62세,경상
2015112800100555,2015년 11월 28일 20시,토요일,대구광역시 수성구 만촌동,경상사고,0,0,1,0,차대사람 - 횡단중,보행자보호의무위반,건조,맑음,단일로 - 기타,승용,기타불명,기타불명,기타불명,보행자,여,16세,경상
2015112800100556,2015년 11월 28일 20시,토요일,대구광역시 수성구 만촌동,중상사고,0,1,2,0,차대차 - 추돌 - 주정차중,안전운전불이행,건조,맑음,교차로 - 교차로부근,승용,남,59세,상해없음,승용,남,49세,경상
2015112800100557,2015년 11월 28일 20시,토요일,대구광역시 달서구 호림동,중상사고,0,1,0,0,차대사람 - 횡단중,안전운전불이행,건조,맑음,단일로 - 기타,화물,남,39세,상해없음,보행자,여,48세,중상
2015112800100558,2015년 11월 28일 20시,토요일,대구광역시 북구 국우동,경상사고,0,0,1,0,차대차 - 정면충돌,안전거리미확보,건조,맑음,단일로 - 기타,승용,남,39세,상해없음,이륜,남,24세,경상
2015112800100583,2015년 11월 28일 21시,토요일,대구광역시 동구 효목동,부상신고사고,0,0,0,1,차대차 - 추돌 - 주정차중,안전운전불이행,건조,맑음,교차로 - 교차로부근,승용,남,52세,상해없음,승용,남,61세,부상신고
2015112800100584,2015년 11월 28일 21시,토요일,대구광역시 달성군 다사읍,중상사고,0,1,0,0,차대차 - 정면충돌,안전운전불이행,건조,맑음,단일로 - 기타,화물,남,51세,상해없음,승용,여,45세,중상
2015112800100585,2015년 11월 28일 21시,토요일,대구광역시 중구 대신동,부상신고사고,0,0,0,1,차대사람 - 횡단중,안전운전불이행,건조,맑음,단일로 - 기타,승용,남,36세,상해없음,보행자,남,64세,부상신고
2015112800100586,2015년 11월 28일 21시,토요일,대구광역시 달서구 호산동,중상사고,0,1,0,0,차대사람 - 횡단중,기타,건조,맑음,기타 - 기타,기타불명,기타불명,기타불명,기타불명,보행자,남,58세,중상
2015112800100587,2015년 11월 28일 21시,토요일,대구광역시 달서구 호산동,중상사고,0,2,1,0,차대차 - 기타,직진우회전진행방해,건조,맑음,교차로 - 교차로안,승용,남,39세,상해없음,승용,남,25세,상해없음
2015112800100588,2015년 11월 28일 21시,토요일,대구광역시 북구 구암동,경상사고,0,0,2,0,차대차 - 측면직각충돌,안전운전불이행,건조,맑음,단일로 - 기타,이륜,남,21세,상해없음,승용,여,28세,경상
2015112800100630,2015년 11월 28일 23시,토요일,대구광역시 북구 관음동,중상사고,0,1,0,0,차대사람 - 기타,안전운전불이행,건조,맑음,교차로 - 교차로부근,승용,여,34세,상해없음,보행자,남,39세,중상
2015112900100016,2015년 11월 29일 00시,일요일,대구광역시 수성구 지산동,경상사고,0,0,1,0,차대사람 - 횡단중,안전운전불이행,건조,맑음,단일로 - 기타,승용,남,26세,상해없음,보행자,남,22세,경상
2015112900100017,2015년 11월 29일 00시,일요일,대구광역시 달서구 송현동,경상사고,0,0,1,0,차대차 - 추돌 - 주정차중,기타,건조,맑음,단일로 - 기타,승용,남,54세,상해없음,승용,남,44세,경상
2015112900100040,2015년 11월 29일 01시,일요일,대구광역시 수성구 두산동,경상사고,0,0,1,0,차대사람 - 기타,기타,건조,맑음,단일로 - 기타,승용,남,55세,상해없음,보행자,남,49세,경상
2015112900100041,2015년 11월 29일 01시,일요일,대구광역시 북구 침산동,경상사고,0,0,2,0,차대차 - 추돌 - 주정차중,안전운전불이행,건조,맑음,단일로 - 기타,승용,남,61세,상해없음,승용,여,32세,경상
2015112900100042,2015년 11월 29일 01시,일요일,대구광역시 달서구 호림동,중상사고,0,1,2,0,차대차 - 정면충돌,교차로운행방법위반,건조,맑음,교차로 - 교차로안,승용,남,48세,상해없음,승용,남,19세,중상
2015112900100137,2015년 11월 29일 09시,일요일,대구광역시 남구 대명동,경상사고,0,0,2,0,차대차 - 기타,안전운전불이행,건조,맑음,단일로 - 기타,승용,남,35세,상해없음,승용,남,65세,경상
2015112900100138,2015년 11월 29일 09시,일요일,대구광역시 달성군 구지면,중상사고,0,3,0,0,차대차 - 정면충돌,안전운전불이행,건조,맑음,교차로 - 교차로안,화물,남,73세,중상,승용,남,36세,중상
2015112900100139,2015년 11월 29일 09시,일요일,대구광역시 중구 동성로2가,중상사고,0,1,0,0,차대사람 - 횡단중,기타,건조,맑음,단일로 - 기타,승용,남,49세,상해없음,보행자,남,68세,중상
2015112900100161,2015년 11월 29일 10시,일요일,대구광역시 북구 침산동,중상사고,0,1,1,0,차대차 - 정면충돌,안전운전불이행,건조,맑음,교차로 - 교차로부근,승용,남,67세,중상,승용,남,45세,경상
2015112900100162,2015년 11월 29일 10시,일요일,대구광역시 북구 팔달동,경상사고,0,0,1,0,차대차 - 정면충돌,안전운전불이행,건조,맑음,단일로 - 기타,승용,남,26세,상해없음,자전거,여,72세,경상
2015112900100189,2015년 11월 29일 12시,일요일,대구광역시 동구 검사동,경상사고,0,0,1,0,차대차 - 측면직각충돌,안전운전불이행,건조,맑음,단일로 - 기타,승용,남,59세,상해없음,승용,여,50세,경상
2015112900100190,2015년 11월 29일 12시,일요일,대구광역시 북구 노원동2가,중상사고,0,1,3,0,차대차 - 측면직각충돌,안전운전불이행,건조,맑음,교차로 - 교차로안,승용,남,55세,상해없음,승용,남,45세,경상
2015112900100191,2015년 11월 29일 12시,일요일,대구광역시 중구 공평동,경상사고,0,0,1,0,차대사람 - 횡단중,안전운전불이행,건조,맑음,단일로 - 기타,승용,남,27세,기타불명,보행자,남,32세,경상
2015112900100233,2015년 11월 29일 14시,일요일,대구광역시 중구 남산동,경상사고,0,0,2,0,차대차 - 기타,안전운전불이행,건조,맑음,단일로 - 기타,승용,남,44세,상해없음,승용,남,26세,경상
2015112900100268,2015년 11월 29일 15시,일요일,대구광역시 동구 율하동,경상사고,0,0,1,0,차대차 - 측면직각충돌,안전운전불이행,건조,맑음,단일로 - 기타,이륜,남,18세,경상,승용,남,45세,상해없음
2015112900100269,2015년 11월 29일 15시,일요일,대구광역시 달서구 월성동,경상사고,0,0,1,0,차대차 - 정면충돌,안전운전불이행,건조,맑음,단일로 - 기타,원동기,남,20세,경상,승용,남,53세,상해없음