사고번호,사고일시,요일,시군구,사고내용,사망자수,중상자수,경상자수,부상신고자수,사고유형,법규위반,노면상태,기상상태,도로형태,가해운전자 차종,가해운전자 성별,가해운전자 연령,가해운전자 상해정도,피해운전자 차종,피해운전자 성별,피해운전자 연령,피해운전자 상해정도
2015112900100270,2015년 11월 29일 15시,일요일,대구광역시 중구 봉산동,경상사고,0,0,1,0,차대차 - 정면충돌,안전거리미확보,건조,맑음,단일로 - 기타,승용,여,51세,상해없음,승용,남,36세,경상
2015112900100271,2015년 11월 29일 15시,일요일,대구광역시 중구 동성로2가,경상사고,0,0,1,0,차대사람 - 횡단중,안전운전불이행,건조,맑음,단일로 - 기타,승용,여,47세,상해없음,보행자,남,28세,경상
2015112900100305,2015년 11월 29일 16시,일요일,대구광역시 중구 태평로3가,중상사고,0,1,0,0,차대차 - 정면충돌,안전운전불이행,건조,맑음,교차로 - 교차로부근,자전거,남,60세,중상,승합,여,44세,상해없음
2015112900100306,2015년 11월 29일 16시,일요일,대구광역시 중구 사일동,경상사고,0,0,6,0,차대차 - 측면직각충돌,차로위반,건조,맑음,교차로 - 교차로안,승용,남,50세,경상,승용,남,43세,경상
2015112900100342,2015년 11월 29일 17시,일요일,대구광역시 동구 도동,중상사고,0,1,0,0,차대차 - 추돌 - 진행중,안전거리미확보,건조,맑음,단일로 - 기타,승용,남,64세,상해없음,승용,남,41세,중상
2015112900100348,2015년 11월 29일 17시,일요일,대구광역시 수성구 욱수동,경상사고,0,0,1,0,차대사람 - 횡단중,안전운전불이행,건조,맑음,단일로 - 기타,승용,여,53세,상해없음,보행자,남,9세,경상
2015112900100349,2015년 11월 29일 17시,일요일,대구광역시 중구 인교동,중상사고,0,2,4,0,차대차 - 측면직각충돌,직진우회전진행방해,건조,맑음,교차로 - 교차로안,승용,여,63세,중상,승용,남,38세,경상
2015112900100381,2015년 11월 29일 18시,일요일,대구광역시 동구 방촌동,경상사고,0,0,1,0,차대차 - 측면직각충돌,안전거리미확보,건조,맑음,단일로 - 기타,승용,남,50세,상해없음,승용,남,45세,경상
2015112900100383,2015년 11월 29일 18시,일요일,대구광역시 서구 평리동,중상사고,0,1,2,0,차대차 - 추돌 - 주정차중,안전운전불이행,건조,흐림,단일로 - 기타,승용,남,54세,상해없음,승용,남,63세,경상
2015112900100428,2015년 11월 29일 19시,일요일,대구광역시 동구 신평동,경상사고,0,0,2,0,차대차 - 추돌 - 주정차중,안전운전불이행,건조,맑음,단일로 - 기타,승용,남,55세,상해없음,승용,남,50세,경상
2015112900100462,2015년 11월 29일 20시,일요일,대구광역시 수성구 범물동,경상사고,0,0,1,0,차대차 - 정면충돌,교차로운행방법위반,건조,맑음,교차로 - 교차로안,승용,남,26세,상해없음,이륜,남,22세,경상
2015112900100463,2015년 11월 29일 20시,일요일,대구광역시 수성구 범어동,중상사고,0,1,1,0,차대차 - 측면직각충돌,신호위반,건조,맑음,교차로 - 교차로안,이륜,남,18세,중상,승용,남,53세,상해없음
2015112900100488,2015년 11월 29일 21시,일요일,대구광역시 달서구 용산동,경상사고,0,0,2,0,차대차 - 정면충돌,신호위반,건조,맑음,교차로 - 교차로안,원동기,남,37세,기타불명,승용,여,31세,경상
2015112900100514,2015년 11월 29일 22시,일요일,대구광역시 달서구 호림동,중상사고,0,1,1,0,차대차 - 정면충돌,중앙선침범,건조,흐림,단일로 - 기타,승용,남,45세,상해없음,승용,남,54세,상해없음
2015112900100533,2015년 11월 29일 23시,일요일,대구광역시 달서구 상인동,경상사고,0,0,3,0,차대차 - 기타,교차로운행방법위반,건조,맑음,교차로 - 교차로부근,승용,남,65세,상해없음,승용,남,77세,경상
2015112900100534,2015년 11월 29일 23시,일요일,대구광역시 서구 비산동,중상사고,0,2,0,0,차대사람 - 기타,중앙선침범,건조,맑음,단일로 - 기타,원동기,남,44세,상해없음,보행자,여,53세,중상
2015112900100535,2015년 11월 29일 23시,일요일,대구광역시 달서구 감삼동,경상사고,0,0,1,0,차대차 - 측면직각충돌,안전거리미확보,건조,맑음,교차로 - 교차로부근,승용,여,35세,상해없음,승용,남,59세,경상
2015113000100026,2015년 11월 30일 02시,월요일,대구광역시 남구 대명동,중상사고,0,1,0,0,차대차 - 정면충돌,안전거리미확보,건조,맑음,단일로 - 기타,승용,여,62세,상해없음,이륜,여,21세,중상
2015113000100063,2015년 11월 30일 06시,월요일,대구광역시 동구 신암동,중상사고,0,1,2,0,차대차 - 정면충돌,교차로운행방법위반,건조,맑음,교차로 - 교차로안,승용,남,29세,경상,승용,남,74세,경상
2015113000100064,2015년 11월 30일 06시,월요일,대구광역시 북구 복현동,경상사고,0,0,1,0,차대차 - 측면직각충돌,안전운전불이행,건조,맑음,단일로 - 기타,승용,남,65세,상해없음,자전거,남,78세,경상
2015113000100089,2015년 11월 30일 07시,월요일,대구광역시 남구 대명동,경상사고,0,0,1,1,차대차 - 정면충돌,안전거리미확보,건조,맑음,단일로 - 기타,승용,여,38세,부상신고,승용,남,27세,경상
2015113000100090,2015년 11월 30일 07시,월요일,대구광역시 수성구 두산동,중상사고,0,1,0,0,차대차 - 정면충돌,안전운전불이행,건조,맑음,단일로 - 기타,승용,남,63세,상해없음,승용,남,23세,중상
2015113000100091,2015년 11월 30일 07시,월요일,대구광역시 달서구 용산동,경상사고,0,0,1,0,차대차 - 기타,안전운전불이행,건조,맑음,단일로 - 기타,화물,남,54세,상해없음,승용,남,25세,경상
2015113000100205,2015년 11월 30일 10시,월요일,대구광역시 남구 봉덕동,경상사고,0,0,1,0,차대사람 - 횡단중,기타,건조,맑음,단일로 - 기타,승용,남,29세,상해없음,보행자,여,61세,경상
2015113000100206,2015년 11월 30일 10시,월요일,대구광역시 남구 대명동,경상사고,0,0,1,0,차대사람 - 횡단중,안전운전불이행,건조,흐림,단일로 - 기타,자전거,남,76세,상해없음,보행자,남,52세,경상
2015113000100207,2015년 11월 30일 10시,월요일,대구광역시 달서구 송현동,경상사고,0,0,3,0,차대차 - 정면충돌,교차로운행방법위반,건조,맑음,교차로 - 교차로안,승용,남,75세,경상,승용,남,68세,경상
2015113000100208,2015년 11월 30일 10시,월요일,대구광역시 북구 팔달동,경상사고,0,0,1,0,차대차 - 정면충돌,불법유턴,건조,맑음,단일로 - 기타,화물,남,53세,상해없음,화물,남,62세,기타불명
2015113000100243,2015년 11월 30일 11시,월요일,대구광역시 달성군 현풍면,중상사고,0,2,0,0,차대차 - 측면직각충돌,안전운전불이행,건조,맑음,교차로 - 교차로부근,승용,남,64세,상해없음,이륜,남,78세,중상
2015113000100268,2015년 11월 30일 12시,월요일,대구광역시 달서구 월성동,경상사고,0,0,1,0,차대사람 - 횡단중,안전운전불이행,건조,맑음,단일로 - 기타,승용,남,21세,상해없음,보행자,남,56세,경상
2015113000100269,2015년 11월 30일 12시,월요일,대구광역시 북구 읍내동,부상신고사고,0,0,0,1,차대차 - 정면충돌,신호위반,건조,맑음,교차로 - 교차로안,자전거,남,83세,부상신고,승용,남,71세,상해없음
2015113000100336,2015년 11월 30일 14시,월요일,대구광역시 달성군 다사읍서재출장,경상사고,0,0,1,0,차대차 - 정면충돌,안전운전불이행,건조,맑음,단일로 - 기타,승용,남,70세,상해없음,승용,남,49세,경상
2015113000100384,2015년 11월 30일 15시,월요일,대구광역시 달서구 월암동,중상사고,0,2,1,0,차대차 - 측면직각충돌,안전운전불이행,건조,맑음,교차로 - 교차로안,승용,남,54세,경상,화물,남,64세,중상
2015113000100385,2015년 11월 30일 15시,월요일,대구광역시 서구 비산동,경상사고,0,0,1,0,차대사람 - 횡단중,안전운전불이행,건조,맑음,교차로 - 교차로부근,승용,여,59세,상해없음,보행자,여,41세,경상
2015113000100459,2015년 11월 30일 17시,월요일,대구광역시 남구 대명동,경상사고,0,0,1,0,차대사람 - 횡단중,안전운전불이행,건조,맑음,단일로 - 기타,승용,기타불명,기타불명,기타불명,보행자,남,16세,경상
2015113000100460,2015년 11월 30일 17시,월요일,대구광역시 달성군 논공읍,중상사고,0,1,0,0,차대사람 - 횡단중,안전운전불이행,건조,맑음,교차로 - 교차로부근,승합,여,36세,상해없음,보행자,남,66세,중상
2015113000100461,2015년 11월 30일 17시,월요일,대구광역시 달성군 구지면,중상사고,0,1,0,0,차대차 - 추돌 - 진행중,안전운전불이행,건조,맑음,단일로 - 기타,승용,남,37세,상해없음,자전거,남,63세,중상
2015113000100517,2015년 11월 30일 18시,월요일,대구광역시 달서구 상인동,경상사고,0,0,2,0,차대차 - 정면충돌,교차로운행방법위반,건조,맑음,교차로 - 교차로안,승용,여,54세,상해없음,이륜,남,16세,경상
2015113000100518,2015년 11월 30일 18시,월요일,대구광역시 달서구 도원동,경상사고,0,0,1,0,차대차 - 정면충돌,안전운전불이행,건조,맑음,단일로 - 기타,승용,남,71세,상해없음,자전거,남,8세,경상
2015113000100519,2015년 11월 30일 18시,월요일,대구광역시 북구 학정동,경상사고,0,0,1,0,차대차 - 추돌 - 진행중,안전운전불이행,건조,맑음,교차로 - 교차로안,승용,여,42세,상해없음,승용,여,46세,경상
2015113000100520,2015년 11월 30일 18시,월요일,대구광역시 북구 매천동,부상신고사고,0,0,0,1,차대차 - 추돌 - 진행중,안전운전불이행,건조,맑음,단일로 - 기타,승용,남,50세,상해없음,승용,여,35세,부상신고
2015113000100562,2015년 11월 30일 19시,월요일,대구광역시 수성구 신매동,중상사고,0,2,0,0,차대차 - 정면충돌,중앙선침범,건조,맑음,단일로 - 기타,승용,여,44세,상해없음,승용,남,57세,중상
2015113000100563,2015년 11월 30일 19시,월요일,대구광역시 수성구 신매동,경상사고,0,0,2,0,차대차 - 추돌 - 진행중,교차로운행방법위반,건조,맑음,교차로 - 교차로안,승용,여,54세,상해없음,승용,여,42세,경상
2015113000100564,2015년 11월 30일 19시,월요일,대구광역시 서구 비산동,부상신고사고,0,0,0,1,차대사람 - 기타,보행자보호의무위반,건조,맑음,단일로 - 횡단보도상,원동기,기타불명,기타불명,기타불명,보행자,남,55세,부상신고
2015113000100606,2015년 11월 30일 20시,월요일,대구광역시 남구 대명동,경상사고,0,0,1,0,차대차 - 기타,안전운전불이행,건조,맑음,교차로 - 교차로부근,승용,남,70세,상해없음,승용,남,55세,경상
2015113000100607,2015년 11월 30일 20시,월요일,대구광역시 수성구 지산동,경상사고,0,0,3,0,차대차 - 추돌 - 진행중,신호위반,건조,맑음,교차로 - 교차로안,승용,여,62세,상해없음,승용,남,50세,경상
2015113000100608,2015년 11월 30일 20시,월요일,대구광역시 달서구 이곡동,중상사고,0,1,0,0,차대차 - 측면직각충돌,안전거리미확보,건조,맑음,단일로 - 기타,승용,남,57세,상해없음,이륜,남,17세,중상
2015113000100641,2015년 11월 30일 21시,월요일,대구광역시 달서구 대곡동,중상사고,0,1,0,0,차대차 - 측면직각충돌,신호위반,건조,맑음,교차로 - 교차로안,승용,남,44세,상해없음,승용,여,45세,중상
2015113000100642,2015년 11월 30일 21시,월요일,대구광역시 달서구 호산동,경상사고,0,0,2,0,차대차 - 정면충돌,직진우회전진행방해,건조,맑음,교차로 - 교차로안,승용,남,24세,경상,이륜,남,28세,경상
2015113000100669,2015년 11월 30일 22시,월요일,대구광역시 동구 동호동,경상사고,0,0,1,0,차대차 - 기타,안전거리미확보,건조,맑음,단일로 - 기타,승용,여,45세,상해없음,원동기,남,17세,경상
2015113000100670,2015년 11월 30일 22시,월요일,대구광역시 수성구 만촌동,경상사고,0,0,1,0,차대차 - 추돌 - 주정차중,안전운전불이행,건조,맑음,단일로 - 기타,승용,남,48세,상해없음,승용,남,31세,경상
2015113000100671,2015년 11월 30일 22시,월요일,대구광역시 수성구 범어동,중상사고,0,1,1,2,차대차 - 정면충돌,불법유턴,건조,맑음,단일로 - 기타,승용,남,57세,경상,승용,여,37세,중상
2015113000100672,2015년 11월 30일 22시,월요일,대구광역시 북구 관음동,경상사고,0,0,2,0,차대차 - 정면충돌,직진우회전진행방해,건조,맑음,교차로 - 교차로안,이륜,남,21세,경상,승용,남,53세,경상
2015113000100673,2015년 11월 30일 22시,월요일,대구광역시 북구 관음동,부상신고사고,0,0,0,1,차대차 - 정면충돌,교차로운행방법위반,건조,맑음,교차로 - 교차로안,승용,남,34세,상해없음,이륜,남,19세,부상신고
2015113000100697,2015년 11월 30일 23시,월요일,대구광역시 남구 이천동,경상사고,0,0,1,0,차대차 - 기타,교차로운행방법위반,건조,맑음,단일로 - 기타,승용,남,50세,상해없음,자전거,남,43세,경상
2015113000100698,2015년 11월 30일 23시,월요일,대구광역시 동구 효목동,중상사고,0,1,0,0,차대사람 - 기타,안전운전불이행,건조,맑음,단일로 - 기타,승용,남,41세,상해없음,보행자,여,63세,중상
2015113000100699,2015년 11월 30일 23시,월요일,대구광역시 북구 산격동,경상사고,0,0,1,0,차대차 - 기타,안전운전불이행,건조,맑음,교차로 - 교차로안,이륜,남,18세,상해없음,이륜,남,27세,경상
2015113000100700,2015년 11월 30일 23시,월요일,대구광역시 중구 동산동,경상사고,0,0,1,0,차대차 - 측면직각충돌,신호위반,건조,맑음,교차로 - 교차로부근,승용,남,52세,상해없음,승용,남,28세,경상
2015120100100053,2015년 12월 1일 04시,화요일,대구광역시 수성구 파동,중상사고,0,2,0,0,차량단독 - 전도전복,안전운전불이행,건조,맑음,단일로 - 기타,승용,여,56세,상해없음,,,,
2015120100100089,2015년 12월 1일 06시,화요일,대구광역시 달서구 성당동,중상사고,0,1,0,0,차대차 - 기타,안전운전불이행,건조,맑음,교차로 - 교차로부근,승용,여,54세,기타불명,승용,여,58세,중상
2015120100100110,2015년 12월 1일 07시,화요일,대구광역시 달성군 구지면,중상사고,0,1,0,0,차대차 - 정면충돌,안전운전불이행,건조,맑음,교차로 - 교차로안,건설기계,남,61세,상해없음,승용,남,48세,중상
2015120100100145,2015년 12월 1일 08시,화요일,대구광역시 중구 남성로,경상사고,0,0,2,0,차대차 - 정면충돌,교차로운행방법위반,건조,맑음,교차로 - 교차로안,승용,여,26세,경상,승용,남,63세,상해없음
2015120100100169,2015년 12월 1일 09시,화요일,대구광역시 달서구 월성동,경상사고,0,0,2,0,차대차 - 정면충돌,안전거리미확보,건조,흐림,단일로 - 기타,승용,여,36세,상해없음,승용,남,21세,경상
2015120100100170,2015년 12월 1일 09시,화요일,대구광역시 달서구 용산동,경상사고,0,0,1,0,차대차 - 정면충돌,교차로운행방법위반,건조,맑음,교차로 - 교차로안,이륜,남,38세,경상,승용,남,66세,기타불명
2015120100100201,2015년 12월 1일 10시,화요일,대구광역시 달서구 본동,중상사고,0,1,2,0,차대차 - 기타,안전거리미확보,건조,맑음,단일로 - 기타,승용,여,34세,경상,이륜,남,24세,중상
2015120100100202,2015년 12월 1일 10시,화요일,대구광역시 북구 동천동,중상사고,0,1,2,0,차대차 - 정면충돌,안전거리미확보,건조,맑음,단일로 - 기타,화물,남,44세,상해없음,승용,여,57세,상해없음
2015120100100229,2015년 12월 1일 11시,화요일,대구광역시 달서구 감삼동,경상사고,0,0,1,0,차대사람 - 횡단중,안전운전불이행,건조,맑음,교차로 - 교차로안,승합,남,48세,상해없음,보행자,여,59세,경상
2015120100100251,2015년 12월 1일 12시,화요일,대구광역시 달성군 화원읍,부상신고사고,0,0,0,1,차대차 - 기타,신호위반,건조,맑음,교차로 - 교차로안,이륜,남,37세,부상신고,승용,여,23세,상해없음
2015120100100252,2015년 12월 1일 12시,화요일,대구광역시 북구 산격동,중상사고,0,1,0,0,차대차 - 기타,직진우회전진행방해,건조,맑음,교차로 - 교차로안,승용,남,62세,상해없음,원동기,남,26세,중상
2015120100100282,2015년 12월 1일 13시,화요일,대구광역시 서구 내당동,경상사고,0,0,1,0,차대차 - 정면충돌,안전운전불이행,건조,맑음,교차로 - 교차로안,이륜,남,17세,경상,승용,여,40세,기타불명
2015120100100320,2015년 12월 1일 14시,화요일,대구광역시 서구 평리동,부상신고사고,0,0,0,1,차대차 - 정면충돌,안전운전불이행,건조,맑음,단일로 - 횡단보도부근,이륜,남,15세,기타불명,승용,남,65세,상해없음
2015120100100321,2015년 12월 1일 14시,화요일,대구광역시 북구 관음동,중상사고,0,1,2,0,차대차 - 정면충돌,신호위반,건조,맑음,교차로 - 교차로안,승용,남,72세,상해없음,승용,여,50세,경상
2015120100100357,2015년 12월 1일 15시,화요일,대구광역시 북구 칠성동2가,경상사고,0,0,1,0,차대차 - 정면충돌,신호위반,건조,맑음,교차로 - 교차로안,승용,여,32세,상해없음,이륜,여,60세,경상
2015120100100401,2015년 12월 1일 16시,화요일,대구광역시 북구 산격동,중상사고,0,1,0,0,차대차 - 정면충돌,중앙선침범,건조,맑음,단일로 - 기타,이륜,남,81세,중상,승용,여,50세,상해없음
2015120100100402,2015년 12월 1일 16시,화요일,대구광역시 중구 삼덕동2가,중상사고,0,1,2,0,차대차 - 측면직각충돌,안전거리미확보,건조,맑음,단일로 - 기타,승용,남,59세,상해없음,화물,남,56세,중상
2015120100100403,2015년 12월 1일 16시,화요일,대구광역시 달서구 용산동,경상사고,0,0,2,0,차대차 - 정면충돌,직진우회전진행방해,건조,맑음,교차로 - 교차로부근,승용,남,40세,상해없음,이륜,남,16세,경상
2015120100100442,2015년 12월 1일 17시,화요일,대구광역시 북구 노원동3가,경상사고,0,0,1,0,차대차 - 정면충돌,교차로운행방법위반,건조,맑음,단일로 - 기타,승용,남,41세,상해없음,원동기,남,29세,경상
2015120100100443,2015년 12월 1일 17시,화요일,대구광역시 북구 태전동,중상사고,0,2,1,0,차대차 - 정면충돌,차로위반,건조,맑음,단일로 - 기타,승용,남,41세,상해없음,승용,남,54세,경상
2015120100100501,2015년 12월 1일 18시,화요일,대구광역시 동구 신기동,경상사고,0,0,1,0,차대차 - 정면충돌,안전운전불이행,건조,맑음,교차로 - 교차로부근,자전거,남,36세,상해없음,자전거,남,12세,경상
2015120100100503,2015년 12월 1일 18시,화요일,대구광역시 수성구 만촌동,경상사고,0,0,1,0,차대차 - 정면충돌,안전운전불이행,건조,맑음,단일로 - 기타,화물,남,46세,상해없음,이륜,남,24세,경상
2015120100100504,2015년 12월 1일 18시,화요일,대구광역시 달서구 이곡동,경상사고,0,0,2,0,차대차 - 정면충돌,안전운전불이행,건조,맑음,교차로 - 교차로부근,승용,남,58세,상해없음,이륜,남,17세,경상
2015120100100544,2015년 12월 1일 19시,화요일,대구광역시 동구 신암동,경상사고,0,0,1,0,차대차 - 측면직각충돌,안전운전불이행,건조,맑음,단일로 - 기타,승용,여,22세,상해없음,승용,남,42세,경상
2015120100100545,2015년 12월 1일 19시,화요일,대구광역시 수성구 수성동1가,경상사고,0,0,1,0,차대사람 - 횡단중,신호위반,건조,맑음,단일로 - 횡단보도상,승용,기타불명,기타불명,기타불명,보행자,남,15세,경상
2015120100100546,2015년 12월 1일 19시,화요일,대구광역시 달서구 월성동,경상사고,0,0,1,0,차대차 - 추돌 - 주정차중,안전운전불이행,건조,흐림,단일로 - 기타,승용,남,39세,상해없음,승용,여,36세,경상
2015120100100547,2015년 12월 1일 19시,화요일,대구광역시 중구 대봉동,중상사고,0,1,0,0,차량단독 - 기타,안전운전불이행,건조,맑음,교차로 - 교차로안,승용,남,50세,상해없음,,,,
2015120100100548,2015년 12월 1일 19시,화요일,대구광역시 북구 동천동,경상사고,0,0,1,0,차대차 - 추돌 - 주정차중,안전운전불이행,건조,맑음,단일로 - 기타,승용,여,39세,상해없음,승용,여,41세,경상
2015120100100570,2015년 12월 1일 20시,화요일,대구광역시 수성구 만촌동,경상사고,0,0,1,0,차대차 - 정면충돌,안전거리미확보,건조,맑음,단일로 - 횡단보도부근,승용,여,31세,상해없음,승용,여,46세,경상
2015120100100595,2015년 12월 1일 21시,화요일,대구광역시 수성구 범어동,경상사고,0,0,4,0,차대차 - 정면충돌,안전운전불이행,건조,맑음,단일로 - 기타,승용,남,43세,기타불명,승용,남,48세,경상
2015120100100596,2015년 12월 1일 21시,화요일,대구광역시 북구 노원동3가,경상사고,0,0,2,0,차대차 - 정면충돌,신호위반,건조,맑음,교차로 - 교차로안,승용,남,49세,경상,승용,남,57세,경상
2015120100100597,2015년 12월 1일 21시,화요일,대구광역시 중구 달성동,중상사고,0,1,0,0,차대차 - 정면충돌,신호위반,건조,맑음,교차로 - 교차로안,승용,남,66세,상해없음,자전거,남,74세,중상
2015120200100011,2015년 12월 2일 00시,수요일,대구광역시 동구 신기동,경상사고,0,0,1,0,차대차 - 추돌 - 주정차중,안전운전불이행,건조,맑음,교차로 - 교차로부근,승용,여,43세,상해없음,승용,남,41세,경상
2015120200100028,2015년 12월 2일 01시,수요일,대구광역시 북구 태전동,경상사고,0,0,1,0,차대차 - 정면충돌,안전운전불이행,건조,맑음,단일로 - 기타,승용,여,47세,상해없음,승용,여,48세,경상
2015120200100043,2015년 12월 2일 03시,수요일,대구광역시 수성구 만촌동,경상사고,0,0,2,0,차대차 - 측면직각충돌,안전운전불이행,건조,맑음,교차로 - 교차로부근,승용,남,49세,경상,승용,남,51세,경상
2015120200100108,2015년 12월 2일 07시,수요일,대구광역시 동구 용계동,중상사고,0,1,0,0,차대사람 - 기타,안전운전불이행,건조,맑음,단일로 - 기타,화물,남,47세,상해없음,보행자,남,48세,중상
2015120200100109,2015년 12월 2일 07시,수요일,대구광역시 달서구 진천동,경상사고,0,0,2,0,차대차 - 기타,직진우회전진행방해,건조,맑음,교차로 - 교차로안,승용,남,49세,경상,승용,남,30세,경상
2015120200100110,2015년 12월 2일 07시,수요일,대구광역시 서구 평리동,중상사고,0,1,0,0,차대차 - 측면직각충돌,교차로운행방법위반,건조,맑음,교차로 - 교차로안,승용,남,26세,상해없음,승용,남,50세,중상
2015120200100153,2015년 12월 2일 08시,수요일,대구광역시 동구 율하동,중상사고,0,1,0,0,차대차 - 기타,교차로운행방법위반,건조,맑음,교차로 - 교차로안,승용,남,28세,상해없음,이륜,남,39세,중상
2015120200100154,2015년 12월 2일 08시,수요일,대구광역시 수성구 신매동,중상사고,0,1,1,0,차대차 - 정면충돌,안전거리미확보,건조,맑음,교차로 - 교차로부근,승용,남,27세,상해없음,승용,여,46세,경상
2015120200100187,2015년 12월 2일 09시,수요일,대구광역시 남구 대명동,경상사고,0,0,1,0,차대차 - 추돌 - 진행중,안전운전불이행,건조,맑음,교차로 - 교차로부근,승용,기타불명,기타불명,기타불명,화물,남,55세,경상
2015120200100245,2015년 12월 2일 11시,수요일,대구광역시 남구 대명동,중상사고,0,1,0,0,차대차 - 기타,안전운전불이행,건조,맑음,단일로 - 기타,승용,여,55세,기타불명,자전거,여,82세,중상
2015120200100267,2015년 12월 2일 12시,수요일,대구광역시 북구 노원동3가,경상사고,0,0,1,0,차대차 - 정면충돌,안전운전불이행,건조,맑음,교차로 - 교차로안,화물,남,64세,상해없음,화물,남,45세,경상
2015120200100268,2015년 12월 2일 12시,수요일,대구광역시 달서구 용산동,경상사고,0,0,1,0,차대사람 - 기타,안전운전불이행,건조,맑음,교차로 - 교차로안,승용,여,54세,상해없음,보행자,남,27세,경상
2015120200100318,2015년 12월 2일 14시,수요일,대구광역시 남구 대명동,경상사고,0,0,1,0,차대사람 - 횡단중,기타,건조,맑음,단일로 - 기타,승용,남,57세,상해없음,보행자,남,8세,경상
2015120200100319,2015년 12월 2일 14시,수요일,대구광역시 동구 방촌동,경상사고,0,0,1,0,차대차 - 기타,안전운전불이행,건조,맑음,단일로 - 기타,승용,여,31세,상해없음,이륜,남,46세,경상
2015120200100320,2015년 12월 2일 14시,수요일,대구광역시 중구 동인동1가,중상사고,0,1,0,0,차대차 - 측면직각충돌,신호위반,건조,맑음,교차로 - 교차로안,승용,남,28세,상해없음,이륜,남,67세,중상
2015120200100354,2015년 12월 2일 15시,수요일,대구광역시 수성구 욱수동,중상사고,0,1,0,0,차대차 - 측면직각충돌,안전운전불이행,습기,비,교차로 - 교차로안,자전거,남,12세,중상,승용,여,44세,상해없음
2015120200100355,2015년 12월 2일 15시,수요일,대구광역시 중구 남산동,경상사고,0,0,3,0,차대차 - 측면직각충돌,안전거리미확보,건조,맑음,단일로 - 기타,승용,남,68세,상해없음,승용,여,32세,경상
2015120200100356,2015년 12월 2일 15시,수요일,대구광역시 달서구 장기동,경상사고,0,0,1,0,차대차 - 정면충돌,안전운전불이행,습기,비,단일로 - 기타,승용,남,40세,상해없음,이륜,남,35세,경상
2015120200100381,2015년 12월 2일 16시,수요일,대구광역시 수성구 황금동,경상사고,0,0,1,0,차대차 - 추돌 - 주정차중,안전운전불이행,습기,흐림,단일로 - 기타,화물,남,53세,상해없음,승용,남,56세,경상
2015120200100382,2015년 12월 2일 16시,수요일,대구광역시 달성군 다사읍,경상사고,0,0,1,0,차대사람 - 횡단중,안전운전불이행,건조,맑음,단일로 - 기타,승용,기타불명,기타불명,기타불명,보행자,남,10세,경상
2015120200100383,2015년 12월 2일 16시,수요일,대구광역시 달성군 다사읍,중상사고,0,1,0,0,차대차 - 측면직각충돌,안전운전불이행,건조,맑음,단일로 - 기타,승용,남,25세,상해없음,자전거,남,12세,중상
2015120200100384,2015년 12월 2일 16시,수요일,대구광역시 달성군 다사읍,중상사고,0,1,1,0,차대차 - 정면충돌,안전운전불이행,건조,맑음,교차로 - 교차로안,승용,여,54세,중상,승용,남,54세,경상
2015120200100385,2015년 12월 2일 16시,수요일,대구광역시 북구 고성동2가,경상사고,0,0,1,0,차대차 - 정면충돌,직진우회전진행방해,건조,맑음,교차로 - 교차로안,승용,여,45세,상해없음,원동기,남,57세,경상
2015120200100386,2015년 12월 2일 16시,수요일,대구광역시 북구 노원동1가,부상신고사고,0,0,0,1,차대차 - 정면충돌,안전운전불이행,습기,흐림,단일로 - 기타,원동기,남,68세,부상신고,화물,남,57세,상해없음
2015120200100387,2015년 12월 2일 16시,수요일,대구광역시 서구 비산동,부상신고사고,0,0,0,1,차대차 - 정면충돌,안전거리미확보,습기,눈,단일로 - 교량,승용,여,38세,상해없음,원동기,남,50세,부상신고
2015120200100388,2015년 12월 2일 16시,수요일,대구광역시 달서구 두류동,중상사고,0,2,1,0,차대차 - 측면직각충돌,직진우회전진행방해,건조,맑음,교차로 - 교차로안,승용,여,52세,중상,승용,남,38세,경상
2015120200100389,2015년 12월 2일 16시,수요일,대구광역시 중구 남산동,경상사고,0,0,5,0,차대차 - 정면충돌,직진우회전진행방해,건조,맑음,교차로 - 교차로안,승용,여,38세,경상,승용,남,46세,경상
2015120200100390,2015년 12월 2일 16시,수요일,대구광역시 달서구 성당동,경상사고,0,0,1,0,차대차 - 측면직각충돌,교차로운행방법위반,습기,비,교차로 - 교차로안,승용,남,59세,상해없음,승용,남,57세,경상
2015120200100430,2015년 12월 2일 17시,수요일,대구광역시 달서구 유천동,경상사고,0,0,2,0,차대사람 - 횡단중,신호위반,습기,비,교차로 - 교차로안,승용,남,38세,상해없음,보행자,여,43세,경상
2015120200100431,2015년 12월 2일 17시,수요일,대구광역시 서구 비산동,경상사고,0,0,1,0,차대차 - 측면직각충돌,안전운전불이행,습기,흐림,단일로 - 기타,승용,남,34세,상해없음,원동기,남,35세,경상
2015120200100432,2015년 12월 2일 17시,수요일,대구광역시 달서구 감삼동,중상사고,0,1,0,0,차대사람 - 횡단중,안전운전불이행,습기,비,단일로 - 횡단보도부근,승용,남,45세,상해없음,보행자,여,18세,중상
2015120200100488,2015년 12월 2일 18시,수요일,대구광역시 수성구 사월동,부상신고사고,0,0,0,1,차대차 - 측면직각충돌,안전운전불이행,습기,비,교차로 - 교차로부근,이륜,남,17세,부상신고,승용,남,22세,상해없음
2015120200100489,2015년 12월 2일 18시,수요일,대구광역시 북구 노원동1가,중상사고,0,1,3,0,차대차 - 정면충돌,신호위반,건조,맑음,교차로 - 교차로안,특수,남,42세,경상,승용,남,36세,중상