사고번호,사고일시,요일,시군구,사고내용,사망자수,중상자수,경상자수,부상신고자수,사고유형,법규위반,노면상태,기상상태,도로형태,가해운전자 차종,가해운전자 성별,가해운전자 연령,가해운전자 상해정도,피해운전자 차종,피해운전자 성별,피해운전자 연령,피해운전자 상해정도
2015120200100521,2015년 12월 2일 19시,수요일,대구광역시 남구 봉덕동,중상사고,0,1,0,0,차대사람 - 횡단중,보행자보호의무위반,습기,비,교차로 - 교차로부근,승용,남,39세,상해없음,보행자,여,55세,중상
2015120200100522,2015년 12월 2일 19시,수요일,대구광역시 수성구 수성동1가,중상사고,0,1,0,0,차대사람 - 횡단중,안전운전불이행,습기,비,교차로 - 교차로부근,승용,남,47세,상해없음,보행자,남,17세,중상
2015120200100523,2015년 12월 2일 19시,수요일,대구광역시 북구 구암동,부상신고사고,0,0,0,1,차대차 - 정면충돌,직진우회전진행방해,습기,비,교차로 - 교차로안,승용,남,23세,상해없음,원동기,남,20세,부상신고
2015120200100558,2015년 12월 2일 20시,수요일,대구광역시 수성구 가천동,중상사고,0,1,0,0,차대사람 - 횡단중,안전운전불이행,습기,비,단일로 - 기타,승용,남,55세,상해없음,보행자,남,51세,중상
2015120200100559,2015년 12월 2일 20시,수요일,대구광역시 달성군 다사읍,중상사고,0,1,0,0,차대차 - 정면충돌,안전운전불이행,습기,비,단일로 - 기타,이륜,남,18세,중상,승용,남,39세,상해없음
2015120200100560,2015년 12월 2일 20시,수요일,대구광역시 달서구 용산동,중상사고,0,1,0,0,차대차 - 정면충돌,신호위반,건조,맑음,교차로 - 교차로안,승용,남,49세,상해없음,이륜,남,23세,중상
2015120200100561,2015년 12월 2일 20시,수요일,대구광역시 북구 태전동,중상사고,0,1,0,0,차대사람 - 횡단중,보행자보호의무위반,건조,맑음,교차로 - 교차로부근,화물,남,45세,상해없음,보행자,여,50세,중상
2015120200100596,2015년 12월 2일 21시,수요일,대구광역시 달서구 본동,경상사고,0,0,2,0,차대사람 - 횡단중,안전운전불이행,건조,맑음,단일로 - 기타,승용,여,35세,상해없음,보행자,여,17세,경상
2015120200100648,2015년 12월 2일 23시,수요일,대구광역시 남구 봉덕동,중상사고,0,1,2,0,차대차 - 정면충돌,신호위반,건조,맑음,교차로 - 교차로안,승용,남,27세,상해없음,승용,남,71세,중상
2015120200100649,2015년 12월 2일 23시,수요일,대구광역시 수성구 두산동,경상사고,0,0,1,0,차량단독 - 기타,안전운전불이행,건조,맑음,교차로 - 교차로안,승합,남,50세,상해없음,,,,
2015120300100052,2015년 12월 3일 04시,목요일,대구광역시 수성구 연호동,중상사고,0,1,0,0,차대차 - 정면충돌,중앙선침범,건조,맑음,교차로 - 교차로부근,승용,남,25세,기타불명,승용,남,29세,중상
2015120300100107,2015년 12월 3일 07시,목요일,대구광역시 달성군 옥포면,중상사고,0,1,0,0,차대차 - 정면충돌,중앙선침범,건조,맑음,단일로 - 기타,승용,남,25세,상해없음,화물,남,39세,중상
2015120300100108,2015년 12월 3일 07시,목요일,대구광역시 달서구 두류동,중상사고,0,1,0,0,차대사람 - 횡단중,안전운전불이행,건조,맑음,단일로 - 기타,승용,남,47세,상해없음,보행자,여,9세,중상
2015120300100143,2015년 12월 3일 08시,목요일,대구광역시 동구 신암동,경상사고,0,0,1,0,차대사람 - 횡단중,안전운전불이행,건조,맑음,기타 - 기타,승용,여,58세,기타불명,보행자,남,63세,경상
2015120300100144,2015년 12월 3일 08시,목요일,대구광역시 동구 율하동,경상사고,0,0,1,0,차대차 - 측면직각충돌,기타,건조,맑음,단일로 - 기타,승용,남,30세,상해없음,승용,남,36세,경상
2015120300100145,2015년 12월 3일 08시,목요일,대구광역시 북구 매천동,중상사고,0,1,0,0,차대사람 - 횡단중,안전운전불이행,건조,맑음,단일로 - 횡단보도상,승용,여,44세,상해없음,보행자,여,15세,중상
2015120300100173,2015년 12월 3일 09시,목요일,대구광역시 중구 동성로3가,부상신고사고,0,0,0,1,차대차 - 측면직각충돌,안전거리미확보,건조,맑음,단일로 - 기타,이륜,남,32세,부상신고,건설기계,남,54세,상해없음
2015120300100260,2015년 12월 3일 12시,목요일,대구광역시 남구 대명동,경상사고,0,0,1,0,차대차 - 정면충돌,불법유턴,건조,맑음,단일로 - 횡단보도상,자전거,여,64세,경상,원동기,남,20세,상해없음
2015120300100261,2015년 12월 3일 12시,목요일,대구광역시 수성구 수성동2가,중상사고,0,1,0,0,차대사람 - 횡단중,보행자보호의무위반,건조,맑음,단일로 - 횡단보도상,승용,남,45세,상해없음,보행자,여,49세,중상
2015120300100262,2015년 12월 3일 12시,목요일,대구광역시 달서구 상인동,경상사고,0,0,1,0,차대차 - 정면충돌,안전운전불이행,건조,맑음,교차로 - 교차로안,자전거,남,58세,경상,승용,여,65세,상해없음
2015120300100294,2015년 12월 3일 13시,목요일,대구광역시 동구 신천동,중상사고,0,1,0,0,차대차 - 기타,안전운전불이행,건조,맑음,단일로 - 기타,승용,남,53세,상해없음,이륜,남,41세,중상
2015120300100295,2015년 12월 3일 13시,목요일,대구광역시 수성구 범어동,중상사고,0,1,0,0,차대차 - 정면충돌,안전운전불이행,건조,맑음,단일로 - 기타,이륜,남,27세,중상,승용,여,29세,상해없음
2015120300100296,2015년 12월 3일 13시,목요일,대구광역시 달성군 다사읍,경상사고,0,0,1,0,차대차 - 측면직각충돌,신호위반,건조,맑음,교차로 - 교차로안,승용,남,34세,상해없음,승용,남,73세,경상
2015120300100356,2015년 12월 3일 15시,목요일,대구광역시 수성구 상동,경상사고,0,0,1,0,차대차 - 정면충돌,안전운전불이행,건조,맑음,교차로 - 교차로부근,승용,남,45세,상해없음,승용,여,41세,경상
2015120300100357,2015년 12월 3일 15시,목요일,대구광역시 달서구 본동,경상사고,0,0,3,0,차대차 - 정면충돌,안전운전불이행,건조,흐림,단일로 - 기타,승용,남,44세,상해없음,승용,남,55세,경상
2015120300100389,2015년 12월 3일 16시,목요일,대구광역시 수성구 범어동,경상사고,0,0,2,0,차대차 - 정면충돌,안전운전불이행,건조,맑음,교차로 - 교차로부근,승용,남,61세,상해없음,승합,여,45세,경상
2015120300100390,2015년 12월 3일 16시,목요일,대구광역시 북구 산격동,경상사고,0,0,1,0,차대사람 - 횡단중,신호위반,건조,맑음,단일로 - 기타,승용,남,67세,상해없음,보행자,여,59세,경상
2015120300100391,2015년 12월 3일 16시,목요일,대구광역시 달서구 본리동,중상사고,0,1,0,0,차대차 - 측면직각충돌,안전운전불이행,건조,맑음,단일로 - 횡단보도상,이륜,남,14세,중상,승용,남,54세,상해없음
2015120300100434,2015년 12월 3일 17시,목요일,대구광역시 동구 효목동,경상사고,0,0,1,0,차대차 - 기타,안전거리미확보,건조,맑음,교차로 - 교차로안,승용,남,64세,상해없음,승용,남,44세,경상
2015120300100435,2015년 12월 3일 17시,목요일,대구광역시 동구 효목동,경상사고,0,0,2,0,차대차 - 기타,안전운전불이행,건조,맑음,단일로 - 기타,건설기계,남,54세,상해없음,승용,여,20세,경상
2015120300100437,2015년 12월 3일 17시,목요일,대구광역시 중구 서문로2가,경상사고,0,0,1,0,차대차 - 기타,안전운전불이행,건조,맑음,단일로 - 기타,화물,기타불명,기타불명,기타불명,이륜,남,58세,경상
2015120300100438,2015년 12월 3일 17시,목요일,대구광역시 북구 동천동,부상신고사고,0,0,0,1,차대사람 - 횡단중,안전운전불이행,건조,맑음,교차로 - 교차로부근,승용,여,56세,상해없음,보행자,여,8세,부상신고
2015120300100473,2015년 12월 3일 18시,목요일,대구광역시 남구 대명동,중상사고,0,1,0,0,차대사람 - 횡단중,안전운전불이행,건조,맑음,교차로 - 교차로안,승용,남,65세,상해없음,보행자,여,54세,중상
2015120300100474,2015년 12월 3일 18시,목요일,대구광역시 달서구 대곡동,중상사고,0,1,1,0,차대차 - 정면충돌,불법유턴,건조,맑음,단일로 - 기타,승합,남,26세,상해없음,이륜,남,17세,중상
2015120300100475,2015년 12월 3일 18시,목요일,대구광역시 북구 복현동,경상사고,0,0,1,0,차대사람 - 횡단중,안전운전불이행,건조,맑음,교차로 - 교차로안,승용,남,63세,상해없음,보행자,남,18세,경상
2015120300100476,2015년 12월 3일 18시,목요일,대구광역시 북구 산격동,중상사고,0,1,0,0,차대차 - 기타,안전운전불이행,건조,맑음,단일로 - 기타,승용,여,30세,상해없음,이륜,남,28세,중상
2015120300100477,2015년 12월 3일 18시,목요일,대구광역시 달서구 감삼동,경상사고,0,0,1,0,차대사람 - 횡단중,안전운전불이행,건조,맑음,단일로 - 기타,이륜,남,56세,상해없음,보행자,여,10세,경상
2015120300100478,2015년 12월 3일 18시,목요일,대구광역시 북구 학정동,사망사고,1,0,0,0,차대차 - 정면충돌,안전운전불이행,건조,흐림,단일로 - 기타,승용,남,31세,상해없음,기타불명,기타불명,74세,사망
2015120300100520,2015년 12월 3일 19시,목요일,대구광역시 남구 봉덕동,경상사고,0,0,1,0,차대차 - 정면충돌,안전운전불이행,건조,맑음,기타 - 기타,승용,여,36세,상해없음,이륜,남,19세,경상
2015120300100521,2015년 12월 3일 19시,목요일,대구광역시 중구 동산동,경상사고,0,0,2,0,차대차 - 측면직각충돌,안전거리미확보,건조,맑음,단일로 - 기타,승용,남,42세,상해없음,이륜,남,17세,경상
2015120300100550,2015년 12월 3일 20시,목요일,대구광역시 남구 봉덕동,중상사고,0,1,0,0,차대차 - 정면충돌,안전운전불이행,습기,눈,교차로 - 교차로부근,승용,남,49세,상해없음,자전거,여,67세,중상
2015120300100576,2015년 12월 3일 21시,목요일,대구광역시 달서구 상인동,경상사고,0,0,1,0,차대사람 - 횡단중,안전운전불이행,습기,흐림,교차로 - 교차로안,승용,남,44세,상해없음,보행자,남,40세,경상
2015120300100604,2015년 12월 3일 22시,목요일,대구광역시 남구 대명동,경상사고,0,0,2,0,차대차 - 기타,안전운전불이행,습기,비,단일로 - 기타,승용,남,21세,상해없음,승용,남,33세,경상
2015120400100030,2015년 12월 4일 01시,금요일,대구광역시 남구 대명동,부상신고사고,0,0,0,1,차대사람 - 횡단중,안전운전불이행,건조,맑음,기타 - 기타,이륜,여,15세,기타불명,보행자,남,44세,부상신고
2015120400100052,2015년 12월 4일 03시,금요일,대구광역시 남구 대명동,중상사고,0,1,0,0,차대사람 - 횡단중,신호위반,건조,맑음,단일로 - 횡단보도상,이륜,남,21세,상해없음,보행자,남,22세,중상
2015120400100093,2015년 12월 4일 07시,금요일,대구광역시 수성구 범어동,경상사고,0,0,1,0,차대차 - 기타,안전운전불이행,건조,흐림,교차로 - 교차로부근,승용,남,49세,상해없음,승용,여,36세,경상
2015120400100131,2015년 12월 4일 08시,금요일,대구광역시 남구 대명동,경상사고,0,0,1,0,차대차 - 정면충돌,중앙선침범,건조,맑음,교차로 - 교차로부근,승용,여,30세,상해없음,승용,여,47세,경상
2015120400100132,2015년 12월 4일 08시,금요일,대구광역시 수성구 사월동,경상사고,0,0,1,0,차대사람 - 횡단중,교차로운행방법위반,건조,맑음,교차로 - 교차로부근,승용,여,26세,상해없음,보행자,남,8세,경상
2015120400100133,2015년 12월 4일 08시,금요일,대구광역시 서구 평리동,중상사고,0,1,0,0,차대차 - 측면직각충돌,안전운전불이행,건조,맑음,단일로 - 횡단보도상,화물,남,49세,상해없음,자전거,여,46세,중상
2015120400100170,2015년 12월 4일 09시,금요일,대구광역시 동구 효목동,경상사고,0,0,1,0,차대차 - 측면직각충돌,안전운전불이행,건조,맑음,교차로 - 교차로안,원동기,남,40세,경상,승용,여,41세,상해없음
2015120400100171,2015년 12월 4일 09시,금요일,대구광역시 서구 내당동,경상사고,0,0,2,0,차대차 - 정면충돌,차로위반,건조,맑음,단일로 - 기타,승용,여,42세,상해없음,이륜,남,23세,경상
2015120400100192,2015년 12월 4일 10시,금요일,대구광역시 중구 달성동,중상사고,0,1,1,2,차대사람 - 횡단중,안전운전불이행,건조,맑음,단일로 - 횡단보도부근,승합,남,55세,상해없음,보행자,여,77세,중상
2015120400100193,2015년 12월 4일 10시,금요일,대구광역시 중구 삼덕동3가,경상사고,0,0,1,0,차대사람 - 횡단중,안전운전불이행,건조,맑음,교차로 - 교차로안,승용,여,51세,상해없음,보행자,남,41세,경상
2015120400100215,2015년 12월 4일 11시,금요일,대구광역시 수성구 신매동,부상신고사고,0,0,0,1,차대차 - 정면충돌,안전운전불이행,건조,맑음,단일로 - 횡단보도상,승용,여,37세,상해없음,자전거,여,79세,부상신고
2015120400100216,2015년 12월 4일 11시,금요일,대구광역시 중구 동산동,경상사고,0,0,1,0,차대차 - 정면충돌,안전운전불이행,건조,맑음,단일로 - 기타,승용,남,57세,상해없음,승합,남,42세,상해없음
2015120400100245,2015년 12월 4일 12시,금요일,대구광역시 달성군 다사읍,경상사고,0,0,2,0,차대차 - 측면직각충돌,안전운전불이행,건조,맑음,교차로 - 교차로안,승용,남,47세,상해없음,승합,남,48세,경상
2015120400100278,2015년 12월 4일 13시,금요일,대구광역시 달성군 화원읍,경상사고,0,0,1,0,차대차 - 측면직각충돌,안전운전불이행,건조,맑음,교차로 - 교차로안,승용,여,55세,상해없음,승용,남,49세,경상
2015120400100334,2015년 12월 4일 15시,금요일,대구광역시 서구 비산동,중상사고,0,2,2,0,차대차 - 추돌 - 주정차중,안전운전불이행,건조,맑음,단일로 - 기타,화물,남,36세,상해없음,승용,남,61세,중상
2015120400100360,2015년 12월 4일 16시,금요일,대구광역시 수성구 범어동,경상사고,0,0,1,0,차대차 - 측면직각충돌,교차로운행방법위반,건조,맑음,교차로 - 교차로안,자전거,남,13세,경상,승용,남,62세,상해없음
2015120400100361,2015년 12월 4일 16시,금요일,대구광역시 달서구 송현동,중상사고,0,1,1,0,차대차 - 정면충돌,차로위반,건조,맑음,단일로 - 기타,이륜,남,17세,경상,승용,남,51세,상해없음
2015120400100362,2015년 12월 4일 16시,금요일,대구광역시 북구 침산동,부상신고사고,0,0,0,1,차대사람 - 기타,기타,건조,맑음,단일로 - 기타,승용,남,53세,상해없음,보행자,여,30세,부상신고
2015120400100363,2015년 12월 4일 16시,금요일,대구광역시 중구 북성로1가,경상사고,0,0,2,0,차대차 - 측면직각충돌,교차로운행방법위반,건조,맑음,교차로 - 교차로부근,승용,남,58세,상해없음,승용,남,44세,경상
2015120400100364,2015년 12월 4일 16시,금요일,대구광역시 북구 국우동,경상사고,0,0,1,0,차대차 - 정면충돌,기타,건조,맑음,교차로 - 교차로부근,승용,남,48세,상해없음,승용,남,61세,경상
2015120400100413,2015년 12월 4일 17시,금요일,대구광역시 동구 신서동,중상사고,0,1,0,0,차대차 - 정면충돌,보행자보호의무위반,건조,맑음,기타 - 기타,승용,남,49세,상해없음,자전거,남,7세,중상
2015120400100414,2015년 12월 4일 17시,금요일,대구광역시 달성군 논공읍,경상사고,0,0,1,0,차대사람 - 횡단중,안전운전불이행,건조,맑음,교차로 - 교차로부근,화물,남,52세,상해없음,보행자,남,6세,경상
2015120400100415,2015년 12월 4일 17시,금요일,대구광역시 북구 대현동,경상사고,0,0,2,1,차대차 - 기타,안전운전불이행,건조,맑음,단일로 - 기타,승합,남,61세,부상신고,화물,남,35세,경상
2015120400100416,2015년 12월 4일 17시,금요일,대구광역시 중구 대봉동,경상사고,0,0,3,0,차대차 - 정면충돌,안전거리미확보,건조,맑음,단일로 - 기타,화물,남,57세,상해없음,승용,여,37세,경상
2015120400100417,2015년 12월 4일 17시,금요일,대구광역시 달서구 용산동,경상사고,0,0,2,0,차대차 - 정면충돌,안전거리미확보,건조,맑음,단일로 - 기타,승용,남,40세,상해없음,승용,남,75세,경상
2015120400100470,2015년 12월 4일 18시,금요일,대구광역시 수성구 황금동,경상사고,0,0,1,0,차대차 - 정면충돌,안전운전불이행,건조,맑음,단일로 - 기타,승용,남,59세,상해없음,이륜,남,27세,경상
2015120400100471,2015년 12월 4일 18시,금요일,대구광역시 서구 내당동,경상사고,0,0,2,0,차대차 - 정면충돌,안전운전불이행,건조,맑음,단일로 - 기타,승용,남,49세,상해없음,승용,남,33세,경상
2015120400100521,2015년 12월 4일 19시,금요일,대구광역시 남구 봉덕동,중상사고,0,2,0,0,차대차 - 정면충돌,안전거리미확보,건조,맑음,단일로 - 기타,승용,여,50세,상해없음,승용,남,36세,중상
2015120400100522,2015년 12월 4일 19시,금요일,대구광역시 수성구 만촌동,경상사고,0,0,1,0,차대차 - 측면직각충돌,안전거리미확보,건조,맑음,교차로 - 교차로부근,승용,남,50세,상해없음,이륜,남,21세,경상
2015120400100523,2015년 12월 4일 19시,금요일,대구광역시 서구 비산동,중상사고,0,1,0,0,차대차 - 측면직각충돌,기타,건조,맑음,단일로 - 기타,승용,남,59세,상해없음,이륜,남,34세,중상
2015120400100564,2015년 12월 4일 20시,금요일,대구광역시 남구 봉덕동,경상사고,0,0,1,0,차대차 - 정면충돌,안전운전불이행,건조,맑음,단일로 - 기타,기타불명,기타불명,기타불명,기타불명,자전거,여,68세,경상
2015120400100565,2015년 12월 4일 20시,금요일,대구광역시 북구 동천동,중상사고,0,1,0,0,차대차 - 정면충돌,신호위반,건조,맑음,교차로 - 교차로안,이륜,남,18세,중상,승용,여,43세,상해없음
2015120400100595,2015년 12월 4일 21시,금요일,대구광역시 중구 대봉동,경상사고,0,0,3,0,차대차 - 정면충돌,안전거리미확보,건조,맑음,단일로 - 기타,승용,남,67세,상해없음,승용,남,38세,상해없음
2015120400100596,2015년 12월 4일 21시,금요일,대구광역시 수성구 범어동,경상사고,0,0,1,0,차대차 - 정면충돌,안전운전불이행,건조,맑음,교차로 - 교차로부근,이륜,남,22세,경상,승용,남,40세,상해없음
2015120400100597,2015년 12월 4일 21시,금요일,대구광역시 달서구 송현동,중상사고,0,1,0,0,차대사람 - 횡단중,보행자보호의무위반,건조,맑음,단일로 - 기타,승용,남,59세,상해없음,보행자,여,70세,중상
2015120400100598,2015년 12월 4일 21시,금요일,대구광역시 남구 대명동,경상사고,0,0,1,0,차대차 - 측면직각충돌,안전운전불이행,건조,맑음,단일로 - 기타,화물,남,54세,상해없음,승용,여,50세,경상
2015120400100627,2015년 12월 4일 22시,금요일,대구광역시 북구 산격동,경상사고,0,0,2,0,차대차 - 추돌 - 주정차중,안전운전불이행,건조,맑음,단일로 - 기타,승용,여,45세,상해없음,승용,남,53세,경상
2015120400100658,2015년 12월 4일 23시,금요일,대구광역시 중구 대봉동,경상사고,0,0,1,0,차대차 - 정면충돌,차로위반,건조,맑음,단일로 - 기타,승합,남,53세,상해없음,원동기,남,21세,경상
2015120400100659,2015년 12월 4일 23시,금요일,대구광역시 달서구 상인동,부상신고사고,0,0,0,1,차대차 - 기타,교차로운행방법위반,건조,맑음,교차로 - 교차로안,기타불명,기타불명,기타불명,기타불명,원동기,남,16세,부상신고
2015120400100660,2015년 12월 4일 23시,금요일,대구광역시 북구 복현동,중상사고,0,2,0,0,차대사람 - 횡단중,안전운전불이행,건조,맑음,교차로 - 교차로안,승용,남,23세,상해없음,보행자,여,45세,중상
2015120400100661,2015년 12월 4일 23시,금요일,대구광역시 중구 북성로2가,경상사고,0,0,3,0,차대차 - 추돌 - 진행중,안전운전불이행,건조,맑음,단일로 - 기타,승용,남,21세,상해없음,승용,여,23세,경상
2015120500100019,2015년 12월 5일 00시,토요일,대구광역시 서구 원대동1가,부상신고사고,0,0,0,2,차대차 - 정면충돌,신호위반,건조,맑음,교차로 - 교차로안,승용,남,51세,상해없음,승합,남,24세,부상신고
2015120500100042,2015년 12월 5일 01시,토요일,대구광역시 서구 내당동,중상사고,0,2,0,0,차대차 - 측면직각충돌,교차로운행방법위반,건조,맑음,교차로 - 교차로안,승용,남,31세,상해없음,승용,남,27세,중상
2015120500100043,2015년 12월 5일 01시,토요일,대구광역시 달서구 용산동,경상사고,0,0,1,0,차대차 - 기타,안전운전불이행,건조,맑음,단일로 - 기타,승용,남,22세,상해없음,승용,남,28세,경상
2015120500100061,2015년 12월 5일 02시,토요일,대구광역시 달서구 신당동,부상신고사고,0,0,0,1,차대차 - 정면충돌,안전운전불이행,건조,맑음,단일로 - 기타,자전거,남,22세,부상신고,승용,남,38세,상해없음
2015120500100088,2015년 12월 5일 04시,토요일,대구광역시 중구 태평로2가,경상사고,0,0,1,0,차대차 - 정면충돌,안전운전불이행,건조,맑음,단일로 - 기타,승용,남,28세,상해없음,승용,남,53세,경상
2015120500100114,2015년 12월 5일 06시,토요일,대구광역시 동구 신기동,중상사고,0,1,0,0,차대차 - 기타,신호위반,건조,맑음,교차로 - 교차로안,승용,남,57세,상해없음,원동기,남,59세,중상
2015120500100115,2015년 12월 5일 06시,토요일,대구광역시 북구 침산동,중상사고,0,1,0,0,차대차 - 기타,안전운전불이행,건조,맑음,단일로 - 기타,승용,남,38세,상해없음,승용,남,48세,중상
2015120500100116,2015년 12월 5일 06시,토요일,대구광역시 중구 동인동1가,경상사고,0,0,2,0,차대차 - 기타,안전운전불이행,건조,맑음,단일로 - 기타,승용,남,65세,상해없음,승용,남,40세,경상
2015120500100134,2015년 12월 5일 07시,토요일,대구광역시 남구 봉덕동,경상사고,0,0,1,0,차대차 - 정면충돌,안전운전불이행,건조,맑음,단일로 - 기타,승용,남,28세,상해없음,원동기,남,36세,경상
2015120500100216,2015년 12월 5일 10시,토요일,대구광역시 동구 신서동,경상사고,0,0,2,0,차대차 - 정면충돌,신호위반,건조,맑음,교차로 - 교차로안,화물,남,58세,상해없음,화물,남,53세,경상
2015120500100217,2015년 12월 5일 10시,토요일,대구광역시 수성구 지산동,경상사고,0,0,1,0,차대차 - 측면직각충돌,안전거리미확보,건조,맑음,단일로 - 기타,승용,남,57세,상해없음,승용,남,30세,경상
2015120500100218,2015년 12월 5일 10시,토요일,대구광역시 북구 노원동1가,경상사고,0,0,2,0,차대차 - 정면충돌,안전운전불이행,건조,흐림,단일로 - 기타,승용,여,47세,경상,승용,남,50세,상해없음
2015120500100248,2015년 12월 5일 11시,토요일,대구광역시 달서구 본리동,부상신고사고,0,0,0,1,차대차 - 정면충돌,안전운전불이행,건조,맑음,단일로 - 기타,승용,남,28세,상해없음,승용,남,64세,상해없음
2015120500100285,2015년 12월 5일 12시,토요일,대구광역시 남구 봉덕동,부상신고사고,0,0,0,1,차대차 - 기타,안전운전불이행,건조,맑음,단일로 - 기타,자전거,남,74세,부상신고,승용,여,34세,상해없음
2015120500100286,2015년 12월 5일 12시,토요일,대구광역시 동구 능성동,경상사고,0,0,2,0,차대차 - 기타,안전거리미확보,건조,맑음,단일로 - 기타,승용,남,62세,상해없음,승용,남,45세,상해없음
2015120500100316,2015년 12월 5일 13시,토요일,대구광역시 수성구 범물동,경상사고,0,0,1,0,차대차 - 정면충돌,교차로운행방법위반,건조,맑음,교차로 - 교차로안,승용,남,53세,상해없음,이륜,남,35세,경상
2015120500100317,2015년 12월 5일 13시,토요일,대구광역시 달성군 다사읍,경상사고,0,0,1,0,차대사람 - 기타,기타,건조,맑음,단일로 - 기타,승합,남,55세,상해없음,보행자,여,64세,경상
2015120500100349,2015년 12월 5일 14시,토요일,대구광역시 남구 대명동,경상사고,0,0,2,0,차대차 - 추돌 - 주정차중,안전거리미확보,건조,맑음,단일로 - 기타,승용,남,53세,상해없음,승용,남,35세,경상
2015120500100350,2015년 12월 5일 14시,토요일,대구광역시 동구 지묘동,경상사고,0,0,1,0,차대차 - 정면충돌,안전거리미확보,건조,맑음,단일로 - 기타,화물,남,62세,상해없음,화물,남,46세,경상
2015120500100351,2015년 12월 5일 14시,토요일,대구광역시 동구 신암동,경상사고,0,0,1,0,차대사람 - 기타,안전운전불이행,건조,맑음,단일로 - 기타,승용,여,59세,상해없음,보행자,남,40세,경상
2015120500100387,2015년 12월 5일 15시,토요일,대구광역시 동구 신서동,경상사고,0,0,1,0,차대차 - 정면충돌,안전거리미확보,건조,맑음,단일로 - 기타,승용,여,48세,상해없음,화물,남,42세,경상
2015120500100388,2015년 12월 5일 15시,토요일,대구광역시 달성군 다사읍,경상사고,0,0,1,0,차대차 - 측면직각충돌,안전운전불이행,건조,맑음,교차로 - 교차로안,건설기계,남,43세,상해없음,승합,남,60세,경상
2015120500100389,2015년 12월 5일 15시,토요일,대구광역시 북구 서변동,경상사고,0,0,3,0,차대차 - 정면충돌,안전거리미확보,건조,흐림,단일로 - 기타,화물,남,68세,상해없음,승용,여,24세,경상
2015120500100390,2015년 12월 5일 15시,토요일,대구광역시 서구 내당동,경상사고,0,0,2,1,차대차 - 측면직각충돌,교차로운행방법위반,건조,맑음,단일로 - 횡단보도상,승용,남,18세,부상신고,승용,남,71세,상해없음
2015120500100415,2015년 12월 5일 16시,토요일,대구광역시 남구 대명동,부상신고사고,0,0,0,1,차대차 - 정면충돌,안전운전불이행,건조,맑음,단일로 - 기타,승용,여,38세,상해없음,이륜,남,36세,부상신고
2015120500100416,2015년 12월 5일 16시,토요일,대구광역시 남구 봉덕동,경상사고,0,0,1,0,차대차 - 정면충돌,안전거리미확보,건조,맑음,단일로 - 기타,승용,여,44세,상해없음,승용,남,36세,경상
2015120500100417,2015년 12월 5일 16시,토요일,대구광역시 달서구 도원동,경상사고,0,0,1,0,차대차 - 정면충돌,안전거리미확보,건조,흐림,단일로 - 횡단보도부근,승용,여,52세,상해없음,승용,여,45세,경상
2015120500100457,2015년 12월 5일 17시,토요일,대구광역시 수성구 파동,경상사고,0,0,1,0,차대차 - 정면충돌,안전거리미확보,건조,맑음,단일로 - 기타,화물,남,70세,상해없음,승합,남,52세,경상
2015120500100458,2015년 12월 5일 17시,토요일,대구광역시 북구 산격동,경상사고,0,0,1,0,차대차 - 측면직각충돌,안전운전불이행,건조,맑음,교차로 - 교차로안,승용,남,51세,상해없음,승용,여,46세,경상
2015120500100459,2015년 12월 5일 17시,토요일,대구광역시 서구 중리동,중상사고,0,1,3,0,차대차 - 정면충돌,안전운전불이행,건조,흐림,교차로 - 교차로부근,화물,남,64세,상해없음,승용,남,61세,중상
2015120500100518,2015년 12월 5일 18시,토요일,대구광역시 동구 동호동,경상사고,0,0,3,0,차대차 - 정면충돌,안전거리미확보,건조,맑음,단일로 - 기타,승용,남,37세,경상,승용,남,45세,경상
2015120500100519,2015년 12월 5일 18시,토요일,대구광역시 서구 평리동,중상사고,0,1,0,0,차대차 - 정면충돌,차로위반,건조,맑음,교차로 - 교차로부근,승용,남,29세,상해없음,이륜,남,49세,중상
2015120500100520,2015년 12월 5일 18시,토요일,대구광역시 달서구 이곡동,중상사고,0,1,0,0,차대차 - 정면충돌,직진우회전진행방해,건조,맑음,교차로 - 교차로안,승용,남,60세,상해없음,이륜,남,16세,중상
2015120500100563,2015년 12월 5일 19시,토요일,대구광역시 수성구 중동,중상사고,0,1,0,0,차대사람 - 횡단중,신호위반,건조,맑음,단일로 - 횡단보도상,승용,남,51세,상해없음,보행자,남,59세,중상
2015120500100596,2015년 12월 5일 20시,토요일,대구광역시 동구 방촌동,경상사고,0,0,1,0,차대차 - 정면충돌,안전거리미확보,건조,맑음,단일로 - 기타,승용,남,32세,상해없음,승용,여,44세,경상
2015120500100597,2015년 12월 5일 20시,토요일,대구광역시 수성구 수성동4가,중상사고,0,1,0,0,차대차 - 정면충돌,안전운전불이행,건조,맑음,단일로 - 기타,승용,남,45세,상해없음,승용,남,33세,중상
2015120500100631,2015년 12월 5일 21시,토요일,대구광역시 달서구 송현동,경상사고,0,0,5,0,차대차 - 정면충돌,차로위반,건조,맑음,단일로 - 기타,승용,여,30세,상해없음,승용,남,73세,경상
2015120500100632,2015년 12월 5일 21시,토요일,대구광역시 북구 침산동,경상사고,0,0,3,0,차대차 - 측면직각충돌,안전운전불이행,건조,맑음,단일로 - 기타,승용,여,44세,상해없음,승용,여,41세,경상
2015120500100633,2015년 12월 5일 21시,토요일,대구광역시 중구 공평동,부상신고사고,0,0,0,1,차대차 - 측면직각충돌,안전운전불이행,건조,맑음,교차로 - 교차로안,승용,기타불명,기타불명,기타불명,승용,남,58세,상해없음