사고번호,사고일시,요일,시군구,사고내용,사망자수,중상자수,경상자수,부상신고자수,사고유형,법규위반,노면상태,기상상태,도로형태,가해운전자 차종,가해운전자 성별,가해운전자 연령,가해운전자 상해정도,피해운전자 차종,피해운전자 성별,피해운전자 연령,피해운전자 상해정도
2015121200100342,2015년 12월 12일 13시,토요일,대구광역시 중구 공평동,부상신고사고,0,0,0,1,차대사람 - 횡단중,안전운전불이행,건조,맑음,단일로 - 기타,승용,남,21세,상해없음,보행자,여,18세,부상신고
2015121200100378,2015년 12월 12일 14시,토요일,대구광역시 수성구 범어동,중상사고,0,1,0,0,차대사람 - 횡단중,기타,건조,맑음,단일로 - 기타,자전거,남,15세,상해없음,보행자,여,62세,중상
2015121200100379,2015년 12월 12일 14시,토요일,대구광역시 달성군 다사읍,중상사고,0,1,0,0,차대사람 - 횡단중,안전운전불이행,건조,맑음,단일로 - 기타,승용,여,43세,상해없음,보행자,남,11세,중상
2015121200100432,2015년 12월 12일 16시,토요일,대구광역시 동구 불로동,경상사고,0,0,1,0,차대차 - 정면충돌,안전거리미확보,건조,맑음,단일로 - 기타,승용,남,57세,상해없음,이륜,남,18세,경상
2015121200100468,2015년 12월 12일 17시,토요일,대구광역시 동구 불로동,경상사고,0,0,1,0,차대사람 - 기타,안전운전불이행,건조,맑음,단일로 - 기타,승용,남,54세,상해없음,보행자,남,58세,경상
2015121200100469,2015년 12월 12일 17시,토요일,대구광역시 수성구 지산동,부상신고사고,0,0,0,1,차대차 - 정면충돌,안전운전불이행,건조,맑음,단일로 - 기타,승용,남,76세,상해없음,원동기,남,45세,부상신고
2015121200100470,2015년 12월 12일 17시,토요일,대구광역시 서구 내당동,경상사고,0,0,1,0,차대차 - 측면직각충돌,신호위반,건조,맑음,교차로 - 교차로안,승용,남,58세,상해없음,이륜,남,17세,경상
2015121200100471,2015년 12월 12일 17시,토요일,대구광역시 중구 남산동,부상신고사고,0,0,0,1,차대차 - 정면충돌,불법유턴,건조,맑음,단일로 - 기타,자전거,남,62세,부상신고,이륜,남,47세,상해없음
2015121200100472,2015년 12월 12일 17시,토요일,대구광역시 중구 동성로2가,중상사고,0,1,0,0,차대차 - 정면충돌,안전운전불이행,건조,맑음,단일로 - 기타,승용,여,38세,상해없음,승용,여,50세,중상
2015121200100473,2015년 12월 12일 17시,토요일,대구광역시 북구 매천동,중상사고,0,1,1,0,차대차 - 측면직각충돌,안전운전불이행,건조,맑음,단일로 - 기타,승용,남,47세,중상,승용,여,43세,경상
2015121200100530,2015년 12월 12일 18시,토요일,대구광역시 중구 향촌동,중상사고,0,1,0,0,차대사람 - 횡단중,보행자보호의무위반,건조,맑음,단일로 - 횡단보도상,이륜,남,22세,상해없음,보행자,여,75세,중상
2015121200100562,2015년 12월 12일 19시,토요일,대구광역시 북구 칠성동2가,경상사고,0,0,1,0,차대차 - 정면충돌,안전거리미확보,건조,맑음,교차로 - 교차로부근,승용,남,31세,상해없음,이륜,남,27세,경상
2015121200100563,2015년 12월 12일 19시,토요일,대구광역시 서구 평리동,경상사고,0,0,2,0,차대차 - 정면충돌,차로위반,건조,맑음,단일로 - 기타,승용,남,59세,상해없음,승용,남,59세,경상
2015121200100588,2015년 12월 12일 20시,토요일,대구광역시 수성구 범물동,경상사고,0,0,1,0,차대차 - 측면직각충돌,안전운전불이행,건조,맑음,단일로 - 기타,승용,여,44세,상해없음,자전거,남,17세,경상
2015121200100624,2015년 12월 12일 21시,토요일,대구광역시 달서구 상인동,경상사고,0,0,3,0,차대차 - 정면충돌,교차로운행방법위반,건조,맑음,교차로 - 교차로안,이륜,남,16세,경상,승용,남,41세,경상
2015121200100661,2015년 12월 12일 22시,토요일,대구광역시 수성구 지산동,중상사고,0,1,0,0,차대사람 - 횡단중,안전운전불이행,건조,맑음,단일로 - 기타,승용,남,47세,상해없음,보행자,여,34세,중상
2015121200100662,2015년 12월 12일 22시,토요일,대구광역시 수성구 지산동,중상사고,0,1,1,0,차대사람 - 횡단중,신호위반,건조,맑음,단일로 - 횡단보도상,이륜,남,20세,경상,보행자,여,48세,중상
2015121200100699,2015년 12월 12일 23시,토요일,대구광역시 남구 대명동,경상사고,0,0,1,0,차대사람 - 횡단중,안전운전불이행,건조,맑음,단일로 - 기타,승용,남,33세,상해없음,보행자,남,49세,경상
2015121200100700,2015년 12월 12일 23시,토요일,대구광역시 남구 대명동,경상사고,0,0,1,0,차대사람 - 횡단중,안전운전불이행,건조,맑음,교차로 - 교차로부근,승용,남,62세,상해없음,보행자,여,38세,경상
2015121200100701,2015년 12월 12일 23시,토요일,대구광역시 수성구 중동,경상사고,0,0,1,0,차대차 - 정면충돌,안전거리미확보,건조,맑음,단일로 - 기타,승용,남,54세,상해없음,이륜,남,55세,경상
2015121300100025,2015년 12월 13일 00시,일요일,대구광역시 달서구 송현동,경상사고,0,0,2,0,차대차 - 정면충돌,안전운전불이행,건조,맑음,교차로 - 교차로부근,승용,남,52세,기타불명,승용,남,33세,경상
2015121300100073,2015년 12월 13일 02시,일요일,대구광역시 중구 동산동,경상사고,0,0,1,0,차대차 - 정면충돌,안전거리미확보,건조,맑음,단일로 - 기타,승용,남,56세,상해없음,승용,남,48세,경상
2015121300100089,2015년 12월 13일 03시,일요일,대구광역시 수성구 지산동,중상사고,0,2,0,0,차대차 - 정면충돌,교차로운행방법위반,건조,맑음,교차로 - 교차로안,이륜,남,38세,상해없음,승용,남,48세,중상
2015121300100090,2015년 12월 13일 03시,일요일,대구광역시 달서구 상인동,경상사고,0,0,1,0,차대사람 - 횡단중,안전운전불이행,건조,흐림,교차로 - 교차로안,승용,남,63세,상해없음,보행자,남,50세,경상
2015121300100100,2015년 12월 13일 04시,일요일,대구광역시 서구 내당동,경상사고,0,0,2,0,차대차 - 정면충돌,안전운전불이행,건조,맑음,교차로 - 교차로부근,승용,남,25세,상해없음,승용,남,67세,경상
2015121300100143,2015년 12월 13일 07시,일요일,대구광역시 중구 동인동1가,경상사고,0,0,1,0,차대차 - 정면충돌,안전거리미확보,건조,맑음,단일로 - 기타,승용,남,60세,상해없음,승용,남,58세,경상
2015121300100181,2015년 12월 13일 09시,일요일,대구광역시 서구 중리동,경상사고,0,0,1,0,차대차 - 정면충돌,교차로운행방법위반,건조,맑음,교차로 - 교차로부근,승용,여,51세,기타불명,승용,남,76세,경상
2015121300100219,2015년 12월 13일 11시,일요일,대구광역시 동구 봉무동,경상사고,0,0,1,0,차대차 - 정면충돌,기타,건조,맑음,단일로 - 기타,승용,남,34세,상해없음,이륜,남,19세,경상
2015121300100220,2015년 12월 13일 11시,일요일,대구광역시 동구 부동,경상사고,0,0,1,0,차대차 - 정면충돌,안전운전불이행,건조,맑음,단일로 - 기타,화물,남,53세,상해없음,이륜,남,53세,경상
2015121300100267,2015년 12월 13일 13시,일요일,대구광역시 동구 신암동,경상사고,0,0,1,0,차대차 - 추돌 - 진행중,안전거리미확보,건조,맑음,단일로 - 기타,원동기,남,38세,상해없음,승용,남,48세,경상
2015121300100297,2015년 12월 13일 14시,일요일,대구광역시 수성구 신매동,중상사고,0,1,4,0,차대차 - 측면직각충돌,안전거리미확보,건조,맑음,교차로 - 교차로부근,승용,남,58세,상해없음,승용,남,27세,경상
2015121300100322,2015년 12월 13일 15시,일요일,대구광역시 남구 봉덕동,중상사고,0,2,0,0,차대차 - 정면충돌,중앙선침범,건조,맑음,단일로 - 기타,승용,남,63세,상해없음,승용,남,41세,중상
2015121300100323,2015년 12월 13일 15시,일요일,대구광역시 동구 입석동,중상사고,0,1,0,0,차대차 - 정면충돌,안전운전불이행,건조,맑음,교차로 - 교차로부근,승용,남,71세,상해없음,자전거,남,73세,중상
2015121300100324,2015년 12월 13일 15시,일요일,대구광역시 북구 칠성동1가,경상사고,0,0,1,0,차대사람 - 기타,기타,건조,맑음,단일로 - 기타,승합,남,50세,상해없음,보행자,여,34세,경상
2015121300100355,2015년 12월 13일 16시,일요일,대구광역시 중구 공평동,부상신고사고,0,0,0,1,차대사람 - 횡단중,안전운전불이행,건조,맑음,교차로 - 교차로부근,승용,여,60세,상해없음,보행자,남,17세,부상신고
2015121300100387,2015년 12월 13일 17시,일요일,대구광역시 동구 서호동,경상사고,0,0,3,0,차대차 - 정면충돌,안전운전불이행,건조,맑음,단일로 - 기타,승용,남,54세,상해없음,승용,남,25세,경상
2015121300100388,2015년 12월 13일 17시,일요일,대구광역시 수성구 황금동,중상사고,0,1,0,0,차대차 - 정면충돌,안전거리미확보,건조,맑음,단일로 - 기타,승용,남,27세,상해없음,이륜,남,19세,중상
2015121300100389,2015년 12월 13일 17시,일요일,대구광역시 달서구 상인동,중상사고,0,1,0,0,차대사람 - 횡단중,안전운전불이행,건조,맑음,단일로 - 기타,승용,남,56세,기타불명,보행자,여,79세,중상
2015121300100390,2015년 12월 13일 17시,일요일,대구광역시 달성군 화원읍,경상사고,0,0,1,0,차대차 - 추돌 - 주정차중,안전운전불이행,건조,맑음,교차로 - 교차로부근,승용,여,55세,상해없음,이륜,남,75세,경상
2015121300100391,2015년 12월 13일 17시,일요일,대구광역시 달서구 호산동,중상사고,0,1,2,0,차대차 - 추돌 - 주정차중,안전운전불이행,건조,맑음,교차로 - 교차로부근,승용,남,46세,상해없음,승용,남,71세,중상
2015121300100426,2015년 12월 13일 18시,일요일,대구광역시 중구 시장북로,부상신고사고,0,0,0,1,차대차 - 측면직각충돌,교차로운행방법위반,건조,맑음,교차로 - 교차로안,승용,남,61세,상해없음,승용,남,31세,부상신고
2015121300100501,2015년 12월 13일 21시,일요일,대구광역시 중구 교동,경상사고,0,0,1,0,차대차 - 측면직각충돌,안전운전불이행,건조,맑음,교차로 - 교차로안,화물,남,62세,상해없음,자전거,남,58세,경상
2015121300100514,2015년 12월 13일 22시,일요일,대구광역시 북구 칠성동2가,경상사고,0,0,1,0,차대차 - 정면충돌,안전운전불이행,건조,맑음,단일로 - 기타,승용,남,25세,상해없음,승용,남,51세,경상
2015121400100025,2015년 12월 14일 03시,월요일,대구광역시 중구 대봉동,중상사고,0,1,2,0,차대차 - 측면직각충돌,신호위반,건조,맑음,교차로 - 교차로안,승용,남,22세,경상,승용,남,67세,중상
2015121400100030,2015년 12월 14일 04시,월요일,대구광역시 수성구 만촌동,중상사고,0,1,0,0,차대차 - 정면충돌,안전운전불이행,건조,맑음,단일로 - 기타,이륜,남,19세,중상,화물,남,50세,상해없음
2015121400100044,2015년 12월 14일 05시,월요일,대구광역시 수성구 황금동,중상사고,0,2,0,1,차대차 - 정면충돌,신호위반,건조,맑음,교차로 - 교차로안,승용,여,29세,부상신고,승용,남,61세,중상
2015121400100077,2015년 12월 14일 07시,월요일,대구광역시 동구 지저동,경상사고,0,0,1,0,차대차 - 정면충돌,안전거리미확보,건조,맑음,교차로 - 교차로부근,승용,남,54세,상해없음,승용,여,69세,경상
2015121400100078,2015년 12월 14일 07시,월요일,대구광역시 중구 동산동,경상사고,0,0,1,0,차대차 - 측면직각충돌,안전거리미확보,습기,비,교차로 - 교차로부근,승용,남,52세,상해없음,승용,여,44세,경상
2015121400100125,2015년 12월 14일 08시,월요일,대구광역시 동구 신암동,경상사고,0,0,2,0,차대차 - 측면직각충돌,안전운전불이행,습기,흐림,단일로 - 기타,승용,남,31세,상해없음,승용,남,63세,경상
2015121400100126,2015년 12월 14일 08시,월요일,대구광역시 수성구 이천동,경상사고,0,0,2,0,차대차 - 정면충돌,안전거리미확보,습기,비,단일로 - 기타,승용,여,46세,상해없음,승용,여,45세,경상
2015121400100127,2015년 12월 14일 08시,월요일,대구광역시 수성구 만촌동,중상사고,0,1,0,0,차대사람 - 횡단중,보행자보호의무위반,건조,맑음,교차로 - 교차로부근,승용,여,43세,상해없음,보행자,남,15세,중상
2015121400100128,2015년 12월 14일 08시,월요일,대구광역시 달서구 월성동,경상사고,0,0,2,0,차대차 - 정면충돌,안전거리미확보,건조,맑음,교차로 - 교차로부근,이륜,여,53세,경상,승용,여,30세,경상
2015121400100129,2015년 12월 14일 08시,월요일,대구광역시 북구 동호동,중상사고,0,1,0,0,차대차 - 측면직각충돌,안전운전불이행,건조,맑음,단일로 - 기타,승용,남,71세,상해없음,자전거,남,74세,중상
2015121400100130,2015년 12월 14일 08시,월요일,대구광역시 북구 동천동,중상사고,0,1,0,0,차대차 - 정면충돌,안전운전불이행,건조,맑음,단일로 - 기타,승용,여,45세,상해없음,승용,여,40세,중상
2015121400100158,2015년 12월 14일 09시,월요일,대구광역시 수성구 만촌동,경상사고,0,0,1,0,차대차 - 측면직각충돌,신호위반,습기,비,단일로 - 횡단보도부근,승용,남,63세,상해없음,승용,여,54세,경상
2015121400100159,2015년 12월 14일 09시,월요일,대구광역시 중구 대신동,경상사고,0,0,1,0,차대사람 - 횡단중,기타,습기,비,단일로 - 기타,승용,남,58세,상해없음,보행자,여,76세,경상
2015121400100160,2015년 12월 14일 09시,월요일,대구광역시 북구 조야동,중상사고,0,1,0,0,차량단독 - 전도전복,안전운전불이행,습기,비,교차로 - 교차로안,원동기,남,75세,중상,,,,
2015121400100187,2015년 12월 14일 10시,월요일,대구광역시 중구 남산동,부상신고사고,0,0,0,1,차대차 - 기타,안전운전불이행,습기,비,교차로 - 교차로안,기타불명,기타불명,기타불명,기타불명,자전거,남,70세,부상신고
2015121400100213,2015년 12월 14일 11시,월요일,대구광역시 남구 대명동,중상사고,0,4,1,0,차대차 - 정면충돌,안전운전불이행,습기,비,기타 - 기타,승용,남,30세,상해없음,승용,남,62세,경상
2015121400100240,2015년 12월 14일 12시,월요일,대구광역시 중구 동산동,경상사고,0,0,3,0,차대차 - 추돌 - 주정차중,안전운전불이행,습기,비,교차로 - 교차로부근,승용,여,34세,상해없음,승용,남,51세,경상
2015121400100260,2015년 12월 14일 13시,월요일,대구광역시 남구 대명동,경상사고,0,0,1,0,차대차 - 정면충돌,안전운전불이행,습기,비,교차로 - 교차로부근,승용,남,52세,상해없음,승용,여,30세,경상
2015121400100261,2015년 12월 14일 13시,월요일,대구광역시 수성구 범어동,경상사고,0,0,1,0,차대차 - 정면충돌,신호위반,습기,비,교차로 - 교차로안,승용,남,86세,상해없음,이륜,남,22세,경상
2015121400100262,2015년 12월 14일 13시,월요일,대구광역시 달서구 죽전동,중상사고,0,1,1,0,차대차 - 정면충돌,교차로운행방법위반,습기,비,교차로 - 교차로안,승용,여,58세,경상,승용,여,47세,중상
2015121400100263,2015년 12월 14일 13시,월요일,대구광역시 북구 매천동,중상사고,0,1,0,0,차대차 - 정면충돌,안전운전불이행,건조,흐림,기타 - 기타,기타불명,기타불명,기타불명,기타불명,자전거,남,71세,중상
2015121400100264,2015년 12월 14일 13시,월요일,대구광역시 북구 구암동,중상사고,0,2,0,0,차대차 - 측면직각충돌,신호위반,습기,비,교차로 - 교차로안,승용,남,30세,상해없음,승용,여,51세,중상
2015121400100296,2015년 12월 14일 14시,월요일,대구광역시 동구 도학동,중상사고,0,1,0,0,차대차 - 정면충돌,중앙선침범,습기,흐림,단일로 - 기타,승용,남,50세,상해없음,승용,남,76세,중상
2015121400100297,2015년 12월 14일 14시,월요일,대구광역시 수성구 지산동,경상사고,0,0,1,0,차대차 - 추돌 - 진행중,안전거리미확보,건조,맑음,단일로 - 기타,승용,남,66세,상해없음,승합,남,55세,상해없음
2015121400100321,2015년 12월 14일 15시,월요일,대구광역시 동구 신천동,중상사고,0,1,0,0,차대차 - 정면충돌,기타,건조,맑음,단일로 - 기타,승용,남,33세,상해없음,승용,남,56세,중상
2015121400100322,2015년 12월 14일 15시,월요일,대구광역시 수성구 범어동,경상사고,0,0,1,0,차대차 - 정면충돌,안전운전불이행,건조,흐림,교차로 - 교차로부근,승합,남,69세,상해없음,이륜,남,19세,경상
2015121400100372,2015년 12월 14일 16시,월요일,대구광역시 동구 각산동,중상사고,0,1,0,0,차대사람 - 횡단중,안전운전불이행,건조,맑음,교차로 - 교차로부근,승용,여,36세,상해없음,보행자,여,55세,중상
2015121400100373,2015년 12월 14일 16시,월요일,대구광역시 달서구 본동,경상사고,0,0,2,0,차대차 - 측면직각충돌,차로위반,습기,흐림,단일로 - 기타,승용,여,56세,기타불명,승합,남,50세,상해없음
2015121400100427,2015년 12월 14일 17시,월요일,대구광역시 달서구 본동,경상사고,0,0,1,0,차대차 - 측면직각충돌,기타,건조,맑음,단일로 - 기타,승용,여,56세,상해없음,승합,남,50세,상해없음
2015121400100428,2015년 12월 14일 17시,월요일,대구광역시 서구 원대동2가,경상사고,0,0,1,0,차대차 - 기타,안전운전불이행,습기,비,교차로 - 교차로안,화물,남,55세,상해없음,자전거,남,70세,경상
2015121400100489,2015년 12월 14일 18시,월요일,대구광역시 동구 신서동,중상사고,0,1,0,0,차대사람 - 횡단중,안전운전불이행,습기,흐림,단일로 - 기타,승합,남,41세,상해없음,보행자,여,29세,중상
2015121400100490,2015년 12월 14일 18시,월요일,대구광역시 수성구 만촌동,경상사고,0,0,1,0,차대사람 - 횡단중,보행자보호의무위반,건조,맑음,교차로 - 교차로안,승용,여,38세,상해없음,보행자,남,8세,경상
2015121400100491,2015년 12월 14일 18시,월요일,대구광역시 수성구 중동,경상사고,0,0,1,0,차대사람 - 횡단중,안전운전불이행,건조,맑음,단일로 - 기타,승용,남,65세,기타불명,보행자,남,45세,경상
2015121400100492,2015년 12월 14일 18시,월요일,대구광역시 서구 비산동,사망사고,1,0,0,0,차대사람 - 기타,안전운전불이행,습기,비,단일로 - 기타,승용,남,28세,상해없음,보행자,남,56세,사망
2015121400100493,2015년 12월 14일 18시,월요일,대구광역시 달서구 이곡동,중상사고,0,1,0,0,차대사람 - 횡단중,교차로운행방법위반,습기,흐림,기타 - 기타,승용,남,64세,상해없음,보행자,여,33세,중상
2015121400100537,2015년 12월 14일 19시,월요일,대구광역시 북구 검단동,중상사고,0,1,0,0,차대사람 - 횡단중,보행자보호의무위반,습기,비,단일로 - 횡단보도상,이륜,남,26세,상해없음,보행자,여,25세,중상
2015121400100538,2015년 12월 14일 19시,월요일,대구광역시 서구 내당동,경상사고,0,0,1,0,차대사람 - 횡단중,안전운전불이행,건조,맑음,단일로 - 기타,승용,남,59세,상해없음,보행자,여,26세,경상
2015121400100539,2015년 12월 14일 19시,월요일,대구광역시 중구 남산동,중상사고,0,1,0,0,차대차 - 정면충돌,교차로운행방법위반,건조,맑음,교차로 - 교차로안,승용,남,57세,상해없음,자전거,남,73세,중상
2015121400100570,2015년 12월 14일 20시,월요일,대구광역시 동구 신서동,경상사고,0,0,1,0,차대차 - 기타,직진우회전진행방해,습기,비,교차로 - 교차로안,승용,여,40세,상해없음,이륜,남,48세,경상
2015121400100571,2015년 12월 14일 20시,월요일,대구광역시 수성구 황금동,경상사고,0,0,1,0,차대차 - 측면직각충돌,신호위반,습기,비,단일로 - 횡단보도상,이륜,남,25세,상해없음,자전거,남,14세,경상
2015121400100612,2015년 12월 14일 21시,월요일,대구광역시 남구 봉덕동,경상사고,0,0,1,0,차대차 - 정면충돌,안전운전불이행,건조,맑음,교차로 - 교차로부근,승용,여,49세,상해없음,승용,여,45세,경상
2015121400100660,2015년 12월 14일 23시,월요일,대구광역시 남구 봉덕동,경상사고,0,0,1,0,차대차 - 기타,신호위반,건조,맑음,단일로 - 기타,이륜,남,30세,상해없음,승용,여,53세,경상
2015121400100661,2015년 12월 14일 23시,월요일,대구광역시 동구 신암동,경상사고,0,0,1,0,차대차 - 정면충돌,안전거리미확보,습기,비,단일로 - 기타,승용,남,56세,상해없음,승용,남,61세,경상
2015121500100025,2015년 12월 15일 00시,화요일,대구광역시 수성구 만촌동,경상사고,0,0,1,0,차대차 - 추돌 - 주정차중,안전운전불이행,습기,비,교차로 - 교차로부근,승용,남,39세,기타불명,승용,남,58세,경상
2015121500100026,2015년 12월 15일 00시,화요일,대구광역시 달서구 호림동,경상사고,0,0,2,1,차대차 - 정면충돌,직진우회전진행방해,습기,비,교차로 - 교차로안,승용,남,50세,상해없음,승용,여,40세,경상
2015121500100057,2015년 12월 15일 02시,화요일,대구광역시 동구 신암동,경상사고,0,0,1,0,차대차 - 기타,중앙선침범,습기,비,단일로 - 기타,승용,남,53세,상해없음,승합,남,42세,경상
2015121500100063,2015년 12월 15일 03시,화요일,대구광역시 수성구 지산동,중상사고,0,1,0,0,차대사람 - 횡단중,안전운전불이행,건조,맑음,단일로 - 횡단보도상,이륜,남,23세,상해없음,보행자,여,25세,중상
2015121500100094,2015년 12월 15일 06시,화요일,대구광역시 동구 서호동,경상사고,0,0,1,1,차대차 - 측면직각충돌,안전운전불이행,습기,흐림,교차로 - 교차로안,건설기계,남,61세,부상신고,승용,남,37세,경상
2015121500100095,2015년 12월 15일 06시,화요일,대구광역시 수성구 만촌동,중상사고,0,1,0,0,차대사람 - 횡단중,보행자보호의무위반,건조,맑음,교차로 - 교차로안,건설기계,남,41세,상해없음,보행자,남,47세,중상
2015121500100096,2015년 12월 15일 06시,화요일,대구광역시 달서구 월성동,중상사고,0,1,0,0,차대차 - 정면충돌,안전거리미확보,건조,흐림,단일로 - 기타,자전거,남,59세,중상,승용,남,37세,상해없음
2015121500100097,2015년 12월 15일 06시,화요일,대구광역시 북구 복현동,중상사고,0,1,0,0,차대사람 - 횡단중,신호위반,건조,맑음,단일로 - 횡단보도상,화물,남,49세,상해없음,보행자,여,27세,중상
2015121500100130,2015년 12월 15일 07시,화요일,대구광역시 달서구 상인동,경상사고,0,0,1,0,차대차 - 정면충돌,교차로운행방법위반,건조,맑음,교차로 - 교차로안,승용,여,42세,상해없음,승용,남,40세,경상
2015121500100192,2015년 12월 15일 09시,화요일,대구광역시 동구 신천동,중상사고,0,6,0,1,차량단독 - 공작물충돌,안전운전불이행,건조,맑음,단일로 - 기타,승용,남,59세,부상신고,,,,
2015121500100193,2015년 12월 15일 09시,화요일,대구광역시 중구 교동,경상사고,0,0,1,0,차대차 - 정면충돌,안전운전불이행,건조,맑음,단일로 - 기타,자전거,남,80세,경상,승용,남,70세,상해없음
2015121500100261,2015년 12월 15일 12시,화요일,대구광역시 동구 신천동,경상사고,0,0,1,0,차대차 - 정면충돌,신호위반,건조,맑음,교차로 - 교차로안,화물,남,59세,상해없음,이륜,남,56세,경상
2015121500100262,2015년 12월 15일 12시,화요일,대구광역시 수성구 범어동,경상사고,0,0,1,0,차대차 - 추돌 - 진행중,안전운전불이행,건조,맑음,교차로 - 교차로부근,승용,여,61세,상해없음,승용,여,53세,경상
2015121500100263,2015년 12월 15일 12시,화요일,대구광역시 달성군 옥포면,부상신고사고,0,0,0,1,차대차 - 측면직각충돌,안전운전불이행,건조,맑음,교차로 - 교차로안,이륜,남,74세,부상신고,승용,남,56세,상해없음
2015121500100264,2015년 12월 15일 12시,화요일,대구광역시 북구 태전동,중상사고,0,1,1,0,차대차 - 정면충돌,안전운전불이행,건조,맑음,단일로 - 기타,승용,남,44세,상해없음,승용,여,59세,중상
2015121500100300,2015년 12월 15일 13시,화요일,대구광역시 수성구 수성동4가,중상사고,0,1,0,0,차대사람 - 횡단중,안전운전불이행,건조,맑음,교차로 - 교차로안,화물,남,54세,상해없음,보행자,여,75세,중상
2015121500100328,2015년 12월 15일 14시,화요일,대구광역시 동구 용계동,경상사고,0,0,1,0,차량단독 - 전도전복,안전운전불이행,건조,맑음,교차로 - 교차로부근,원동기,남,23세,경상,,,,
2015121500100329,2015년 12월 15일 14시,화요일,대구광역시 수성구 범어동,중상사고,0,1,0,0,차대사람 - 길가장자리구역통행중,안전운전불이행,건조,맑음,단일로 - 기타,승용,남,26세,상해없음,보행자,남,66세,중상
2015121500100353,2015년 12월 15일 15시,화요일,대구광역시 달서구 송현동,경상사고,0,0,1,0,차대차 - 정면충돌,불법유턴,건조,맑음,교차로 - 교차로안,승용,여,57세,경상,화물,남,35세,상해없음
2015121500100381,2015년 12월 15일 16시,화요일,대구광역시 수성구 범어동,경상사고,0,0,3,0,차대차 - 정면충돌,안전운전불이행,건조,맑음,단일로 - 기타,승용,남,39세,기타불명,승용,여,35세,경상
2015121500100382,2015년 12월 15일 16시,화요일,대구광역시 북구 산격동,중상사고,0,1,0,0,차량단독 - 기타,안전운전불이행,건조,맑음,단일로 - 기타,승합,남,60세,상해없음,,,,
2015121500100383,2015년 12월 15일 16시,화요일,대구광역시 달서구 용산동,경상사고,0,0,1,0,차대사람 - 횡단중,안전운전불이행,건조,맑음,단일로 - 기타,화물,남,42세,상해없음,보행자,남,15세,경상
2015121500100429,2015년 12월 15일 17시,화요일,대구광역시 동구 신암동,경상사고,0,0,1,0,차대차 - 정면충돌,안전운전불이행,건조,맑음,교차로 - 교차로안,승용,남,62세,상해없음,원동기,남,33세,경상
2015121500100430,2015년 12월 15일 17시,화요일,대구광역시 달서구 상인동,경상사고,0,0,1,0,차대사람 - 횡단중,보행자보호의무위반,건조,맑음,단일로 - 기타,승용,남,70세,상해없음,보행자,남,23세,경상
2015121500100431,2015년 12월 15일 17시,화요일,대구광역시 중구 봉산동,중상사고,0,1,0,0,차대차 - 측면직각충돌,안전거리미확보,건조,맑음,단일로 - 기타,승용,남,22세,상해없음,승용,남,31세,중상
2015121500100477,2015년 12월 15일 18시,화요일,대구광역시 남구 대명동,경상사고,0,0,1,2,차대차 - 정면충돌,안전거리미확보,건조,맑음,단일로 - 기타,승합,남,53세,상해없음,승용,여,27세,부상신고
2015121500100478,2015년 12월 15일 18시,화요일,대구광역시 동구 신천동,경상사고,0,0,1,0,차대차 - 측면직각충돌,안전운전불이행,건조,맑음,단일로 - 기타,화물,남,66세,상해없음,승용,남,58세,경상
2015121500100479,2015년 12월 15일 18시,화요일,대구광역시 수성구 신매동,중상사고,0,1,0,0,차대차 - 정면충돌,안전운전불이행,건조,맑음,단일로 - 기타,승용,여,47세,상해없음,승용,여,35세,중상
2015121500100480,2015년 12월 15일 18시,화요일,대구광역시 수성구 수성동3가,경상사고,0,0,1,0,차대사람 - 횡단중,기타,건조,맑음,단일로 - 기타,승합,남,40세,상해없음,보행자,여,72세,경상
2015121500100481,2015년 12월 15일 18시,화요일,대구광역시 중구 수동,부상신고사고,0,0,0,1,차대사람 - 횡단중,안전운전불이행,건조,맑음,단일로 - 기타,화물,남,41세,상해없음,보행자,여,72세,부상신고
2015121500100511,2015년 12월 15일 19시,화요일,대구광역시 동구 신암동,경상사고,0,0,1,0,차대차 - 정면충돌,안전운전불이행,건조,맑음,단일로 - 기타,화물,남,52세,상해없음,승용,남,45세,경상
2015121500100512,2015년 12월 15일 19시,화요일,대구광역시 중구 남산동,경상사고,0,0,1,2,차대차 - 정면충돌,안전운전불이행,건조,맑음,교차로 - 교차로부근,승용,남,65세,부상신고,승용,남,37세,상해없음
2015121500100538,2015년 12월 15일 20시,화요일,대구광역시 남구 대명동,경상사고,0,0,1,0,차대차 - 정면충돌,안전운전불이행,습기,눈,단일로 - 기타,승용,기타불명,기타불명,기타불명,승용,남,65세,경상
2015121500100539,2015년 12월 15일 20시,화요일,대구광역시 서구 내당동,부상신고사고,0,0,0,1,차대차 - 정면충돌,안전운전불이행,건조,맑음,교차로 - 교차로안,이륜,남,32세,부상신고,승용,남,60세,상해없음
2015121500100540,2015년 12월 15일 20시,화요일,대구광역시 달서구 파호동,경상사고,0,0,3,0,차대차 - 측면직각충돌,차로위반,건조,맑음,기타 - 기타,승용,남,51세,경상,승용,남,34세,경상
2015121500100541,2015년 12월 15일 20시,화요일,대구광역시 달서구 신당동,경상사고,0,0,2,0,차대차 - 기타,안전운전불이행,건조,흐림,단일로 - 기타,승용,남,54세,상해없음,승합,남,58세,상해없음
2015121500100560,2015년 12월 15일 21시,화요일,대구광역시 북구 복현동,경상사고,0,0,1,0,차대사람 - 횡단중,안전운전불이행,건조,맑음,단일로 - 기타,승용,남,18세,상해없음,보행자,여,57세,경상