사고번호,사고일시,요일,시군구,사고내용,사망자수,중상자수,경상자수,부상신고자수,사고유형,법규위반,노면상태,기상상태,도로형태,가해운전자 차종,가해운전자 성별,가해운전자 연령,가해운전자 상해정도,피해운전자 차종,피해운전자 성별,피해운전자 연령,피해운전자 상해정도
2015121500100561,2015년 12월 15일 21시,화요일,대구광역시 북구 산격동,경상사고,0,0,2,0,차대사람 - 횡단중,안전운전불이행,건조,맑음,단일로 - 기타,승용,남,56세,상해없음,보행자,여,20세,경상
2015121500100562,2015년 12월 15일 21시,화요일,대구광역시 중구 동인동4가,경상사고,0,0,1,0,차대차 - 정면충돌,안전운전불이행,건조,맑음,단일로 - 횡단보도상,승용,남,62세,상해없음,자전거,여,37세,경상
2015121500100599,2015년 12월 15일 22시,화요일,대구광역시 동구 신암동,중상사고,0,1,1,0,차대차 - 추돌 - 진행중,안전거리미확보,건조,맑음,교차로 - 교차로부근,승용,남,38세,상해없음,승용,남,65세,경상
2015121500100600,2015년 12월 15일 22시,화요일,대구광역시 북구 대현동,경상사고,0,0,1,0,차대사람 - 횡단중,안전운전불이행,건조,맑음,단일로 - 기타,승용,남,51세,상해없음,보행자,남,19세,경상
2015121500100601,2015년 12월 15일 22시,화요일,대구광역시 달서구 용산동,중상사고,0,1,0,0,차대차 - 정면충돌,안전운전불이행,건조,맑음,교차로 - 교차로부근,승용,남,48세,상해없음,이륜,남,22세,중상
2015121500100623,2015년 12월 15일 23시,화요일,대구광역시 북구 칠성동1가,부상신고사고,0,0,0,1,차대사람 - 기타,안전운전불이행,건조,맑음,단일로 - 기타,승용,남,44세,상해없음,보행자,남,47세,부상신고
2015121600100032,2015년 12월 16일 01시,수요일,대구광역시 수성구 중동,경상사고,0,0,1,0,차대차 - 추돌 - 주정차중,안전운전불이행,건조,맑음,교차로 - 교차로부근,승용,여,57세,상해없음,승용,여,26세,경상
2015121600100033,2015년 12월 16일 01시,수요일,대구광역시 달서구 감삼동,경상사고,0,0,2,0,차대차 - 정면충돌,안전운전불이행,건조,맑음,교차로 - 교차로부근,승용,남,34세,상해없음,승용,남,62세,경상
2015121600100055,2015년 12월 16일 03시,수요일,대구광역시 남구 봉덕동,경상사고,0,0,1,0,차대차 - 정면충돌,안전운전불이행,건조,맑음,교차로 - 교차로안,승용,남,47세,상해없음,승용,남,58세,경상
2015121600100056,2015년 12월 16일 03시,수요일,대구광역시 달서구 신당동,부상신고사고,0,0,0,1,차대차 - 정면충돌,안전운전불이행,건조,맑음,단일로 - 기타,승용,남,58세,부상신고,화물,남,54세,상해없음
2015121600100098,2015년 12월 16일 07시,수요일,대구광역시 서구 내당동,경상사고,0,0,1,0,차대차 - 정면충돌,차로위반,습기,비,단일로 - 기타,승용,남,65세,상해없음,화물,남,53세,상해없음
2015121600100130,2015년 12월 16일 08시,수요일,대구광역시 달서구 송현동,경상사고,0,0,3,2,차대차 - 정면충돌,안전운전불이행,건조,흐림,단일로 - 기타,승용,여,57세,상해없음,승용,남,47세,상해없음
2015121600100155,2015년 12월 16일 09시,수요일,대구광역시 북구 산격동,중상사고,0,1,0,1,차대차 - 정면충돌,안전운전불이행,습기,비,교차로 - 교차로부근,승용,남,26세,부상신고,화물,남,30세,중상
2015121600100156,2015년 12월 16일 09시,수요일,대구광역시 달서구 두류동,중상사고,0,1,0,0,차대사람 - 횡단중,신호위반,습기,비,교차로 - 교차로안,화물,남,52세,상해없음,보행자,여,57세,중상
2015121600100211,2015년 12월 16일 11시,수요일,대구광역시 동구 검사동,중상사고,0,1,0,0,차대사람 - 횡단중,안전운전불이행,건조,흐림,단일로 - 기타,승용,남,65세,상해없음,보행자,남,52세,중상
2015121600100212,2015년 12월 16일 11시,수요일,대구광역시 서구 비산동,중상사고,0,1,0,0,차대차 - 정면충돌,안전운전불이행,건조,맑음,단일로 - 횡단보도상,승용,남,52세,상해없음,자전거,남,71세,중상
2015121600100246,2015년 12월 16일 12시,수요일,대구광역시 달성군 옥포면,경상사고,0,0,1,0,차대차 - 측면직각충돌,직진우회전진행방해,건조,맑음,교차로 - 교차로안,승용,여,42세,상해없음,화물,남,32세,경상
2015121600100266,2015년 12월 16일 13시,수요일,대구광역시 달성군 화원읍,경상사고,0,0,1,0,차대사람 - 기타,안전운전불이행,습기,눈,교차로 - 교차로부근,이륜,남,30세,경상,보행자,여,56세,상해없음
2015121600100267,2015년 12월 16일 13시,수요일,대구광역시 북구 산격동,경상사고,0,0,1,0,차대사람 - 기타,안전운전불이행,건조,맑음,단일로 - 기타,승용,남,69세,상해없음,보행자,남,22세,경상
2015121600100268,2015년 12월 16일 13시,수요일,대구광역시 중구 포정동,경상사고,0,0,1,0,차대차 - 정면충돌,안전운전불이행,건조,맑음,교차로 - 교차로부근,승합,남,41세,상해없음,이륜,남,37세,경상
2015121600100269,2015년 12월 16일 13시,수요일,대구광역시 중구 덕산동,경상사고,0,0,2,0,차대차 - 추돌 - 진행중,안전운전불이행,건조,흐림,단일로 - 기타,화물,여,62세,상해없음,승용,남,60세,경상
2015121600100299,2015년 12월 16일 14시,수요일,대구광역시 달서구 송현동,경상사고,0,0,1,0,차대차 - 정면충돌,안전운전불이행,습기,비,단일로 - 기타,승용,남,63세,상해없음,승용,남,24세,경상
2015121600100341,2015년 12월 16일 15시,수요일,대구광역시 달서구 상인동,중상사고,0,1,0,0,차대차 - 기타,안전운전불이행,습기,맑음,단일로 - 횡단보도상,승용,여,45세,상해없음,자전거,남,14세,중상
2015121600100342,2015년 12월 16일 15시,수요일,대구광역시 서구 이현동,경상사고,0,0,1,0,차대차 - 측면직각충돌,안전거리미확보,습기,눈,단일로 - 기타,승용,남,64세,상해없음,승용,남,37세,경상
2015121600100343,2015년 12월 16일 15시,수요일,대구광역시 중구 화전동,중상사고,0,2,3,0,차대사람 - 기타,안전운전불이행,습기,흐림,단일로 - 기타,승합,남,36세,상해없음,보행자,여,74세,경상
2015121600100344,2015년 12월 16일 15시,수요일,대구광역시 중구 남성로,중상사고,0,1,0,0,차대사람 - 횡단중,안전운전불이행,건조,맑음,단일로 - 기타,승용,여,28세,상해없음,보행자,여,41세,중상
2015121600100374,2015년 12월 16일 16시,수요일,대구광역시 중구 동인동4가,경상사고,0,0,1,0,차대차 - 추돌 - 진행중,안전거리미확보,습기,눈,단일로 - 기타,화물,남,62세,상해없음,승용,남,42세,경상
2015121600100477,2015년 12월 16일 18시,수요일,대구광역시 동구 신암동,중상사고,0,1,0,0,차대사람 - 횡단중,안전운전불이행,건조,맑음,교차로 - 교차로안,승합,남,56세,상해없음,보행자,여,45세,중상
2015121600100478,2015년 12월 16일 18시,수요일,대구광역시 달서구 대천동,중상사고,0,1,0,0,차대사람 - 횡단중,보행자보호의무위반,습기,흐림,교차로 - 교차로부근,승용,남,35세,상해없음,보행자,여,51세,중상
2015121600100479,2015년 12월 16일 18시,수요일,대구광역시 북구 노원동3가,부상신고사고,0,0,0,1,차대차 - 기타,중앙선침범,건조,맑음,단일로 - 기타,자전거,남,72세,부상신고,승용,남,65세,상해없음
2015121600100480,2015년 12월 16일 18시,수요일,대구광역시 중구 대봉동,경상사고,0,0,2,0,차대차 - 측면직각충돌,교차로운행방법위반,건조,맑음,교차로 - 교차로안,승용,남,44세,상해없음,승용,남,68세,경상
2015121600100481,2015년 12월 16일 18시,수요일,대구광역시 달서구 갈산동,경상사고,0,0,1,0,차대차 - 기타,안전운전불이행,습기,흐림,단일로 - 기타,승용,남,36세,경상,승용,남,68세,상해없음
2015121600100482,2015년 12월 16일 18시,수요일,대구광역시 북구 동천동,경상사고,0,0,2,0,차대차 - 정면충돌,교차로운행방법위반,건조,맑음,교차로 - 교차로안,승용,여,31세,상해없음,이륜,남,24세,경상
2015121600100520,2015년 12월 16일 19시,수요일,대구광역시 동구 신천동,경상사고,0,0,1,0,차대차 - 기타,안전운전불이행,건조,맑음,교차로 - 교차로안,승용,남,39세,상해없음,승용,남,53세,경상
2015121600100521,2015년 12월 16일 19시,수요일,대구광역시 달서구 상인동,경상사고,0,0,1,0,차대차 - 정면충돌,안전운전불이행,건조,맑음,교차로 - 교차로부근,이륜,남,24세,경상,승용,남,33세,상해없음
2015121600100522,2015년 12월 16일 19시,수요일,대구광역시 북구 노원동2가,중상사고,0,1,0,0,차대사람 - 횡단중,안전운전불이행,건조,흐림,단일로 - 기타,화물,남,41세,상해없음,보행자,남,65세,중상
2015121600100558,2015년 12월 16일 20시,수요일,대구광역시 남구 대명동,경상사고,0,0,1,0,차대차 - 정면충돌,안전운전불이행,건조,맑음,단일로 - 기타,화물,남,32세,상해없음,승용,남,59세,경상
2015121600100559,2015년 12월 16일 20시,수요일,대구광역시 동구 방촌동,경상사고,0,0,1,0,차대차 - 정면충돌,교차로운행방법위반,건조,맑음,교차로 - 교차로안,이륜,남,44세,경상,승용,남,46세,상해없음
2015121600100560,2015년 12월 16일 20시,수요일,대구광역시 북구 구암동,중상사고,0,2,0,0,차대차 - 정면충돌,신호위반,습기,흐림,교차로 - 교차로안,이륜,남,19세,중상,이륜,남,35세,중상
2015121600100561,2015년 12월 16일 20시,수요일,대구광역시 북구 읍내동,경상사고,0,0,1,0,차대사람 - 횡단중,안전운전불이행,건조,흐림,단일로 - 기타,승용,남,32세,상해없음,보행자,남,15세,경상
2015121600100619,2015년 12월 16일 22시,수요일,대구광역시 동구 신천동,경상사고,0,0,4,0,차대차 - 정면충돌,안전운전불이행,건조,맑음,교차로 - 교차로부근,승용,남,27세,상해없음,승용,여,39세,경상
2015121600100620,2015년 12월 16일 22시,수요일,대구광역시 달서구 상인동,경상사고,0,0,1,0,차대차 - 정면충돌,안전운전불이행,건조,맑음,단일로 - 기타,이륜,남,16세,경상,승용,남,45세,상해없음
2015121600100621,2015년 12월 16일 22시,수요일,대구광역시 달성군 논공읍,중상사고,0,1,0,0,차대차 - 정면충돌,안전운전불이행,건조,맑음,교차로 - 교차로부근,승용,남,40세,상해없음,승용,남,54세,상해없음
2015121600100656,2015년 12월 16일 23시,수요일,대구광역시 동구 신천동,부상신고사고,0,0,0,1,차대차 - 정면충돌,안전거리미확보,건조,맑음,단일로 - 기타,이륜,남,19세,부상신고,승용,남,63세,상해없음
2015121600100657,2015년 12월 16일 23시,수요일,대구광역시 서구 내당동,중상사고,0,1,1,0,차대차 - 정면충돌,차로위반,건조,맑음,교차로 - 교차로부근,이륜,남,40세,중상,승용,여,32세,경상
2015121700100025,2015년 12월 17일 00시,목요일,대구광역시 남구 봉덕동,경상사고,0,0,1,0,차대사람 - 횡단중,안전운전불이행,건조,맑음,교차로 - 교차로부근,승용,남,59세,상해없음,보행자,남,44세,경상
2015121700100056,2015년 12월 17일 03시,목요일,대구광역시 동구 신천동,부상신고사고,0,0,0,1,차대차 - 기타,신호위반,건조,맑음,교차로 - 교차로안,승용,남,38세,상해없음,승용,남,24세,부상신고
2015121700100063,2015년 12월 17일 04시,목요일,대구광역시 수성구 만촌동,경상사고,0,0,1,0,차대차 - 정면충돌,안전운전불이행,건조,맑음,단일로 - 기타,승용,남,45세,상해없음,승합,남,58세,경상
2015121700100074,2015년 12월 17일 05시,목요일,대구광역시 달서구 두류동,중상사고,0,1,0,0,차대사람 - 횡단중,보행자보호의무위반,건조,맑음,교차로 - 교차로부근,화물,남,55세,상해없음,보행자,남,62세,중상
2015121700100089,2015년 12월 17일 06시,목요일,대구광역시 동구 신서동,중상사고,0,1,0,0,차대차 - 기타,신호위반,건조,맑음,교차로 - 교차로안,원동기,남,76세,중상,승용,남,48세,상해없음
2015121700100090,2015년 12월 17일 06시,목요일,대구광역시 달서구 죽전동,부상신고사고,0,0,0,1,차대차 - 정면충돌,안전운전불이행,건조,맑음,교차로 - 교차로부근,승용,남,47세,상해없음,승용,남,64세,부상신고
2015121700100154,2015년 12월 17일 08시,목요일,대구광역시 서구 내당동,중상사고,0,1,0,0,차대차 - 정면충돌,안전운전불이행,건조,맑음,단일로 - 횡단보도상,승용,여,48세,상해없음,자전거,남,62세,중상
2015121700100155,2015년 12월 17일 08시,목요일,대구광역시 북구 조야동,중상사고,0,1,0,0,차대차 - 정면충돌,안전운전불이행,건조,맑음,기타 - 기타,승용,여,55세,기타불명,자전거,남,24세,중상
2015121700100191,2015년 12월 17일 09시,목요일,대구광역시 북구 고성동1가,경상사고,0,0,1,0,차대차 - 측면직각충돌,안전운전불이행,건조,맑음,단일로 - 기타,원동기,남,24세,경상,특수,남,53세,상해없음
2015121700100225,2015년 12월 17일 10시,목요일,대구광역시 달서구 대천동,경상사고,0,0,2,0,차대차 - 정면충돌,교차로운행방법위반,건조,맑음,교차로 - 교차로안,승용,남,49세,경상,승용,남,32세,경상
2015121700100282,2015년 12월 17일 12시,목요일,대구광역시 서구 비산동,경상사고,0,0,1,0,차대사람 - 횡단중,보행자보호의무위반,건조,맑음,교차로 - 교차로안,이륜,남,59세,상해없음,보행자,남,59세,경상
2015121700100283,2015년 12월 17일 12시,목요일,대구광역시 서구 평리동,중상사고,0,1,0,0,차대사람 - 횡단중,안전운전불이행,건조,맑음,교차로 - 교차로부근,화물,남,21세,상해없음,보행자,남,71세,중상
2015121700100304,2015년 12월 17일 13시,목요일,대구광역시 수성구 만촌동,경상사고,0,0,1,0,차대차 - 측면직각충돌,안전운전불이행,건조,맑음,교차로 - 교차로부근,승합,남,51세,상해없음,이륜,남,44세,경상
2015121700100305,2015년 12월 17일 13시,목요일,대구광역시 수성구 상동,중상사고,0,1,0,0,차대차 - 측면직각충돌,안전거리미확보,건조,맑음,단일로 - 기타,화물,남,20세,상해없음,이륜,남,40세,중상
2015121700100306,2015년 12월 17일 13시,목요일,대구광역시 서구 비산동,경상사고,0,0,1,0,차대차 - 정면충돌,안전거리미확보,건조,맑음,교차로 - 교차로부근,승용,남,30세,상해없음,승용,여,54세,경상
2015121700100307,2015년 12월 17일 13시,목요일,대구광역시 달서구 신당동,중상사고,0,1,0,0,차대차 - 정면충돌,안전거리미확보,건조,맑음,교차로 - 교차로부근,승용,남,63세,상해없음,이륜,남,37세,중상
2015121700100334,2015년 12월 17일 14시,목요일,대구광역시 북구 칠성동2가,경상사고,0,0,2,0,차대차 - 정면충돌,안전운전불이행,건조,맑음,교차로 - 교차로부근,승용,남,27세,상해없음,승용,여,38세,경상
2015121700100373,2015년 12월 17일 15시,목요일,대구광역시 동구 각산동,경상사고,0,0,1,0,차대차 - 정면충돌,직진우회전진행방해,건조,맑음,교차로 - 교차로안,승용,여,35세,상해없음,승용,남,63세,경상
2015121700100374,2015년 12월 17일 15시,목요일,대구광역시 동구 신암동,중상사고,0,1,0,0,차대사람 - 횡단중,보행자보호의무위반,건조,맑음,교차로 - 교차로안,승용,남,30세,상해없음,보행자,여,78세,중상
2015121700100375,2015년 12월 17일 15시,목요일,대구광역시 동구 효목동,경상사고,0,0,1,0,차대차 - 측면직각충돌,안전운전불이행,건조,맑음,단일로 - 기타,승용,남,56세,상해없음,자전거,남,53세,경상
2015121700100376,2015년 12월 17일 15시,목요일,대구광역시 북구 노원동3가,중상사고,0,1,0,0,차대차 - 정면충돌,안전운전불이행,건조,맑음,단일로 - 기타,화물,남,32세,상해없음,원동기,여,33세,중상
2015121700100377,2015년 12월 17일 15시,목요일,대구광역시 서구 내당동,경상사고,0,0,3,0,차대차 - 정면충돌,안전거리미확보,건조,맑음,단일로 - 기타,승용,여,32세,상해없음,승용,여,44세,상해없음
2015121700100416,2015년 12월 17일 16시,목요일,대구광역시 서구 원대동1가,경상사고,0,0,1,0,차대차 - 정면충돌,안전운전불이행,건조,흐림,기타 - 기타,자전거,기타불명,기타불명,기타불명,자전거,남,12세,경상
2015121700100417,2015년 12월 17일 16시,목요일,대구광역시 북구 동호동,경상사고,0,0,3,0,차대차 - 정면충돌,교차로운행방법위반,건조,맑음,교차로 - 교차로안,승용,여,59세,상해없음,승용,남,51세,경상
2015121700100515,2015년 12월 17일 18시,목요일,대구광역시 남구 대명동,중상사고,0,1,1,0,차대차 - 정면충돌,안전거리미확보,건조,맑음,단일로 - 기타,승용,여,51세,중상,승용,여,34세,경상
2015121700100516,2015년 12월 17일 18시,목요일,대구광역시 북구 산격동,중상사고,0,1,0,0,차대사람 - 횡단중,안전운전불이행,건조,맑음,단일로 - 횡단보도부근,승용,남,37세,상해없음,보행자,여,32세,중상
2015121700100517,2015년 12월 17일 18시,목요일,대구광역시 북구 산격동,경상사고,0,0,1,0,차대사람 - 횡단중,안전운전불이행,건조,맑음,단일로 - 기타,승합,남,60세,상해없음,보행자,남,38세,경상
2015121700100555,2015년 12월 17일 19시,목요일,대구광역시 수성구 황금동,경상사고,0,0,3,0,차대차 - 정면충돌,신호위반,건조,맑음,교차로 - 교차로안,승용,여,50세,상해없음,승용,여,41세,경상
2015121700100556,2015년 12월 17일 19시,목요일,대구광역시 수성구 만촌동,경상사고,0,0,3,0,차대차 - 정면충돌,안전운전불이행,건조,맑음,단일로 - 기타,승용,남,59세,상해없음,승용,여,35세,경상
2015121700100557,2015년 12월 17일 19시,목요일,대구광역시 수성구 만촌동,경상사고,0,0,1,0,차대차 - 기타,안전운전불이행,건조,맑음,교차로 - 교차로부근,승용,남,28세,상해없음,승용,여,39세,경상
2015121700100558,2015년 12월 17일 19시,목요일,대구광역시 북구 산격동,경상사고,0,0,1,0,차대차 - 기타,안전운전불이행,건조,맑음,단일로 - 기타,건설기계,남,35세,상해없음,승용,남,45세,경상
2015121700100559,2015년 12월 17일 19시,목요일,대구광역시 중구 동인동2가,경상사고,0,0,1,0,차대차 - 정면충돌,안전거리미확보,건조,맑음,교차로 - 교차로부근,승용,남,56세,상해없음,승용,남,63세,경상
2015121700100560,2015년 12월 17일 19시,목요일,대구광역시 달서구 본리동,경상사고,0,0,1,0,차대차 - 기타,안전운전불이행,건조,맑음,교차로 - 교차로안,화물,남,58세,상해없음,승용,남,22세,경상
2015121700100594,2015년 12월 17일 20시,목요일,대구광역시 서구 내당동,경상사고,0,0,1,0,차대차 - 정면충돌,안전운전불이행,건조,맑음,교차로 - 교차로부근,승용,남,52세,상해없음,원동기,남,29세,경상
2015121700100595,2015년 12월 17일 20시,목요일,대구광역시 달서구 장동,경상사고,0,0,1,0,차대차 - 정면충돌,안전운전불이행,건조,맑음,교차로 - 교차로안,승용,남,38세,상해없음,이륜,남,28세,경상
2015121700100614,2015년 12월 17일 21시,목요일,대구광역시 수성구 상동,경상사고,0,0,3,0,차대차 - 추돌 - 진행중,교차로운행방법위반,건조,맑음,교차로 - 교차로부근,승용,여,57세,상해없음,승용,남,42세,경상
2015121700100615,2015년 12월 17일 21시,목요일,대구광역시 달서구 두류동,경상사고,0,0,1,0,차대사람 - 횡단중,안전운전불이행,건조,맑음,교차로 - 교차로부근,승용,여,43세,상해없음,보행자,남,24세,경상
2015121700100616,2015년 12월 17일 21시,목요일,대구광역시 북구 동호동,경상사고,0,0,1,0,차대차 - 정면충돌,안전거리미확보,건조,맑음,교차로 - 교차로안,승용,남,51세,상해없음,승용,여,31세,경상
2015121700100653,2015년 12월 17일 22시,목요일,대구광역시 수성구 중동,부상신고사고,0,0,0,2,차대차 - 정면충돌,교차로운행방법위반,건조,맑음,교차로 - 교차로안,승용,여,42세,상해없음,원동기,남,17세,부상신고
2015121700100654,2015년 12월 17일 22시,목요일,대구광역시 수성구 만촌동,경상사고,0,0,1,0,차대차 - 정면충돌,차로위반,건조,맑음,단일로 - 기타,승용,남,67세,상해없음,승용,남,46세,경상
2015121700100655,2015년 12월 17일 22시,목요일,대구광역시 북구 노원동3가,중상사고,0,1,0,0,차량단독 - 전도전복,안전운전불이행,건조,맑음,단일로 - 기타,이륜,남,54세,중상,,,,
2015121700100656,2015년 12월 17일 22시,목요일,대구광역시 중구 덕산동,경상사고,0,0,2,1,차대차 - 정면충돌,신호위반,건조,맑음,교차로 - 교차로안,이륜,남,18세,부상신고,승용,남,41세,경상
2015121700100690,2015년 12월 17일 23시,목요일,대구광역시 북구 관음동,중상사고,0,1,0,0,차대사람 - 횡단중,안전운전불이행,건조,맑음,기타 - 기타,기타불명,기타불명,기타불명,기타불명,보행자,남,52세,중상
2015121800100019,2015년 12월 18일 00시,금요일,대구광역시 달성군 화원읍,중상사고,0,2,1,0,차대차 - 측면직각충돌,직진우회전진행방해,건조,맑음,교차로 - 교차로안,승용,여,31세,경상,화물,남,43세,중상
2015121800100020,2015년 12월 18일 00시,금요일,대구광역시 서구 비산동,경상사고,0,0,3,0,차대차 - 측면직각충돌,신호위반,건조,맑음,교차로 - 교차로안,화물,남,55세,상해없음,승용,남,48세,경상
2015121800100036,2015년 12월 18일 01시,금요일,대구광역시 북구 침산동,경상사고,0,0,2,0,차대차 - 정면충돌,안전거리미확보,건조,맑음,단일로 - 기타,승용,남,50세,상해없음,승용,남,48세,상해없음
2015121800100046,2015년 12월 18일 02시,금요일,대구광역시 수성구 범물동,중상사고,0,1,1,0,차대차 - 정면충돌,교차로운행방법위반,건조,맑음,교차로 - 교차로안,승용,남,56세,상해없음,승용,여,47세,경상
2015121800100054,2015년 12월 18일 03시,금요일,대구광역시 서구 상리동,부상신고사고,0,0,0,1,차대차 - 정면충돌,안전거리미확보,건조,맑음,단일로 - 기타,승용,남,54세,부상신고,화물,남,61세,상해없음
2015121800100111,2015년 12월 18일 07시,금요일,대구광역시 수성구 만촌동,경상사고,0,0,2,0,차대차 - 정면충돌,안전운전불이행,건조,맑음,단일로 - 기타,승용,남,47세,상해없음,승용,남,50세,경상
2015121800100112,2015년 12월 18일 07시,금요일,대구광역시 수성구 범어동,경상사고,0,0,2,0,차대차 - 정면충돌,안전운전불이행,건조,맑음,단일로 - 기타,화물,남,54세,상해없음,화물,남,25세,경상
2015121800100113,2015년 12월 18일 07시,금요일,대구광역시 북구 매천동,경상사고,0,0,1,0,차대차 - 정면충돌,신호위반,건조,맑음,교차로 - 교차로안,화물,남,63세,상해없음,화물,남,48세,경상
2015121800100157,2015년 12월 18일 08시,금요일,대구광역시 북구 학정동,경상사고,0,0,1,0,차대사람 - 횡단중,안전운전불이행,건조,맑음,단일로 - 기타,승용,여,49세,상해없음,보행자,남,9세,경상
2015121800100185,2015년 12월 18일 09시,금요일,대구광역시 북구 칠성동1가,경상사고,0,0,1,0,차대차 - 정면충돌,불법유턴,건조,맑음,교차로 - 교차로부근,원동기,기타불명,기타불명,기타불명,원동기,남,26세,경상
2015121800100208,2015년 12월 18일 10시,금요일,대구광역시 동구 신암동,경상사고,0,0,1,0,차대차 - 측면직각충돌,안전운전불이행,건조,맑음,단일로 - 기타,이륜,남,69세,경상,승용,남,40세,상해없음
2015121800100210,2015년 12월 18일 10시,금요일,대구광역시 서구 비산동,경상사고,0,0,1,0,차대차 - 정면충돌,안전거리미확보,건조,맑음,단일로 - 기타,승용,남,55세,상해없음,승용,남,56세,상해없음
2015121800100211,2015년 12월 18일 10시,금요일,대구광역시 중구 동인동1가,부상신고사고,0,0,0,1,차대차 - 정면충돌,안전거리미확보,건조,맑음,단일로 - 기타,승용,남,36세,부상신고,건설기계,남,57세,상해없음
2015121800100212,2015년 12월 18일 10시,금요일,대구광역시 달서구 신당동,중상사고,0,1,0,0,차대사람 - 횡단중,안전운전불이행,건조,맑음,단일로 - 기타,승용,남,58세,상해없음,보행자,여,82세,중상
2015121800100213,2015년 12월 18일 10시,금요일,대구광역시 달서구 월암동,부상신고사고,0,0,0,1,차대차 - 정면충돌,안전운전불이행,건조,맑음,교차로 - 교차로부근,이륜,남,22세,부상신고,화물,남,27세,상해없음
2015121800100238,2015년 12월 18일 11시,금요일,대구광역시 중구 남산동,경상사고,0,0,1,0,차대차 - 추돌 - 진행중,안전거리미확보,건조,맑음,교차로 - 교차로안,승용,남,44세,상해없음,승용,남,25세,경상
2015121800100239,2015년 12월 18일 11시,금요일,대구광역시 달서구 성당동,중상사고,0,1,0,0,차대사람 - 횡단중,안전운전불이행,건조,맑음,단일로 - 횡단보도상,승용,남,56세,상해없음,보행자,남,76세,중상
2015121800100304,2015년 12월 18일 13시,금요일,대구광역시 수성구 사월동,중상사고,0,2,1,0,차대차 - 측면직각충돌,안전거리미확보,건조,맑음,단일로 - 기타,화물,남,29세,상해없음,승용,남,48세,중상
2015121800100305,2015년 12월 18일 13시,금요일,대구광역시 수성구 상동,경상사고,0,0,1,0,차대차 - 정면충돌,불법유턴,건조,맑음,단일로 - 기타,승용,남,57세,상해없음,승용,여,34세,경상
2015121800100306,2015년 12월 18일 13시,금요일,대구광역시 서구 비산동,경상사고,0,0,7,0,차대차 - 추돌 - 주정차중,안전운전불이행,건조,맑음,단일로 - 기타,승합,남,56세,상해없음,승용,남,45세,상해없음
2015121800100335,2015년 12월 18일 14시,금요일,대구광역시 수성구 삼덕동,경상사고,0,0,1,0,차대차 - 추돌 - 진행중,안전거리미확보,건조,맑음,교차로 - 교차로안,승용,남,53세,기타불명,승용,여,45세,경상
2015121800100336,2015년 12월 18일 14시,금요일,대구광역시 북구 칠성동1가,중상사고,0,1,0,0,차대차 - 정면충돌,중앙선침범,건조,맑음,단일로 - 기타,이륜,남,52세,중상,승용,남,32세,상해없음
2015121800100337,2015년 12월 18일 14시,금요일,대구광역시 서구 비산동,경상사고,0,0,5,0,차대차 - 추돌 - 주정차중,안전운전불이행,건조,맑음,단일로 - 기타,화물,남,52세,상해없음,화물,남,51세,경상
2015121800100369,2015년 12월 18일 15시,금요일,대구광역시 남구 대명동,경상사고,0,0,1,0,차대차 - 정면충돌,안전운전불이행,건조,맑음,교차로 - 교차로부근,화물,남,55세,상해없음,이륜,남,16세,경상
2015121800100370,2015년 12월 18일 15시,금요일,대구광역시 달성군 다사읍,경상사고,0,0,1,0,차대차 - 측면직각충돌,안전운전불이행,건조,맑음,교차로 - 교차로안,기타불명,기타불명,기타불명,기타불명,승용,남,25세,경상
2015121800100371,2015년 12월 18일 15시,금요일,대구광역시 북구 칠성동1가,경상사고,0,0,1,0,차대사람 - 횡단중,안전운전불이행,건조,맑음,단일로 - 기타,승용,여,36세,상해없음,보행자,남,70세,경상
2015121800100372,2015년 12월 18일 15시,금요일,대구광역시 북구 노원동3가,중상사고,0,1,0,0,차대사람 - 횡단중,안전운전불이행,건조,맑음,교차로 - 교차로안,화물,남,51세,상해없음,보행자,남,74세,중상
2015121800100373,2015년 12월 18일 15시,금요일,대구광역시 중구 전동,경상사고,0,0,1,0,차대차 - 정면충돌,안전운전불이행,건조,맑음,단일로 - 기타,승용,여,31세,상해없음,승용,여,34세,경상
2015121800100374,2015년 12월 18일 15시,금요일,대구광역시 달서구 신당동,경상사고,0,0,1,0,차대차 - 정면충돌,안전운전불이행,건조,맑음,단일로 - 기타,승용,남,63세,상해없음,이륜,남,59세,경상
2015121800100406,2015년 12월 18일 16시,금요일,대구광역시 동구 효목동,중상사고,0,1,0,0,차량단독 - 전도전복,기타,건조,맑음,교차로 - 교차로부근,이륜,남,75세,중상,,,,
2015121800100407,2015년 12월 18일 16시,금요일,대구광역시 수성구 두산동,중상사고,0,1,0,0,차대차 - 기타,안전운전불이행,건조,맑음,단일로 - 기타,승용,남,33세,상해없음,이륜,남,36세,중상
2015121800100408,2015년 12월 18일 16시,금요일,대구광역시 수성구 황금동,경상사고,0,0,1,0,차량단독 - 기타,안전운전불이행,건조,맑음,단일로 - 기타,승합,남,51세,상해없음,,,,
2015121800100409,2015년 12월 18일 16시,금요일,대구광역시 달서구 상인동,경상사고,0,0,1,0,차대사람 - 횡단중,안전운전불이행,건조,맑음,단일로 - 기타,승용,남,53세,상해없음,보행자,남,11세,경상
2015121800100452,2015년 12월 18일 17시,금요일,대구광역시 동구 신암동,중상사고,0,1,0,0,차대사람 - 횡단중,보행자보호의무위반,건조,맑음,단일로 - 횡단보도상,승용,남,61세,상해없음,보행자,남,64세,중상