사고번호,사고일시,요일,시군구,사고내용,사망자수,중상자수,경상자수,부상신고자수,사고유형,법규위반,노면상태,기상상태,도로형태,가해운전자 차종,가해운전자 성별,가해운전자 연령,가해운전자 상해정도,피해운전자 차종,피해운전자 성별,피해운전자 연령,피해운전자 상해정도
2015122100100637,2015년 12월 21일 22시,월요일,대구광역시 동구 신천동,중상사고,0,1,0,0,차대사람 - 횡단중,안전운전불이행,건조,맑음,단일로 - 기타,승용,남,53세,상해없음,보행자,남,16세,중상
2015122100100638,2015년 12월 21일 22시,월요일,대구광역시 달서구 진천동,중상사고,0,1,0,0,차대차 - 정면충돌,중앙선침범,건조,맑음,단일로 - 기타,승용,남,50세,상해없음,자전거,남,16세,중상
2015122100100639,2015년 12월 21일 22시,월요일,대구광역시 달서구 유천동,경상사고,0,0,2,0,차대차 - 정면충돌,안전거리미확보,건조,맑음,교차로 - 교차로안,승용,남,58세,상해없음,승용,여,28세,경상
2015122100100666,2015년 12월 21일 23시,월요일,대구광역시 수성구 만촌동,경상사고,0,0,1,0,차대차 - 정면충돌,신호위반,건조,맑음,교차로 - 교차로안,승용,여,38세,상해없음,승용,남,58세,경상
2015122200100014,2015년 12월 22일 00시,화요일,대구광역시 북구 칠성동1가,중상사고,0,2,2,0,차대차 - 정면충돌,직진우회전진행방해,건조,맑음,교차로 - 교차로안,승용,남,57세,상해없음,승용,남,64세,상해없음
2015122200100024,2015년 12월 22일 01시,화요일,대구광역시 서구 비산동,중상사고,0,1,0,0,차대사람 - 기타,안전운전불이행,건조,맑음,단일로 - 기타,승용,남,59세,상해없음,보행자,남,67세,중상
2015122200100044,2015년 12월 22일 03시,화요일,대구광역시 달서구 유천동,중상사고,0,1,1,0,차대차 - 측면직각충돌,신호위반,건조,맑음,교차로 - 교차로안,승용,남,47세,상해없음,승용,남,59세,중상
2015122200100057,2015년 12월 22일 05시,화요일,대구광역시 서구 비산동,사망사고,1,0,0,0,차대사람 - 횡단중,안전운전불이행,건조,맑음,단일로 - 기타,화물,남,55세,상해없음,보행자,여,75세,사망
2015122200100117,2015년 12월 22일 07시,화요일,대구광역시 북구 대현동,경상사고,0,0,1,0,차대차 - 추돌 - 진행중,안전운전불이행,건조,맑음,단일로 - 기타,이륜,남,51세,상해없음,승용,여,61세,경상
2015122200100157,2015년 12월 22일 08시,화요일,대구광역시 북구 산격동,중상사고,0,1,0,0,차량단독 - 기타,안전운전불이행,건조,맑음,단일로 - 기타,승합,남,55세,상해없음,,,,
2015122200100183,2015년 12월 22일 09시,화요일,대구광역시 수성구 신매동,중상사고,0,1,0,0,차대차 - 정면충돌,안전거리미확보,건조,맑음,단일로 - 기타,승용,여,59세,기타불명,승용,남,50세,상해없음
2015122200100206,2015년 12월 22일 10시,화요일,대구광역시 남구 대명동,경상사고,0,0,1,0,차대차 - 정면충돌,신호위반,건조,맑음,교차로 - 교차로안,승용,남,34세,상해없음,승용,여,48세,경상
2015122200100207,2015년 12월 22일 10시,화요일,대구광역시 수성구 상동,경상사고,0,0,1,0,차대차 - 정면충돌,차로위반,습기,안개,단일로 - 기타,승용,남,76세,상해없음,이륜,남,49세,경상
2015122200100238,2015년 12월 22일 11시,화요일,대구광역시 남구 대명동,중상사고,0,1,1,0,차대차 - 정면충돌,안전운전불이행,건조,맑음,교차로 - 교차로부근,승합,남,42세,상해없음,이륜,남,23세,중상
2015122200100267,2015년 12월 22일 12시,화요일,대구광역시 서구 비산동,경상사고,0,0,1,0,차대차 - 정면충돌,안전운전불이행,건조,맑음,단일로 - 기타,승용,남,64세,상해없음,승용,남,53세,경상
2015122200100287,2015년 12월 22일 13시,화요일,대구광역시 달서구 호산동,부상신고사고,0,0,0,1,차대사람 - 횡단중,안전운전불이행,건조,맑음,단일로 - 기타,승용,여,39세,상해없음,보행자,남,58세,부상신고
2015122200100369,2015년 12월 22일 15시,화요일,대구광역시 달성군 가창면,중상사고,0,1,0,0,차대차 - 정면충돌,중앙선침범,건조,맑음,단일로 - 기타,승용,남,49세,상해없음,승용,남,36세,중상
2015122200100370,2015년 12월 22일 15시,화요일,대구광역시 달서구 감삼동,경상사고,0,0,1,0,차대차 - 기타,교차로운행방법위반,건조,맑음,교차로 - 교차로안,화물,남,65세,상해없음,자전거,남,15세,경상
2015122200100397,2015년 12월 22일 16시,화요일,대구광역시 남구 대명동,경상사고,0,0,1,0,차대사람 - 횡단중,안전운전불이행,건조,맑음,단일로 - 기타,승용,여,57세,상해없음,보행자,남,68세,경상
2015122200100398,2015년 12월 22일 16시,화요일,대구광역시 수성구 수성동4가,중상사고,0,1,0,0,차대차 - 정면충돌,안전운전불이행,건조,맑음,단일로 - 기타,원동기,남,60세,상해없음,원동기,남,71세,중상
2015122200100399,2015년 12월 22일 16시,화요일,대구광역시 북구 동천동,경상사고,0,0,2,0,차대차 - 측면직각충돌,안전거리미확보,건조,맑음,단일로 - 기타,승용,여,36세,상해없음,원동기,남,19세,경상
2015122200100441,2015년 12월 22일 17시,화요일,대구광역시 중구 동산동,중상사고,0,1,0,0,차대차 - 정면충돌,안전거리미확보,건조,맑음,단일로 - 기타,승용,남,73세,상해없음,승합,남,58세,상해없음
2015122200100482,2015년 12월 22일 18시,화요일,대구광역시 동구 신기동,중상사고,0,1,0,0,차대사람 - 횡단중,보행자보호의무위반,건조,맑음,단일로 - 횡단보도상,화물,남,64세,상해없음,보행자,남,62세,중상
2015122200100483,2015년 12월 22일 18시,화요일,대구광역시 북구 노원동1가,경상사고,0,0,1,0,차대사람 - 횡단중,보행자보호의무위반,건조,맑음,교차로 - 교차로안,승용,남,55세,상해없음,보행자,남,25세,경상
2015122200100484,2015년 12월 22일 18시,화요일,대구광역시 서구 내당동,중상사고,0,1,0,0,차대차 - 정면충돌,안전운전불이행,건조,맑음,교차로 - 교차로안,기타불명,기타불명,기타불명,기타불명,원동기,남,17세,중상
2015122200100485,2015년 12월 22일 18시,화요일,대구광역시 달서구 이곡동,경상사고,0,0,1,0,차대차 - 정면충돌,안전운전불이행,건조,맑음,단일로 - 기타,승용,남,47세,상해없음,승용,남,55세,경상
2015122200100486,2015년 12월 22일 18시,화요일,대구광역시 달서구 신당동,경상사고,0,0,1,0,차대사람 - 기타,기타,건조,맑음,단일로 - 횡단보도부근,승용,남,52세,상해없음,보행자,여,19세,경상
2015122200100487,2015년 12월 22일 18시,화요일,대구광역시 북구 태전동,중상사고,0,1,0,0,차대사람 - 횡단중,안전운전불이행,건조,흐림,단일로 - 기타,승용,여,32세,상해없음,보행자,남,11세,중상
2015122200100525,2015년 12월 22일 19시,화요일,대구광역시 북구 산격동,경상사고,0,0,1,0,차대사람 - 횡단중,기타,건조,맑음,단일로 - 기타,승용,남,48세,기타불명,보행자,남,50세,경상
2015122200100526,2015년 12월 22일 19시,화요일,대구광역시 서구 내당동,경상사고,0,0,2,0,차대차 - 정면충돌,안전운전불이행,건조,맑음,교차로 - 교차로안,승용,여,24세,상해없음,승용,남,44세,경상
2015122200100556,2015년 12월 22일 20시,화요일,대구광역시 남구 대명동,부상신고사고,0,0,0,1,차대차 - 정면충돌,안전운전불이행,건조,맑음,단일로 - 기타,원동기,남,19세,부상신고,승용,남,58세,상해없음
2015122200100557,2015년 12월 22일 20시,화요일,대구광역시 서구 비산동,경상사고,0,0,1,0,차량단독 - 기타,안전운전불이행,건조,흐림,교차로 - 교차로부근,승용,남,64세,기타불명,,,,
2015122200100558,2015년 12월 22일 20시,화요일,대구광역시 달서구 용산동,부상신고사고,0,0,0,1,차대차 - 정면충돌,안전거리미확보,건조,맑음,단일로 - 기타,승용,남,33세,상해없음,이륜,남,17세,부상신고
2015122200100581,2015년 12월 22일 21시,화요일,대구광역시 달서구 신당동,중상사고,0,1,1,0,차대차 - 측면직각충돌,안전거리미확보,건조,맑음,단일로 - 기타,승용,남,49세,상해없음,이륜,남,17세,경상
2015122200100582,2015년 12월 22일 21시,화요일,대구광역시 북구 태전동,부상신고사고,0,0,0,1,차대차 - 정면충돌,안전운전불이행,건조,맑음,교차로 - 교차로부근,기타불명,기타불명,기타불명,기타불명,승용,여,44세,부상신고
2015122200100609,2015년 12월 22일 22시,화요일,대구광역시 수성구 수성동3가,중상사고,0,1,0,0,차대사람 - 횡단중,안전운전불이행,건조,맑음,교차로 - 교차로부근,승용,여,32세,상해없음,보행자,남,36세,중상
2015122200100629,2015년 12월 22일 23시,화요일,대구광역시 서구 평리동,중상사고,0,1,2,0,차대차 - 정면충돌,교차로운행방법위반,건조,맑음,교차로 - 교차로안,승용,여,27세,상해없음,승용,남,59세,상해없음
2015122300100023,2015년 12월 23일 00시,수요일,대구광역시 북구 산격동,중상사고,0,1,0,0,차대사람 - 횡단중,안전운전불이행,건조,흐림,단일로 - 기타,승용,남,49세,상해없음,보행자,남,56세,중상
2015122300100055,2015년 12월 23일 02시,수요일,대구광역시 수성구 수성동2가,부상신고사고,0,0,0,1,차량단독 - 전도전복,안전운전불이행,습기,비,단일로 - 기타,이륜,남,54세,부상신고,,,,
2015122300100072,2015년 12월 23일 04시,수요일,대구광역시 달서구 본리동,경상사고,0,0,1,0,차대차 - 정면충돌,안전거리미확보,건조,맑음,교차로 - 교차로안,승용,남,24세,상해없음,승용,남,64세,경상
2015122300100084,2015년 12월 23일 05시,수요일,대구광역시 동구 방촌동,중상사고,0,1,0,0,차대차 - 정면충돌,직진우회전진행방해,건조,맑음,교차로 - 교차로안,승용,남,19세,중상,승합,남,41세,기타불명
2015122300100128,2015년 12월 23일 07시,수요일,대구광역시 달서구 도원동,중상사고,0,1,0,0,차대차 - 추돌 - 진행중,안전거리미확보,습기,비,단일로 - 기타,승용,여,28세,상해없음,승용,남,59세,중상
2015122300100129,2015년 12월 23일 07시,수요일,대구광역시 북구 태전동,중상사고,0,1,0,0,차대사람 - 횡단중,보행자보호의무위반,습기,비,교차로 - 교차로부근,승용,여,48세,상해없음,보행자,여,25세,중상
2015122300100163,2015년 12월 23일 08시,수요일,대구광역시 서구 비산동,경상사고,0,0,1,0,차대차 - 측면직각충돌,교차로운행방법위반,건조,맑음,교차로 - 교차로안,승용,여,48세,상해없음,승용,남,32세,경상
2015122300100217,2015년 12월 23일 10시,수요일,대구광역시 달서구 이곡동,경상사고,0,0,1,0,차대차 - 정면충돌,교차로운행방법위반,건조,맑음,교차로 - 교차로안,승용,남,56세,상해없음,원동기,남,23세,경상
2015122300100249,2015년 12월 23일 11시,수요일,대구광역시 달서구 상인동,경상사고,0,0,1,0,차대차 - 측면직각충돌,안전운전불이행,건조,흐림,단일로 - 기타,화물,남,49세,상해없음,승용,남,55세,경상
2015122300100250,2015년 12월 23일 11시,수요일,대구광역시 북구 구암동,경상사고,0,0,1,1,차대차 - 정면충돌,안전운전불이행,건조,맑음,교차로 - 교차로부근,승용,여,46세,상해없음,승용,남,35세,경상
2015122300100303,2015년 12월 23일 13시,수요일,대구광역시 수성구 상동,중상사고,0,1,7,0,차대차 - 추돌 - 진행중,안전운전불이행,건조,맑음,단일로 - 기타,승용,남,52세,기타불명,승합,남,51세,경상
2015122300100304,2015년 12월 23일 13시,수요일,대구광역시 중구 남산동,경상사고,0,0,2,1,차대차 - 정면충돌,안전거리미확보,건조,맑음,단일로 - 기타,승용,남,34세,부상신고,승용,남,42세,경상
2015122300100371,2015년 12월 23일 15시,수요일,대구광역시 수성구 수성동2가,부상신고사고,0,0,0,1,차대차 - 정면충돌,불법유턴,건조,맑음,단일로 - 기타,자전거,남,73세,부상신고,승용,여,43세,상해없음
2015122300100372,2015년 12월 23일 15시,수요일,대구광역시 서구 비산동,경상사고,0,0,3,0,차대차 - 측면직각충돌,안전운전불이행,건조,맑음,단일로 - 기타,승용,남,70세,상해없음,승용,남,63세,경상
2015122300100373,2015년 12월 23일 15시,수요일,대구광역시 달서구 호산동,중상사고,0,1,1,0,차대차 - 정면충돌,신호위반,건조,맑음,교차로 - 교차로안,승용,여,66세,경상,승용,여,48세,중상
2015122300100401,2015년 12월 23일 16시,수요일,대구광역시 달성군 화원읍,부상신고사고,0,0,0,1,차대차 - 추돌 - 주정차중,기타,건조,맑음,기타 - 기타,승용,남,20세,부상신고,승용,여,28세,기타불명
2015122300100402,2015년 12월 23일 16시,수요일,대구광역시 북구 칠성동2가,중상사고,0,1,0,0,차대사람 - 횡단중,안전운전불이행,건조,맑음,단일로 - 기타,승용,남,78세,상해없음,보행자,여,69세,중상
2015122300100442,2015년 12월 23일 17시,수요일,대구광역시 서구 내당동,경상사고,0,0,1,0,차대차 - 정면충돌,안전거리미확보,건조,맑음,단일로 - 기타,승용,여,61세,상해없음,승용,여,50세,경상
2015122300100443,2015년 12월 23일 17시,수요일,대구광역시 중구 대신동,중상사고,0,1,0,0,차대사람 - 횡단중,보행자보호의무위반,건조,맑음,교차로 - 교차로안,화물,남,50세,상해없음,보행자,여,43세,중상
2015122300100444,2015년 12월 23일 17시,수요일,대구광역시 중구 대신동,중상사고,0,1,0,1,차대차 - 정면충돌,신호위반,건조,맑음,교차로 - 교차로부근,이륜,남,19세,부상신고,이륜,여,50세,중상
2015122300100497,2015년 12월 23일 18시,수요일,대구광역시 북구 노원동3가,중상사고,0,1,0,0,차대차 - 기타,신호위반,건조,맑음,교차로 - 교차로안,화물,남,53세,상해없음,이륜,남,54세,중상
2015122300100498,2015년 12월 23일 18시,수요일,대구광역시 북구 침산동,경상사고,0,0,1,0,차대차 - 기타,안전운전불이행,건조,맑음,교차로 - 교차로안,승용,남,65세,상해없음,승용,여,37세,경상
2015122300100499,2015년 12월 23일 18시,수요일,대구광역시 중구 삼덕동1가,경상사고,0,0,1,0,차대사람 - 횡단중,안전운전불이행,건조,맑음,단일로 - 기타,승용,여,55세,상해없음,보행자,여,26세,경상
2015122300100500,2015년 12월 23일 18시,수요일,대구광역시 달서구 신당동,경상사고,0,0,1,0,차대차 - 측면직각충돌,안전거리미확보,건조,맑음,단일로 - 기타,이륜,남,27세,경상,이륜,남,49세,상해없음
2015122300100538,2015년 12월 23일 19시,수요일,대구광역시 수성구 범어동,경상사고,0,0,1,0,차대차 - 측면직각충돌,안전운전불이행,건조,맑음,교차로 - 교차로부근,승용,남,29세,상해없음,원동기,남,31세,경상
2015122300100539,2015년 12월 23일 19시,수요일,대구광역시 수성구 만촌동,부상신고사고,0,0,0,1,차대사람 - 횡단중,안전운전불이행,건조,맑음,단일로 - 기타,승용,남,54세,상해없음,보행자,남,9세,부상신고
2015122300100540,2015년 12월 23일 19시,수요일,대구광역시 북구 동천동,중상사고,0,1,1,0,차대차 - 정면충돌,안전거리미확보,습기,흐림,단일로 - 기타,승용,남,67세,기타불명,화물,남,26세,경상
2015122300100570,2015년 12월 23일 20시,수요일,대구광역시 달서구 월성동,경상사고,0,0,2,0,차대차 - 기타,중앙선침범,건조,맑음,교차로 - 교차로안,승용,남,32세,상해없음,승용,남,48세,상해없음
2015122300100571,2015년 12월 23일 20시,수요일,대구광역시 달서구 신당동,중상사고,0,1,0,0,차대사람 - 보도통행중,안전운전불이행,건조,맑음,기타 - 기타,승합,남,36세,상해없음,보행자,남,47세,중상
2015122300100572,2015년 12월 23일 20시,수요일,대구광역시 달서구 감삼동,경상사고,0,0,1,0,차대차 - 기타,안전거리미확보,건조,맑음,교차로 - 교차로부근,승용,남,68세,상해없음,이륜,남,22세,경상
2015122300100593,2015년 12월 23일 21시,수요일,대구광역시 동구 신서동,경상사고,0,0,1,0,차대차 - 정면충돌,안전운전불이행,건조,맑음,단일로 - 기타,승용,남,46세,상해없음,승용,남,30세,상해없음
2015122300100594,2015년 12월 23일 21시,수요일,대구광역시 수성구 사월동,경상사고,0,0,1,0,차대차 - 정면충돌,안전운전불이행,건조,맑음,단일로 - 기타,승용,남,52세,상해없음,승용,여,32세,경상
2015122300100595,2015년 12월 23일 21시,수요일,대구광역시 달서구 성당동,중상사고,0,2,1,0,차대차 - 정면충돌,신호위반,건조,흐림,교차로 - 교차로안,승합,남,31세,상해없음,승용,남,66세,중상
2015122300100621,2015년 12월 23일 22시,수요일,대구광역시 동구 효목동,사망사고,1,0,0,0,차대사람 - 기타,안전운전불이행,건조,맑음,교차로 - 교차로부근,승용,남,44세,상해없음,보행자,남,66세,사망
2015122300100623,2015년 12월 23일 22시,수요일,대구광역시 서구 내당동,중상사고,0,1,0,0,차대사람 - 기타,안전운전불이행,건조,맑음,단일로 - 기타,승용,여,23세,기타불명,보행자,남,16세,중상
2015122300100660,2015년 12월 23일 23시,수요일,대구광역시 동구 신천동,경상사고,0,0,1,1,차대사람 - 횡단중,안전운전불이행,건조,맑음,교차로 - 교차로부근,이륜,남,44세,경상,보행자,여,51세,부상신고
2015122300100661,2015년 12월 23일 23시,수요일,대구광역시 달서구 송현동,부상신고사고,0,0,0,1,차대차 - 정면충돌,교차로운행방법위반,건조,맑음,교차로 - 교차로안,이륜,남,22세,부상신고,승용,남,25세,상해없음
2015122400100033,2015년 12월 24일 00시,목요일,대구광역시 수성구 상동,중상사고,0,1,0,0,차대사람 - 횡단중,안전운전불이행,건조,맑음,교차로 - 교차로안,승용,여,56세,상해없음,보행자,여,26세,중상
2015122400100034,2015년 12월 24일 00시,목요일,대구광역시 달성군 하빈면,사망사고,1,0,0,0,차대사람 - 횡단중,안전운전불이행,습기,안개,단일로 - 기타,승용,남,47세,상해없음,보행자,남,66세,사망
2015122400100060,2015년 12월 24일 01시,목요일,대구광역시 서구 내당동,경상사고,0,0,1,0,차대차 - 추돌 - 진행중,안전거리미확보,건조,맑음,단일로 - 횡단보도상,이륜,남,53세,경상,승용,남,25세,상해없음
2015122400100086,2015년 12월 24일 04시,목요일,대구광역시 서구 원대동1가,중상사고,0,1,2,0,차대차 - 정면충돌,신호위반,건조,맑음,교차로 - 교차로안,승합,남,60세,상해없음,승합,남,57세,경상
2015122400100087,2015년 12월 24일 04시,목요일,대구광역시 중구 삼덕동3가,중상사고,0,1,0,0,차대사람 - 횡단중,안전운전불이행,건조,맑음,단일로 - 기타,특수,남,37세,상해없음,보행자,남,17세,중상
2015122400100100,2015년 12월 24일 05시,목요일,대구광역시 수성구 범물동,경상사고,0,0,1,0,차대차 - 정면충돌,안전거리미확보,건조,맑음,단일로 - 기타,화물,남,46세,상해없음,승합,남,48세,경상
2015122400100101,2015년 12월 24일 05시,목요일,대구광역시 달성군 옥포면,경상사고,0,0,1,0,차대차 - 측면직각충돌,안전운전불이행,건조,맑음,미분류 - 미분류,승용,남,57세,상해없음,승용,여,35세,경상
2015122400100114,2015년 12월 24일 06시,목요일,대구광역시 북구 태전동,중상사고,0,1,0,0,차대사람 - 횡단중,안전운전불이행,건조,맑음,단일로 - 기타,승용,남,26세,상해없음,보행자,여,27세,중상
2015122400100166,2015년 12월 24일 08시,목요일,대구광역시 서구 평리동,경상사고,0,0,1,0,차대사람 - 길가장자리구역통행중,안전운전불이행,건조,맑음,단일로 - 기타,승용,여,48세,상해없음,보행자,남,10세,경상
2015122400100167,2015년 12월 24일 08시,목요일,대구광역시 달서구 신당동,중상사고,0,1,0,0,차대사람 - 횡단중,보행자보호의무위반,건조,맑음,단일로 - 횡단보도상,승용,남,33세,상해없음,보행자,여,14세,중상
2015122400100168,2015년 12월 24일 08시,목요일,대구광역시 달서구 감삼동,중상사고,0,1,0,0,차대차 - 정면충돌,안전운전불이행,건조,맑음,단일로 - 기타,승용,여,64세,상해없음,자전거,남,34세,중상
2015122400100198,2015년 12월 24일 09시,목요일,대구광역시 수성구 범어동,경상사고,0,0,1,0,차대차 - 정면충돌,안전운전불이행,건조,맑음,단일로 - 기타,승용,남,80세,상해없음,승용,남,33세,경상
2015122400100224,2015년 12월 24일 10시,목요일,대구광역시 서구 내당동,중상사고,0,1,0,0,차대사람 - 차도통행중,안전운전불이행,건조,맑음,단일로 - 기타,화물,남,33세,상해없음,보행자,여,76세,중상
2015122400100225,2015년 12월 24일 10시,목요일,대구광역시 달서구 두류동,경상사고,0,0,1,0,차대차 - 기타,교차로운행방법위반,건조,맑음,교차로 - 교차로안,이륜,여,46세,경상,승용,남,53세,상해없음
2015122400100226,2015년 12월 24일 10시,목요일,대구광역시 달서구 죽전동,중상사고,0,1,0,0,차대차 - 기타,안전운전불이행,건조,맑음,단일로 - 기타,승용,남,20세,상해없음,이륜,남,40세,중상
2015122400100260,2015년 12월 24일 11시,목요일,대구광역시 달성군 현풍면,중상사고,0,2,1,0,차대차 - 추돌 - 진행중,안전거리미확보,건조,맑음,교차로 - 교차로부근,승용,남,62세,경상,승용,남,58세,중상
2015122400100285,2015년 12월 24일 12시,목요일,대구광역시 중구 봉산동,부상신고사고,0,0,0,1,차대사람 - 횡단중,안전운전불이행,건조,맑음,단일로 - 기타,승용,남,18세,상해없음,보행자,남,43세,부상신고
2015122400100319,2015년 12월 24일 13시,목요일,대구광역시 달성군 유가면,중상사고,0,2,0,0,차대차 - 추돌 - 진행중,안전거리미확보,건조,맑음,교차로 - 교차로안,화물,남,46세,중상,화물,남,48세,중상
2015122400100356,2015년 12월 24일 14시,목요일,대구광역시 동구 덕곡동,중상사고,0,1,0,0,차대차 - 정면충돌,안전운전불이행,건조,맑음,단일로 - 기타,승용,여,42세,상해없음,자전거,남,65세,중상
2015122400100357,2015년 12월 24일 14시,목요일,대구광역시 동구 신천동,중상사고,0,1,0,0,차대사람 - 횡단중,보행자보호의무위반,건조,맑음,교차로 - 교차로안,승합,남,62세,상해없음,보행자,여,81세,중상
2015122400100358,2015년 12월 24일 14시,목요일,대구광역시 수성구 중동,중상사고,0,1,0,0,차대사람 - 횡단중,안전운전불이행,건조,맑음,단일로 - 기타,승용,여,43세,상해없음,보행자,남,49세,중상
2015122400100359,2015년 12월 24일 14시,목요일,대구광역시 수성구 범어동,경상사고,0,0,1,2,차대차 - 측면직각충돌,안전운전불이행,건조,맑음,교차로 - 교차로부근,원동기,남,36세,부상신고,승용,여,34세,경상
2015122400100360,2015년 12월 24일 14시,목요일,대구광역시 서구 평리동,중상사고,0,1,0,0,차대차 - 정면충돌,안전운전불이행,건조,맑음,단일로 - 기타,이륜,여,65세,중상,승용,여,59세,상해없음
2015122400100361,2015년 12월 24일 14시,목요일,대구광역시 달서구 본리동,중상사고,0,1,0,0,차대사람 - 횡단중,안전운전불이행,건조,맑음,단일로 - 기타,건설기계,남,48세,상해없음,보행자,여,64세,중상
2015122400100393,2015년 12월 24일 15시,목요일,대구광역시 북구 노원동2가,중상사고,0,1,0,0,차대사람 - 횡단중,안전운전불이행,건조,맑음,단일로 - 횡단보도부근,기타불명,기타불명,기타불명,기타불명,보행자,남,69세,중상
2015122400100394,2015년 12월 24일 15시,목요일,대구광역시 서구 비산동,중상사고,0,1,0,0,차대차 - 기타,안전운전불이행,건조,맑음,단일로 - 기타,승용,남,63세,상해없음,자전거,남,57세,중상
2015122400100395,2015년 12월 24일 15시,목요일,대구광역시 서구 내당동,경상사고,0,0,1,0,차대차 - 측면직각충돌,교차로운행방법위반,건조,맑음,교차로 - 교차로안,이륜,남,26세,상해없음,승용,남,44세,상해없음
2015122400100429,2015년 12월 24일 16시,목요일,대구광역시 달서구 월성동,경상사고,0,0,2,0,차대차 - 정면충돌,교차로운행방법위반,건조,맑음,교차로 - 교차로안,화물,남,36세,상해없음,승용,남,60세,경상
2015122400100430,2015년 12월 24일 16시,목요일,대구광역시 달서구 월성동,경상사고,0,0,1,0,차대차 - 정면충돌,안전거리미확보,건조,맑음,단일로 - 기타,승용,여,38세,상해없음,승용,여,53세,경상
2015122400100468,2015년 12월 24일 17시,목요일,대구광역시 동구 신암동,중상사고,0,1,0,0,차대차 - 기타,안전운전불이행,건조,맑음,단일로 - 기타,승용,남,67세,상해없음,자전거,남,72세,중상
2015122400100469,2015년 12월 24일 17시,목요일,대구광역시 달서구 송현동,중상사고,0,1,0,0,차대차 - 정면충돌,기타,건조,맑음,단일로 - 기타,승용,남,71세,상해없음,자전거,남,35세,중상
2015122400100471,2015년 12월 24일 17시,목요일,대구광역시 달서구 장기동,중상사고,0,1,0,0,차대사람 - 횡단중,보행자보호의무위반,건조,맑음,단일로 - 기타,승용,남,28세,상해없음,보행자,남,8세,중상
2015122400100534,2015년 12월 24일 18시,목요일,대구광역시 달서구 상인동,중상사고,0,1,1,0,차대차 - 기타,안전운전불이행,건조,맑음,교차로 - 교차로안,승용,여,41세,상해없음,원동기,남,55세,경상
2015122400100535,2015년 12월 24일 18시,목요일,대구광역시 달서구 용산동,경상사고,0,0,2,0,차대차 - 기타,안전거리미확보,건조,맑음,단일로 - 기타,승용,남,43세,상해없음,승용,남,37세,기타불명
2015122400100536,2015년 12월 24일 18시,목요일,대구광역시 달서구 이곡동,중상사고,0,1,0,0,차대사람 - 횡단중,보행자보호의무위반,건조,맑음,단일로 - 기타,화물,남,60세,상해없음,보행자,여,59세,중상
2015122400100537,2015년 12월 24일 18시,목요일,대구광역시 북구 태전동,경상사고,0,0,1,0,차대차 - 정면충돌,안전거리미확보,건조,맑음,단일로 - 기타,기타불명,기타불명,기타불명,기타불명,이륜,남,17세,경상
2015122400100598,2015년 12월 24일 19시,목요일,대구광역시 동구 신천동,경상사고,0,0,1,0,차대차 - 정면충돌,기타,건조,맑음,단일로 - 기타,승용,남,51세,기타불명,이륜,남,22세,경상
2015122400100599,2015년 12월 24일 19시,목요일,대구광역시 수성구 신매동,부상신고사고,0,0,0,1,차대차 - 정면충돌,차로위반,습기,맑음,단일로 - 기타,승용,남,54세,상해없음,원동기,남,16세,부상신고
2015122400100600,2015년 12월 24일 19시,목요일,대구광역시 수성구 신매동,경상사고,0,0,1,0,차대차 - 정면충돌,교차로운행방법위반,건조,맑음,교차로 - 교차로안,승용,여,57세,상해없음,승용,여,32세,경상
2015122400100601,2015년 12월 24일 19시,목요일,대구광역시 북구 침산동,중상사고,0,1,0,0,차대차 - 정면충돌,교차로운행방법위반,건조,맑음,교차로 - 교차로안,화물,남,48세,상해없음,자전거,남,62세,중상
2015122400100639,2015년 12월 24일 20시,목요일,대구광역시 남구 이천동,경상사고,0,0,4,0,차대차 - 정면충돌,신호위반,건조,맑음,교차로 - 교차로안,승용,남,48세,상해없음,승용,남,30세,경상
2015122400100640,2015년 12월 24일 20시,목요일,대구광역시 수성구 상동,중상사고,0,1,0,0,차대차 - 정면충돌,불법유턴,건조,맑음,단일로 - 기타,승용,여,54세,상해없음,이륜,남,40세,중상
2015122400100641,2015년 12월 24일 20시,목요일,대구광역시 북구 구암동,경상사고,0,0,2,0,차대차 - 기타,안전운전불이행,건조,맑음,기타 - 기타,승용,남,54세,상해없음,승용,남,47세,경상
2015122400100696,2015년 12월 24일 22시,목요일,대구광역시 동구 신천동,경상사고,0,0,1,0,차대사람 - 차도통행중,안전운전불이행,건조,맑음,단일로 - 기타,이륜,남,23세,상해없음,보행자,여,57세,경상
2015122400100697,2015년 12월 24일 22시,목요일,대구광역시 북구 태전동,중상사고,0,1,0,0,차대사람 - 횡단중,신호위반,건조,맑음,단일로 - 횡단보도상,기타불명,기타불명,기타불명,기타불명,보행자,남,17세,중상
2015122400100728,2015년 12월 24일 23시,목요일,대구광역시 동구 신천동,중상사고,0,1,0,0,차대차 - 측면직각충돌,안전거리미확보,건조,맑음,교차로 - 교차로부근,승용,남,21세,상해없음,이륜,남,31세,중상
2015122500100010,2015년 12월 25일 00시,금요일,대구광역시 북구 산격동,경상사고,0,0,1,0,차대차 - 정면충돌,안전운전불이행,건조,맑음,교차로 - 교차로안,승용,남,58세,상해없음,승용,여,52세,경상
2015122500100011,2015년 12월 25일 00시,금요일,대구광역시 서구 비산동,경상사고,0,0,2,0,차대차 - 정면충돌,안전거리미확보,건조,맑음,단일로 - 기타,승용,남,24세,상해없음,승용,남,26세,경상