사고번호,사고일시,요일,시군구,사고내용,사망자수,중상자수,경상자수,부상신고자수,사고유형,법규위반,노면상태,기상상태,도로형태,가해운전자 차종,가해운전자 성별,가해운전자 연령,가해운전자 상해정도,피해운전자 차종,피해운전자 성별,피해운전자 연령,피해운전자 상해정도
2015122500100021,2015년 12월 25일 01시,금요일,대구광역시 서구 비산동,중상사고,0,1,0,0,차대사람 - 횡단중,안전운전불이행,건조,맑음,단일로 - 기타,승용,남,61세,상해없음,보행자,남,55세,중상
2015122500100033,2015년 12월 25일 02시,금요일,대구광역시 중구 삼덕동1가,부상신고사고,0,0,0,1,차대차 - 정면충돌,신호위반,건조,맑음,교차로 - 교차로안,승용,남,27세,상해없음,승용,남,35세,부상신고
2015122500100055,2015년 12월 25일 04시,금요일,대구광역시 중구 삼덕동1가,부상신고사고,0,0,0,1,차대사람 - 횡단중,안전운전불이행,건조,맑음,단일로 - 기타,기타불명,기타불명,기타불명,기타불명,보행자,남,34세,부상신고
2015122500100067,2015년 12월 25일 05시,금요일,대구광역시 달서구 호산동,경상사고,0,0,1,1,차대차 - 측면직각충돌,안전운전불이행,건조,맑음,교차로 - 교차로안,승용,남,44세,부상신고,이륜,남,35세,경상
2015122500100079,2015년 12월 25일 06시,금요일,대구광역시 달서구 월성동,경상사고,0,0,1,0,차대차 - 측면직각충돌,신호위반,건조,맑음,교차로 - 교차로안,승용,기타불명,기타불명,기타불명,승용,남,37세,경상
2015122500100080,2015년 12월 25일 06시,금요일,대구광역시 달성군 다사읍,사망사고,1,0,0,0,차대사람 - 횡단중,신호위반,건조,맑음,교차로 - 교차로안,승용,남,53세,상해없음,보행자,남,76세,사망
2015122500100081,2015년 12월 25일 06시,금요일,대구광역시 북구 칠성동2가,중상사고,0,1,0,0,차대차 - 정면충돌,안전운전불이행,건조,맑음,단일로 - 기타,승용,남,19세,상해없음,승용,남,41세,기타불명
2015122500100096,2015년 12월 25일 07시,금요일,대구광역시 수성구 이천동,경상사고,0,0,3,0,차대차 - 정면충돌,안전운전불이행,건조,맑음,단일로 - 기타,승용,남,27세,상해없음,승용,남,60세,경상
2015122500100097,2015년 12월 25일 07시,금요일,대구광역시 달성군 다사읍,중상사고,0,1,0,0,차대사람 - 횡단중,안전운전불이행,건조,맑음,단일로 - 기타,승용,남,32세,상해없음,보행자,여,71세,중상
2015122500100098,2015년 12월 25일 07시,금요일,대구광역시 달서구 용산동,중상사고,0,1,0,0,차대사람 - 횡단중,안전운전불이행,건조,맑음,단일로 - 기타,승용,남,51세,상해없음,보행자,남,18세,중상
2015122500100106,2015년 12월 25일 08시,금요일,대구광역시 서구 평리동,경상사고,0,0,2,0,차대차 - 정면충돌,안전운전불이행,건조,맑음,단일로 - 횡단보도부근,승용,여,26세,상해없음,승용,남,61세,경상
2015122500100107,2015년 12월 25일 08시,금요일,대구광역시 북구 학정동,경상사고,0,0,1,0,차대차 - 정면충돌,안전운전불이행,건조,맑음,교차로 - 교차로부근,화물,남,29세,상해없음,승용,남,26세,경상
2015122500100171,2015년 12월 25일 11시,금요일,대구광역시 북구 침산동,경상사고,0,0,1,0,차대차 - 정면충돌,직진우회전진행방해,건조,맑음,교차로 - 교차로안,승용,남,48세,기타불명,원동기,남,64세,경상
2015122500100190,2015년 12월 25일 12시,금요일,대구광역시 동구 신천동,경상사고,0,0,1,0,차대차 - 측면직각충돌,안전거리미확보,건조,맑음,교차로 - 교차로부근,승용,남,71세,상해없음,승용,남,52세,경상
2015122500100191,2015년 12월 25일 12시,금요일,대구광역시 중구 공평동,경상사고,0,0,1,0,차대사람 - 기타,안전운전불이행,건조,맑음,교차로 - 교차로부근,승용,남,40세,상해없음,보행자,남,25세,경상
2015122500100220,2015년 12월 25일 13시,금요일,대구광역시 수성구 매호동,경상사고,0,0,1,0,차대차 - 측면직각충돌,교차로운행방법위반,건조,맑음,교차로 - 교차로안,승용,남,14세,상해없음,승용,남,64세,경상
2015122500100249,2015년 12월 25일 14시,금요일,대구광역시 북구 노원동3가,경상사고,0,0,1,0,차대차 - 정면충돌,안전운전불이행,건조,맑음,단일로 - 기타,화물,남,43세,상해없음,자전거,여,31세,경상
2015122500100250,2015년 12월 25일 14시,금요일,대구광역시 중구 동인동4가,경상사고,0,0,1,0,차대차 - 측면직각충돌,중앙선침범,건조,맑음,단일로 - 기타,승용,남,67세,상해없음,승용,여,47세,경상
2015122500100251,2015년 12월 25일 14시,금요일,대구광역시 북구 구암동,중상사고,0,1,0,0,차대차 - 측면직각충돌,안전운전불이행,건조,맑음,단일로 - 기타,화물,남,69세,상해없음,자전거,남,84세,중상
2015122500100280,2015년 12월 25일 15시,금요일,대구광역시 달서구 용산동,사망사고,1,0,0,0,차대사람 - 횡단중,안전운전불이행,건조,맑음,기타 - 기타,승용,남,59세,상해없음,보행자,여,80세,사망
2015122500100281,2015년 12월 25일 15시,금요일,대구광역시 달서구 대천동,경상사고,0,0,1,0,차대차 - 정면충돌,중앙선침범,건조,맑음,단일로 - 기타,승용,남,75세,상해없음,승용,여,46세,경상
2015122500100282,2015년 12월 25일 15시,금요일,대구광역시 달서구 감삼동,경상사고,0,0,2,0,차대차 - 기타,신호위반,건조,맑음,단일로 - 횡단보도상,이륜,남,55세,경상,화물,남,34세,경상
2015122500100311,2015년 12월 25일 16시,금요일,대구광역시 동구 방촌동,경상사고,0,0,3,0,차대차 - 기타,교차로운행방법위반,건조,맑음,교차로 - 교차로부근,승용,남,65세,상해없음,승용,남,36세,경상
2015122500100312,2015년 12월 25일 16시,금요일,대구광역시 중구 공평동,부상신고사고,0,0,0,1,차대사람 - 기타,안전운전불이행,건조,맑음,단일로 - 기타,기타불명,기타불명,기타불명,기타불명,보행자,남,41세,부상신고
2015122500100343,2015년 12월 25일 17시,금요일,대구광역시 달서구 월성동,경상사고,0,0,1,0,차대사람 - 기타,안전운전불이행,건조,맑음,단일로 - 기타,승용,남,62세,상해없음,보행자,남,15세,경상
2015122500100377,2015년 12월 25일 18시,금요일,대구광역시 달서구 진천동,중상사고,0,1,1,0,차대차 - 추돌 - 주정차중,안전운전불이행,건조,맑음,단일로 - 기타,승용,남,37세,상해없음,화물,남,50세,중상
2015122500100378,2015년 12월 25일 18시,금요일,대구광역시 북구 칠성동2가,경상사고,0,0,2,0,차대차 - 정면충돌,안전운전불이행,건조,맑음,단일로 - 기타,원동기,남,17세,상해없음,승용,남,36세,경상
2015122500100379,2015년 12월 25일 18시,금요일,대구광역시 중구 수창동,경상사고,0,0,5,0,차대차 - 정면충돌,안전운전불이행,건조,맑음,단일로 - 기타,승용,남,48세,상해없음,승용,여,55세,경상
2015122500100407,2015년 12월 25일 19시,금요일,대구광역시 남구 대명동,경상사고,0,0,3,0,차대차 - 기타,차로위반,건조,맑음,단일로 - 기타,승용,남,37세,경상,승용,남,26세,경상
2015122500100408,2015년 12월 25일 19시,금요일,대구광역시 수성구 범어동,경상사고,0,0,1,0,차대차 - 정면충돌,안전운전불이행,건조,맑음,교차로 - 교차로안,승용,남,56세,상해없음,이륜,남,43세,경상
2015122500100409,2015년 12월 25일 19시,금요일,대구광역시 서구 내당동,경상사고,0,0,4,0,차대차 - 측면직각충돌,안전거리미확보,건조,맑음,단일로 - 기타,승용,남,48세,상해없음,승용,남,19세,경상
2015122500100432,2015년 12월 25일 20시,금요일,대구광역시 서구 비산동,경상사고,0,0,2,0,차대차 - 정면충돌,안전거리미확보,건조,맑음,단일로 - 기타,원동기,남,17세,상해없음,원동기,남,17세,경상
2015122500100433,2015년 12월 25일 20시,금요일,대구광역시 달서구 본리동,경상사고,0,0,2,0,차대차 - 측면직각충돌,안전운전불이행,건조,맑음,단일로 - 기타,이륜,남,31세,경상,승용,남,64세,경상
2015122500100456,2015년 12월 25일 21시,금요일,대구광역시 남구 대명동,경상사고,0,0,1,0,차대사람 - 횡단중,안전운전불이행,건조,맑음,교차로 - 교차로부근,승용,남,31세,기타불명,보행자,여,21세,경상
2015122500100457,2015년 12월 25일 21시,금요일,대구광역시 동구 방촌동,중상사고,0,2,0,0,차대차 - 정면충돌,신호위반,건조,맑음,단일로 - 기타,이륜,남,23세,중상,승용,남,55세,상해없음
2015122500100458,2015년 12월 25일 21시,금요일,대구광역시 북구 칠성동2가,경상사고,0,0,1,0,차대차 - 정면충돌,안전운전불이행,건조,맑음,단일로 - 기타,승용,남,58세,상해없음,승용,남,59세,경상
2015122500100459,2015년 12월 25일 21시,금요일,대구광역시 달서구 용산동,중상사고,0,1,0,0,차량단독 - 전도전복,중앙선침범,건조,맑음,단일로 - 기타,이륜,남,17세,중상,,,,
2015122500100487,2015년 12월 25일 22시,금요일,대구광역시 달성군 다사읍,중상사고,0,1,0,0,차대사람 - 횡단중,안전운전불이행,건조,맑음,교차로 - 교차로안,승용,남,56세,상해없음,보행자,남,22세,중상
2015122600100023,2015년 12월 26일 01시,토요일,대구광역시 북구 산격동,중상사고,0,1,0,0,차대사람 - 횡단중,안전운전불이행,건조,맑음,단일로 - 기타,승용,남,29세,상해없음,보행자,여,19세,중상
2015122600100047,2015년 12월 26일 03시,토요일,대구광역시 수성구 두산동,경상사고,0,0,1,0,차대차 - 정면충돌,중앙선침범,건조,맑음,단일로 - 기타,승용,남,19세,상해없음,승용,남,25세,경상
2015122600100075,2015년 12월 26일 05시,토요일,대구광역시 서구 내당동,중상사고,0,4,1,0,차대차 - 정면충돌,안전운전불이행,건조,맑음,단일로 - 기타,화물,남,60세,기타불명,승용,남,37세,중상
2015122600100076,2015년 12월 26일 05시,토요일,대구광역시 중구 문화동,중상사고,0,1,0,0,차대사람 - 횡단중,안전운전불이행,건조,맑음,단일로 - 기타,승용,남,43세,상해없음,보행자,남,23세,중상
2015122600100096,2015년 12월 26일 06시,토요일,대구광역시 북구 관음동,중상사고,0,1,2,4,차대차 - 정면충돌,신호위반,건조,맑음,교차로 - 교차로안,승합,남,66세,상해없음,승용,남,55세,경상
2015122600100114,2015년 12월 26일 07시,토요일,대구광역시 남구 봉덕동,중상사고,0,1,0,0,차대차 - 기타,신호위반,건조,맑음,단일로 - 횡단보도상,승용,남,50세,상해없음,자전거,남,62세,중상
2015122600100115,2015년 12월 26일 07시,토요일,대구광역시 북구 국우동,경상사고,0,0,1,0,차대차 - 측면직각충돌,안전운전불이행,건조,맑음,단일로 - 기타,승용,여,63세,상해없음,자전거,남,59세,경상
2015122600100165,2015년 12월 26일 10시,토요일,대구광역시 북구 국우동,중상사고,0,1,0,0,차대차 - 정면충돌,안전운전불이행,건조,맑음,단일로 - 기타,승합,남,64세,중상,화물,남,53세,기타불명
2015122600100186,2015년 12월 26일 11시,토요일,대구광역시 서구 내당동,경상사고,0,0,1,0,차대차 - 추돌 - 진행중,안전운전불이행,건조,맑음,교차로 - 교차로부근,승용,여,40세,상해없음,화물,남,44세,경상
2015122600100187,2015년 12월 26일 11시,토요일,대구광역시 북구 태전동,경상사고,0,0,1,0,차대사람 - 횡단중,안전운전불이행,건조,맑음,기타 - 기타,승용,여,63세,기타불명,보행자,여,43세,경상
2015122600100209,2015년 12월 26일 12시,토요일,대구광역시 달서구 본동,부상신고사고,0,0,0,1,차대차 - 정면충돌,직진우회전진행방해,건조,맑음,단일로 - 기타,승용,남,74세,상해없음,승용,여,36세,부상신고
2015122600100244,2015년 12월 26일 13시,토요일,대구광역시 동구 용계동,중상사고,0,2,4,0,차대차 - 측면직각충돌,신호위반,건조,맑음,교차로 - 교차로안,승용,남,14세,기타불명,승용,남,38세,경상
2015122600100245,2015년 12월 26일 13시,토요일,대구광역시 북구 구암동,경상사고,0,0,1,0,차대차 - 정면충돌,안전운전불이행,건조,맑음,단일로 - 기타,승용,남,60세,상해없음,이륜,남,18세,경상
2015122600100276,2015년 12월 26일 14시,토요일,대구광역시 수성구 시지동,중상사고,0,1,1,0,차대차 - 추돌 - 주정차중,안전운전불이행,건조,맑음,교차로 - 교차로부근,승용,여,23세,상해없음,승용,남,49세,경상
2015122600100278,2015년 12월 26일 14시,토요일,대구광역시 달서구 두류동,중상사고,0,1,0,0,차대사람 - 횡단중,안전운전불이행,건조,맑음,단일로 - 기타,자전거,남,11세,상해없음,보행자,여,71세,중상
2015122600100306,2015년 12월 26일 15시,토요일,대구광역시 동구 불로동,경상사고,0,0,1,0,차대차 - 정면충돌,안전운전불이행,건조,맑음,단일로 - 기타,승용,남,29세,상해없음,이륜,남,18세,경상
2015122600100332,2015년 12월 26일 16시,토요일,대구광역시 북구 산격동,중상사고,0,1,0,0,차대차 - 기타,안전운전불이행,건조,맑음,단일로 - 기타,승용,남,21세,기타불명,이륜,남,48세,중상
2015122600100369,2015년 12월 26일 17시,토요일,대구광역시 북구 노원동3가,중상사고,0,1,0,0,차대차 - 정면충돌,신호위반,건조,맑음,단일로 - 횡단보도상,승합,남,54세,상해없음,자전거,여,61세,중상
2015122600100370,2015년 12월 26일 17시,토요일,대구광역시 서구 비산동,경상사고,0,0,1,0,차대차 - 기타,안전운전불이행,건조,맑음,단일로 - 기타,승용,남,56세,상해없음,승합,남,58세,상해없음
2015122600100371,2015년 12월 26일 17시,토요일,대구광역시 중구 대봉동,중상사고,0,2,0,0,차대차 - 추돌 - 주정차중,안전운전불이행,건조,맑음,단일로 - 기타,승용,남,50세,상해없음,승용,남,48세,중상
2015122600100422,2015년 12월 26일 18시,토요일,대구광역시 달서구 상인동,중상사고,0,1,0,0,차대사람 - 횡단중,안전운전불이행,건조,맑음,교차로 - 교차로안,이륜,남,18세,상해없음,보행자,여,51세,중상
2015122600100423,2015년 12월 26일 18시,토요일,대구광역시 달서구 상인동,부상신고사고,0,0,0,1,차대차 - 정면충돌,신호위반,건조,맑음,교차로 - 교차로부근,이륜,남,24세,부상신고,승용,여,58세,상해없음
2015122600100425,2015년 12월 26일 18시,토요일,대구광역시 북구 태전동,경상사고,0,0,1,0,차대차 - 정면충돌,안전운전불이행,건조,맑음,단일로 - 기타,승용,여,32세,상해없음,이륜,남,18세,경상
2015122600100495,2015년 12월 26일 20시,토요일,대구광역시 수성구 시지동,중상사고,0,1,0,0,차대차 - 정면충돌,안전운전불이행,건조,맑음,단일로 - 기타,승용,남,48세,상해없음,승용,남,32세,중상
2015122600100521,2015년 12월 26일 21시,토요일,대구광역시 달서구 본리동,경상사고,0,0,3,0,차대차 - 정면충돌,안전운전불이행,건조,맑음,교차로 - 교차로안,승용,여,34세,상해없음,승용,여,41세,경상
2015122600100575,2015년 12월 26일 23시,토요일,대구광역시 동구 지저동,경상사고,0,0,1,0,차대차 - 정면충돌,안전운전불이행,건조,맑음,단일로 - 기타,승용,남,52세,상해없음,승용,남,39세,경상
2015122600100576,2015년 12월 26일 23시,토요일,대구광역시 달서구 진천동,경상사고,0,0,1,0,차대차 - 정면충돌,안전운전불이행,건조,맑음,단일로 - 기타,승용,남,64세,상해없음,승용,남,39세,경상
2015122700100042,2015년 12월 27일 01시,일요일,대구광역시 중구 동인동1가,경상사고,0,0,2,0,차대차 - 추돌 - 진행중,안전거리미확보,건조,맑음,교차로 - 교차로부근,승용,남,55세,상해없음,승용,남,35세,경상
2015122700100043,2015년 12월 27일 01시,일요일,대구광역시 달서구 죽전동,중상사고,0,1,0,0,차대사람 - 횡단중,안전운전불이행,건조,맑음,단일로 - 기타,승용,남,37세,상해없음,보행자,남,26세,중상
2015122700100122,2015년 12월 27일 06시,일요일,대구광역시 동구 입석동,중상사고,0,1,0,0,차대사람 - 횡단중,안전운전불이행,건조,맑음,단일로 - 기타,승용,남,60세,상해없음,보행자,여,80세,중상
2015122700100164,2015년 12월 27일 09시,일요일,대구광역시 서구 중리동,경상사고,0,0,1,0,차대차 - 정면충돌,안전운전불이행,건조,맑음,단일로 - 기타,승용,남,53세,상해없음,원동기,남,71세,경상
2015122700100180,2015년 12월 27일 10시,일요일,대구광역시 수성구 두산동,부상신고사고,0,0,0,1,차대차 - 정면충돌,교차로운행방법위반,건조,맑음,교차로 - 교차로안,화물,남,48세,상해없음,승용,남,71세,부상신고
2015122700100181,2015년 12월 27일 10시,일요일,대구광역시 서구 평리동,중상사고,0,5,0,0,차대차 - 정면충돌,차로위반,건조,맑음,단일로 - 기타,승용,남,69세,중상,승용,남,39세,중상
2015122700100182,2015년 12월 27일 10시,일요일,대구광역시 서구 내당동,경상사고,0,0,1,0,차대차 - 추돌 - 진행중,안전거리미확보,건조,맑음,단일로 - 기타,승용,남,63세,상해없음,승용,여,53세,경상
2015122700100197,2015년 12월 27일 11시,일요일,대구광역시 동구 방촌동,경상사고,0,0,1,0,차대차 - 정면충돌,안전거리미확보,건조,맑음,단일로 - 기타,승용,여,60세,상해없음,승용,남,51세,경상
2015122700100198,2015년 12월 27일 11시,일요일,대구광역시 달서구 송현동,경상사고,0,0,1,0,차대차 - 정면충돌,교차로운행방법위반,건조,맑음,교차로 - 교차로안,승용,남,33세,상해없음,승용,여,24세,경상
2015122700100213,2015년 12월 27일 12시,일요일,대구광역시 남구 봉덕동,중상사고,0,1,0,0,차대차 - 정면충돌,중앙선침범,건조,맑음,단일로 - 기타,승용,남,49세,상해없음,이륜,남,46세,중상
2015122700100214,2015년 12월 27일 12시,일요일,대구광역시 서구 평리동,중상사고,0,1,0,0,차대사람 - 횡단중,안전운전불이행,건조,맑음,단일로 - 기타,승용,여,57세,상해없음,보행자,여,67세,중상
2015122700100258,2015년 12월 27일 14시,일요일,대구광역시 동구 신암동,중상사고,0,1,0,0,차대사람 - 횡단중,안전운전불이행,건조,맑음,단일로 - 기타,화물,남,56세,상해없음,보행자,여,75세,중상
2015122700100259,2015년 12월 27일 14시,일요일,대구광역시 달성군 다사읍,중상사고,0,1,3,0,차대차 - 정면충돌,안전운전불이행,건조,맑음,교차로 - 교차로안,승용,남,50세,상해없음,승용,남,38세,경상
2015122700100260,2015년 12월 27일 14시,일요일,대구광역시 달성군 논공읍,경상사고,0,0,1,0,차대차 - 추돌 - 주정차중,안전운전불이행,건조,맑음,단일로 - 기타,승용,여,47세,상해없음,승용,남,35세,경상
2015122700100290,2015년 12월 27일 15시,일요일,대구광역시 달성군 다사읍서재출장,경상사고,0,0,1,0,차대차 - 정면충돌,안전거리미확보,건조,맑음,단일로 - 기타,승용,남,30세,상해없음,승용,남,39세,경상
2015122700100321,2015년 12월 27일 16시,일요일,대구광역시 수성구 상동,중상사고,0,1,2,0,차대차 - 정면충돌,안전거리미확보,건조,맑음,단일로 - 기타,이륜,남,17세,경상,승용,남,57세,상해없음
2015122700100322,2015년 12월 27일 16시,일요일,대구광역시 서구 평리동,경상사고,0,0,1,0,차대차 - 정면충돌,안전운전불이행,건조,맑음,교차로 - 교차로부근,이륜,남,23세,상해없음,승용,남,60세,경상
2015122700100355,2015년 12월 27일 17시,일요일,대구광역시 수성구 황금동,부상신고사고,0,0,0,1,차대차 - 기타,안전운전불이행,건조,맑음,단일로 - 횡단보도상,기타불명,기타불명,기타불명,기타불명,자전거,남,13세,부상신고
2015122700100356,2015년 12월 27일 17시,일요일,대구광역시 달성군 다사읍,부상신고사고,0,0,0,1,차량단독 - 공작물충돌,안전운전불이행,건조,맑음,단일로 - 기타,승용,남,27세,부상신고,,,,
2015122700100388,2015년 12월 27일 18시,일요일,대구광역시 동구 검사동,중상사고,0,1,0,0,차대차 - 정면충돌,교차로운행방법위반,건조,맑음,교차로 - 교차로안,승용,남,56세,상해없음,자전거,여,62세,중상
2015122700100389,2015년 12월 27일 18시,일요일,대구광역시 북구 침산동,경상사고,0,0,1,0,차대차 - 정면충돌,기타,건조,맑음,단일로 - 기타,승용,남,65세,상해없음,이륜,남,17세,경상
2015122700100390,2015년 12월 27일 18시,일요일,대구광역시 북구 침산동,경상사고,0,0,2,0,차대차 - 정면충돌,안전거리미확보,건조,맑음,단일로 - 기타,승용,남,68세,상해없음,승용,남,51세,경상
2015122700100391,2015년 12월 27일 18시,일요일,대구광역시 서구 비산동,중상사고,0,1,0,0,차대차 - 정면충돌,신호위반,건조,맑음,교차로 - 교차로안,승용,남,46세,상해없음,화물,남,45세,중상
2015122700100392,2015년 12월 27일 18시,일요일,대구광역시 달서구 성당동,부상신고사고,0,0,0,1,차대사람 - 기타,안전운전불이행,건조,맑음,단일로 - 기타,화물,남,52세,상해없음,보행자,남,64세,부상신고
2015122700100421,2015년 12월 27일 19시,일요일,대구광역시 북구 고성동2가,경상사고,0,0,1,0,차량단독 - 기타,안전운전불이행,건조,맑음,단일로 - 기타,승용,남,49세,상해없음,,,,
2015122700100422,2015년 12월 27일 19시,일요일,대구광역시 달서구 본리동,중상사고,0,1,0,0,차대차 - 기타,신호위반,건조,맑음,교차로 - 교차로부근,승용,남,43세,상해없음,자전거,남,12세,중상
2015122700100442,2015년 12월 27일 20시,일요일,대구광역시 수성구 지산동,경상사고,0,0,1,0,차대사람 - 길가장자리구역통행중,안전운전불이행,건조,맑음,교차로 - 교차로부근,승용,여,60세,상해없음,보행자,남,40세,경상
2015122700100443,2015년 12월 27일 20시,일요일,대구광역시 수성구 범어동,중상사고,0,1,0,0,차대차 - 정면충돌,교차로운행방법위반,건조,맑음,교차로 - 교차로안,승용,남,55세,상해없음,원동기,남,24세,중상
2015122700100444,2015년 12월 27일 20시,일요일,대구광역시 달서구 월성동,경상사고,0,0,3,0,차대차 - 정면충돌,안전운전불이행,건조,맑음,단일로 - 기타,승용,남,40세,상해없음,승용,여,33세,경상
2015122700100461,2015년 12월 27일 21시,일요일,대구광역시 수성구 범어동,경상사고,0,0,1,0,차대차 - 측면직각충돌,중앙선침범,건조,맑음,단일로 - 횡단보도부근,승용,여,55세,상해없음,승용,여,50세,경상
2015122700100484,2015년 12월 27일 22시,일요일,대구광역시 달서구 본동,경상사고,0,0,2,0,차대차 - 추돌 - 진행중,안전운전불이행,건조,맑음,단일로 - 기타,승용,남,37세,상해없음,승용,남,56세,경상
2015122800100063,2015년 12월 28일 06시,월요일,대구광역시 달성군 현풍면,중상사고,0,2,0,0,차대차 - 정면충돌,안전운전불이행,건조,맑음,단일로 - 기타,건설기계,남,50세,상해없음,승용,남,32세,중상
2015122800100064,2015년 12월 28일 06시,월요일,대구광역시 서구 비산동,중상사고,0,1,0,0,차대차 - 정면충돌,안전거리미확보,건조,맑음,단일로 - 기타,승용,남,21세,상해없음,승용,남,43세,중상
2015122800100104,2015년 12월 28일 08시,월요일,대구광역시 달성군 화원읍,중상사고,0,1,0,0,차대차 - 정면충돌,안전운전불이행,건조,맑음,단일로 - 기타,승용,여,65세,기타불명,승용,남,47세,중상
2015122800100130,2015년 12월 28일 09시,월요일,대구광역시 남구 봉덕동,경상사고,0,0,1,0,차대차 - 기타,안전거리미확보,건조,맑음,단일로 - 기타,승용,남,60세,상해없음,승합,남,58세,상해없음
2015122800100131,2015년 12월 28일 09시,월요일,대구광역시 서구 평리동,경상사고,0,0,2,0,차대차 - 측면직각충돌,중앙선침범,건조,맑음,단일로 - 기타,승용,여,42세,상해없음,승용,남,40세,경상
2015122800100132,2015년 12월 28일 09시,월요일,대구광역시 중구 달성동,중상사고,0,1,0,0,차대차 - 측면직각충돌,안전운전불이행,건조,맑음,단일로 - 기타,승용,여,25세,상해없음,자전거,남,29세,중상
2015122800100165,2015년 12월 28일 10시,월요일,대구광역시 동구 불로동,경상사고,0,0,2,0,차대차 - 정면충돌,차로위반,건조,맑음,단일로 - 기타,기타불명,기타불명,기타불명,기타불명,승용,여,47세,경상
2015122800100169,2015년 12월 28일 10시,월요일,대구광역시 남구 대명동,경상사고,0,0,1,0,차대사람 - 기타,안전운전불이행,건조,맑음,기타 - 기타,승용,남,33세,상해없음,보행자,여,33세,경상
2015122800100203,2015년 12월 28일 11시,월요일,대구광역시 서구 내당동,부상신고사고,0,0,0,1,차대차 - 정면충돌,기타,건조,맑음,단일로 - 기타,승합,남,68세,부상신고,승합,남,52세,상해없음
2015122800100229,2015년 12월 28일 12시,월요일,대구광역시 달서구 송현동,경상사고,0,0,1,0,차대차 - 정면충돌,교차로운행방법위반,건조,맑음,교차로 - 교차로안,승용,남,65세,상해없음,승용,여,47세,경상
2015122800100264,2015년 12월 28일 13시,월요일,대구광역시 중구 수동,부상신고사고,0,0,0,1,차대차 - 측면직각충돌,안전운전불이행,건조,맑음,단일로 - 횡단보도상,승용,여,34세,상해없음,자전거,여,72세,부상신고
2015122800100294,2015년 12월 28일 14시,월요일,대구광역시 동구 검사동,중상사고,0,1,0,0,차대차 - 기타,신호위반,건조,맑음,교차로 - 교차로안,화물,남,52세,상해없음,자전거,남,13세,중상
2015122800100295,2015년 12월 28일 14시,월요일,대구광역시 동구 불로동,경상사고,0,0,1,0,차대차 - 정면충돌,안전운전불이행,건조,맑음,단일로 - 기타,승용,남,53세,상해없음,이륜,남,53세,경상
2015122800100296,2015년 12월 28일 14시,월요일,대구광역시 북구 읍내동,경상사고,0,0,1,0,차대사람 - 횡단중,불법유턴,건조,맑음,단일로 - 기타,승합,남,57세,상해없음,보행자,남,57세,경상
2015122800100400,2015년 12월 28일 17시,월요일,대구광역시 달서구 장기동,경상사고,0,0,3,0,차대차 - 기타,안전거리미확보,건조,맑음,단일로 - 기타,승용,여,39세,상해없음,승용,여,32세,경상
2015122800100448,2015년 12월 28일 18시,월요일,대구광역시 달서구 유천동,경상사고,0,0,2,0,차대차 - 정면충돌,안전운전불이행,건조,맑음,단일로 - 기타,승용,남,48세,상해없음,승용,남,36세,경상
2015122800100450,2015년 12월 28일 18시,월요일,대구광역시 달서구 장기동,경상사고,0,0,1,0,차대차 - 정면충돌,안전운전불이행,건조,맑음,단일로 - 기타,화물,남,59세,상해없음,승용,남,44세,경상
2015122800100486,2015년 12월 28일 19시,월요일,대구광역시 북구 서변동,경상사고,0,0,1,0,차대차 - 추돌 - 주정차중,안전운전불이행,건조,맑음,단일로 - 기타,화물,여,44세,상해없음,승용,남,58세,경상
2015122800100492,2015년 12월 28일 19시,월요일,대구광역시 중구 동인동1가,경상사고,0,0,1,0,차대사람 - 보도통행중,기타,건조,맑음,교차로 - 교차로부근,이륜,남,56세,상해없음,보행자,남,52세,경상
2015122800100493,2015년 12월 28일 19시,월요일,대구광역시 달서구 용산동,경상사고,0,0,1,0,차대사람 - 횡단중,안전운전불이행,건조,맑음,단일로 - 기타,승용,남,28세,상해없음,보행자,남,14세,경상
2015122800100516,2015년 12월 28일 20시,월요일,대구광역시 달서구 송현동,경상사고,0,0,1,0,차대차 - 정면충돌,교차로운행방법위반,건조,맑음,교차로 - 교차로안,승용,남,53세,상해없음,승용,남,39세,경상
2015122800100547,2015년 12월 28일 21시,월요일,대구광역시 달서구 월성동,경상사고,0,0,4,0,차대차 - 정면충돌,안전운전불이행,건조,맑음,단일로 - 기타,승용,남,44세,상해없음,승용,남,51세,경상
2015122800100574,2015년 12월 28일 22시,월요일,대구광역시 북구 산격동,중상사고,0,1,0,1,차대사람 - 횡단중,안전운전불이행,건조,맑음,단일로 - 기타,이륜,남,47세,부상신고,보행자,남,69세,중상
2015122900100036,2015년 12월 29일 03시,화요일,대구광역시 달서구 두류동,사망사고,1,0,0,0,차량단독 - 기타,안전운전불이행,건조,맑음,단일로 - 기타,이륜,남,26세,사망,,,,
2015122900100037,2015년 12월 29일 03시,화요일,대구광역시 중구 남산동,경상사고,0,0,1,0,차대차 - 정면충돌,신호위반,건조,맑음,교차로 - 교차로안,승용,여,20세,상해없음,승용,남,54세,경상
2015122900100044,2015년 12월 29일 04시,화요일,대구광역시 남구 봉덕동,부상신고사고,0,0,0,1,차대사람 - 횡단중,안전운전불이행,건조,맑음,단일로 - 기타,승용,남,60세,기타불명,보행자,남,18세,부상신고