사고번호,사고일시,요일,시군구,사고내용,사망자수,중상자수,경상자수,부상신고자수,사고유형,법규위반,노면상태,기상상태,도로형태,가해운전자 차종,가해운전자 성별,가해운전자 연령,가해운전자 상해정도,피해운전자 차종,피해운전자 성별,피해운전자 연령,피해운전자 상해정도
2015122900100045,2015년 12월 29일 04시,화요일,대구광역시 달서구 월성동,경상사고,0,0,2,0,차대차 - 측면직각충돌,신호위반,건조,맑음,교차로 - 교차로안,승용,남,44세,경상,승용,남,48세,경상
2015122900100046,2015년 12월 29일 04시,화요일,대구광역시 달서구 용산동,경상사고,0,0,1,0,차대차 - 추돌 - 주정차중,안전운전불이행,건조,맑음,단일로 - 기타,승용,남,42세,상해없음,승용,남,35세,경상
2015122900100093,2015년 12월 29일 07시,화요일,대구광역시 달서구 용산동,경상사고,0,0,1,0,차대사람 - 기타,신호위반,건조,맑음,단일로 - 횡단보도상,승용,남,43세,상해없음,보행자,여,72세,경상
2015122900100123,2015년 12월 29일 08시,화요일,대구광역시 수성구 범어동,경상사고,0,0,1,0,차대차 - 정면충돌,안전거리미확보,건조,맑음,교차로 - 교차로부근,화물,남,56세,기타불명,승용,남,52세,경상
2015122900100124,2015년 12월 29일 08시,화요일,대구광역시 서구 평리동,중상사고,0,2,1,0,차대차 - 정면충돌,안전운전불이행,건조,맑음,교차로 - 교차로안,승용,남,21세,상해없음,이륜,남,52세,중상
2015122900100152,2015년 12월 29일 09시,화요일,대구광역시 북구 동천동,경상사고,0,0,1,0,차대사람 - 횡단중,신호위반,건조,맑음,교차로 - 교차로부근,승용,남,76세,상해없음,보행자,여,41세,경상
2015122900100182,2015년 12월 29일 10시,화요일,대구광역시 수성구 황금동,중상사고,0,1,0,0,차대사람 - 횡단중,안전운전불이행,건조,맑음,단일로 - 횡단보도상,승합,남,39세,상해없음,보행자,여,66세,중상
2015122900100183,2015년 12월 29일 10시,화요일,대구광역시 수성구 신매동,경상사고,0,0,2,0,차대차 - 정면충돌,안전운전불이행,건조,맑음,단일로 - 기타,승용,남,51세,기타불명,화물,남,19세,경상
2015122900100184,2015년 12월 29일 10시,화요일,대구광역시 달서구 진천동,중상사고,0,1,1,0,차대차 - 측면직각충돌,안전거리미확보,건조,맑음,단일로 - 기타,승용,남,54세,중상,승용,여,51세,경상
2015122900100208,2015년 12월 29일 11시,화요일,대구광역시 달성군 옥포면,경상사고,0,0,2,0,차대차 - 측면직각충돌,안전운전불이행,건조,맑음,교차로 - 교차로안,승용,여,53세,경상,승용,여,29세,경상
2015122900100224,2015년 12월 29일 12시,화요일,대구광역시 남구 봉덕동,중상사고,0,1,0,0,차대사람 - 횡단중,중앙선침범,건조,맑음,단일로 - 기타,기타불명,기타불명,기타불명,기타불명,보행자,여,82세,중상
2015122900100251,2015년 12월 29일 13시,화요일,대구광역시 달서구 송현동,경상사고,0,0,4,0,차대차 - 정면충돌,기타,건조,맑음,단일로 - 기타,화물,남,28세,상해없음,이륜,남,73세,경상
2015122900100288,2015년 12월 29일 14시,화요일,대구광역시 수성구 중동,경상사고,0,0,1,0,차대사람 - 횡단중,보행자보호의무위반,건조,맑음,단일로 - 횡단보도상,자전거,남,83세,상해없음,보행자,여,70세,경상
2015122900100289,2015년 12월 29일 14시,화요일,대구광역시 북구 산격동,경상사고,0,0,1,0,차대차 - 정면충돌,안전거리미확보,건조,맑음,교차로 - 교차로부근,승합,남,52세,상해없음,승용,남,38세,경상
2015122900100290,2015년 12월 29일 14시,화요일,대구광역시 서구 내당동,경상사고,0,0,1,0,차대차 - 정면충돌,신호위반,건조,맑음,단일로 - 기타,승용,여,58세,상해없음,이륜,여,53세,경상
2015122900100320,2015년 12월 29일 15시,화요일,대구광역시 수성구 지산동,경상사고,0,0,1,0,차대사람 - 횡단중,보행자보호의무위반,건조,맑음,단일로 - 기타,화물,기타불명,기타불명,기타불명,보행자,여,58세,경상
2015122900100321,2015년 12월 29일 15시,화요일,대구광역시 달성군 다사읍,중상사고,0,1,0,0,차대차 - 정면충돌,안전운전불이행,건조,맑음,단일로 - 기타,승용,여,47세,상해없음,이륜,여,55세,중상
2015122900100322,2015년 12월 29일 15시,화요일,대구광역시 서구 내당동,중상사고,0,1,0,0,차대사람 - 횡단중,안전운전불이행,건조,맑음,단일로 - 기타,승용,남,34세,상해없음,보행자,남,57세,중상
2015122900100323,2015년 12월 29일 15시,화요일,대구광역시 북구 구암동,경상사고,0,0,1,0,차대차 - 정면충돌,안전운전불이행,건조,맑음,단일로 - 기타,승용,남,43세,기타불명,승용,여,28세,상해없음
2015122900100355,2015년 12월 29일 16시,화요일,대구광역시 남구 대명동,경상사고,0,0,1,0,차대차 - 정면충돌,안전운전불이행,건조,맑음,교차로 - 교차로부근,자전거,여,55세,경상,승용,남,23세,상해없음
2015122900100356,2015년 12월 29일 16시,화요일,대구광역시 달서구 본동,중상사고,0,1,2,0,차대차 - 정면충돌,차로위반,건조,맑음,교차로 - 교차로부근,화물,남,47세,중상,승용,남,38세,경상
2015122900100357,2015년 12월 29일 16시,화요일,대구광역시 북구 대현동,중상사고,0,1,0,0,차대사람 - 횡단중,보행자보호의무위반,건조,맑음,단일로 - 횡단보도상,승용,여,58세,상해없음,보행자,여,57세,중상
2015122900100404,2015년 12월 29일 17시,화요일,대구광역시 달서구 월성동,경상사고,0,0,1,0,차대사람 - 횡단중,신호위반,건조,맑음,단일로 - 기타,승용,여,64세,상해없음,보행자,여,61세,경상
2015122900100439,2015년 12월 29일 18시,화요일,대구광역시 달성군 다사읍서재출장,경상사고,0,0,4,0,차대차 - 추돌 - 진행중,안전거리미확보,건조,맑음,단일로 - 기타,승용,남,38세,경상,승용,남,37세,경상
2015122900100440,2015년 12월 29일 18시,화요일,대구광역시 서구 내당동,경상사고,0,0,1,0,차대차 - 측면직각충돌,안전운전불이행,건조,맑음,교차로 - 교차로안,승용,여,54세,상해없음,승용,여,53세,경상
2015122900100441,2015년 12월 29일 18시,화요일,대구광역시 서구 내당동,부상신고사고,0,0,0,2,차대차 - 정면충돌,차로위반,건조,맑음,단일로 - 기타,승용,남,41세,상해없음,이륜,남,19세,부상신고
2015122900100482,2015년 12월 29일 19시,화요일,대구광역시 달성군 화원읍,경상사고,0,0,1,0,차대차 - 측면직각충돌,안전운전불이행,건조,맑음,교차로 - 교차로부근,승용,남,55세,기타불명,승용,여,36세,경상
2015122900100483,2015년 12월 29일 19시,화요일,대구광역시 서구 비산동,중상사고,0,1,1,0,차대차 - 정면충돌,신호위반,건조,맑음,교차로 - 교차로안,승용,남,27세,경상,승용,남,61세,중상
2015122900100484,2015년 12월 29일 19시,화요일,대구광역시 서구 평리동,경상사고,0,0,2,0,차대차 - 정면충돌,안전운전불이행,건조,맑음,단일로 - 기타,승용,남,50세,상해없음,화물,남,49세,상해없음
2015122900100485,2015년 12월 29일 19시,화요일,대구광역시 서구 비산동,중상사고,0,1,1,0,차대차 - 추돌 - 진행중,안전운전불이행,건조,맑음,단일로 - 기타,승용,남,58세,상해없음,승용,남,26세,중상
2015122900100486,2015년 12월 29일 19시,화요일,대구광역시 달서구 용산동,중상사고,0,1,1,0,차대사람 - 횡단중,안전운전불이행,건조,맑음,교차로 - 교차로부근,이륜,남,44세,중상,보행자,여,18세,경상
2015122900100544,2015년 12월 29일 21시,화요일,대구광역시 서구 비산동,경상사고,0,0,1,0,차대차 - 추돌 - 주정차중,안전거리미확보,건조,맑음,단일로 - 횡단보도부근,승용,남,44세,상해없음,화물,남,58세,경상
2015122900100545,2015년 12월 29일 21시,화요일,대구광역시 달서구 호산동,중상사고,0,1,0,0,차대차 - 정면충돌,신호위반,건조,맑음,교차로 - 교차로안,승용,남,56세,기타불명,승용,여,28세,중상
2015122900100567,2015년 12월 29일 22시,화요일,대구광역시 수성구 중동,경상사고,0,0,3,0,차대차 - 정면충돌,신호위반,건조,맑음,교차로 - 교차로안,승용,남,23세,상해없음,승용,남,33세,경상
2015122900100568,2015년 12월 29일 22시,화요일,대구광역시 달서구 송현동,중상사고,0,1,0,0,차대사람 - 횡단중,안전운전불이행,건조,맑음,단일로 - 기타,승용,남,26세,상해없음,보행자,여,56세,중상
2015122900100601,2015년 12월 29일 23시,화요일,대구광역시 북구 산격동,중상사고,0,1,1,0,차대차 - 추돌 - 주정차중,안전운전불이행,건조,맑음,교차로 - 교차로부근,승용,남,39세,상해없음,승용,남,26세,중상
2015122900100602,2015년 12월 29일 23시,화요일,대구광역시 서구 중리동,경상사고,0,0,1,0,차대차 - 정면충돌,안전운전불이행,건조,맑음,단일로 - 기타,화물,남,45세,상해없음,승용,여,34세,경상
2015123000100057,2015년 12월 30일 03시,수요일,대구광역시 북구 칠성동2가,중상사고,0,1,0,0,차대사람 - 횡단중,안전운전불이행,건조,맑음,교차로 - 교차로안,승용,남,59세,상해없음,보행자,여,76세,중상
2015123000100088,2015년 12월 30일 06시,수요일,대구광역시 남구 봉덕동,중상사고,0,1,0,0,차대사람 - 횡단중,보행자보호의무위반,건조,맑음,단일로 - 횡단보도상,승용,남,55세,상해없음,보행자,남,69세,중상
2015123000100089,2015년 12월 30일 06시,수요일,대구광역시 수성구 범물동,경상사고,0,0,1,0,차대차 - 추돌 - 진행중,안전운전불이행,건조,맑음,교차로 - 교차로부근,승용,남,45세,상해없음,승용,여,37세,경상
2015123000100090,2015년 12월 30일 06시,수요일,대구광역시 달서구 송현동,경상사고,0,0,1,0,차대차 - 정면충돌,안전운전불이행,건조,흐림,단일로 - 기타,승합,남,63세,상해없음,이륜,남,20세,경상
2015123000100091,2015년 12월 30일 06시,수요일,대구광역시 달서구 이곡동,경상사고,0,0,1,0,차대차 - 정면충돌,안전거리미확보,건조,맑음,교차로 - 교차로부근,승용,남,60세,경상,화물,남,35세,상해없음
2015123000100112,2015년 12월 30일 07시,수요일,대구광역시 북구 노원동2가,경상사고,0,0,1,0,차대차 - 정면충돌,안전거리미확보,건조,맑음,교차로 - 교차로부근,화물,남,41세,상해없음,승용,여,31세,경상
2015123000100113,2015년 12월 30일 07시,수요일,대구광역시 달서구 감삼동,경상사고,0,0,3,0,차대차 - 정면충돌,안전운전불이행,건조,맑음,단일로 - 기타,승용,남,35세,상해없음,승용,남,52세,경상
2015123000100151,2015년 12월 30일 08시,수요일,대구광역시 동구 효목동,부상신고사고,0,0,0,1,차대사람 - 횡단중,안전운전불이행,건조,맑음,단일로 - 기타,승용,여,26세,기타불명,보행자,남,79세,부상신고
2015123000100152,2015년 12월 30일 08시,수요일,대구광역시 달서구 상인동,경상사고,0,0,1,0,차대차 - 측면직각충돌,안전거리미확보,건조,맑음,단일로 - 기타,화물,남,53세,상해없음,승용,남,44세,경상
2015123000100153,2015년 12월 30일 08시,수요일,대구광역시 달성군 구지면,경상사고,0,0,1,0,차대차 - 정면충돌,신호위반,건조,맑음,교차로 - 교차로안,승용,남,24세,기타불명,승용,남,36세,경상
2015123000100214,2015년 12월 30일 10시,수요일,대구광역시 서구 평리동,경상사고,0,0,1,0,차대차 - 측면직각충돌,안전운전불이행,건조,맑음,교차로 - 교차로부근,승용,남,44세,상해없음,승용,여,53세,경상
2015123000100237,2015년 12월 30일 11시,수요일,대구광역시 달서구 송현동,중상사고,0,1,0,0,차대차 - 정면충돌,안전운전불이행,건조,맑음,단일로 - 횡단보도상,이륜,남,50세,상해없음,자전거,여,49세,중상
2015123000100256,2015년 12월 30일 12시,수요일,대구광역시 동구 지저동,경상사고,0,0,1,0,차대차 - 정면충돌,교차로운행방법위반,건조,맑음,교차로 - 교차로안,승용,남,30세,상해없음,승용,여,60세,경상
2015123000100257,2015년 12월 30일 12시,수요일,대구광역시 서구 평리동,중상사고,0,1,0,0,차대사람 - 횡단중,안전운전불이행,건조,맑음,단일로 - 기타,승용,여,53세,상해없음,보행자,여,66세,중상
2015123000100289,2015년 12월 30일 13시,수요일,대구광역시 수성구 상동,경상사고,0,0,1,0,차대사람 - 횡단중,보행자보호의무위반,건조,맑음,단일로 - 횡단보도상,기타불명,기타불명,기타불명,기타불명,보행자,남,71세,경상
2015123000100290,2015년 12월 30일 13시,수요일,대구광역시 중구 태평로2가,경상사고,0,0,1,0,차대차 - 정면충돌,교차로운행방법위반,건조,맑음,교차로 - 교차로부근,승용,남,59세,상해없음,승용,남,69세,경상
2015123000100316,2015년 12월 30일 14시,수요일,대구광역시 달서구 송현동,중상사고,0,1,0,0,차대사람 - 횡단중,안전운전불이행,건조,맑음,단일로 - 기타,승용,여,49세,상해없음,보행자,남,9세,중상
2015123000100346,2015년 12월 30일 15시,수요일,대구광역시 동구 불로동,경상사고,0,0,1,0,차대차 - 정면충돌,안전운전불이행,건조,맑음,단일로 - 기타,승용,남,66세,상해없음,이륜,남,49세,경상
2015123000100347,2015년 12월 30일 15시,수요일,대구광역시 수성구 두산동,경상사고,0,0,1,0,차대차 - 정면충돌,안전운전불이행,건조,맑음,단일로 - 기타,승용,남,45세,상해없음,이륜,남,44세,경상
2015123000100348,2015년 12월 30일 15시,수요일,대구광역시 수성구 상동,경상사고,0,0,1,0,차대사람 - 횡단중,안전운전불이행,건조,맑음,교차로 - 교차로안,승용,여,54세,상해없음,보행자,남,9세,경상
2015123000100349,2015년 12월 30일 15시,수요일,대구광역시 달서구 상인동,중상사고,0,1,0,0,차대차 - 정면충돌,안전운전불이행,건조,맑음,교차로 - 교차로부근,원동기,남,59세,상해없음,승용,남,22세,상해없음
2015123000100387,2015년 12월 30일 16시,수요일,대구광역시 서구 비산동,부상신고사고,0,0,0,1,차대사람 - 기타,안전운전불이행,건조,맑음,단일로 - 기타,승용,여,39세,상해없음,보행자,여,77세,부상신고
2015123000100388,2015년 12월 30일 16시,수요일,대구광역시 중구 덕산동,경상사고,0,0,1,0,차대차 - 정면충돌,안전운전불이행,건조,맑음,단일로 - 기타,승합,여,47세,상해없음,승용,여,48세,경상
2015123000100389,2015년 12월 30일 16시,수요일,대구광역시 북구 구암동,경상사고,0,0,1,0,차대차 - 정면충돌,안전운전불이행,건조,맑음,단일로 - 기타,승용,여,33세,상해없음,자전거,남,16세,경상
2015123000100441,2015년 12월 30일 17시,수요일,대구광역시 동구 신암동,중상사고,0,1,0,0,차량단독 - 기타,기타,건조,맑음,교차로 - 교차로부근,승합,남,38세,상해없음,,,,
2015123000100442,2015년 12월 30일 17시,수요일,대구광역시 동구 괴전동,경상사고,0,0,1,0,차대차 - 기타,안전운전불이행,건조,맑음,단일로 - 기타,승용,남,37세,상해없음,자전거,남,72세,경상
2015123000100443,2015년 12월 30일 17시,수요일,대구광역시 중구 덕산동,부상신고사고,0,0,0,1,차대차 - 측면직각충돌,안전운전불이행,건조,맑음,교차로 - 교차로부근,이륜,남,36세,부상신고,이륜,남,51세,상해없음
2015123000100444,2015년 12월 30일 17시,수요일,대구광역시 중구 삼덕동2가,경상사고,0,0,1,0,차대차 - 기타,안전운전불이행,건조,맑음,단일로 - 기타,승용,남,32세,상해없음,이륜,남,55세,경상
2015123000100519,2015년 12월 30일 18시,수요일,대구광역시 동구 신천동,경상사고,0,0,1,0,차대차 - 정면충돌,안전운전불이행,건조,맑음,단일로 - 기타,승용,여,41세,상해없음,이륜,남,20세,경상
2015123000100520,2015년 12월 30일 18시,수요일,대구광역시 달서구 장기동,중상사고,0,1,0,0,차대사람 - 횡단중,안전운전불이행,건조,맑음,단일로 - 횡단보도상,이륜,남,25세,상해없음,보행자,여,41세,중상
2015123000100565,2015년 12월 30일 19시,수요일,대구광역시 달서구 감삼동,경상사고,0,0,1,0,차대사람 - 기타,안전운전불이행,건조,맑음,교차로 - 교차로안,승용,남,31세,상해없음,보행자,여,44세,경상
2015123000100566,2015년 12월 30일 19시,수요일,대구광역시 달서구 감삼동,경상사고,0,0,2,0,차대차 - 정면충돌,안전운전불이행,건조,맑음,단일로 - 기타,승용,남,50세,상해없음,승용,남,62세,경상
2015123000100567,2015년 12월 30일 19시,수요일,대구광역시 달서구 본리동,경상사고,0,0,2,0,차대사람 - 횡단중,보행자보호의무위반,건조,흐림,교차로 - 교차로안,승용,남,44세,상해없음,보행자,여,57세,경상
2015123000100593,2015년 12월 30일 20시,수요일,대구광역시 수성구 매호동,중상사고,0,1,0,0,차대사람 - 횡단중,보행자보호의무위반,건조,맑음,교차로 - 교차로부근,이륜,기타불명,기타불명,기타불명,보행자,여,53세,중상
2015123000100594,2015년 12월 30일 20시,수요일,대구광역시 달서구 월암동,경상사고,0,0,3,0,차대차 - 정면충돌,중앙선침범,건조,맑음,교차로 - 교차로안,승용,남,64세,상해없음,승용,여,50세,경상
2015123000100635,2015년 12월 30일 21시,수요일,대구광역시 수성구 황금동,부상신고사고,0,0,0,1,차대차 - 정면충돌,안전운전불이행,건조,맑음,단일로 - 기타,이륜,남,21세,부상신고,승용,남,60세,상해없음
2015123000100636,2015년 12월 30일 21시,수요일,대구광역시 달서구 두류동,부상신고사고,0,0,0,1,차량단독 - 전도전복,안전운전불이행,건조,맑음,교차로 - 교차로부근,승용,남,24세,부상신고,,,,
2015123000100679,2015년 12월 30일 22시,수요일,대구광역시 남구 대명동,경상사고,0,0,2,0,차대차 - 정면충돌,안전운전불이행,건조,맑음,단일로 - 기타,승용,여,24세,상해없음,이륜,남,24세,경상
2015123000100680,2015년 12월 30일 22시,수요일,대구광역시 동구 신천동,경상사고,0,0,1,0,차대차 - 정면충돌,중앙선침범,건조,맑음,단일로 - 기타,승용,남,34세,상해없음,승용,남,32세,경상
2015123000100681,2015년 12월 30일 22시,수요일,대구광역시 달서구 상인동,경상사고,0,0,1,0,차대사람 - 기타,안전운전불이행,건조,맑음,교차로 - 교차로부근,승용,남,48세,상해없음,보행자,남,22세,경상
2015123000100682,2015년 12월 30일 22시,수요일,대구광역시 북구 침산동,중상사고,0,2,0,0,차대차 - 정면충돌,신호위반,건조,맑음,교차로 - 교차로안,화물,여,45세,상해없음,승용,남,47세,중상
2015123000100712,2015년 12월 30일 23시,수요일,대구광역시 수성구 만촌동,경상사고,0,0,1,0,차대사람 - 길가장자리구역통행중,안전운전불이행,건조,맑음,단일로 - 기타,승용,여,43세,상해없음,보행자,남,20세,경상
2015123000100713,2015년 12월 30일 23시,수요일,대구광역시 달서구 송현동,중상사고,0,1,0,0,차대사람 - 횡단중,안전운전불이행,건조,맑음,교차로 - 교차로안,승용,남,57세,상해없음,보행자,남,28세,중상
2015123000100714,2015년 12월 30일 23시,수요일,대구광역시 북구 노원동1가,중상사고,0,1,0,0,차대사람 - 횡단중,신호위반,건조,맑음,단일로 - 기타,승용,남,29세,기타불명,보행자,남,54세,중상
2015123000100715,2015년 12월 30일 23시,수요일,대구광역시 중구 삼덕동1가,경상사고,0,0,1,0,차대사람 - 기타,교차로운행방법위반,건조,맑음,교차로 - 교차로안,승용,남,61세,상해없음,보행자,남,24세,경상
2015123100100028,2015년 12월 31일 00시,목요일,대구광역시 동구 신암동,경상사고,0,0,2,0,차대차 - 측면직각충돌,직진우회전진행방해,건조,맑음,교차로 - 교차로안,승용,남,25세,상해없음,승용,남,28세,경상
2015123100100029,2015년 12월 31일 00시,목요일,대구광역시 수성구 두산동,중상사고,0,1,0,0,차대차 - 정면충돌,안전운전불이행,건조,맑음,단일로 - 기타,승용,남,23세,상해없음,이륜,남,21세,중상
2015123100100031,2015년 12월 31일 00시,목요일,대구광역시 달서구 이곡동,경상사고,0,0,1,0,차대차 - 추돌 - 주정차중,안전운전불이행,건조,맑음,단일로 - 기타,승용,남,26세,상해없음,승용,남,35세,경상
2015123100100052,2015년 12월 31일 01시,목요일,대구광역시 수성구 범어동,경상사고,0,0,1,0,차대사람 - 횡단중,안전운전불이행,건조,맑음,교차로 - 교차로부근,승용,남,43세,기타불명,보행자,남,59세,경상
2015123100100096,2015년 12월 31일 04시,목요일,대구광역시 동구 용계동,중상사고,0,1,0,0,차대차 - 정면충돌,안전운전불이행,건조,맑음,단일로 - 기타,승용,남,48세,상해없음,이륜,남,57세,중상
2015123100100097,2015년 12월 31일 04시,목요일,대구광역시 서구 평리동,중상사고,0,1,0,0,차대사람 - 횡단중,안전운전불이행,건조,맑음,단일로 - 기타,기타불명,기타불명,기타불명,기타불명,보행자,남,49세,중상
2015123100100125,2015년 12월 31일 06시,목요일,대구광역시 달성군 논공읍,중상사고,0,1,0,0,차대차 - 정면충돌,신호위반,건조,맑음,교차로 - 교차로안,승용,남,50세,상해없음,승용,남,43세,중상
2015123100100157,2015년 12월 31일 07시,목요일,대구광역시 달서구 월성동,경상사고,0,0,1,0,차대사람 - 차도통행중,안전운전불이행,건조,맑음,교차로 - 교차로부근,승용,남,63세,상해없음,보행자,여,21세,경상
2015123100100158,2015년 12월 31일 07시,목요일,대구광역시 북구 칠성동2가,경상사고,0,0,1,0,차대차 - 정면충돌,안전운전불이행,건조,맑음,단일로 - 기타,승용,남,60세,상해없음,원동기,남,45세,경상
2015123100100189,2015년 12월 31일 08시,목요일,대구광역시 서구 내당동,중상사고,0,1,0,0,차대사람 - 횡단중,신호위반,건조,맑음,교차로 - 교차로안,승용,남,61세,상해없음,보행자,여,54세,중상
2015123100100232,2015년 12월 31일 10시,목요일,대구광역시 북구 산격동,경상사고,0,0,2,0,차대차 - 추돌 - 주정차중,안전운전불이행,건조,맑음,교차로 - 교차로부근,승용,남,59세,상해없음,승용,여,30세,경상
2015123100100260,2015년 12월 31일 11시,목요일,대구광역시 동구 입석동,경상사고,0,0,1,0,차대사람 - 횡단중,안전운전불이행,건조,맑음,기타 - 기타,승합,남,32세,기타불명,보행자,여,62세,경상
2015123100100261,2015년 12월 31일 11시,목요일,대구광역시 달성군 하빈면,경상사고,0,0,1,0,차대차 - 측면직각충돌,교차로운행방법위반,건조,맑음,교차로 - 교차로안,승합,남,60세,상해없음,승용,여,48세,경상
2015123100100262,2015년 12월 31일 11시,목요일,대구광역시 북구 태전동,경상사고,0,0,1,0,차대사람 - 횡단중,안전운전불이행,건조,맑음,단일로 - 기타,승용,남,34세,상해없음,보행자,여,55세,경상
2015123100100318,2015년 12월 31일 13시,목요일,대구광역시 수성구 만촌동,경상사고,0,0,2,1,차대차 - 정면충돌,안전운전불이행,건조,맑음,단일로 - 기타,승용,여,48세,상해없음,승용,남,35세,경상
2015123100100357,2015년 12월 31일 14시,목요일,대구광역시 남구 이천동,경상사고,0,0,2,0,차대차 - 정면충돌,차로위반,건조,맑음,단일로 - 기타,승합,남,54세,상해없음,승용,남,25세,경상
2015123100100383,2015년 12월 31일 15시,목요일,대구광역시 달서구 두류동,부상신고사고,0,0,0,1,차대사람 - 횡단중,보행자보호의무위반,건조,맑음,단일로 - 기타,승용,남,25세,상해없음,보행자,남,39세,부상신고
2015123100100411,2015년 12월 31일 16시,목요일,대구광역시 동구 용계동,경상사고,0,0,2,1,차대차 - 정면충돌,안전운전불이행,건조,맑음,단일로 - 기타,승용,남,57세,상해없음,승용,여,32세,경상
2015123100100412,2015년 12월 31일 16시,목요일,대구광역시 수성구 황금동,중상사고,0,1,0,0,차대차 - 정면충돌,안전거리미확보,건조,맑음,단일로 - 기타,자전거,남,14세,중상,승용,여,60세,상해없음
2015123100100413,2015년 12월 31일 16시,목요일,대구광역시 달서구 진천동,부상신고사고,0,0,0,1,차대차 - 측면직각충돌,안전운전불이행,건조,맑음,단일로 - 기타,이륜,남,40세,부상신고,승용,남,40세,상해없음
2015123100100414,2015년 12월 31일 16시,목요일,대구광역시 북구 검단동,경상사고,0,0,1,0,차대차 - 측면직각충돌,중앙선침범,건조,맑음,단일로 - 기타,이륜,남,32세,경상,승용,남,27세,상해없음
2015123100100415,2015년 12월 31일 16시,목요일,대구광역시 북구 구암동,경상사고,0,0,2,0,차대차 - 정면충돌,안전운전불이행,건조,맑음,교차로 - 교차로안,승용,남,58세,상해없음,승용,남,37세,경상
2015123100100456,2015년 12월 31일 17시,목요일,대구광역시 북구 칠성동1가,경상사고,0,0,1,0,차대차 - 기타,안전운전불이행,건조,맑음,단일로 - 교량,승용,남,43세,상해없음,화물,남,50세,경상
2015123100100457,2015년 12월 31일 17시,목요일,대구광역시 달서구 두류동,경상사고,0,0,1,0,차대차 - 정면충돌,안전거리미확보,건조,맑음,단일로 - 기타,승용,남,69세,상해없음,승용,남,26세,경상
2015123100100511,2015년 12월 31일 18시,목요일,대구광역시 남구 대명동,경상사고,0,0,1,0,차대차 - 측면직각충돌,안전운전불이행,건조,맑음,단일로 - 기타,원동기,남,32세,상해없음,원동기,남,47세,경상
2015123100100512,2015년 12월 31일 18시,목요일,대구광역시 동구 신천동,경상사고,0,0,1,0,차대차 - 정면충돌,중앙선침범,건조,맑음,단일로 - 기타,화물,남,33세,상해없음,이륜,남,33세,경상
2015123100100513,2015년 12월 31일 18시,목요일,대구광역시 수성구 신매동,경상사고,0,0,1,0,차대사람 - 횡단중,보행자보호의무위반,건조,맑음,교차로 - 교차로부근,원동기,남,16세,상해없음,보행자,남,15세,경상
2015123100100514,2015년 12월 31일 18시,목요일,대구광역시 수성구 삼덕동,경상사고,0,0,2,0,차대차 - 기타,안전거리미확보,건조,맑음,단일로 - 기타,승용,남,22세,상해없음,승용,남,28세,경상
2015123100100515,2015년 12월 31일 18시,목요일,대구광역시 서구 내당동,중상사고,0,1,0,0,차대차 - 측면직각충돌,신호위반,건조,맑음,단일로 - 횡단보도상,승용,남,59세,상해없음,이륜,남,35세,중상
2015123100100516,2015년 12월 31일 18시,목요일,대구광역시 달서구 성당동,경상사고,0,0,1,1,차대차 - 정면충돌,안전운전불이행,건조,맑음,단일로 - 기타,승용,남,58세,상해없음,승용,여,43세,경상
2015123100100517,2015년 12월 31일 18시,목요일,대구광역시 달서구 신당동,중상사고,0,1,0,0,차대차 - 정면충돌,불법유턴,건조,맑음,단일로 - 기타,승용,남,22세,상해없음,원동기,남,22세,중상
2015123100100569,2015년 12월 31일 19시,목요일,대구광역시 중구 봉산동,중상사고,0,1,2,0,차대차 - 정면충돌,불법유턴,건조,맑음,단일로 - 기타,승합,남,56세,상해없음,승용,여,58세,경상
2015123100100570,2015년 12월 31일 19시,목요일,대구광역시 북구 읍내동,부상신고사고,0,0,0,1,차대차 - 측면직각충돌,안전운전불이행,건조,맑음,교차로 - 교차로안,이륜,남,23세,부상신고,승용,남,51세,상해없음
2015123100100608,2015년 12월 31일 20시,목요일,대구광역시 수성구 수성동4가,경상사고,0,0,2,0,차대차 - 정면충돌,안전운전불이행,건조,맑음,단일로 - 기타,승용,남,30세,상해없음,승용,남,51세,경상
2015123100100609,2015년 12월 31일 20시,목요일,대구광역시 달서구 상인동,경상사고,0,0,1,0,차대사람 - 횡단중,보행자보호의무위반,건조,맑음,교차로 - 교차로안,승용,남,53세,상해없음,보행자,남,27세,경상
2015123100100645,2015년 12월 31일 21시,목요일,대구광역시 수성구 파동,부상신고사고,0,0,0,1,차대사람 - 기타,안전운전불이행,건조,맑음,교차로 - 교차로안,승용,남,67세,상해없음,보행자,남,49세,부상신고
2015123100100681,2015년 12월 31일 22시,목요일,대구광역시 수성구 만촌동,경상사고,0,0,2,0,차대차 - 추돌 - 주정차중,안전운전불이행,건조,맑음,단일로 - 기타,승용,남,53세,상해없음,승용,남,58세,경상
2015123100100724,2015년 12월 31일 23시,목요일,대구광역시 동구 효목동,중상사고,0,1,1,0,차대차 - 정면충돌,안전운전불이행,건조,맑음,교차로 - 교차로부근,승용,남,35세,상해없음,승용,남,25세,경상
2015123100100725,2015년 12월 31일 23시,목요일,대구광역시 서구 비산동,중상사고,0,1,0,0,차대사람 - 횡단중,안전운전불이행,건조,맑음,단일로 - 횡단보도부근,승용,남,74세,상해없음,보행자,여,47세,중상
2015123100100726,2015년 12월 31일 23시,목요일,대구광역시 서구 내당동,부상신고사고,0,0,0,1,차대사람 - 횡단중,안전운전불이행,건조,맑음,단일로 - 기타,승용,남,28세,부상신고,보행자,남,48세,상해없음